ACCIDENT_NO,ACCIDENT_DATE,ACCIDENT_TIME,ACCIDENT_TYPE,ACCIDENT_TYPE_DESC,DAY_OF_WEEK,DAY_WEEK_DESC,DCA_CODE,DCA_DESC,LIGHT_CONDITION,NODE_ID,NO_OF_VEHICLES,NO_PERSONS_KILLED,NO_PERSONS_INJ_2,NO_PERSONS_INJ_3,NO_PERSONS_NOT_INJ,NO_PERSONS,POLICE_ATTEND,ROAD_GEOMETRY,ROAD_GEOMETRY_DESC,SEVERITY,SPEED_ZONE,RMA,LGA_NAME,LATITUDE,LONGITUDE,POSTCODE_CRASH,PED_OR_CYC,nearest_school,dist_to_gate_m
T20230010863,2023-07-05,10:30:00,8,No collision and no object struck,1,Sunday,184,OUT OF CONTROL ON CARRIAGEWAY (ON BEND),1,775134,1,0,0,1,0,1,2,5,Not at intersection,3,80,,MANSFIELD,-37.300907,146.09348,3723.0,True,Reservoir HS,104905.6
T20210025117,2021-08-12,15:38:00,1,Collision with vehicle,3,Wednesday,148,VEHICLE OFF FOOTPATH STRIKES VEH ON CARRIAGEWAY,1,809167,2,0,1,0,4,5,1,1,Cross intersection,2,50,Local Road,CASEY,-38.066856,145.24951,3975.0,True,Preston HS,41947.3
T20240008362,2024-01-03,15:00:00,1,Collision with vehicle,6,Friday,147,VEHICLE STRIKES ANOTHER VEH WHILE EMERGING FROM DRIVEWAY,1,801134,2,0,0,1,1,2,2,5,Not at intersection,3,888,Arterial Other,MELBOURNE,-37.809933,144.98967,3002.0,True,Preston HS,7740.3
T20220025792,2022-12-11,09:30:00,6,Vehicle overturned (no collision),7,Saturday,174,OUT OF CONTROL ON CARRIAGEWAY (ON STRAIGHT),1,739054,1,0,0,1,0,1,2,5,Not at intersection,3,50,Local Road,MOORABOOL,-37.706383,144.02133,3352.0,True,William Ruthven SC,86371.3
T20220020517,2022-11-09,11:40:00,6,Vehicle overturned (no collision),1,Sunday,174,OUT OF CONTROL ON CARRIAGEWAY (ON STRAIGHT),1,726407,1,0,0,1,0,1,1,5,Not at intersection,3,40,Local Road,MELBOURNE,-37.805294,144.96614,3053.0,True,Preston HS,7935.0
T20210020523,2021-09-10,17:50:00,5,collision with some other object,7,Saturday,179,OTHER ACCIDENTS-OFF STRAIGHT NOT INCLUDED IN DCAs 170-175,1,698448,1,0,1,0,0,1,1,5,Not at intersection,2,100,Local Road,LATROBE,-38.179604,146.31845,3825.0,True,Reservoir HS,123931.3
T20240011711,2024-08-05,14:43:00,2,Struck Pedestrian,3,Wednesday,100,PED NEAR SIDE. PED HIT BY VEHICLE FROM THE RIGHT.,1,41467,1,0,1,0,1,2,1,1,Cross intersection,2,50,Arterial Other,GLEN EIRA,-37.890285,145.0664,3163.0,True,Preston HS,17323.6
T20210004946,2021-06-03,09:57:00,1,Collision with vehicle,7,Saturday,121,RIGHT THROUGH,1,46836,2,1,0,0,1,2,1,2,T intersection,1,60,Arterial Other,CARDINIA,-37.92934,145.42749,3782.0,True,Reservoir HS,41856.9
T20250009132,2025-04-04,17:06:00,8,No collision and no object struck,5,Friday,174,OUT OF CONTROL ON CARRIAGEWAY (ON STRAIGHT),1,29406,2,0,0,1,1,2,1,1,Cross intersection,3,30,Local Road,YARRA,-37.796516,144.98781,3066.0,True,Preston HS,6326.7
T20240000697,2024-10-01,16:30:00,1,Collision with vehicle,4,Wednesday,133,LANE SIDE SWIPE (VEHICLES IN PARALLEL LANES),1,796134,2,0,1,0,1,2,1,5,Not at intersection,2,80,,COLAC OTWAY,-38.696724,143.79851,3234.0,True,Preston HS,149746.3
T20240006196,2024-12-03,08:30:00,2,Struck Pedestrian,2,Tuesday,100,PED NEAR SIDE. PED HIT BY VEHICLE FROM THE RIGHT.,1,799590,1,0,1,0,1,2,1,2,T intersection,2,40,Local Road,BAYSIDE,-37.94962,145.00443,3191.0,True,Preston HS,23120.8
T20240002516,2024-10-01,13:10:00,1,Collision with vehicle,3,Wednesday,140,U TURN,1,804647,2,0,0,2,0,2,2,5,Not at intersection,3,60,Arterial Highway,EAST GIPPSLAND,-37.708366,147.83386,3885.0,True,Reservoir HS,246681.0
T20250000802,2025-10-01,20:35:00,3,Struck animal,6,Friday,167,STRUCK ANIMAL,1,813748,1,0,1,0,0,1,1,5,Not at intersection,2,100,Local Road,GEELONG,-38.267,144.40791,3227.0,True,Preston HS,78536.3
T20230008639,2023-05-04,19:30:00,3,Struck animal,3,Wednesday,167,STRUCK ANIMAL,5,782708,1,0,1,0,0,1,2,5,Not at intersection,2,100,Local Road,BENDIGO,-36.67868,144.36763,3551.0,True,William Ruthven SC,126402.0
T20240023058,2024-10-09,22:35:00,1,Collision with vehicle,3,Tuesday,130,REAR END(VEHICLES IN SAME LANE),3,811436,2,0,1,0,1,2,1,5,Not at intersection,2,60,Arterial Other,MONASH,-37.88496,145.146,3149.0,True,Preston HS,20065.9
T20250006321,2025-08-03,06:50:00,1,Collision with vehicle,7,Saturday,110,CROSS TRAFFIC(INTERSECTIONS ONLY),1,816090,2,0,1,0,1,2,2,1,Cross intersection,2,50,Arterial Other,MELTON,-37.683014,144.58559,3337.0,True,William Ruthven SC,36758.7
T20230020670,2023-04-09,10:00:00,2,Struck Pedestrian,2,Monday,100,PED NEAR SIDE. PED HIT BY VEHICLE FROM THE RIGHT.,1,782415,1,0,0,1,1,2,1,2,T intersection,3,70,Local Road,YARRA RANGES,-37.773838,145.31345,3138.0,True,Reservoir HS,25621.1
T20250000312,2025-05-01,08:15:00,1,Collision with vehicle,1,Sunday,130,REAR END(VEHICLES IN SAME LANE),1,815083,2,0,1,0,1,2,1,5,Not at intersection,2,60,Arterial Highway,MITCHELL,-37.30717,144.95013,3764.0,True,William Ruthven SC,43546.3
T20230020886,2023-06-09,18:29:00,2,Struck Pedestrian,3,Wednesday,100,PED NEAR SIDE. PED HIT BY VEHICLE FROM THE RIGHT.,2,7653,1,0,0,1,2,3,1,1,Cross intersection,3,50,,BANYULE,-37.75506,145.05638,3079.0,True,Reservoir HS,4337.9
T20240002498,2024-01-02,13:09:00,5,collision with some other object,5,Thursday,166,STRUCK OBJECT ON CARRIAGEWAY,1,804508,1,0,1,0,0,1,1,5,Not at intersection,2,100,Arterial Other,LATROBE,-38.120033,146.45807,3844.0,True,Reservoir HS,132887.8
T20250015603,2025-04-06,08:35:00,1,Collision with vehicle,3,Wednesday,163,VEHICLE STRIKES DOOR OF PARKED/STATIONARY VEHICLE,1,821105,2,0,0,1,2,3,2,5,Not at intersection,3,999,Local Road,MELBOURNE,-37.814392,144.96042,3000.0,True,Preston HS,9064.5
T20240024936,2024-03-10,11:55:00,1,Collision with vehicle,5,Thursday,130,REAR END(VEHICLES IN SAME LANE),1,813114,3,0,0,1,3,4,1,2,T intersection,3,60,Arterial Other,KINGSTON,-38.000698,145.0767,3195.0,True,Preston HS,29440.1
T20230026528,2023-12-11,13:10:00,1,Collision with vehicle,0,Sunday,130,REAR END(VEHICLES IN SAME LANE),1,786893,2,0,0,1,1,2,1,5,Not at intersection,3,80,,MELBOURNE,-37.825413,144.94235,3008.0,True,Preston HS,10909.9
T20240025250,2024-07-10,04:35:00,1,Collision with vehicle,1,Monday,116,LEFT NEAR (INTERSECTIONS ONLY),3,35852,2,0,0,1,1,2,1,2,T intersection,3,80,Arterial Highway,DANDENONG,-38.035515,145.24594,3175.0,True,Preston HS,38816.0
T20240022809,2024-07-09,15:47:00,1,Collision with vehicle,7,Saturday,152,PULLING OUT (OVERTAKING),1,810598,2,1,0,0,2,3,1,5,Not at intersection,1,100,Local Road,BALLARAT,-37.47589,143.8343,3352.0,True,William Ruthven SC,105860.7
T20220025369,2022-10-11,08:08:00,1,Collision with vehicle,5,Thursday,135,LANE CHANGE LEFT (NOT OVERTAKING),1,119032,2,0,1,0,1,2,1,5,Not at intersection,2,50,Arterial Other,MELBOURNE,-37.796406,144.95096,3052.0,True,Preston HS,7832.8
T20240028660,2024-09-11,16:30:00,8,No collision and no object struck,7,Saturday,184,OUT OF CONTROL ON CARRIAGEWAY (ON BEND),1,810739,1,0,0,1,0,1,2,5,Not at intersection,3,999,Local Road,YARRA RANGES,-37.821484,145.61871,3797.0,True,Reservoir HS,52955.9
T20250020612,2025-01-08,12:30:00,8,No collision and no object struck,5,Friday,174,OUT OF CONTROL ON CARRIAGEWAY (ON STRAIGHT),1,249285,1,0,0,1,0,1,2,4,Multiple intersection,3,60,Local Road,MORNINGTON PENINSULA,-38.205536,145.09213,3930.0,True,Preston HS,52112.0
T20250017798,2025-04-07,15:21:00,1,Collision with vehicle,6,Friday,133,LANE SIDE SWIPE (VEHICLES IN PARALLEL LANES),1,821279,2,0,1,0,1,2,1,5,Not at intersection,2,100,Freeway,MONASH,-37.885784,145.10358,3148.0,True,Preston HS,18125.0
T20210010369,2021-08-05,16:50:00,1,Collision with vehicle,7,Saturday,149,OTHER MANOEUVRING NOT INCLUDED IN DCAs 140-148,1,690820,2,0,0,1,0,1,1,5,Not at intersection,3,999,Arterial Highway,WELLINGTON,-38.105625,147.0682,3850.0,True,Reservoir HS,183856.5
T20230018592,2023-09-08,20:04:00,1,Collision with vehicle,4,Wednesday,130,REAR END(VEHICLES IN SAME LANE),3,779657,2,0,1,0,1,2,1,1,Cross intersection,2,80,Arterial Other,CARDINIA,-38.062992,145.4601,3810.0,True,Preston HS,53442.2
T20250012293,2025-08-05,17:44:00,1,Collision with vehicle,5,Thursday,130,REAR END(VEHICLES IN SAME LANE),3,818737,2,0,1,0,1,2,1,5,Not at intersection,2,100,Freeway,MONASH,-37.924343,145.1784,3170.0,True,Preston HS,25274.0
T20230005725,2023-04-02,23:30:00,2,Struck Pedestrian,6,Saturday,106,VEH STRIKES PED ON FOOTPATH/MEDIAN/TRAFFIC ISLAND.,6,796003,1,0,0,1,1,2,2,5,Not at intersection,3,999,Local Road,CASEY,-38.03099,145.31415,3805.0,True,Preston HS,41962.4
T20240009627,2024-12-04,08:30:00,6,Vehicle overturned (no collision),6,Friday,174,OUT OF CONTROL ON CARRIAGEWAY (ON STRAIGHT),1,229131,1,0,1,0,0,1,2,5,Not at intersection,2,999,Arterial Highway,BANYULE,-37.692158,145.06293,3083.0,True,Reservoir HS,4473.1
T20230015954,2023-10-07,08:45:00,1,Collision with vehicle,1,Monday,147,VEHICLE STRIKES ANOTHER VEH WHILE EMERGING FROM DRIVEWAY,2,777158,2,0,0,2,0,2,1,5,Not at intersection,3,60,Arterial Other,BANYULE,-37.702377,145.08267,3087.0,True,Reservoir HS,5188.0
T20210022475,2021-07-11,04:10:00,4,Collision with a fixed object,1,Sunday,171,LEFT OFF CARRIAGEWAY INTO OBJECT/PARKED VEHICLE,5,710062,1,0,0,1,0,1,1,5,Not at intersection,3,100,Arterial Highway,LODDON,-36.28125,143.96982,3517.0,True,William Ruthven SC,182169.0
T20210014957,2021-07-07,16:55:00,1,Collision with vehicle,4,Wednesday,116,LEFT NEAR (INTERSECTIONS ONLY),2,51903,2,0,0,1,1,2,1,1,Cross intersection,3,80,Arterial Highway,BENDIGO,-36.695965,144.3179,3551.0,True,William Ruthven SC,126730.1
T20210001578,2021-09-01,07:00:00,8,No collision and no object struck,7,Saturday,174,OUT OF CONTROL ON CARRIAGEWAY (ON STRAIGHT),2,340540,1,0,1,0,0,1,2,1,Cross intersection,2,60,Arterial Other,BRIMBANK,-37.776966,144.82874,3020.0,True,Preston HS,16162.5
T20220011077,2022-03-04,19:30:00,8,No collision and no object struck,0,Sunday,149,OTHER MANOEUVRING NOT INCLUDED IN DCAs 140-148,3,713139,1,0,0,1,0,1,1,2,T intersection,3,40,Local Road,STONNINGTON,-37.839214,144.99352,3141.0,True,Preston HS,10908.5
T20230015626,2023-06-07,06:28:00,1,Collision with vehicle,5,Thursday,121,RIGHT THROUGH,2,44697,2,0,1,0,1,2,1,1,Cross intersection,2,60,Arterial Other,BANYULE,-37.702526,145.08417,3087.0,True,Reservoir HS,5300.5
T20240014919,2024-10-06,16:30:00,5,collision with some other object,1,Monday,166,STRUCK OBJECT ON CARRIAGEWAY,1,812283,1,0,0,1,0,1,2,5,Not at intersection,3,888,Local Road,YARRA RANGES,-37.59968,145.44806,3775.0,True,Reservoir HS,39298.3
T20250006666,2025-11-03,18:40:00,1,Collision with vehicle,2,Tuesday,130,REAR END(VEHICLES IN SAME LANE),1,43086,2,0,0,1,1,2,2,1,Cross intersection,3,999,Arterial Highway,DANDENONG,-37.9777,145.22215,3175.0,True,Preston HS,32327.5
T20240001429,2023-12-11,17:30:00,1,Collision with vehicle,1,Sunday,132,RIGHT REAR.,1,798923,2,0,0,1,1,2,2,1,Cross intersection,3,40,Local Road,DAREBIN,-37.75224,145.00166,3072.0,True,Preston HS,1265.8
T20210010290,2021-07-05,16:16:00,1,Collision with vehicle,6,Friday,148,VEHICLE OFF FOOTPATH STRIKES VEH ON CARRIAGEWAY,1,682844,2,0,0,1,1,2,1,5,Not at intersection,3,50,Local Road,KNOX,-37.890697,145.26012,3156.0,True,Reservoir HS,27587.3
T20240025208,2024-05-10,16:30:00,6,Vehicle overturned (no collision),6,Saturday,172,OFF CARRIAGEWAY TO RIGHT,1,810515,1,0,1,0,0,1,1,5,Not at intersection,2,50,Local Road,MONASH,-37.926888,145.20502,3170.0,True,Preston HS,26947.0
T20250012652,2025-04-05,12:00:00,8,No collision and no object struck,1,Sunday,180,OFF CARRIAGEWAY ON RIGHT BEND,1,818227,1,0,0,1,0,1,1,5,Not at intersection,3,100,Local Road,MANSFIELD,-37.28062,146.1197,3723.0,True,Reservoir HS,107998.5
T20250012128,2025-04-05,12:15:00,3,Struck animal,1,Sunday,167,STRUCK ANIMAL,1,818301,1,0,1,0,0,1,2,5,Not at intersection,2,100,Local Road,CAMPASPE,-36.17114,145.06065,3620.0,True,William Ruthven SC,169694.1
T20230023350,2023-06-10,17:10:00,1,Collision with vehicle,6,Friday,137,LEFT TURN SIDESWIPE,1,789430,2,0,1,0,1,2,1,2,T intersection,2,40,Local Road,MELBOURNE,-37.81159,144.95702,3000.0,True,Preston HS,8931.3
T20230020300,2023-05-08,10:45:00,6,Vehicle overturned (no collision),7,Saturday,172,OFF CARRIAGEWAY TO RIGHT,1,805634,1,0,1,0,0,1,2,5,Not at intersection,2,999,Local Road,MURRINDINDI,-37.454693,145.43158,3717.0,True,Reservoir HS,46280.5
T20240019564,2024-02-08,21:00:00,1,Collision with vehicle,6,Friday,148,VEHICLE OFF FOOTPATH STRIKES VEH ON CARRIAGEWAY,5,42001,2,0,1,0,2,3,1,2,T intersection,2,60,Arterial Other,MORELAND,-37.717094,144.94225,3044.0,True,William Ruthven SC,5811.7
T20240024815,2024-01-10,22:00:00,1,Collision with vehicle,3,Tuesday,136,RIGHT TURN SIDESWIPE,3,809201,2,0,1,0,1,2,1,5,Not at intersection,2,50,Local Road,MELBOURNE,-37.806183,144.94794,3003.0,True,Preston HS,8857.1
T20250000219,2025-03-01,17:58:00,1,Collision with vehicle,6,Friday,113,RIGHT NEAR (INTERSECTIONS ONLY),1,37365,2,0,1,1,3,5,1,2,T intersection,2,60,Arterial Other,YARRA,-37.827236,145.01718,3121.0,True,Preston HS,9552.3
T20210006729,2021-10-03,16:10:00,1,Collision with vehicle,4,Wednesday,135,LANE CHANGE LEFT (NOT OVERTAKING),1,685293,2,0,1,0,0,1,2,5,Not at intersection,2,80,Freeway,STONNINGTON,-37.849804,145.04881,3146.0,True,Preston HS,12566.9
T20240014390,2024-05-06,17:50:00,1,Collision with vehicle,4,Wednesday,147,VEHICLE STRIKES ANOTHER VEH WHILE EMERGING FROM DRIVEWAY,3,804758,2,0,1,0,1,2,1,5,Not at intersection,2,40,Local Road,PORT PHILLIP,-37.858337,144.99214,3182.0,True,Preston HS,13035.9
T20230028954,2023-07-12,21:30:00,1,Collision with vehicle,5,Thursday,130,REAR END(VEHICLES IN SAME LANE),3,1318,2,0,0,1,1,2,1,1,Cross intersection,3,60,Arterial Other,MOONEE VALLEY,-37.74629,144.91115,3040.0,True,Preston HS,8452.1
T20250007406,2025-08-02,16:40:00,8,No collision and no object struck,7,Saturday,174,OUT OF CONTROL ON CARRIAGEWAY (ON STRAIGHT),1,816458,1,0,1,0,0,1,2,5,Not at intersection,2,999,Local Road,SOUTH GIPPSLAND,-38.33199,146.02362,3953.0,True,Reservoir HS,110353.7
T20230013462,2023-09-06,20:15:00,1,Collision with vehicle,6,Friday,148,VEHICLE OFF FOOTPATH STRIKES VEH ON CARRIAGEWAY,3,783261,3,0,1,0,1,2,1,5,Not at intersection,2,50,Local Road,WHITEHORSE,-37.8172,145.19246,3132.0,True,Reservoir HS,17791.5
T20240031906,2024-12-12,17:12:00,1,Collision with vehicle,5,Thursday,130,REAR END(VEHICLES IN SAME LANE),1,349935,2,0,0,1,1,2,1,1,Cross intersection,3,80,Arterial Highway,YARRA RANGES,-37.75325,145.36557,3140.0,True,Reservoir HS,29759.5
T20220009796,2022-02-05,08:50:00,1,Collision with vehicle,2,Monday,148,VEHICLE OFF FOOTPATH STRIKES VEH ON CARRIAGEWAY,1,711308,2,0,0,1,1,2,1,5,Not at intersection,3,50,Local Road,CARDINIA,-38.002968,145.41151,3808.0,True,Reservoir HS,45809.4
T20240020383,2024-11-08,11:16:00,1,Collision with vehicle,1,Sunday,163,VEHICLE STRIKES DOOR OF PARKED/STATIONARY VEHICLE,1,35358,2,0,0,1,2,3,1,1,Cross intersection,3,40,Local Road,MELBOURNE,-37.809593,144.96382,3000.0,True,Preston HS,8453.5
T20240000112,2024-03-01,00:40:00,1,Collision with vehicle,4,Wednesday,148,VEHICLE OFF FOOTPATH STRIKES VEH ON CARRIAGEWAY,3,798451,2,0,0,1,1,2,1,2,T intersection,3,80,Arterial Highway,YARRA RANGES,-37.76092,145.33105,3138.0,True,Reservoir HS,26867.9
T20230006120,2023-08-03,16:15:00,6,Vehicle overturned (no collision),4,Wednesday,174,OUT OF CONTROL ON CARRIAGEWAY (ON STRAIGHT),1,760951,1,0,0,1,0,1,2,5,Not at intersection,3,100,Freeway,MORNINGTON PENINSULA,-38.355114,144.9262,3938.0,True,Preston HS,68575.4
T20210017121,2021-07-08,03:00:00,2,Struck Pedestrian,7,Saturday,194,PARKED CAR RUN AWAY,5,689893,1,0,1,0,0,1,1,5,Not at intersection,2,60,Local Road,SURF COAST,-38.306725,144.11227,3240.0,True,Preston HS,100453.2
T20230021588,2023-12-09,08:00:00,1,Collision with vehicle,3,Tuesday,120,HEAD ON (NOT OVERTAKING),1,790526,2,0,0,1,1,2,2,5,Not at intersection,3,40,Arterial Highway,FRANKSTON,-38.125607,145.13803,3198.0,True,Preston HS,44205.9
T20230010115,2023-01-05,08:50:00,1,Collision with vehicle,1,Monday,147,VEHICLE STRIKES ANOTHER VEH WHILE EMERGING FROM DRIVEWAY,1,772216,2,0,0,1,1,2,1,2,T intersection,3,50,Local Road,WHITTLESEA,-37.611748,145.00897,3750.0,True,William Ruthven SC,9443.1
T20250015103,2025-05-06,15:30:00,2,Struck Pedestrian,5,Thursday,106,VEH STRIKES PED ON FOOTPATH/MEDIAN/TRAFFIC ISLAND.,1,36366,1,0,1,0,1,2,1,1,Cross intersection,2,40,Arterial Other,MELBOURNE,-37.79258,144.97134,3054.0,True,Preston HS,6472.2
T20250003276,2025-04-02,18:45:00,1,Collision with vehicle,3,Tuesday,135,LANE CHANGE LEFT (NOT OVERTAKING),2,816473,2,0,1,0,1,2,2,5,Not at intersection,2,999,Arterial Other,MELBOURNE,-37.82331,144.93839,3008.0,True,Preston HS,10900.0
T20230000137,2023-03-01,13:20:00,4,Collision with a fixed object,3,Tuesday,181,OFF RIGHT BEND INTO OBJECT/PARKED VEHICLE,1,773555,1,0,1,0,0,1,1,5,Not at intersection,2,80,Local Road,BAW BAW,-38.141853,145.87096,3818.0,True,Reservoir HS,87309.3
T20240002553,2024-01-02,19:41:00,2,Struck Pedestrian,5,Thursday,102,FAR SIDE. PED HIT BY VEHICLE FROM THE LEFT,1,82343,1,0,1,0,3,4,1,1,Cross intersection,2,60,Arterial Other,DAREBIN,-37.76623,145.02742,3078.0,True,Preston HS,3260.6
T20240018048,2024-01-07,15:15:00,1,Collision with vehicle,2,Monday,121,RIGHT THROUGH,1,397,2,0,0,1,1,2,2,2,T intersection,3,40,Arterial Other,YARRA,-37.7779,144.9885,3068.0,True,Preston HS,4344.7
T20240025491,2024-09-10,14:20:00,1,Collision with vehicle,4,Wednesday,160,VEHICLE COLLIDES WITH VEHICLE PARKED ON LEFT OF ROAD,1,816201,2,0,0,2,1,3,1,5,Not at intersection,3,40,Local Road,LATROBE,-38.2377,146.39854,3840.0,True,Reservoir HS,132976.4
T20250011652,2025-02-05,07:50:00,2,Struck Pedestrian,6,Friday,100,PED NEAR SIDE. PED HIT BY VEHICLE FROM THE RIGHT.,1,54653,1,0,1,0,1,2,1,2,T intersection,2,60,Arterial Highway,BAYSIDE,-37.91594,145.01843,3187.0,True,Preston HS,19400.1
T20230015705,2023-07-07,00:10:00,6,Vehicle overturned (no collision),5,Friday,151,OUT OF CONTROL (OVERTAKING),3,777658,1,0,0,1,0,1,1,4,Multiple intersection,3,60,Arterial Other,GLEN EIRA,-37.872883,145.02632,3161.0,True,Preston HS,14684.3
T20240005406,2024-01-03,21:30:00,1,Collision with vehicle,5,Friday,153,CUTTING IN (OVERTAKING),3,799142,2,0,0,1,1,2,2,5,Not at intersection,3,50,Local Road,MOONEE VALLEY,-37.782513,144.9278,3031.0,True,Preston HS,8318.0
T20210010675,2021-11-05,18:00:00,2,Struck Pedestrian,3,Tuesday,100,PED NEAR SIDE. PED HIT BY VEHICLE FROM THE RIGHT.,6,690154,1,0,1,0,1,2,2,5,Not at intersection,2,60,Arterial Other,GLEN EIRA,-37.921932,145.06512,3165.0,True,Preston HS,20678.5
T20210003410,2021-06-02,14:00:00,8,No collision and no object struck,7,Saturday,174,OUT OF CONTROL ON CARRIAGEWAY (ON STRAIGHT),1,675954,1,0,1,0,0,1,2,2,T intersection,2,999,Local Road,WELLINGTON,-37.66786,147.02385,3860.0,True,Reservoir HS,175584.8
T20220006574,2022-10-03,13:30:00,3,Struck animal,5,Thursday,167,STRUCK ANIMAL,1,708498,1,0,0,1,0,1,2,5,Not at intersection,3,60,Local Road,MACEDON RANGES,-37.46014,144.47418,3437.0,True,William Ruthven SC,53503.4
T20230005284,2023-05-03,13:40:00,2,Struck Pedestrian,1,Sunday,102,FAR SIDE. PED HIT BY VEHICLE FROM THE LEFT,1,774092,1,0,1,0,1,2,1,5,Not at intersection,2,50,Local Road,MONASH,-37.92494,145.1214,3168.0,True,Preston HS,22713.8
T20220027568,2022-03-12,12:45:00,1,Collision with vehicle,6,Saturday,121,RIGHT THROUGH,1,40053,2,0,1,0,1,2,2,2,T intersection,2,60,Arterial Other,PORT PHILLIP,-37.855686,144.96458,3206.0,True,Preston HS,13213.8
T20220028239,2022-12-12,15:57:00,1,Collision with vehicle,1,Monday,121,RIGHT THROUGH,1,36198,2,0,1,0,1,2,1,2,T intersection,2,60,Arterial Other,MELBOURNE,-37.80848,144.95493,3003.0,True,Preston HS,8727.2
T20250014896,2025-03-06,12:45:00,1,Collision with vehicle,3,Tuesday,137,LEFT TURN SIDESWIPE,1,820065,2,0,0,1,1,2,2,5,Not at intersection,3,40,Local Road,PORT PHILLIP,-37.86881,144.98349,3182.0,True,Preston HS,14285.4
T20240001264,2024-09-01,16:30:00,1,Collision with vehicle,3,Tuesday,148,VEHICLE OFF FOOTPATH STRIKES VEH ON CARRIAGEWAY,1,796598,2,0,0,1,1,2,2,5,Not at intersection,3,40,Local Road,MORELAND,-37.741886,144.96518,3058.0,True,Preston HS,3686.1
T20230000627,2023-04-01,16:30:00,1,Collision with vehicle,3,Wednesday,110,CROSS TRAFFIC(INTERSECTIONS ONLY),1,44415,2,0,0,1,1,2,2,1,Cross intersection,3,50,Local Road,DAREBIN,-37.715008,145.01831,3073.0,True,Reservoir HS,1275.6
T20230023516,2023-09-10,08:24:00,1,Collision with vehicle,1,Monday,137,LEFT TURN SIDESWIPE,1,782626,2,0,0,1,1,2,1,1,Cross intersection,3,60,Arterial Other,PORT PHILLIP,-37.83054,144.94574,3205.0,True,Preston HS,11254.4
T20240010551,2024-10-04,21:00:00,6,Vehicle overturned (no collision),4,Wednesday,174,OUT OF CONTROL ON CARRIAGEWAY (ON STRAIGHT),3,802198,1,0,0,1,0,1,2,5,Not at intersection,3,60,Arterial Other,DAREBIN,-37.73572,144.9996,3072.0,True,Preston HS,936.5
T20240028715,2024-11-11,08:32:00,1,Collision with vehicle,2,Monday,121,RIGHT THROUGH,1,37220,2,0,1,0,1,2,1,1,Cross intersection,2,60,Arterial Other,CASEY,-38.038155,145.34253,3806.0,True,Preston HS,44193.7
T20220002618,2022-06-02,11:20:00,8,No collision and no object struck,1,Sunday,174,OUT OF CONTROL ON CARRIAGEWAY (ON STRAIGHT),1,704396,1,0,1,0,0,1,1,5,Not at intersection,2,60,,CASEY,-38.02936,145.36609,3806.0,True,Preston HS,44896.2
T20230003262,2023-10-02,06:55:00,4,Collision with a fixed object,6,Friday,181,OFF RIGHT BEND INTO OBJECT/PARKED VEHICLE,1,755944,1,0,0,1,0,1,1,5,Not at intersection,3,50,Local Road,CASEY,-38.01846,145.35329,3806.0,True,Preston HS,43246.0
T20240022411,2024-03-09,09:11:00,1,Collision with vehicle,2,Tuesday,140,U TURN,1,825153,2,0,1,0,1,2,1,5,Not at intersection,2,40,Arterial Other,PORT PHILLIP,-37.882427,144.98451,3184.0,True,Preston HS,15773.5
T20210010347,2021-08-05,10:05:00,1,Collision with vehicle,7,Saturday,111,RIGHT FAR (INTERSECTIONS ONLY),1,42013,2,0,0,1,1,2,2,1,Cross intersection,3,50,Arterial Other,YARRA RANGES,-37.884888,145.36925,3791.0,True,Reservoir HS,34899.2
T20240011002,2024-01-05,15:35:00,2,Struck Pedestrian,4,Wednesday,102,FAR SIDE. PED HIT BY VEHICLE FROM THE LEFT,1,91999,1,0,0,1,1,2,1,2,T intersection,3,60,Arterial Other,STONNINGTON,-37.86966,145.06091,3145.0,True,Preston HS,14993.3
T20250003787,2025-11-02,08:55:00,1,Collision with vehicle,3,Tuesday,107,PED ON FOOTHPATH STRUCK BY VEHENTERING/LEAVING DRIVEWAY.,1,815161,2,0,0,1,1,2,2,5,Not at intersection,3,888,Local Road,HOBSONS BAY,-37.86468,144.90259,3016.0,True,Preston HS,16471.4
T20210014861,2021-06-07,16:24:00,2,Struck Pedestrian,2,Tuesday,102,FAR SIDE. PED HIT BY VEHICLE FROM THE LEFT,1,38809,1,0,0,1,1,2,2,1,Cross intersection,3,999,Arterial Other,MARIBYRNONG,-37.801216,144.90605,3011.0,True,Preston HS,11076.2
T20220025458,2022-11-11,03:35:00,2,Struck Pedestrian,5,Friday,103,PED PLAYING/LYING/WORKING/STANDING ON CARRIAGEWAY.,6,783383,1,0,0,1,1,2,2,6,Dead end,3,999,Local Road,HUME,-37.684795,144.86617,3045.0,True,William Ruthven SC,12109.6
T20210010501,2021-10-05,15:40:00,1,Collision with vehicle,2,Monday,121,RIGHT THROUGH,1,683020,2,0,0,1,2,3,1,4,Multiple intersection,3,60,Arterial Other,HUME,-37.681156,144.8839,3049.0,True,William Ruthven SC,10617.8
T20240028420,2024-03-11,11:06:00,8,No collision and no object struck,1,Sunday,174,OUT OF CONTROL ON CARRIAGEWAY (ON STRAIGHT),1,810857,1,0,1,0,0,1,1,5,Not at intersection,2,60,Local Road,GOLDEN PLAINS,-37.600918,143.69104,3351.0,True,William Ruthven SC,115992.6