ACCIDENT_NO,ACCIDENT_DATE,ACCIDENT_TIME,ACCIDENT_TYPE,ACCIDENT_TYPE_DESC,DAY_OF_WEEK,DAY_WEEK_DESC,DCA_CODE,DCA_DESC,LIGHT_CONDITION,NODE_ID,NO_OF_VEHICLES,NO_PERSONS_KILLED,NO_PERSONS_INJ_2,NO_PERSONS_INJ_3,NO_PERSONS_NOT_INJ,NO_PERSONS,POLICE_ATTEND,ROAD_GEOMETRY,ROAD_GEOMETRY_DESC,SEVERITY,SPEED_ZONE,RMA,LGA_NAME,LATITUDE,LONGITUDE,POSTCODE_CRASH,PED_OR_CYC,nearest_school,dist_to_gate_m
T20240028028,2024-03-11,15:35:00,4,Collision with a fixed object,1,Sunday,181,OFF RIGHT BEND INTO OBJECT/PARKED VEHICLE,1,811681,1,0,0,1,0,1,1,5,Not at intersection,3,80,Arterial Other,YARRA RANGES,-37.712833,145.80814,3799.0,True,Reservoir HS,68505.4
T20230008105,2023-06-04,08:35:00,1,Collision with vehicle,4,Thursday,135,LANE CHANGE LEFT (NOT OVERTAKING),1,37951,2,0,0,1,1,2,2,2,T intersection,3,40,Local Road,DAREBIN,-37.765656,144.9994,3070.0,True,Preston HS,2748.5
T20240025192,2024-06-10,09:45:00,1,Collision with vehicle,1,Sunday,110,CROSS TRAFFIC(INTERSECTIONS ONLY),1,29372,2,0,1,0,1,2,1,1,Cross intersection,2,60,Arterial Highway,MELBOURNE,-37.789406,144.94217,3052.0,True,Preston HS,7792.0
T20250007585,2024-07-11,15:30:00,1,Collision with vehicle,4,Thursday,130,REAR END(VEHICLES IN SAME LANE),1,818262,2,0,0,2,0,2,2,5,Not at intersection,3,40,Local Road,MELBOURNE,-37.81054,144.98354,3002.0,True,Preston HS,7929.8
T20240028792,2024-12-11,07:30:00,1,Collision with vehicle,3,Tuesday,130,REAR END(VEHICLES IN SAME LANE),1,36992,2,0,1,0,1,2,1,1,Cross intersection,2,40,Freeway,MELBOURNE,-37.81601,144.97238,3000.0,True,Preston HS,8808.3
T20250011928,2025-05-05,08:45:00,2,Struck Pedestrian,1,Monday,102,FAR SIDE. PED HIT BY VEHICLE FROM THE LEFT,1,818076,1,0,1,0,1,2,1,5,Not at intersection,2,50,Local Road,BRIMBANK,-37.744392,144.7991,3021.0,True,Preston HS,18291.7
T20240020091,2024-08-08,14:55:00,2,Struck Pedestrian,4,Thursday,109,ANY MANOEUVRE INVOLVING PED NOT INCLUDED IN DCAs 100-108.,1,807380,1,0,1,0,1,2,1,5,Not at intersection,2,60,Arterial Other,MONASH,-37.883205,145.12764,3149.0,True,Preston HS,18965.9
T20220027837,2022-06-12,14:31:00,2,Struck Pedestrian,3,Tuesday,102,FAR SIDE. PED HIT BY VEHICLE FROM THE LEFT,1,353827,1,0,1,0,1,2,1,2,T intersection,2,50,Arterial Other,MARIBYRNONG,-37.77907,144.87479,3012.0,True,Preston HS,12351.1
T20240019686,2024-04-08,10:06:00,1,Collision with vehicle,1,Sunday,116,LEFT NEAR (INTERSECTIONS ONLY),1,658583,2,0,1,0,2,3,1,1,Cross intersection,2,80,Arterial Highway,DANDENONG,-37.991665,145.15054,3173.0,True,Preston HS,30513.9
T20220022465,2022-05-10,19:45:00,1,Collision with vehicle,4,Wednesday,111,RIGHT FAR (INTERSECTIONS ONLY),3,46002,2,0,1,0,1,2,1,1,Cross intersection,2,50,Local Road,PORT PHILLIP,-37.841408,144.93448,3207.0,True,Preston HS,12792.3
T20240003249,2024-07-02,19:00:00,1,Collision with vehicle,4,Wednesday,175,OFF END OF ROAD/T-INTERSECTION.,1,798002,2,0,0,1,1,2,2,5,Not at intersection,3,999,Local Road,MORELAND,-37.75938,144.96114,3056.0,True,Preston HS,4493.7
T20240018058,2024-05-07,19:00:00,1,Collision with vehicle,6,Friday,137,LEFT TURN SIDESWIPE,6,37004,2,0,1,0,1,2,2,2,T intersection,2,999,Local Road,MELBOURNE,-37.809635,144.97656,3002.0,True,Preston HS,8016.7
T20220004984,2022-05-03,18:40:00,2,Struck Pedestrian,7,Saturday,106,VEH STRIKES PED ON FOOTPATH/MEDIAN/TRAFFIC ISLAND.,2,709679,1,0,1,1,2,4,1,6,Dead end,2,999,Local Road,FRANKSTON,-38.09134,145.17838,3201.0,True,Preston HS,41680.5
T20220017246,2022-02-08,14:01:00,2,Struck Pedestrian,2,Tuesday,101,PED EMERGES FROM IN FRONT OF PARKED OR STATIONARY VEHICLE,1,782462,1,0,0,1,2,3,1,5,Not at intersection,3,40,Local Road,MARIBYRNONG,-37.80108,144.90207,3011.0,True,Preston HS,11349.9
T20250020495,2025-03-08,10:45:00,1,Collision with vehicle,1,Sunday,135,LANE CHANGE LEFT (NOT OVERTAKING),1,820838,2,0,1,0,1,2,1,2,T intersection,2,60,Arterial Other,PORT PHILLIP,-37.875275,144.97687,3184.0,True,Preston HS,15088.4
T20250018558,2025-12-07,12:55:00,1,Collision with vehicle,7,Saturday,136,RIGHT TURN SIDESWIPE,1,62025,2,0,1,0,1,2,1,2,T intersection,2,60,Local Road,MORELAND,-37.701244,144.96165,3060.0,True,William Ruthven SC,3674.6
T20230000456,2023-07-01,20:56:00,2,Struck Pedestrian,6,Saturday,102,FAR SIDE. PED HIT BY VEHICLE FROM THE LEFT,2,746711,1,0,1,1,2,4,1,1,Cross intersection,2,60,Local Road,MELBOURNE,-37.79542,144.9388,3051.0,True,Preston HS,8468.9
T20220010501,2022-10-05,10:02:00,7,Fall from or in moving vehicle,2,Tuesday,190,FELL IN/FROM VEHICLE,1,712975,1,0,0,1,1,2,1,1,Cross intersection,3,50,Arterial Other,CARDINIA,-37.952877,145.55367,3783.0,True,Reservoir HS,52691.7
T20230023557,2023-09-10,16:53:00,2,Struck Pedestrian,2,Monday,100,PED NEAR SIDE. PED HIT BY VEHICLE FROM THE RIGHT.,1,221487,1,0,1,0,1,2,1,2,T intersection,2,70,Arterial Other,MORELAND,-37.714874,144.96231,3060.0,True,William Ruthven SC,4118.7
T20240003347,2024-10-02,12:58:00,1,Collision with vehicle,6,Saturday,110,CROSS TRAFFIC(INTERSECTIONS ONLY),1,807423,2,0,0,1,1,2,2,1,Cross intersection,3,50,Local Road,WHITTLESEA,-37.59228,145.1264,3754.0,True,William Ruthven SC,15889.2
T20210020520,2021-09-10,16:47:00,4,Collision with a fixed object,7,Saturday,173,RIGHT OFF CARRIAGEWAY INTO OBJECT/PARKED VEHICLE,1,235611,2,0,1,0,2,3,1,1,Cross intersection,2,60,Local Road,HUME,-37.62017,144.93214,3064.0,True,William Ruthven SC,10536.2
T20230010037,2022-02-10,13:20:00,2,Struck Pedestrian,1,Sunday,100,PED NEAR SIDE. PED HIT BY VEHICLE FROM THE RIGHT.,1,773789,1,0,0,1,1,2,1,5,Not at intersection,3,80,,LATROBE,-38.21683,146.4689,3844.0,True,Reservoir HS,137639.8
T20220010309,2022-07-05,17:30:00,1,Collision with vehicle,6,Saturday,121,RIGHT THROUGH,2,37115,2,0,0,1,1,2,2,1,Cross intersection,3,40,Local Road,YARRA,-37.811188,144.99365,3121.0,True,Preston HS,7816.6
T20240014250,2024-04-06,07:30:00,1,Collision with vehicle,3,Tuesday,120,HEAD ON (NOT OVERTAKING),1,806461,2,0,1,0,1,2,1,5,Not at intersection,2,60,Local Road,CARDINIA,-38.04292,145.38681,3807.0,True,Preston HS,47244.8
T20210025091,2021-08-12,06:35:00,1,Collision with vehicle,4,Wednesday,121,RIGHT THROUGH,1,731250,2,0,1,0,1,2,1,1,Cross intersection,2,60,Local Road,PORT PHILLIP,-37.869728,144.98798,3182.0,True,Preston HS,14334.8
T20240011537,2024-06-05,14:19:00,2,Struck Pedestrian,2,Monday,100,PED NEAR SIDE. PED HIT BY VEHICLE FROM THE RIGHT.,1,29839,1,0,0,1,1,2,1,1,Cross intersection,3,50,,MORELAND,-37.7655,144.94931,3055.0,True,Preston HS,5728.6
T20220022804,2022-10-10,16:40:00,2,Struck Pedestrian,2,Monday,106,VEH STRIKES PED ON FOOTPATH/MEDIAN/TRAFFIC ISLAND.,1,786715,1,0,1,0,2,3,1,5,Not at intersection,2,40,,GEELONG,-38.11581,144.65388,3223.0,True,Preston HS,51867.6
T20220007389,2022-02-04,14:49:00,6,Vehicle overturned (no collision),6,Saturday,174,OUT OF CONTROL ON CARRIAGEWAY (ON STRAIGHT),1,708679,2,0,0,1,2,3,1,2,T intersection,3,50,Local Road,GLEN EIRA,-37.887592,145.04805,3163.0,True,Preston HS,16616.5
T20240008424,2024-04-04,09:40:00,1,Collision with vehicle,5,Thursday,110,CROSS TRAFFIC(INTERSECTIONS ONLY),1,800993,2,0,0,1,1,2,1,1,Cross intersection,3,60,Local Road,PORT PHILLIP,-37.85048,144.97942,3004.0,True,Preston HS,12337.9
T20240006398,2024-01-02,17:20:00,1,Collision with vehicle,4,Thursday,113,RIGHT NEAR (INTERSECTIONS ONLY),1,65757,2,0,0,1,1,2,2,1,Cross intersection,3,60,Local Road,BOROONDARA,-37.810688,145.0433,3101.0,True,Preston HS,8304.7
T20240014871,2024-11-06,18:38:00,1,Collision with vehicle,2,Tuesday,121,RIGHT THROUGH,3,29417,2,0,0,1,2,3,1,1,Cross intersection,3,40,Arterial Other,MELBOURNE,-37.816383,144.95573,3000.0,True,Preston HS,9452.3
T20220002622,2022-06-02,18:28:00,1,Collision with vehicle,1,Sunday,130,REAR END(VEHICLES IN SAME LANE),1,681617,2,0,1,0,1,2,1,5,Not at intersection,2,100,Freeway,WYNDHAM,-37.841763,144.79086,3026.0,True,Preston HS,22019.2
T20220012456,2022-02-06,08:50:00,2,Struck Pedestrian,5,Thursday,102,FAR SIDE. PED HIT BY VEHICLE FROM THE LEFT,1,754878,1,0,1,0,1,2,2,5,Not at intersection,2,40,Local Road,MELBOURNE,-37.79543,144.95265,3052.0,True,Preston HS,7655.1
T20240006143,2024-09-03,18:00:00,3,Struck animal,7,Saturday,167,STRUCK ANIMAL,1,799595,1,0,0,1,0,1,2,5,Not at intersection,3,60,Local Road,EAST GIPPSLAND,-36.899975,147.83398,3900.0,True,Reservoir HS,264343.0
T20220001725,2021-07-12,15:20:00,8,No collision and no object struck,3,Tuesday,179,OTHER ACCIDENTS-OFF STRAIGHT NOT INCLUDED IN DCAs 170-175,1,781389,1,0,0,1,0,1,2,5,Not at intersection,3,60,Local Road,GLENELG,-38.17223,141.31615,3305.0,True,Preston HS,327099.9
T20240022652,2024-05-09,19:50:00,6,Vehicle overturned (no collision),4,Thursday,174,OUT OF CONTROL ON CARRIAGEWAY (ON STRAIGHT),3,35363,1,0,0,1,0,1,1,1,Cross intersection,3,40,Local Road,MELBOURNE,-37.81156,144.96474,3000.0,True,Preston HS,8614.2
T20220005379,2022-10-03,06:20:00,1,Collision with vehicle,5,Thursday,135,LANE CHANGE LEFT (NOT OVERTAKING),2,756291,2,0,1,0,1,2,1,5,Not at intersection,2,60,Arterial Highway,MORELAND,-37.741653,144.97028,3058.0,True,Preston HS,3237.6
T20240024845,2024-02-10,11:59:00,8,No collision and no object struck,4,Wednesday,174,OUT OF CONTROL ON CARRIAGEWAY (ON STRAIGHT),1,814268,1,0,0,1,0,1,1,5,Not at intersection,3,50,Local Road,CASEY,-38.074398,145.27353,3977.0,True,Preston HS,43760.1
T20240024967,2024-03-10,20:40:00,2,Struck Pedestrian,4,Thursday,100,PED NEAR SIDE. PED HIT BY VEHICLE FROM THE RIGHT.,3,260062,1,0,1,0,1,2,1,1,Cross intersection,2,60,Arterial Other,MELBOURNE,-37.79672,144.95108,3051.0,True,Preston HS,7853.4
T20240024831,2024-02-10,07:30:00,1,Collision with vehicle,4,Wednesday,121,RIGHT THROUGH,1,809127,2,0,1,0,1,2,1,2,T intersection,2,50,Local Road,HUME,-37.54008,144.95454,3064.0,True,William Ruthven SC,17913.3
T20220022639,2022-07-10,22:07:00,2,Struck Pedestrian,6,Friday,102,FAR SIDE. PED HIT BY VEHICLE FROM THE LEFT,3,240,1,0,1,0,2,3,1,1,Cross intersection,2,40,Local Road,MELBOURNE,-37.816734,144.9699,3000.0,True,Preston HS,8961.1
T20220013020,2022-09-06,06:16:00,2,Struck Pedestrian,5,Thursday,107,PED ON FOOTHPATH STRUCK BY VEHENTERING/LEAVING DRIVEWAY.,2,37399,1,0,1,0,1,2,1,5,Not at intersection,2,999,Arterial Other,PORT PHILLIP,-37.841137,144.93999,3207.0,True,Preston HS,12531.2
T20220000131,2022-02-01,13:00:00,8,No collision and no object struck,1,Sunday,174,OUT OF CONTROL ON CARRIAGEWAY (ON STRAIGHT),1,701055,1,0,1,0,0,1,1,5,Not at intersection,2,100,Local Road,EAST GIPPSLAND,-37.13396,147.94598,3896.0,True,Reservoir HS,265707.8
T20230007811,2023-07-01,09:45:00,1,Collision with vehicle,7,Saturday,160,VEHICLE COLLIDES WITH VEHICLE PARKED ON LEFT OF ROAD,1,765418,2,0,1,0,0,1,2,5,Not at intersection,2,50,Arterial Other,BAYSIDE,-37.91543,144.98712,3186.0,True,Preston HS,19397.4
T20230029447,2023-12-12,19:38:00,1,Collision with vehicle,3,Tuesday,140,U TURN,1,803733,2,0,1,0,3,4,1,5,Not at intersection,2,100,Local Road,MOORABOOL,-37.526142,144.00241,3352.0,True,William Ruthven SC,90149.4
T20240027916,2024-02-11,12:00:00,6,Vehicle overturned (no collision),7,Saturday,180,OFF CARRIAGEWAY ON RIGHT BEND,1,810552,1,0,1,0,0,1,1,5,Not at intersection,2,80,Arterial Highway,YARRA RANGES,-37.604343,145.629,3778.0,True,Reservoir HS,54386.8
T20250006807,2025-12-03,13:15:00,7,Fall from or in moving vehicle,4,Wednesday,190,FELL IN/FROM VEHICLE,1,816735,1,0,1,0,1,2,1,5,Not at intersection,2,100,Freeway,MELTON,-37.65221,144.7384,3427.0,True,William Ruthven SC,23802.7
T20240026030,2024-11-10,11:00:00,1,Collision with vehicle,6,Friday,130,REAR END(VEHICLES IN SAME LANE),1,810270,2,0,1,0,1,2,2,5,Not at intersection,2,999,Local Road,DAREBIN,-37.709373,145.02199,3073.0,True,Reservoir HS,1588.4
T20220015346,2022-08-07,23:00:00,1,Collision with vehicle,6,Friday,137,LEFT TURN SIDESWIPE,3,252229,2,0,1,0,1,2,1,2,T intersection,2,60,,WYNDHAM,-37.876812,144.61685,3024.0,True,Preston HS,37430.9
T20230029202,2023-10-12,11:57:00,1,Collision with vehicle,1,Sunday,121,RIGHT THROUGH,1,42763,2,0,1,0,1,2,1,2,T intersection,2,60,Arterial Other,KINGSTON,-37.98902,145.06047,3194.0,True,Preston HS,27896.9
T20250000697,2025-09-01,21:22:00,2,Struck Pedestrian,4,Thursday,100,PED NEAR SIDE. PED HIT BY VEHICLE FROM THE RIGHT.,3,711709,1,0,0,2,1,3,1,2,T intersection,3,50,Arterial Other,WYNDHAM,-37.876266,144.67169,3029.0,True,Preston HS,33047.4
T20210017211,2021-09-08,10:30:00,2,Struck Pedestrian,2,Monday,103,PED PLAYING/LYING/WORKING/STANDING ON CARRIAGEWAY.,1,690151,1,0,0,1,1,2,1,5,Not at intersection,3,50,Arterial Highway,ALPINE,-36.56554,146.72928,3737.0,True,William Ruthven SC,198074.8
T20250016191,2025-01-06,12:53:00,1,Collision with vehicle,0,Sunday,133,LANE SIDE SWIPE (VEHICLES IN PARALLEL LANES),1,819403,3,0,0,1,2,3,1,5,Not at intersection,3,100,Arterial Other,CASEY,-38.203335,145.28859,3977.0,True,Preston HS,56953.7
T20250018365,2025-09-07,12:15:00,1,Collision with vehicle,3,Wednesday,163,VEHICLE STRIKES DOOR OF PARKED/STATIONARY VEHICLE,1,820128,2,0,1,0,0,1,2,5,Not at intersection,2,999,Local Road,BENDIGO,-36.73059,144.30383,3550.0,True,William Ruthven SC,123974.4
T20240014273,2023-05-03,20:00:00,6,Vehicle overturned (no collision),0,Sunday,172,OFF CARRIAGEWAY TO RIGHT,3,805113,1,0,0,1,0,1,2,2,T intersection,3,50,Local Road,MELTON,-37.70995,144.73495,3023.0,True,William Ruthven SC,23628.2
T20210011132,2021-06-05,16:20:00,1,Collision with vehicle,5,Thursday,130,REAR END(VEHICLES IN SAME LANE),1,38796,2,0,1,0,0,1,2,1,Cross intersection,2,50,Arterial Other,MARIBYRNONG,-37.804317,144.90144,3011.0,True,Preston HS,11607.1
T20230000174,2023-03-01,21:23:00,2,Struck Pedestrian,3,Tuesday,100,PED NEAR SIDE. PED HIT BY VEHICLE FROM THE RIGHT.,3,763126,1,0,1,0,1,2,1,5,Not at intersection,2,60,Arterial Other,HUME,-37.666435,144.94662,3048.0,True,William Ruthven SC,5984.5
T20240006090,2024-10-03,16:58:00,2,Struck Pedestrian,1,Sunday,100,PED NEAR SIDE. PED HIT BY VEHICLE FROM THE RIGHT.,1,804194,1,0,1,0,1,2,1,5,Not at intersection,2,50,Local Road,BAYSIDE,-37.964073,145.03568,3192.0,True,Preston HS,24853.7
T20250014906,2025-03-06,18:30:00,2,Struck Pedestrian,3,Tuesday,100,PED NEAR SIDE. PED HIT BY VEHICLE FROM THE RIGHT.,3,296324,1,0,1,0,1,2,1,2,T intersection,2,40,Local Road,PORT PHILLIP,-37.86917,144.9902,3182.0,True,Preston HS,14251.6
T20220012570,2022-03-06,12:15:00,1,Collision with vehicle,5,Friday,130,REAR END(VEHICLES IN SAME LANE),1,778773,2,0,0,1,1,2,1,5,Not at intersection,3,60,Local Road,WYNDHAM,-37.85843,144.7049,3029.0,True,Preston HS,29554.4
T20210000842,2021-10-01,09:30:00,8,No collision and no object struck,1,Sunday,184,OUT OF CONTROL ON CARRIAGEWAY (ON BEND),1,672905,1,0,0,1,0,1,2,5,Not at intersection,3,100,Arterial Other,ALPINE,-36.71457,146.79135,3740.0,True,Reservoir HS,192088.1
T20230013271,2023-07-06,18:19:00,2,Struck Pedestrian,4,Wednesday,102,FAR SIDE. PED HIT BY VEHICLE FROM THE LEFT,2,776799,1,0,2,0,0,2,1,5,Not at intersection,2,70,Arterial Highway,PORT PHILLIP,-37.85974,145.00563,3183.0,True,Preston HS,13126.1
T20220004719,2021-06-11,17:20:00,6,Vehicle overturned (no collision),7,Saturday,174,OUT OF CONTROL ON CARRIAGEWAY (ON STRAIGHT),1,38637,2,0,0,1,3,4,2,2,T intersection,3,999,Local Road,MARIBYRNONG,-37.79717,144.87512,3012.0,True,Preston HS,13138.5
T20240006084,2024-10-03,15:20:00,2,Struck Pedestrian,1,Sunday,100,PED NEAR SIDE. PED HIT BY VEHICLE FROM THE RIGHT.,1,800878,1,0,1,0,1,2,1,1,Cross intersection,2,80,Arterial Highway,WHITEHORSE,-37.852726,145.15178,3151.0,True,Preston HS,17720.4
T20240014209,2024-03-06,19:45:00,1,Collision with vehicle,2,Monday,147,VEHICLE STRIKES ANOTHER VEH WHILE EMERGING FROM DRIVEWAY,5,804944,2,0,0,1,1,2,1,5,Not at intersection,3,50,Local Road,SURF COAST,-38.311417,144.31825,3228.0,True,Preston HS,87485.1
T20250011819,2025-03-05,13:40:00,1,Collision with vehicle,7,Saturday,149,OTHER MANOEUVRING NOT INCLUDED IN DCAs 140-148,1,818109,2,0,0,1,1,2,1,5,Not at intersection,3,50,Local Road,CASEY,-38.12285,145.3742,3978.0,True,Preston HS,53224.1
T20220029095,2022-11-12,22:30:00,8,No collision and no object struck,1,Sunday,174,OUT OF CONTROL ON CARRIAGEWAY (ON STRAIGHT),3,742950,1,0,0,1,0,1,2,5,Not at intersection,3,50,Local Road,DAREBIN,-37.739628,144.98412,3072.0,True,Preston HS,2033.8
T20240003162,2024-08-02,17:25:00,1,Collision with vehicle,5,Thursday,135,LANE CHANGE LEFT (NOT OVERTAKING),1,798558,2,0,1,0,3,4,1,5,Not at intersection,2,60,Arterial Other,BOROONDARA,-37.805126,145.02917,3101.0,True,Preston HS,7314.6
T20220000258,2022-04-01,15:30:00,1,Collision with vehicle,3,Tuesday,121,RIGHT THROUGH,1,705401,2,0,0,1,1,2,2,5,Not at intersection,3,60,Arterial Other,BAYSIDE,-37.991474,145.02997,3193.0,True,Preston HS,27846.1
T20230026357,2023-10-11,15:28:00,2,Struck Pedestrian,6,Friday,101,PED EMERGES FROM IN FRONT OF PARKED OR STATIONARY VEHICLE,1,786507,1,0,1,0,4,5,1,5,Not at intersection,2,60,Local Road,CENTRAL GOLDFIELDS,-37.04213,143.72902,3465.0,True,William Ruthven SC,134049.2
T20230004995,2023-01-03,21:47:00,2,Struck Pedestrian,3,Wednesday,102,FAR SIDE. PED HIT BY VEHICLE FROM THE LEFT,3,770574,1,0,0,1,1,2,1,2,T intersection,3,40,Local Road,MELBOURNE,-37.811783,144.9716,3000.0,True,Preston HS,8394.3
T20240031240,2024-04-12,08:45:00,1,Collision with vehicle,4,Wednesday,121,RIGHT THROUGH,1,243711,2,0,0,1,1,2,2,2,T intersection,3,60,Arterial Other,BAYSIDE,-37.90316,145.01883,3187.0,True,Preston HS,17983.1
T20230005481,2023-07-03,12:30:00,4,Collision with a fixed object,2,Tuesday,181,OFF RIGHT BEND INTO OBJECT/PARKED VEHICLE,1,764206,1,0,1,0,0,1,1,5,Not at intersection,2,100,Arterial Other,EAST GIPPSLAND,-37.139034,148.73404,3888.0,True,Reservoir HS,333459.9
T20210000799,2021-12-01,21:35:00,2,Struck Pedestrian,3,Tuesday,109,ANY MANOEUVRE INVOLVING PED NOT INCLUDED IN DCAs 100-108.,3,672903,1,0,0,1,2,3,1,5,Not at intersection,3,50,Local Road,PORT PHILLIP,-37.82993,144.95818,3006.0,True,Preston HS,10711.3
T20220007540,2022-04-04,16:45:00,1,Collision with vehicle,1,Monday,110,CROSS TRAFFIC(INTERSECTIONS ONLY),1,60932,2,0,1,0,1,2,1,1,Cross intersection,2,50,Local Road,HUME,-37.577335,144.7241,3429.0,True,William Ruthven SC,27906.5
T20220015121,2022-06-07,11:15:00,1,Collision with vehicle,4,Wednesday,140,U TURN,1,719463,2,0,1,1,1,3,1,5,Not at intersection,2,40,Local Road,PORT PHILLIP,-37.865047,144.9889,3182.0,True,Preston HS,13808.5
T20230023724,2023-10-10,08:30:00,1,Collision with vehicle,2,Tuesday,163,VEHICLE STRIKES DOOR OF PARKED/STATIONARY VEHICLE,1,789399,2,0,1,0,2,3,2,5,Not at intersection,2,40,Arterial Other,MORELAND,-37.755367,144.96349,3058.0,True,Preston HS,4124.5
T20220015547,2022-09-07,23:49:00,1,Collision with vehicle,7,Saturday,116,LEFT NEAR (INTERSECTIONS ONLY),3,44224,2,0,0,1,1,2,1,1,Cross intersection,3,60,Arterial Other,WHITTLESEA,-37.648518,145.02585,3076.0,True,William Ruthven SC,5706.3
T20220027339,2022-02-12,17:35:00,6,Vehicle overturned (no collision),6,Friday,170,OFF CARRIAGEWAY TO LEFT,1,292865,1,0,1,0,0,1,1,2,T intersection,2,60,Local Road,FRANKSTON,-38.175453,145.15129,3199.0,True,Preston HS,49860.3
T20220007599,2022-05-04,09:45:00,1,Collision with vehicle,3,Tuesday,163,VEHICLE STRIKES DOOR OF PARKED/STATIONARY VEHICLE,1,708876,2,0,0,1,1,2,1,5,Not at intersection,3,40,Local Road,MELBOURNE,-37.81472,144.96338,3000.0,True,Preston HS,8982.7
T20250009695,2025-10-04,15:30:00,1,Collision with vehicle,5,Thursday,139,OTHER SAME DIRECTION-MANOUEVRES NOT INCLUDED IN DCAs 130-137,1,15421,3,0,0,1,2,3,2,1,Cross intersection,3,999,Local Road,GEELONG,-38.171158,144.34688,3216.0,True,Preston HS,75039.9
T20240000039,2024-01-01,13:35:00,6,Vehicle overturned (no collision),2,Monday,180,OFF CARRIAGEWAY ON RIGHT BEND,1,795903,1,0,0,1,0,1,1,5,Not at intersection,3,100,Arterial Other,MACEDON RANGES,-37.37329,144.5784,3441.0,True,William Ruthven SC,51899.7
T20220007972,2022-09-04,14:50:00,1,Collision with vehicle,7,Saturday,163,VEHICLE STRIKES DOOR OF PARKED/STATIONARY VEHICLE,1,712159,2,0,0,1,1,2,1,5,Not at intersection,3,40,Local Road,MELBOURNE,-37.818684,144.96321,3000.0,True,Preston HS,9389.1
T20230012866,2023-02-06,11:37:00,2,Struck Pedestrian,5,Friday,103,PED PLAYING/LYING/WORKING/STANDING ON CARRIAGEWAY.,1,50029,1,0,0,1,1,2,1,2,T intersection,3,40,Local Road,GEELONG,-38.158554,144.35556,3220.0,True,Preston HS,73567.2
T20250008809,2025-01-04,19:38:00,1,Collision with vehicle,2,Tuesday,179,OTHER ACCIDENTS-OFF STRAIGHT NOT INCLUDED IN DCAs 170-175,3,821481,3,0,0,1,1,2,1,5,Not at intersection,3,40,Local Road,BENDIGO,-36.762684,144.2848,3550.0,True,William Ruthven SC,121760.3
T20230010545,2023-05-05,14:30:00,1,Collision with vehicle,6,Friday,110,CROSS TRAFFIC(INTERSECTIONS ONLY),1,67681,2,0,0,1,2,3,1,1,Cross intersection,3,50,Local Road,EAST GIPPSLAND,-37.833233,147.60301,3875.0,True,Reservoir HS,226516.7
T20220007364,2022-02-04,11:03:00,8,No collision and no object struck,7,Saturday,149,OTHER MANOEUVRING NOT INCLUDED IN DCAs 140-148,1,708999,2,0,1,0,1,2,1,5,Not at intersection,2,70,Arterial Highway,KINGSTON,-37.926872,145.08186,3167.0,True,Preston HS,21611.6
T20240028914,2024-11-11,08:50:00,2,Struck Pedestrian,2,Monday,100,PED NEAR SIDE. PED HIT BY VEHICLE FROM THE RIGHT.,1,14250,1,0,1,0,1,2,2,2,T intersection,2,40,Local Road,STONNINGTON,-37.84474,144.99455,3141.0,True,Preston HS,11510.5
T20240009094,2024-11-04,12:47:00,1,Collision with vehicle,5,Thursday,113,RIGHT NEAR (INTERSECTIONS ONLY),1,44754,2,0,1,0,1,2,1,2,T intersection,2,60,Arterial Other,HUME,-37.68665,144.93098,3047.0,True,William Ruthven SC,6430.9
T20230012902,2023-02-06,17:05:00,1,Collision with vehicle,6,Friday,163,VEHICLE STRIKES DOOR OF PARKED/STATIONARY VEHICLE,3,239002,2,0,0,1,1,2,1,5,Not at intersection,3,40,Local Road,STONNINGTON,-37.842472,144.99503,3141.0,True,Preston HS,11255.4
T20230000144,2023-03-01,11:38:00,1,Collision with vehicle,3,Tuesday,121,RIGHT THROUGH,1,241855,2,0,1,0,2,3,1,2,T intersection,2,60,Arterial Other,MONASH,-37.8558,145.11647,3149.0,True,Preston HS,15915.8
T20240008972,2024-10-04,12:09:00,1,Collision with vehicle,4,Wednesday,110,CROSS TRAFFIC(INTERSECTIONS ONLY),1,35428,2,0,1,0,1,2,1,1,Cross intersection,2,60,Arterial Other,MANNINGHAM,-37.76749,145.10439,3107.0,True,Reservoir HS,8283.3
T20240012212,2024-05-05,13:00:00,6,Vehicle overturned (no collision),1,Sunday,174,OUT OF CONTROL ON CARRIAGEWAY (ON STRAIGHT),1,803184,1,0,0,1,0,1,2,2,T intersection,3,999,Local Road,WHITEHORSE,-37.862164,145.17046,3150.0,True,Preston HS,19632.2
T20210022775,2021-11-11,06:15:00,1,Collision with vehicle,5,Thursday,134,LANE CHANGE RIGHT (NOT OVERTAKING),1,697018,2,0,1,0,1,2,1,5,Not at intersection,2,80,Arterial Highway,CASEY,-38.13218,145.29527,3977.0,True,Preston HS,50238.5
T20220016028,2022-10-07,10:00:00,7,Fall from or in moving vehicle,0,Sunday,190,FELL IN/FROM VEHICLE,1,723212,1,0,0,1,0,1,2,5,Not at intersection,3,999,Local Road,DANDENONG,-37.98573,145.15765,3173.0,True,Preston HS,30182.2
T20250011366,2025-02-04,18:00:00,1,Collision with vehicle,3,Wednesday,121,RIGHT THROUGH,2,36582,2,0,0,1,1,2,2,2,T intersection,3,999,Local Road,YARRA,-37.79472,144.985,3066.0,True,Preston HS,6207.3