ACCIDENT_NO,ACCIDENT_DATE,ACCIDENT_TIME,ACCIDENT_TYPE,ACCIDENT_TYPE_DESC,DAY_OF_WEEK,DAY_WEEK_DESC,DCA_CODE,DCA_DESC,LIGHT_CONDITION,NODE_ID,NO_OF_VEHICLES,NO_PERSONS_KILLED,NO_PERSONS_INJ_2,NO_PERSONS_INJ_3,NO_PERSONS_NOT_INJ,NO_PERSONS,POLICE_ATTEND,ROAD_GEOMETRY,ROAD_GEOMETRY_DESC,SEVERITY,SPEED_ZONE,RMA,LGA_NAME,LATITUDE,LONGITUDE,POSTCODE_CRASH,PED_OR_CYC,nearest_school,dist_to_gate_m
T20210004642,2021-10-02,20:00:00,1,Collision with vehicle,3,Wednesday,110,CROSS TRAFFIC(INTERSECTIONS ONLY),2,39884,2,0,0,1,1,2,9,1,Cross intersection,3,60,,HOBSONS BAY,-37.871548,144.77756,3028.0,True,Preston HS,24801.8
T20230008412,2023-10-04,12:40:00,2,Struck Pedestrian,1,Monday,100,PED NEAR SIDE. PED HIT BY VEHICLE FROM THE RIGHT.,1,767152,1,0,0,1,3,4,1,1,Cross intersection,3,70,Arterial Highway,WHITTLESEA,-37.694645,145.0602,3083.0,True,Reservoir HS,4106.8
T20240022544,2024-03-09,18:00:00,4,Collision with a fixed object,2,Tuesday,171,LEFT OFF CARRIAGEWAY INTO OBJECT/PARKED VEHICLE,4,825606,1,0,0,1,0,1,2,5,Not at intersection,3,60,Local Road,MELBOURNE,-37.8099,144.97896,3002.0,True,Preston HS,7976.6
T20250020348,2025-01-08,15:04:00,1,Collision with vehicle,6,Friday,130,REAR END(VEHICLES IN SAME LANE),1,823235,2,0,0,2,0,2,1,5,Not at intersection,3,50,Local Road,WHITTLESEA,-37.6385,144.9991,3076.0,True,William Ruthven SC,6462.8
T20240025535,2024-09-10,10:15:00,1,Collision with vehicle,3,Wednesday,147,VEHICLE STRIKES ANOTHER VEH WHILE EMERGING FROM DRIVEWAY,1,809601,2,0,0,1,1,2,2,5,Not at intersection,3,999,Arterial Other,KNOX,-37.897743,145.24281,3180.0,True,Preston HS,27013.5
T20240028385,2024-07-11,19:51:00,1,Collision with vehicle,5,Thursday,119,OTHER ADJACENT (INTERSECTIONS ONLY),2,45531,2,0,1,0,1,2,1,2,T intersection,2,60,Arterial Other,MORELAND,-37.7694,144.94356,3055.0,True,Preston HS,6379.0
T20230013160,2023-06-06,07:00:00,2,Struck Pedestrian,3,Tuesday,106,VEH STRIKES PED ON FOOTPATH/MEDIAN/TRAFFIC ISLAND.,2,776204,1,0,1,0,1,2,1,2,T intersection,2,60,Local Road,WHITEHORSE,-37.821407,145.10725,3127.0,True,Preston HS,12490.8
T20230020478,2023-01-09,15:30:00,6,Vehicle overturned (no collision),6,Friday,174,OUT OF CONTROL ON CARRIAGEWAY (ON STRAIGHT),1,236644,1,0,1,0,0,1,1,5,Not at intersection,2,100,Freeway,MONASH,-37.893913,145.13933,3149.0,True,Preston HS,20527.5
T20230026914,2023-12-10,13:01:00,5,collision with some other object,5,Thursday,166,STRUCK OBJECT ON CARRIAGEWAY,1,787626,1,0,0,1,0,1,1,5,Not at intersection,3,50,,PORT PHILLIP,-37.839508,144.95982,3205.0,True,Preston HS,11642.3
T20230012901,2023-02-06,16:30:00,1,Collision with vehicle,5,Friday,163,VEHICLE STRIKES DOOR OF PARKED/STATIONARY VEHICLE,1,775491,2,0,0,1,1,2,1,5,Not at intersection,3,40,Arterial Other,STONNINGTON,-37.838978,144.99153,3141.0,True,Preston HS,10903.0
T20230020470,2023-01-09,17:55:00,6,Vehicle overturned (no collision),6,Friday,174,OUT OF CONTROL ON CARRIAGEWAY (ON STRAIGHT),2,789875,2,0,0,1,1,2,1,5,Not at intersection,3,60,Arterial Other,DAREBIN,-37.73604,145.01288,3072.0,True,Preston HS,809.0
T20220000625,2022-02-01,13:30:00,8,No collision and no object struck,0,Sunday,180,OFF CARRIAGEWAY ON RIGHT BEND,1,281666,1,0,0,1,0,1,2,5,Not at intersection,3,999,,MURRINDINDI,-37.335674,145.96155,3713.0,True,Reservoir HS,92767.3
T20240014276,2024-05-05,10:30:00,6,Vehicle overturned (no collision),1,Sunday,184,OUT OF CONTROL ON CARRIAGEWAY (ON BEND),1,804737,1,0,0,1,0,1,2,2,T intersection,3,999,Local Road,MURRINDINDI,-37.296944,145.92238,3713.0,True,Reservoir HS,91880.4
T20250006196,2025-07-02,15:15:00,2,Struck Pedestrian,6,Friday,102,FAR SIDE. PED HIT BY VEHICLE FROM THE LEFT,1,816155,1,0,1,0,1,2,2,5,Not at intersection,2,80,Arterial Other,CASEY,-37.97772,145.28023,3804.0,True,Preston HS,35548.7
T20250000836,2025-11-01,06:59:00,1,Collision with vehicle,7,Saturday,121,RIGHT THROUGH,2,51630,2,0,0,1,1,2,1,1,Cross intersection,3,60,Local Road,BENDIGO,-36.761627,144.29385,3550.0,True,William Ruthven SC,121444.6
T20230016300,2023-07-06,00:05:00,8,No collision and no object struck,4,Wednesday,151,OUT OF CONTROL (OVERTAKING),6,258748,1,0,0,1,0,1,2,2,T intersection,3,60,Local Road,MONASH,-37.914066,145.10571,3167.0,True,Preston HS,21032.2
T20220007790,2022-07-04,12:49:00,2,Struck Pedestrian,5,Thursday,100,PED NEAR SIDE. PED HIT BY VEHICLE FROM THE RIGHT.,1,709073,1,0,1,0,1,2,1,2,T intersection,2,60,Arterial Other,BANYULE,-37.703194,145.10684,3088.0,True,Reservoir HS,7138.9
T20220020248,2022-07-09,19:30:00,1,Collision with vehicle,3,Wednesday,142,LEAVING PARKING,1,782547,2,0,0,1,2,3,2,5,Not at intersection,3,60,Arterial Other,STONNINGTON,-37.839287,144.99393,3141.0,True,Preston HS,10912.7
T20240003370,2024-10-02,22:40:00,2,Struck Pedestrian,7,Saturday,105,PED WALKING AGAINST TRAFFIC.,5,798697,1,0,1,0,2,3,1,1,Cross intersection,2,100,Arterial Other,SHEPPARTON,-36.425102,145.22272,3616.0,True,William Ruthven SC,142715.4
T20230006180,2023-12-03,02:30:00,3,Struck animal,1,Sunday,167,STRUCK ANIMAL,5,761272,1,0,1,0,0,1,2,5,Not at intersection,2,80,Arterial Highway,MURRINDINDI,-37.427628,145.42235,3717.0,True,William Ruthven SC,47543.9
T20230025194,2023-06-10,23:00:00,2,Struck Pedestrian,6,Friday,101,PED EMERGES FROM IN FRONT OF PARKED OR STATIONARY VEHICLE,6,790811,1,0,0,1,2,3,2,5,Not at intersection,3,999,Local Road,CASEY,-38.01403,145.28778,3805.0,True,Preston HS,39036.6
T20240022800,2024-07-09,14:55:00,1,Collision with vehicle,7,Saturday,135,LANE CHANGE LEFT (NOT OVERTAKING),1,735047,3,0,0,1,2,3,1,1,Cross intersection,3,80,Arterial Highway,CASEY,-38.082077,145.27623,3977.0,True,Preston HS,44608.6
T20240005952,2024-08-03,15:13:00,1,Collision with vehicle,6,Friday,121,RIGHT THROUGH,1,35714,2,0,0,1,1,2,1,1,Cross intersection,3,50,Arterial Other,MORELAND,-37.778046,144.96024,3056.0,True,Preston HS,5770.9
T20240025465,2024-09-10,09:55:00,1,Collision with vehicle,4,Wednesday,113,RIGHT NEAR (INTERSECTIONS ONLY),1,629331,2,0,0,1,1,2,1,2,T intersection,3,40,Arterial Highway,GLEN EIRA,-37.903824,145.0384,3204.0,True,Preston HS,18235.8
T20220012694,2022-04-06,19:36:00,2,Struck Pedestrian,7,Saturday,100,PED NEAR SIDE. PED HIT BY VEHICLE FROM THE RIGHT.,3,350726,1,0,1,0,1,2,1,1,Cross intersection,2,70,Arterial Other,HUME,-37.684418,144.8831,3043.0,True,William Ruthven SC,10635.0
T20240017890,2024-03-06,10:51:00,1,Collision with vehicle,2,Monday,137,LEFT TURN SIDESWIPE,1,808133,2,0,0,1,1,2,2,2,T intersection,3,60,Local Road,KNOX,-37.888103,145.29182,3156.0,True,Reservoir HS,29513.0
T20240011583,2024-07-05,14:45:00,1,Collision with vehicle,3,Tuesday,130,REAR END(VEHICLES IN SAME LANE),1,805146,2,0,1,0,1,2,1,5,Not at intersection,2,80,Freeway,HOBSONS BAY,-37.83232,144.81152,3025.0,True,Preston HS,19923.0
T20250000771,2025-10-01,14:59:00,6,Vehicle overturned (no collision),6,Friday,174,OUT OF CONTROL ON CARRIAGEWAY (ON STRAIGHT),1,813664,1,0,0,1,0,1,1,5,Not at intersection,3,100,Freeway,MONASH,-37.93679,145.19447,3170.0,True,Preston HS,27227.1
T20240015798,2024-10-06,13:45:00,6,Vehicle overturned (no collision),2,Monday,182,OFF CARRIAGEWAY ON LEFT BEND,1,805490,1,0,0,1,0,1,2,5,Not at intersection,3,999,Local Road,BENDIGO,-36.849453,144.17572,3551.0,True,William Ruthven SC,119290.0
T20240014419,2024-05-06,23:45:00,1,Collision with vehicle,4,Wednesday,137,LEFT TURN SIDESWIPE,3,205,2,0,0,1,1,2,1,1,Cross intersection,3,40,Local Road,MELBOURNE,-37.813713,144.95732,3000.0,True,Preston HS,9124.7
T20210005193,2021-06-03,11:30:00,8,No collision and no object struck,7,Saturday,182,OFF CARRIAGEWAY ON LEFT BEND,1,685791,1,0,0,1,0,1,2,5,Not at intersection,3,80,Local Road,BAW BAW,-38.22914,146.12775,3824.0,True,Reservoir HS,111548.4
T20250002871,2025-03-02,12:50:00,1,Collision with vehicle,2,Monday,133,LANE SIDE SWIPE (VEHICLES IN PARALLEL LANES),1,317588,2,0,0,1,1,2,1,1,Cross intersection,3,60,Arterial Other,BOROONDARA,-37.82147,145.02641,3122.0,True,Preston HS,9030.9
T20220007465,2022-03-04,16:00:00,1,Collision with vehicle,0,Sunday,110,CROSS TRAFFIC(INTERSECTIONS ONLY),1,67459,2,0,0,1,1,2,2,1,Cross intersection,3,50,Local Road,EAST GIPPSLAND,-37.827972,147.61632,3875.0,True,Reservoir HS,227661.8
T20240006127,2024-11-03,10:37:00,6,Vehicle overturned (no collision),2,Monday,174,OUT OF CONTROL ON CARRIAGEWAY (ON STRAIGHT),1,800347,1,0,1,0,0,1,1,5,Not at intersection,2,80,Arterial Highway,ALPINE,-36.587402,146.76006,3738.0,True,Reservoir HS,198618.9
T20220022959,2022-12-10,11:35:00,2,Struck Pedestrian,4,Wednesday,100,PED NEAR SIDE. PED HIT BY VEHICLE FROM THE RIGHT.,1,42815,1,0,0,1,1,2,1,1,Cross intersection,3,80,Arterial Highway,KINGSTON,-37.990707,145.08134,3195.0,True,Preston HS,28444.9
T20230028801,2023-06-12,12:35:00,1,Collision with vehicle,4,Wednesday,139,OTHER SAME DIRECTION-MANOUEVRES NOT INCLUDED IN DCAs 130-137,1,795597,2,0,0,1,1,2,1,5,Not at intersection,3,40,Local Road,BOROONDARA,-37.81986,145.03673,3122.0,True,Preston HS,9072.7
T20230010481,2023-04-05,18:15:00,1,Collision with vehicle,4,Thursday,163,VEHICLE STRIKES DOOR OF PARKED/STATIONARY VEHICLE,2,790573,2,0,0,1,1,2,2,5,Not at intersection,3,40,Local Road,MELBOURNE,-37.81479,144.94572,3008.0,True,Preston HS,9754.6
T20240008629,2024-06-04,14:00:00,2,Struck Pedestrian,6,Saturday,100,PED NEAR SIDE. PED HIT BY VEHICLE FROM THE RIGHT.,1,65246,1,0,0,1,1,2,1,1,Cross intersection,3,50,Local Road,YARRA,-37.79991,144.9849,3066.0,True,Preston HS,6760.4
T20240027886,2024-02-11,20:56:00,1,Collision with vehicle,7,Saturday,121,RIGHT THROUGH,3,37621,2,0,0,1,1,2,1,1,Cross intersection,3,60,Arterial Highway,STONNINGTON,-37.848343,144.98457,3181.0,True,Preston HS,12022.3
T20220007654,2022-05-04,17:20:00,1,Collision with vehicle,3,Tuesday,113,RIGHT NEAR (INTERSECTIONS ONLY),1,29818,2,0,0,1,1,2,1,1,Cross intersection,3,60,Local Road,WODONGA,-36.114845,146.86862,3690.0,True,William Ruthven SC,241750.9
T20220019872,2022-02-09,16:15:00,1,Collision with vehicle,6,Friday,120,HEAD ON (NOT OVERTAKING),1,743166,2,1,0,0,2,3,1,5,Not at intersection,1,100,Local Road,MILDURA,-35.554794,141.32146,3490.0,True,William Ruthven SC,405717.4
T20230029397,2023-08-12,10:15:00,2,Struck Pedestrian,6,Friday,108,PED STRUCK WALKING TO/FROM OR BOARDING/ALIGHTING VEHICLE.,1,802143,1,0,1,0,1,2,2,5,Not at intersection,2,999,Local Road,MELBOURNE,-37.795986,144.92598,3031.0,True,Preston HS,9342.3
T20240027751,2024-01-11,11:37:00,5,collision with some other object,6,Friday,166,STRUCK OBJECT ON CARRIAGEWAY,1,810404,2,0,0,1,1,2,1,5,Not at intersection,3,100,Freeway,BRIMBANK,-37.76462,144.81792,3021.0,True,Preston HS,16826.2
T20250004371,2024-08-10,16:20:00,6,Vehicle overturned (no collision),2,Tuesday,149,OTHER MANOEUVRING NOT INCLUDED IN DCAs 140-148,1,817248,1,0,0,1,0,1,2,2,T intersection,3,50,Local Road,HUME,-37.669067,144.94492,3047.0,True,William Ruthven SC,5953.7
T20220005806,2022-03-03,09:27:00,1,Collision with vehicle,4,Thursday,121,RIGHT THROUGH,1,52987,2,0,0,1,1,2,1,1,Cross intersection,3,60,Arterial Other,BALLARAT,-37.582397,143.86798,3350.0,True,William Ruthven SC,100741.8
T20250015230,2025-07-06,01:00:00,1,Collision with vehicle,6,Saturday,120,HEAD ON (NOT OVERTAKING),3,820507,2,0,0,1,1,2,1,2,T intersection,3,50,Local Road,CASEY,-37.972088,145.2535,3802.0,True,Preston HS,33529.6
T20240011816,2024-09-05,18:09:00,1,Collision with vehicle,5,Thursday,121,RIGHT THROUGH,3,806022,2,0,1,0,1,2,1,2,T intersection,2,60,Local Road,MOORABOOL,-37.66782,144.4228,3340.0,True,William Ruthven SC,51157.1
T20230014387,2023-05-06,06:00:00,3,Struck animal,1,Monday,167,STRUCK ANIMAL,1,776322,1,0,1,0,0,1,2,5,Not at intersection,2,60,Local Road,BANYULE,-37.776882,145.0548,3079.0,True,Preston HS,5734.8
T20240000058,2024-01-01,23:06:00,2,Struck Pedestrian,1,Monday,100,PED NEAR SIDE. PED HIT BY VEHICLE FROM THE RIGHT.,3,795860,1,0,0,1,5,6,1,5,Not at intersection,3,60,Arterial Other,MORELAND,-37.73381,144.96527,3058.0,True,Preston HS,3781.5
T20240006200,2024-12-03,08:22:00,2,Struck Pedestrian,3,Tuesday,102,FAR SIDE. PED HIT BY VEHICLE FROM THE LEFT,1,935,1,0,1,0,1,2,1,1,Cross intersection,2,60,Arterial Other,FRANKSTON,-38.14625,145.12244,3199.0,True,Preston HS,46106.9
T20220013429,2022-11-06,16:30:00,7,Fall from or in moving vehicle,6,Saturday,190,FELL IN/FROM VEHICLE,1,715238,1,0,1,0,0,1,2,5,Not at intersection,2,777,,MANSFIELD,-37.156334,145.9895,3713.0,True,Reservoir HS,105578.9
T20210007781,2021-07-04,16:46:00,1,Collision with vehicle,3,Wednesday,148,VEHICLE OFF FOOTPATH STRIKES VEH ON CARRIAGEWAY,1,680142,2,0,1,0,1,2,1,5,Not at intersection,2,50,Local Road,COLAC OTWAY,-38.341072,143.57433,3250.0,True,Preston HS,142072.0
T20210012583,2021-06-06,14:50:00,6,Vehicle overturned (no collision),1,Sunday,180,OFF CARRIAGEWAY ON RIGHT BEND,1,689319,1,0,1,0,0,1,1,5,Not at intersection,2,100,Local Road,EAST GIPPSLAND,-37.76034,147.35742,3875.0,True,Reservoir HS,204743.1
T20220007863,2022-07-04,13:45:00,8,No collision and no object struck,5,Thursday,174,OUT OF CONTROL ON CARRIAGEWAY (ON STRAIGHT),1,710085,2,0,0,1,1,2,2,1,Cross intersection,3,50,Local Road,MONASH,-37.89476,145.11435,3149.0,True,Preston HS,19452.9
T20220022654,2022-08-10,09:46:00,1,Collision with vehicle,6,Saturday,148,VEHICLE OFF FOOTPATH STRIKES VEH ON CARRIAGEWAY,1,727836,2,0,1,0,1,2,1,5,Not at intersection,2,999,Local Road,MORELAND,-37.76149,144.9687,3056.0,True,Preston HS,4029.9
T20230005296,2023-05-03,14:30:00,3,Struck animal,1,Sunday,167,STRUCK ANIMAL,1,762724,1,0,0,1,0,1,1,5,Not at intersection,3,100,Arterial Other,SOUTHERN GRAMPIANS,-37.626637,142.33768,3294.0,True,William Ruthven SC,234736.3
T20220017477,2022-05-08,09:00:00,1,Collision with vehicle,6,Friday,131,LEFT REAR,2,778518,2,0,0,1,1,2,2,2,T intersection,3,50,Local Road,KINGSTON,-37.936214,145.1177,3169.0,True,Preston HS,23709.5
T20240014460,2024-05-06,21:30:00,2,Struck Pedestrian,4,Wednesday,102,FAR SIDE. PED HIT BY VEHICLE FROM THE LEFT,9,38741,1,0,0,1,1,2,2,1,Cross intersection,3,40,Arterial Highway,MARIBYRNONG,-37.79892,144.89236,3011.0,True,Preston HS,11924.5
T20230011170,2023-11-05,19:54:00,2,Struck Pedestrian,5,Thursday,102,FAR SIDE. PED HIT BY VEHICLE FROM THE LEFT,3,776699,1,0,0,1,1,2,1,2,T intersection,3,60,Arterial Other,MOONEE VALLEY,-37.750793,144.92525,3040.0,True,Preston HS,7267.4
T20230028539,2023-03-12,13:50:00,4,Collision with a fixed object,0,Sunday,173,RIGHT OFF CARRIAGEWAY INTO OBJECT/PARKED VEHICLE,1,795148,2,0,0,2,0,2,1,5,Not at intersection,3,70,Local Road,YARRA RANGES,-37.892452,145.49106,3782.0,True,Reservoir HS,44749.2
T20220005024,2022-06-03,11:10:00,8,No collision and no object struck,1,Sunday,174,OUT OF CONTROL ON CARRIAGEWAY (ON STRAIGHT),1,708894,1,0,1,0,0,1,1,5,Not at intersection,2,888,Local Road,BALLARAT,-37.484497,143.92072,3352.0,True,William Ruthven SC,98229.6
T20230017217,2023-03-07,02:56:00,2,Struck Pedestrian,2,Monday,108,PED STRUCK WALKING TO/FROM OR BOARDING/ALIGHTING VEHICLE.,3,798534,1,0,1,0,1,2,2,5,Not at intersection,2,40,Local Road,YARRA,-37.806183,144.98303,3066.0,True,Preston HS,7475.8
T20240025047,2024-04-10,13:11:00,2,Struck Pedestrian,6,Friday,100,PED NEAR SIDE. PED HIT BY VEHICLE FROM THE RIGHT.,1,37724,1,0,1,0,2,3,1,1,Cross intersection,2,40,Arterial Other,STONNINGTON,-37.852276,144.99648,3181.0,True,Preston HS,12330.8
T20230012225,2023-05-05,08:15:00,1,Collision with vehicle,5,Friday,110,CROSS TRAFFIC(INTERSECTIONS ONLY),2,861,2,0,0,1,1,2,2,1,Cross intersection,3,50,Local Road,MORELAND,-37.737373,144.96304,3058.0,True,Preston HS,3904.1
T20220022400,2022-05-10,09:00:00,2,Struck Pedestrian,4,Wednesday,100,PED NEAR SIDE. PED HIT BY VEHICLE FROM THE RIGHT.,1,727225,1,0,0,1,2,3,1,5,Not at intersection,3,50,Local Road,CASEY,-37.980713,145.24075,3177.0,True,Preston HS,33571.8
T20220003004,2022-11-02,17:05:00,8,No collision and no object struck,6,Friday,170,OFF CARRIAGEWAY TO LEFT,1,65743,2,0,1,0,1,2,1,1,Cross intersection,2,40,Local Road,MELBOURNE,-37.810318,144.96136,3000.0,True,Preston HS,8624.2
T20220027437,2022-02-12,18:00:00,2,Struck Pedestrian,5,Friday,100,PED NEAR SIDE. PED HIT BY VEHICLE FROM THE RIGHT.,9,783491,1,0,0,1,1,2,2,1,Cross intersection,3,50,Arterial Other,GLEN EIRA,-37.890076,145.06456,3163.0,True,Preston HS,17253.5
T20240024146,2024-07-09,17:35:00,1,Collision with vehicle,6,Saturday,137,LEFT TURN SIDESWIPE,2,809879,2,0,0,1,1,2,2,2,T intersection,3,60,Arterial Other,MONASH,-37.858364,145.13869,3151.0,True,Preston HS,17376.9
T20220022243,2022-03-10,13:15:00,2,Struck Pedestrian,2,Monday,100,PED NEAR SIDE. PED HIT BY VEHICLE FROM THE RIGHT.,1,352352,1,0,1,0,1,2,1,2,T intersection,2,70,Arterial Other,KINGSTON,-37.93365,145.03893,3189.0,True,Preston HS,21526.1
T20210009468,2021-07-04,18:15:00,1,Collision with vehicle,3,Wednesday,121,RIGHT THROUGH,2,40373,2,0,0,1,1,2,2,2,T intersection,3,60,Arterial Other,STONNINGTON,-37.84985,145.04285,3146.0,True,Preston HS,12429.2
T20230013338,2023-07-06,21:15:00,1,Collision with vehicle,3,Wednesday,137,LEFT TURN SIDESWIPE,3,783443,2,0,0,1,1,2,2,5,Not at intersection,3,40,Arterial Highway,DANDENONG,-37.98981,145.21452,3175.0,True,Preston HS,33055.4
T20250009322,2025-06-04,19:26:00,6,Vehicle overturned (no collision),0,Sunday,174,OUT OF CONTROL ON CARRIAGEWAY (ON STRAIGHT),3,817130,1,0,1,0,0,1,1,2,T intersection,2,60,Arterial Other,MELTON,-37.682377,144.60179,3337.0,True,William Ruthven SC,35337.7
T20240019937,2024-06-08,14:31:00,2,Struck Pedestrian,2,Tuesday,103,PED PLAYING/LYING/WORKING/STANDING ON CARRIAGEWAY.,1,807529,1,0,0,1,1,2,2,5,Not at intersection,3,40,Local Road,STONNINGTON,-37.83876,144.99734,3141.0,True,Preston HS,10826.6
T20230029034,2023-06-12,14:30:00,6,Vehicle overturned (no collision),4,Wednesday,174,OUT OF CONTROL ON CARRIAGEWAY (ON STRAIGHT),9,37072,1,0,1,0,0,1,2,2,T intersection,2,40,Arterial Other,YARRA,-37.824757,144.9899,3121.0,True,Preston HS,9358.4
T20220009931,2022-03-05,15:40:00,2,Struck Pedestrian,3,Tuesday,100,PED NEAR SIDE. PED HIT BY VEHICLE FROM THE RIGHT.,1,42941,1,0,1,0,1,2,1,1,Cross intersection,2,40,Local Road,DANDENONG,-37.96725,145.17616,3174.0,True,Preston HS,29143.0
T20250011886,2025-03-05,09:14:00,8,No collision and no object struck,7,Saturday,179,OTHER ACCIDENTS-OFF STRAIGHT NOT INCLUDED IN DCAs 170-175,1,818040,2,0,1,0,1,2,1,4,Multiple intersection,2,60,Arterial Other,MACEDON RANGES,-37.41338,144.5433,3440.0,True,William Ruthven SC,51317.0
T20250017444,2025-01-07,08:50:00,1,Collision with vehicle,3,Tuesday,121,RIGHT THROUGH,1,29371,2,0,0,1,1,2,2,1,Cross intersection,3,60,Arterial Other,MELBOURNE,-37.796375,144.93997,3051.0,True,Preston HS,8472.2
T20250008938,2025-02-04,20:00:00,1,Collision with vehicle,3,Wednesday,159,OTHER OVERTAKING MANOEUVRES NOT INCLUDED IN DCAs 150-154,3,1350,2,0,1,0,1,2,1,2,T intersection,2,60,Arterial Other,MORELAND,-37.752895,144.9425,3055.0,True,Preston HS,5814.7
T20240028832,2024-07-11,10:16:00,1,Collision with vehicle,5,Thursday,110,CROSS TRAFFIC(INTERSECTIONS ONLY),1,346677,2,0,0,1,1,2,2,1,Cross intersection,3,999,Arterial Other,MELBOURNE,-37.80589,144.95612,3051.0,True,Preston HS,8427.5
T20210013627,2021-09-06,19:05:00,2,Struck Pedestrian,4,Wednesday,106,VEH STRIKES PED ON FOOTPATH/MEDIAN/TRAFFIC ISLAND.,3,687224,1,0,0,1,0,1,2,5,Not at intersection,3,40,Local Road,PORT PHILLIP,-37.85196,144.97997,3004.0,True,Preston HS,12489.9
T20220028071,2022-04-12,03:00:00,8,No collision and no object struck,1,Sunday,170,OFF CARRIAGEWAY TO LEFT,3,783381,2,0,0,1,1,2,2,5,Not at intersection,3,70,Arterial Highway,MELBOURNE,-37.81144,144.99106,3121.0,True,Preston HS,7881.8
T20240000715,2024-04-01,13:00:00,6,Vehicle overturned (no collision),5,Thursday,174,OUT OF CONTROL ON CARRIAGEWAY (ON STRAIGHT),1,795906,1,0,0,1,0,1,1,5,Not at intersection,3,50,Local Road,MELTON,-37.715904,144.57555,3338.0,True,William Ruthven SC,37664.6
T20220015258,2022-07-07,21:50:00,2,Struck Pedestrian,4,Thursday,104,PED WALKING WITH TRAFFIC,3,719553,1,0,1,0,2,3,1,5,Not at intersection,2,60,Arterial Other,GEELONG,-38.15101,144.36555,3220.0,True,Preston HS,72360.8
T20220002272,2022-03-02,10:00:00,2,Struck Pedestrian,5,Thursday,102,FAR SIDE. PED HIT BY VEHICLE FROM THE LEFT,1,43696,1,0,1,0,1,2,1,1,Cross intersection,2,40,Local Road,HUME,-37.57973,144.72934,3429.0,True,William Ruthven SC,27373.6
T20240000392,2024-06-01,12:50:00,4,Collision with a fixed object,7,Saturday,181,OFF RIGHT BEND INTO OBJECT/PARKED VEHICLE,1,797306,1,0,1,0,0,1,1,5,Not at intersection,2,100,Arterial Highway,TOWONG,-36.159138,147.4106,3700.0,True,Reservoir HS,273845.2
T20230010470,2023-04-05,13:00:00,2,Struck Pedestrian,4,Thursday,103,PED PLAYING/LYING/WORKING/STANDING ON CARRIAGEWAY.,1,787854,1,0,0,1,1,2,1,5,Not at intersection,3,888,Arterial Other,STONNINGTON,-37.83858,145.03247,3142.0,True,Preston HS,11000.8
T20220002484,2022-05-02,16:30:00,1,Collision with vehicle,6,Saturday,163,VEHICLE STRIKES DOOR OF PARKED/STATIONARY VEHICLE,1,707024,2,0,0,1,2,3,2,5,Not at intersection,3,60,Arterial Other,BAYSIDE,-37.963898,145.01219,3193.0,True,Preston HS,24711.3
T20220000515,2022-08-01,11:30:00,6,Vehicle overturned (no collision),6,Saturday,184,OUT OF CONTROL ON CARRIAGEWAY (ON BEND),1,815369,1,0,0,1,0,1,2,2,T intersection,3,888,Local Road,MANSFIELD,-36.874043,145.99245,3673.0,True,William Ruthven SC,126597.2
T20240014279,2024-04-06,14:00:00,8,No collision and no object struck,3,Tuesday,169,OTHER ON PATH,1,804802,2,0,0,1,1,2,1,5,Not at intersection,3,50,Local Road,DAREBIN,-37.76083,145.01253,3071.0,True,Preston HS,2180.1
T20240016697,2024-01-07,16:10:00,1,Collision with vehicle,2,Monday,131,LEFT REAR,1,71703,2,0,1,0,1,2,2,1,Cross intersection,2,50,Local Road,FRANKSTON,-38.12197,145.14076,3198.0,True,Preston HS,43878.9
T20230029319,2023-06-12,10:00:00,6,Vehicle overturned (no collision),4,Wednesday,184,OUT OF CONTROL ON CARRIAGEWAY (ON BEND),1,795334,1,0,0,1,0,1,2,5,Not at intersection,3,888,Local Road,MOORABOOL,-37.81545,144.26991,3340.0,True,Preston HS,65306.0
T20210015145,2021-09-07,18:10:00,1,Collision with vehicle,6,Friday,113,RIGHT NEAR (INTERSECTIONS ONLY),3,687594,2,0,1,0,1,2,1,2,T intersection,2,70,Arterial Other,BAYSIDE,-37.931385,145.02066,3187.0,True,Preston HS,21125.6
T20220023189,2022-07-08,13:00:00,5,collision with some other object,1,Sunday,166,STRUCK OBJECT ON CARRIAGEWAY,1,782571,1,0,0,1,0,1,2,5,Not at intersection,3,888,,MITCHELL,-37.35706,145.0985,3658.0,True,William Ruthven SC,38676.7
T20210019528,2021-11-09,13:00:00,8,No collision and no object struck,7,Saturday,174,OUT OF CONTROL ON CARRIAGEWAY (ON STRAIGHT),1,694107,1,0,0,1,0,1,2,5,Not at intersection,3,999,Local Road,EAST GIPPSLAND,-37.804306,147.41998,3875.0,True,Reservoir HS,210335.0
T20250010980,2025-12-04,11:30:00,8,No collision and no object struck,6,Saturday,174,OUT OF CONTROL ON CARRIAGEWAY (ON STRAIGHT),1,817613,1,0,0,1,0,1,2,5,Not at intersection,3,80,Local Road,MITCHELL,-37.1495,145.1796,3659.0,True,William Ruthven SC,62795.6
T20240006171,2024-04-03,06:39:00,1,Collision with vehicle,2,Monday,153,CUTTING IN (OVERTAKING),2,799946,2,0,0,2,0,2,1,5,Not at intersection,3,40,Local Road,YARRA,-37.788586,145.00374,3068.0,True,Preston HS,5221.8