ACCIDENT_NO,ACCIDENT_DATE,ACCIDENT_TIME,ACCIDENT_TYPE,ACCIDENT_TYPE_DESC,DAY_OF_WEEK,DAY_WEEK_DESC,DCA_CODE,DCA_DESC,LIGHT_CONDITION,NODE_ID,NO_OF_VEHICLES,NO_PERSONS_KILLED,NO_PERSONS_INJ_2,NO_PERSONS_INJ_3,NO_PERSONS_NOT_INJ,NO_PERSONS,POLICE_ATTEND,ROAD_GEOMETRY,ROAD_GEOMETRY_DESC,SEVERITY,SPEED_ZONE,RMA,LGA_NAME,LATITUDE,LONGITUDE,POSTCODE_CRASH,PED_OR_CYC,nearest_school,dist_to_gate_m
T20210006467,2021-12-02,11:07:00,1,Collision with vehicle,5,Friday,148,VEHICLE OFF FOOTPATH STRIKES VEH ON CARRIAGEWAY,1,680722,2,0,0,1,1,2,2,5,Not at intersection,3,888,Arterial Other,MORELAND,-37.707058,144.9611,3060.0,True,William Ruthven SC,3866.5
T20210012745,2021-09-06,07:05:00,2,Struck Pedestrian,3,Wednesday,100,PED NEAR SIDE. PED HIT BY VEHICLE FROM THE RIGHT.,2,781095,1,0,0,1,1,2,1,5,Not at intersection,3,60,Arterial Highway,BASS COAST,-38.590694,145.58481,3995.0,True,Preston HS,107064.3
T20210010616,2021-11-05,14:40:00,1,Collision with vehicle,3,Tuesday,154,PULLING OUT -REAR END,1,684264,3,0,0,1,2,3,1,2,T intersection,3,40,Arterial Other,MORELAND,-37.777157,144.97858,3068.0,True,Preston HS,4672.3
T20250017566,2025-02-07,07:08:00,1,Collision with vehicle,4,Wednesday,121,RIGHT THROUGH,3,42183,2,0,0,2,1,3,1,2,T intersection,3,50,Local Road,BAYSIDE,-37.94835,145.03848,3190.0,True,Preston HS,23143.0
T20250021310,2025-11-08,18:00:00,1,Collision with vehicle,1,Monday,110,CROSS TRAFFIC(INTERSECTIONS ONLY),2,68777,2,0,0,1,1,2,2,1,Cross intersection,3,60,Arterial Other,GLEN EIRA,-37.89535,145.06546,3163.0,True,Preston HS,17837.6
T20250000470,2024-10-12,11:30:00,8,No collision and no object struck,3,Tuesday,189,OTHER ACCIDENTS ON CURVE NOT INCLUDED IN DCAs 180-184,1,813535,1,0,0,1,0,1,2,5,Not at intersection,3,80,Local Road,MURRINDINDI,-37.208874,145.4335,3717.0,True,William Ruthven SC,66216.3
T20240022750,2024-03-09,03:50:00,8,No collision and no object struck,3,Tuesday,174,OUT OF CONTROL ON CARRIAGEWAY (ON STRAIGHT),3,808827,2,0,1,0,1,2,1,5,Not at intersection,2,80,Freeway,MANNINGHAM,-37.8097,145.2125,3111.0,True,Reservoir HS,18795.6
T20240006875,2024-07-03,08:45:00,1,Collision with vehicle,5,Thursday,137,LEFT TURN SIDESWIPE,1,36377,2,0,0,1,1,2,2,2,T intersection,3,50,Local Road,MELBOURNE,-37.800755,144.96994,3053.0,True,Preston HS,7334.1
T20220021569,2022-05-09,00:18:00,8,No collision and no object struck,2,Monday,174,OUT OF CONTROL ON CARRIAGEWAY (ON STRAIGHT),3,726059,1,0,0,2,0,2,1,2,T intersection,3,60,Arterial Other,BANYULE,-37.753143,145.05673,3084.0,True,Reservoir HS,4178.7
T20250012075,2025-06-05,15:10:00,1,Collision with vehicle,3,Tuesday,139,OTHER SAME DIRECTION-MANOUEVRES NOT INCLUDED IN DCAs 130-137,1,818356,2,0,0,1,1,2,2,5,Not at intersection,3,40,Local Road,WANGARATTA,-36.346996,146.30551,3677.0,True,William Ruthven SC,189442.8
T20240018351,2024-12-07,10:40:00,6,Vehicle overturned (no collision),5,Friday,179,OTHER ACCIDENTS-OFF STRAIGHT NOT INCLUDED IN DCAs 170-175,1,806517,1,0,0,1,0,1,1,5,Not at intersection,3,50,Local Road,WYNDHAM,-37.843506,144.63277,3029.0,True,Preston HS,34785.9
T20250012335,2025-09-05,07:50:00,1,Collision with vehicle,6,Friday,113,RIGHT NEAR (INTERSECTIONS ONLY),1,355802,2,0,1,0,1,2,1,2,T intersection,2,80,Arterial Other,KINGSTON,-38.017117,145.10999,3195.0,True,Preston HS,31928.6
T20210010708,2021-12-05,14:03:00,2,Struck Pedestrian,3,Wednesday,106,VEH STRIKES PED ON FOOTPATH/MEDIAN/TRAFFIC ISLAND.,1,683719,1,0,0,1,1,2,1,2,T intersection,3,30,Local Road,MELBOURNE,-37.812626,144.96523,3000.0,True,Preston HS,8702.9
T20250003041,2025-05-02,11:35:00,1,Collision with vehicle,4,Wednesday,121,RIGHT THROUGH,1,814832,2,0,1,0,1,2,1,5,Not at intersection,2,60,Local Road,MARIBYRNONG,-37.77275,144.88615,3032.0,True,Preston HS,11179.5
T20240027777,2024-01-11,17:00:00,1,Collision with vehicle,6,Friday,121,RIGHT THROUGH,1,43332,2,0,0,1,2,3,1,1,Cross intersection,3,60,Local Road,FRANKSTON,-38.081734,145.12701,3198.0,True,Preston HS,39246.1
T20220027480,2022-04-12,07:50:00,1,Collision with vehicle,1,Sunday,110,CROSS TRAFFIC(INTERSECTIONS ONLY),1,342142,2,0,1,0,1,2,1,1,Cross intersection,2,50,Local Road,SURF COAST,-38.309147,144.32933,3228.0,True,Preston HS,86635.2
T20230003304,2023-10-02,13:30:00,6,Vehicle overturned (no collision),6,Friday,180,OFF CARRIAGEWAY ON RIGHT BEND,1,753598,1,0,1,0,0,1,2,5,Not at intersection,2,100,Arterial Other,INDIGO,-36.33473,146.68759,3747.0,True,William Ruthven SC,212831.7
T20220027981,2022-09-12,16:38:00,2,Struck Pedestrian,5,Friday,100,PED NEAR SIDE. PED HIT BY VEHICLE FROM THE RIGHT.,1,742719,1,0,1,0,1,2,1,5,Not at intersection,2,40,Local Road,DAREBIN,-37.77113,145.01404,3070.0,True,Preston HS,3328.9
T20230029391,2023-12-12,11:58:00,1,Collision with vehicle,3,Tuesday,137,LEFT TURN SIDESWIPE,1,29761,2,0,0,1,1,2,1,1,Cross intersection,3,70,Arterial Other,CASEY,-38.079994,145.25813,3977.0,True,Preston HS,43589.0
T20240031596,2024-09-12,14:30:00,1,Collision with vehicle,2,Monday,116,LEFT NEAR (INTERSECTIONS ONLY),1,62162,2,0,0,1,1,2,2,1,Cross intersection,3,60,Local Road,MORELAND,-37.707325,144.91277,3046.0,True,William Ruthven SC,8027.4
T20210018863,2021-08-09,11:30:00,4,Collision with a fixed object,3,Wednesday,181,OFF RIGHT BEND INTO OBJECT/PARKED VEHICLE,1,692373,1,0,0,1,0,1,2,5,Not at intersection,3,999,Local Road,BENDIGO,-36.701912,144.35658,3551.0,True,William Ruthven SC,124537.2
T20240004452,2024-12-02,09:00:00,2,Struck Pedestrian,2,Monday,101,PED EMERGES FROM IN FRONT OF PARKED OR STATIONARY VEHICLE,1,798560,1,0,0,1,1,2,2,5,Not at intersection,3,50,Local Road,MELBOURNE,-37.79115,144.93561,3031.0,True,Preston HS,8350.1
T20250017883,2025-05-07,15:50:00,2,Struck Pedestrian,7,Saturday,109,ANY MANOEUVRE INVOLVING PED NOT INCLUDED IN DCAs 100-108.,1,821341,1,0,0,1,1,2,2,5,Not at intersection,3,999,Arterial Highway,DAREBIN,-37.723873,145.02838,3073.0,True,Reservoir HS,186.7
T20240025610,2024-10-10,12:55:00,1,Collision with vehicle,4,Thursday,147,VEHICLE STRIKES ANOTHER VEH WHILE EMERGING FROM DRIVEWAY,1,128763,2,0,1,0,1,2,1,5,Not at intersection,2,60,Arterial Other,MELBOURNE,-37.79302,144.97543,3054.0,True,Preston HS,6349.3
T20240017510,2024-11-07,16:10:00,1,Collision with vehicle,5,Thursday,160,VEHICLE COLLIDES WITH VEHICLE PARKED ON LEFT OF ROAD,1,806298,2,0,1,0,0,1,1,5,Not at intersection,2,40,Local Road,MELBOURNE,-37.800026,144.93387,3031.0,True,Preston HS,9137.4
T20240028705,2024-06-11,15:30:00,8,No collision and no object struck,4,Wednesday,179,OTHER ACCIDENTS-OFF STRAIGHT NOT INCLUDED IN DCAs 170-175,1,811014,1,0,0,1,0,1,2,5,Not at intersection,3,70,Local Road,MELTON,-37.692726,144.6073,3337.0,True,William Ruthven SC,34817.9
T20230023272,2023-06-09,16:00:00,2,Struck Pedestrian,4,Wednesday,100,PED NEAR SIDE. PED HIT BY VEHICLE FROM THE RIGHT.,1,796086,1,0,0,1,1,2,9,5,Not at intersection,3,40,Local Road,MELBOURNE,-37.799534,144.95587,3052.0,True,Preston HS,7850.6
T20240012111,2024-11-05,22:20:00,2,Struck Pedestrian,7,Saturday,100,PED NEAR SIDE. PED HIT BY VEHICLE FROM THE RIGHT.,3,36189,1,0,0,1,1,2,1,1,Cross intersection,3,60,Arterial Other,HUME,-37.684402,144.88292,3049.0,True,William Ruthven SC,10651.0
T20230013881,2023-12-06,11:00:00,2,Struck Pedestrian,2,Monday,102,FAR SIDE. PED HIT BY VEHICLE FROM THE LEFT,1,69534,1,0,0,1,1,2,2,2,T intersection,3,50,Local Road,MONASH,-37.92287,145.11864,3168.0,True,Preston HS,22400.6
T20220015381,2022-09-07,16:53:00,4,Collision with a fixed object,7,Saturday,194,PARKED CAR RUN AWAY,2,723144,1,0,1,0,0,1,1,5,Not at intersection,2,999,Local Road,YARRA RANGES,-37.728333,145.38257,3770.0,True,Reservoir HS,31068.3
T20240022581,2024-04-09,08:00:00,1,Collision with vehicle,4,Wednesday,137,LEFT TURN SIDESWIPE,1,40083,2,0,0,1,1,2,2,2,T intersection,3,999,Arterial Other,PORT PHILLIP,-37.8693,144.9759,3182.0,True,Preston HS,14450.8
T20220025977,2022-03-11,15:35:00,2,Struck Pedestrian,5,Thursday,100,PED NEAR SIDE. PED HIT BY VEHICLE FROM THE RIGHT.,1,786925,1,0,0,1,1,2,2,2,T intersection,3,999,,BALLARAT,-37.575233,143.84506,3350.0,True,William Ruthven SC,102850.4
T20220002158,2022-01-02,15:20:00,2,Struck Pedestrian,3,Tuesday,103,PED PLAYING/LYING/WORKING/STANDING ON CARRIAGEWAY.,1,703591,1,0,1,0,1,2,1,5,Not at intersection,2,40,Local Road,MELTON,-37.709106,144.57463,3338.0,True,William Ruthven SC,37711.6
T20240025844,2024-12-10,13:49:00,1,Collision with vehicle,6,Saturday,135,LANE CHANGE LEFT (NOT OVERTAKING),1,814164,2,0,0,1,1,2,1,1,Cross intersection,3,40,Arterial Other,PORT PHILLIP,-37.859776,144.97737,3182.0,True,Preston HS,13386.8
T20240004378,2023-02-12,17:30:00,6,Vehicle overturned (no collision),7,Saturday,180,OFF CARRIAGEWAY ON RIGHT BEND,1,798557,1,0,0,1,0,1,2,5,Not at intersection,3,100,Local Road,BENDIGO,-36.81672,144.26376,3555.0,True,William Ruthven SC,117690.8
T20210019022,2021-11-09,13:19:00,1,Collision with vehicle,7,Saturday,120,HEAD ON (NOT OVERTAKING),1,694309,3,0,1,1,3,5,1,5,Not at intersection,2,100,Local Road,MITCHELL,-37.151302,145.17993,3659.0,True,William Ruthven SC,62608.7
T20220012605,2022-03-06,19:55:00,1,Collision with vehicle,6,Friday,147,VEHICLE STRIKES ANOTHER VEH WHILE EMERGING FROM DRIVEWAY,3,725261,2,0,0,1,1,2,1,5,Not at intersection,3,60,Arterial Highway,KINGSTON,-37.963272,145.07492,3192.0,True,Preston HS,25347.0
T20240019441,2024-01-08,16:28:00,2,Struck Pedestrian,5,Thursday,100,PED NEAR SIDE. PED HIT BY VEHICLE FROM THE RIGHT.,1,806962,1,0,1,0,1,2,1,2,T intersection,2,40,Arterial Highway,DANDENONG,-37.957157,145.15128,3171.0,True,Preston HS,27096.7
T20210024803,2021-05-12,12:22:00,6,Vehicle overturned (no collision),1,Sunday,174,OUT OF CONTROL ON CARRIAGEWAY (ON STRAIGHT),1,19416,1,0,0,1,0,1,1,1,Cross intersection,3,60,Arterial Other,BENDIGO,-36.733948,144.27844,3550.0,True,William Ruthven SC,124791.2
T20230028704,2023-05-12,12:26:00,1,Collision with vehicle,3,Tuesday,113,RIGHT NEAR (INTERSECTIONS ONLY),1,794207,3,0,2,3,0,5,1,3,Y intersection,2,80,Arterial Highway,YARRA RANGES,-37.646297,145.55663,3777.0,True,Reservoir HS,47160.9
T20240017139,2024-07-07,09:53:00,1,Collision with vehicle,1,Sunday,113,RIGHT NEAR (INTERSECTIONS ONLY),1,806063,2,0,1,0,1,2,1,2,T intersection,2,50,Local Road,HOBSONS BAY,-37.88838,144.78302,3028.0,True,Preston HS,25563.2
T20220020572,2022-12-09,10:16:00,1,Collision with vehicle,2,Monday,116,LEFT NEAR (INTERSECTIONS ONLY),1,787110,2,0,1,0,1,2,1,2,T intersection,2,60,Local Road,KNOX,-37.88941,145.28818,3156.0,True,Reservoir HS,29355.5
T20250018188,2025-08-07,17:20:00,2,Struck Pedestrian,2,Tuesday,100,PED NEAR SIDE. PED HIT BY VEHICLE FROM THE RIGHT.,3,820075,1,0,0,1,1,2,1,5,Not at intersection,3,40,Arterial Other,STONNINGTON,-37.83925,144.99362,3141.0,True,Preston HS,10911.5
T20250020838,2025-06-08,18:55:00,1,Collision with vehicle,4,Wednesday,135,LANE CHANGE LEFT (NOT OVERTAKING),3,821533,2,0,1,0,1,2,1,5,Not at intersection,2,60,Freeway,BOROONDARA,-37.779766,145.09534,3104.0,True,Reservoir HS,8619.7
T20230008272,2023-08-04,04:57:00,1,Collision with vehicle,6,Saturday,163,VEHICLE STRIKES DOOR OF PARKED/STATIONARY VEHICLE,3,774454,2,0,0,1,1,2,1,5,Not at intersection,3,40,Arterial Other,MELBOURNE,-37.816845,144.95312,3008.0,True,Preston HS,9608.6
T20250006309,2025-02-03,13:00:00,8,No collision and no object struck,1,Sunday,184,OUT OF CONTROL ON CARRIAGEWAY (ON BEND),1,816013,1,0,1,0,0,1,2,5,Not at intersection,2,999,Local Road,MOORABOOL,-37.514847,144.219,3342.0,True,William Ruthven SC,71957.3
T20230000160,2023-03-01,15:55:00,8,No collision and no object struck,3,Tuesday,182,OFF CARRIAGEWAY ON LEFT BEND,1,745643,2,0,0,1,1,2,1,5,Not at intersection,3,100,Local Road,STRATHBOGIE,-36.8698,145.44566,3666.0,True,William Ruthven SC,99923.7
T20240002807,2024-04-02,19:07:00,1,Collision with vehicle,0,Sunday,121,RIGHT THROUGH,1,29724,2,0,0,1,1,2,1,2,T intersection,3,60,Arterial Highway,KINGSTON,-38.039146,145.10886,3196.0,True,Preston HS,34258.8
T20230023892,2023-10-10,06:25:00,1,Collision with vehicle,2,Tuesday,123,RIGHT/LEFT. ONE VEH TURNING RIGHT THE OTHER LEFT.,2,36709,2,0,0,1,1,2,2,1,Cross intersection,3,999,Arterial Other,YARRA,-37.800297,144.99759,3067.0,True,Preston HS,6569.1
T20210024817,2021-05-12,10:25:00,1,Collision with vehicle,1,Sunday,130,REAR END(VEHICLES IN SAME LANE),1,698688,2,0,0,1,1,2,1,5,Not at intersection,3,50,Local Road,HOBSONS BAY,-37.86757,144.88666,3016.0,True,Preston HS,17545.8
T20220008166,2022-12-04,08:12:00,2,Struck Pedestrian,3,Tuesday,102,FAR SIDE. PED HIT BY VEHICLE FROM THE LEFT,1,45547,1,0,0,1,1,2,1,1,Cross intersection,3,60,Arterial Other,MORELAND,-37.75867,144.94485,3055.0,True,Preston HS,5789.2
T20250020552,2025-03-08,09:04:00,1,Collision with vehicle,1,Sunday,120,HEAD ON (NOT OVERTAKING),1,820966,2,0,0,2,1,3,1,5,Not at intersection,3,60,Arterial Other,CARDINIA,-37.9309,145.43202,3782.0,True,Reservoir HS,42284.3
T20240031873,2024-12-12,09:13:00,1,Collision with vehicle,4,Thursday,113,RIGHT NEAR (INTERSECTIONS ONLY),1,46837,2,0,1,0,1,2,1,2,T intersection,2,60,Arterial Other,STONNINGTON,-37.845947,144.98703,3181.0,True,Preston HS,11725.1
T20250003642,2025-08-02,11:30:00,4,Collision with a fixed object,7,Saturday,179,OTHER ACCIDENTS-OFF STRAIGHT NOT INCLUDED IN DCAs 170-175,1,814956,1,0,1,0,0,1,2,5,Not at intersection,2,80,Local Road,GOLDEN PLAINS,-38.06285,144.02046,3321.0,True,Preston HS,93642.8
T20250005603,2025-01-03,17:20:00,1,Collision with vehicle,6,Saturday,137,LEFT TURN SIDESWIPE,1,36619,2,0,0,1,1,2,1,1,Cross intersection,3,30,Local Road,YARRA,-37.795666,144.98795,3066.0,True,Preston HS,6232.4
T20210012833,2021-10-06,15:10:00,1,Collision with vehicle,5,Thursday,120,HEAD ON (NOT OVERTAKING),1,685629,2,0,0,1,1,2,1,5,Not at intersection,3,50,Local Road,YARRA RANGES,-37.81434,145.33037,3765.0,True,Reservoir HS,28361.5
T20250015357,2025-07-06,20:40:00,2,Struck Pedestrian,6,Saturday,106,VEH STRIKES PED ON FOOTPATH/MEDIAN/TRAFFIC ISLAND.,6,29601,1,0,0,1,1,2,2,1,Cross intersection,3,60,Local Road,GLEN EIRA,-37.868744,145.01833,3161.0,True,Preston HS,14161.1
T20250003384,2025-07-02,09:00:00,2,Struck Pedestrian,5,Friday,102,FAR SIDE. PED HIT BY VEHICLE FROM THE LEFT,1,817618,1,0,0,1,1,2,2,2,T intersection,3,60,Arterial Highway,STONNINGTON,-37.84362,144.98544,3141.0,True,Preston HS,11491.7
T20210000858,2021-07-01,08:00:00,8,No collision and no object struck,4,Thursday,174,OUT OF CONTROL ON CARRIAGEWAY (ON STRAIGHT),1,780994,1,0,0,1,0,1,2,2,T intersection,3,999,Arterial Highway,ALPINE,-36.720814,146.9372,3741.0,True,Reservoir HS,202327.7
T20250014675,2025-01-06,14:36:00,1,Collision with vehicle,1,Sunday,130,REAR END(VEHICLES IN SAME LANE),1,819262,2,0,1,0,4,5,1,5,Not at intersection,2,60,Arterial Other,BAYSIDE,-37.929348,144.9906,3186.0,True,Preston HS,20915.8
T20210000480,2021-08-01,11:02:00,2,Struck Pedestrian,6,Friday,102,FAR SIDE. PED HIT BY VEHICLE FROM THE LEFT,1,673045,1,0,1,0,1,2,1,5,Not at intersection,2,70,Arterial Other,GLEN EIRA,-37.915134,145.06018,3165.0,True,Preston HS,19840.5
T20220008215,2022-12-04,17:15:00,2,Struck Pedestrian,3,Tuesday,100,PED NEAR SIDE. PED HIT BY VEHICLE FROM THE RIGHT.,1,711435,1,0,0,1,1,2,1,1,Cross intersection,3,60,Arterial Other,MELBOURNE,-37.796654,144.95126,3052.0,True,Preston HS,7837.7
T20210003101,2021-10-02,15:10:00,1,Collision with vehicle,4,Wednesday,130,REAR END(VEHICLES IN SAME LANE),1,683995,2,0,1,0,0,1,1,5,Not at intersection,2,100,Freeway,HOBSONS BAY,-37.865173,144.7758,3028.0,True,Preston HS,24524.6
T20230000826,2023-06-01,13:15:00,2,Struck Pedestrian,5,Friday,103,PED PLAYING/LYING/WORKING/STANDING ON CARRIAGEWAY.,1,783677,1,0,0,1,1,2,2,5,Not at intersection,3,50,Local Road,QUEENSCLIFFE,-38.26409,144.667,3225.0,True,Preston HS,65284.7
T20250012500,2025-10-05,11:07:00,1,Collision with vehicle,6,Saturday,140,U TURN,1,818497,2,0,0,1,1,2,1,5,Not at intersection,3,50,Local Road,BALLARAT,-37.5607,143.83885,3350.0,True,William Ruthven SC,103625.7
T20210015369,2021-12-07,18:00:00,2,Struck Pedestrian,2,Monday,102,FAR SIDE. PED HIT BY VEHICLE FROM THE LEFT,3,69434,1,0,1,0,1,2,1,1,Cross intersection,2,999,Local Road,BAYSIDE,-37.91812,144.99911,3186.0,True,Preston HS,19629.6
T20250012712,2025-12-05,15:44:00,1,Collision with vehicle,2,Monday,149,OTHER MANOEUVRING NOT INCLUDED IN DCAs 140-148,1,818682,2,0,1,0,1,2,1,5,Not at intersection,2,60,Arterial Highway,MILDURA,-34.231873,142.16634,3498.0,True,William Ruthven SC,462104.7
T20220005390,2022-08-02,16:00:00,2,Struck Pedestrian,3,Tuesday,109,ANY MANOEUVRE INVOLVING PED NOT INCLUDED IN DCAs 100-108.,1,707531,1,0,0,1,1,2,2,5,Not at intersection,3,60,Arterial Other,MELBOURNE,-37.798195,144.95775,3052.0,True,Preston HS,7634.1
T20210005299,2021-09-03,06:45:00,3,Struck animal,2,Tuesday,167,STRUCK ANIMAL,5,814522,1,0,0,1,0,1,2,5,Not at intersection,3,80,,MOYNE,-38.35618,142.53322,3280.0,True,Preston HS,227135.0
T20240014847,2024-09-06,11:00:00,6,Vehicle overturned (no collision),1,Sunday,184,OUT OF CONTROL ON CARRIAGEWAY (ON BEND),1,805052,1,0,1,0,0,1,2,5,Not at intersection,2,100,Local Road,PYRENEES,-37.059273,143.24747,3478.0,True,William Ruthven SC,170534.2
T20210022745,2021-10-11,16:15:00,2,Struck Pedestrian,4,Wednesday,100,PED NEAR SIDE. PED HIT BY VEHICLE FROM THE RIGHT.,1,697016,1,0,0,1,1,2,1,5,Not at intersection,3,60,Arterial Other,KINGSTON,-38.068497,145.14363,3197.0,True,Preston HS,38261.6
T20220015499,2022-11-07,08:40:00,1,Collision with vehicle,1,Monday,133,LANE SIDE SWIPE (VEHICLES IN PARALLEL LANES),1,718775,2,0,0,1,1,2,1,5,Not at intersection,3,50,Local Road,MORELAND,-37.70855,144.92368,3046.0,True,William Ruthven SC,7104.1
T20230005465,2023-03-03,13:40:00,1,Collision with vehicle,5,Friday,163,VEHICLE STRIKES DOOR OF PARKED/STATIONARY VEHICLE,1,780348,2,0,0,1,1,2,2,5,Not at intersection,3,50,Local Road,PORT PHILLIP,-37.86491,144.98793,3182.0,True,Preston HS,13803.5
T20240010957,2024-01-04,18:43:00,1,Collision with vehicle,2,Monday,130,REAR END(VEHICLES IN SAME LANE),2,802525,2,0,0,1,1,2,2,5,Not at intersection,3,100,Local Road,MILDURA,-34.181553,142.03223,3505.0,True,William Ruthven SC,473529.1
T20230015572,2023-05-07,15:07:00,2,Struck Pedestrian,4,Wednesday,102,FAR SIDE. PED HIT BY VEHICLE FROM THE LEFT,1,37590,1,0,1,0,1,2,1,1,Cross intersection,2,60,Arterial Other,MELBOURNE,-37.83908,144.97658,3004.0,True,Preston HS,11155.3
T20210015525,2021-10-07,17:00:00,2,Struck Pedestrian,7,Saturday,106,VEH STRIKES PED ON FOOTPATH/MEDIAN/TRAFFIC ISLAND.,1,38766,1,0,1,0,2,3,1,1,Cross intersection,2,50,Local Road,MARIBYRNONG,-37.80074,144.89801,3011.0,True,Preston HS,11620.6
T20250014603,2025-02-05,06:30:00,1,Collision with vehicle,6,Friday,114,TWO RIGHT TURNING (INTERSECTIONS ONLY),3,240903,2,0,0,1,1,2,2,2,T intersection,3,50,Local Road,BANYULE,-37.7301,145.05469,3081.0,True,Reservoir HS,2383.3
T20240011395,2024-04-05,19:24:00,2,Struck Pedestrian,7,Saturday,102,FAR SIDE. PED HIT BY VEHICLE FROM THE LEFT,5,804907,1,0,1,0,1,2,2,2,T intersection,2,999,Local Road,CASEY,-38.061924,145.2469,3975.0,True,Preston HS,41358.9
T20230018297,2023-06-08,02:09:00,2,Struck Pedestrian,1,Sunday,103,PED PLAYING/LYING/WORKING/STANDING ON CARRIAGEWAY.,3,46289,1,0,1,1,1,3,1,2,T intersection,2,50,Local Road,HUME,-37.65387,144.93475,3048.0,True,William Ruthven SC,7653.8
T20210007865,2021-08-04,15:00:00,2,Struck Pedestrian,4,Thursday,102,FAR SIDE. PED HIT BY VEHICLE FROM THE LEFT,1,52861,1,0,0,1,1,2,1,1,Cross intersection,3,50,Arterial Other,BALLARAT,-37.559807,143.85815,3350.0,True,William Ruthven SC,101959.9
T20220027671,2022-06-12,07:30:00,6,Vehicle overturned (no collision),2,Tuesday,174,OUT OF CONTROL ON CARRIAGEWAY (ON STRAIGHT),1,779510,1,0,1,0,0,1,2,5,Not at intersection,2,80,Arterial Other,CASEY,-38.07483,145.29749,3977.0,True,Preston HS,44957.6
T20230018703,2023-11-08,08:50:00,1,Collision with vehicle,6,Friday,121,RIGHT THROUGH,1,29397,2,0,0,1,1,2,1,1,Cross intersection,3,40,Arterial Other,MELBOURNE,-37.807293,144.96884,3053.0,True,Preston HS,8031.5
T20220012765,2022-06-06,07:30:00,1,Collision with vehicle,2,Monday,142,LEAVING PARKING,1,714318,2,0,1,0,1,2,1,5,Not at intersection,2,60,Arterial Other,YARRA,-37.825474,145.00723,3121.0,True,Preston HS,9315.3
T20220022759,2022-09-10,20:29:00,3,Struck animal,0,Sunday,167,STRUCK ANIMAL,5,748818,1,0,1,0,0,1,2,5,Not at intersection,2,100,Arterial Other,GLENELG,-38.221176,141.43805,3305.0,True,Preston HS,317298.9
T20240006249,2024-03-03,10:00:00,8,No collision and no object struck,1,Sunday,174,OUT OF CONTROL ON CARRIAGEWAY (ON STRAIGHT),1,799668,1,0,0,1,0,1,2,5,Not at intersection,3,999,Local Road,YARRA RANGES,-37.7881,145.65129,3799.0,True,Reservoir HS,55158.9
T20210015118,2021-09-07,15:10:00,1,Collision with vehicle,6,Friday,121,RIGHT THROUGH,1,603055,2,0,1,0,1,2,1,5,Not at intersection,2,60,Arterial Other,MELBOURNE,-37.826015,144.9555,3006.0,True,Preston HS,10414.5
T20240002791,2024-03-02,14:30:00,8,No collision and no object struck,7,Saturday,174,OUT OF CONTROL ON CARRIAGEWAY (ON STRAIGHT),1,797465,1,0,0,1,0,1,2,2,T intersection,3,50,Local Road,BALLARAT,-37.543728,143.7833,3350.0,True,William Ruthven SC,108758.6
T20230010752,2023-08-05,13:00:00,2,Struck Pedestrian,1,Monday,101,PED EMERGES FROM IN FRONT OF PARKED OR STATIONARY VEHICLE,1,773734,2,0,0,1,1,2,1,5,Not at intersection,3,999,Arterial Other,MOONEE VALLEY,-37.744816,144.91,3040.0,True,Preston HS,8544.9
T20240025029,2024-04-10,13:55:00,2,Struck Pedestrian,6,Friday,100,PED NEAR SIDE. PED HIT BY VEHICLE FROM THE RIGHT.,1,811590,1,0,0,1,1,2,1,5,Not at intersection,3,60,Arterial Highway,SOUTH GIPPSLAND,-38.472607,145.94351,3953.0,True,Preston HS,115402.2
T20220002834,2022-09-02,15:17:00,2,Struck Pedestrian,3,Wednesday,102,FAR SIDE. PED HIT BY VEHICLE FROM THE LEFT,1,813706,1,0,0,1,1,2,2,5,Not at intersection,3,40,Local Road,WODONGA,-36.122948,146.88815,3690.0,True,William Ruthven SC,242287.9
T20250005990,2025-05-03,13:13:00,4,Collision with a fixed object,4,Wednesday,181,OFF RIGHT BEND INTO OBJECT/PARKED VEHICLE,1,816973,1,0,1,0,0,1,1,5,Not at intersection,2,60,Arterial Other,MORNINGTON PENINSULA,-38.348137,144.94977,3936.0,True,Preston HS,67619.3
T20240016055,2024-07-06,12:19:00,1,Collision with vehicle,6,Friday,135,LANE CHANGE LEFT (NOT OVERTAKING),1,300870,2,0,0,1,1,2,1,5,Not at intersection,3,40,Arterial Other,MORELAND,-37.77589,144.96065,3056.0,True,Preston HS,5579.2
T20210025041,2021-07-12,19:24:00,1,Collision with vehicle,2,Tuesday,110,CROSS TRAFFIC(INTERSECTIONS ONLY),1,698958,2,0,1,0,2,3,1,1,Cross intersection,2,60,Local Road,WYNDHAM,-37.87941,144.70128,3029.0,True,Preston HS,30923.3
T20230000267,2023-05-01,12:15:00,2,Struck Pedestrian,5,Thursday,101,PED EMERGES FROM IN FRONT OF PARKED OR STATIONARY VEHICLE,1,750936,1,0,0,1,1,2,1,5,Not at intersection,3,50,Local Road,WYNDHAM,-37.90279,144.77202,3030.0,True,Preston HS,27335.0
T20240012043,2024-12-05,09:30:00,8,No collision and no object struck,1,Sunday,174,OUT OF CONTROL ON CARRIAGEWAY (ON STRAIGHT),1,803642,1,0,0,1,0,1,1,2,T intersection,3,50,Local Road,EAST GIPPSLAND,-37.565468,149.75534,3892.0,True,Reservoir HS,416424.1