ACCIDENT_NO,ACCIDENT_DATE,ACCIDENT_TIME,ACCIDENT_TYPE,ACCIDENT_TYPE_DESC,DAY_OF_WEEK,DAY_WEEK_DESC,DCA_CODE,DCA_DESC,LIGHT_CONDITION,NODE_ID,NO_OF_VEHICLES,NO_PERSONS_KILLED,NO_PERSONS_INJ_2,NO_PERSONS_INJ_3,NO_PERSONS_NOT_INJ,NO_PERSONS,POLICE_ATTEND,ROAD_GEOMETRY,ROAD_GEOMETRY_DESC,SEVERITY,SPEED_ZONE,RMA,LGA_NAME,LATITUDE,LONGITUDE,POSTCODE_CRASH,PED_OR_CYC,nearest_school,dist_to_gate_m
T20240006120,2024-11-03,07:01:00,2,Struck Pedestrian,2,Monday,100,PED NEAR SIDE. PED HIT BY VEHICLE FROM THE RIGHT.,2,207,1,0,1,1,0,2,1,1,Cross intersection,2,40,Arterial Other,MELBOURNE,-37.81939,144.9571,3000.0,True,Preston HS,9692.1
T20220027501,2022-04-12,10:56:00,1,Collision with vehicle,1,Sunday,130,REAR END(VEHICLES IN SAME LANE),1,739457,3,0,1,1,2,4,1,5,Not at intersection,2,80,Freeway,MARIBYRNONG,-37.824184,144.86711,3013.0,True,Preston HS,15345.2
T20220012791,2022-06-06,10:50:00,2,Struck Pedestrian,2,Monday,100,PED NEAR SIDE. PED HIT BY VEHICLE FROM THE RIGHT.,1,351536,1,1,0,0,2,3,1,1,Cross intersection,1,80,Arterial Highway,DANDENONG,-37.96166,145.18839,3174.0,True,Preston HS,29181.7
T20220022494,2022-06-10,10:40:00,1,Collision with vehicle,5,Thursday,111,RIGHT FAR (INTERSECTIONS ONLY),1,234055,2,0,0,1,1,2,1,2,T intersection,3,40,Arterial Other,YARRA,-37.8168,144.9995,3121.0,True,Preston HS,8377.4
T20240011215,2024-03-05,18:00:00,1,Collision with vehicle,6,Friday,110,CROSS TRAFFIC(INTERSECTIONS ONLY),3,311074,2,0,0,1,1,2,1,1,Cross intersection,3,50,Local Road,DAREBIN,-37.758213,144.99654,3071.0,True,Preston HS,2057.5
T20230026258,2023-08-11,15:08:00,2,Struck Pedestrian,4,Wednesday,100,PED NEAR SIDE. PED HIT BY VEHICLE FROM THE RIGHT.,1,797812,1,0,0,1,1,2,1,5,Not at intersection,3,60,Local Road,MELBOURNE,-37.818794,144.9474,3008.0,True,Preston HS,10050.6
T20240028480,2024-03-11,14:28:00,8,No collision and no object struck,0,Sunday,174,OUT OF CONTROL ON CARRIAGEWAY (ON STRAIGHT),1,825071,1,0,1,0,0,1,1,5,Not at intersection,2,100,Arterial Other,YARRA RANGES,-37.54273,145.84654,3779.0,True,Reservoir HS,74679.0
T20210010359,2021-08-05,13:56:00,1,Collision with vehicle,7,Saturday,110,CROSS TRAFFIC(INTERSECTIONS ONLY),1,47296,2,0,0,1,1,2,1,1,Cross intersection,3,60,Local Road,HUME,-37.63679,144.93259,3064.0,True,William Ruthven SC,9085.1
T20220027878,2022-08-12,15:20:00,2,Struck Pedestrian,5,Thursday,100,PED NEAR SIDE. PED HIT BY VEHICLE FROM THE RIGHT.,1,42102,1,0,1,0,1,2,1,2,T intersection,2,40,Arterial Other,BAYSIDE,-37.939064,145.02356,3188.0,True,Preston HS,21993.4
T20240012915,2024-11-05,13:00:00,8,No collision and no object struck,7,Saturday,184,OUT OF CONTROL ON CARRIAGEWAY (ON BEND),1,804612,1,0,0,1,0,1,2,5,Not at intersection,3,100,Local Road,MANSFIELD,-37.139385,145.97995,3713.0,True,Reservoir HS,106052.2
T20220007297,2022-01-04,08:07:00,1,Collision with vehicle,5,Friday,121,RIGHT THROUGH,1,785118,2,0,1,0,1,2,1,1,Cross intersection,2,60,Arterial Other,MORELAND,-37.752132,144.93596,3055.0,True,Preston HS,6361.6
T20230002934,2023-06-02,09:35:00,1,Collision with vehicle,2,Monday,137,LEFT TURN SIDESWIPE,1,29534,2,0,1,0,1,2,1,1,Cross intersection,2,60,Arterial Other,BOROONDARA,-37.818783,145.02692,3122.0,True,Preston HS,8746.4
T20250006624,2025-07-03,19:15:00,2,Struck Pedestrian,6,Friday,107,PED ON FOOTHPATH STRUCK BY VEHENTERING/LEAVING DRIVEWAY.,1,816475,1,0,0,1,1,2,1,5,Not at intersection,3,888,Local Road,ARARAT,-37.291798,142.93634,3377.0,True,William Ruthven SC,187795.4
T20220006338,2022-12-03,17:45:00,6,Vehicle overturned (no collision),7,Saturday,184,OUT OF CONTROL ON CARRIAGEWAY (ON BEND),1,712424,1,0,0,1,0,1,2,5,Not at intersection,3,100,Local Road,EAST GIPPSLAND,-37.531906,148.24864,3885.0,True,Reservoir HS,284282.9
T20240017443,2024-10-07,13:47:00,1,Collision with vehicle,4,Wednesday,148,VEHICLE OFF FOOTPATH STRIKES VEH ON CARRIAGEWAY,1,282954,2,0,1,0,1,2,1,2,T intersection,2,80,Arterial Highway,DANDENONG,-38.005856,145.2279,3175.0,True,Preston HS,35190.3
T20250000798,2025-10-01,14:50:00,2,Struck Pedestrian,5,Friday,102,FAR SIDE. PED HIT BY VEHICLE FROM THE LEFT,1,65245,1,0,0,1,1,2,1,2,T intersection,3,40,Local Road,YARRA,-37.79983,144.98412,3066.0,True,Preston HS,6772.0
T20250001628,2025-03-01,11:00:00,1,Collision with vehicle,6,Friday,132,RIGHT REAR.,9,814019,2,0,0,1,1,2,2,5,Not at intersection,3,80,Arterial Highway,GEELONG,-38.22804,144.54588,3222.0,True,Preston HS,67515.7
T20240020404,2024-11-08,16:10:00,4,Collision with a fixed object,1,Sunday,183,OFF LEFT BEND INTO OBJECT/PARKED VEHICLE,1,811388,1,0,1,0,0,1,1,5,Not at intersection,2,999,Local Road,BAW BAW,-37.85308,146.04196,3833.0,True,Reservoir HS,90157.7
T20250009786,2025-10-04,15:00:00,1,Collision with vehicle,4,Thursday,121,RIGHT THROUGH,1,207,2,0,0,2,1,3,1,1,Cross intersection,3,40,Arterial Other,MELBOURNE,-37.81939,144.9571,3000.0,True,Preston HS,9692.1
T20220000307,2022-06-01,04:00:00,1,Collision with vehicle,5,Thursday,110,CROSS TRAFFIC(INTERSECTIONS ONLY),3,335706,2,1,0,0,1,2,1,1,Cross intersection,1,80,Arterial Other,CASEY,-38.02847,145.26877,3976.0,True,Preston HS,39295.7
T20230010372,2023-03-05,14:00:00,2,Struck Pedestrian,3,Wednesday,102,FAR SIDE. PED HIT BY VEHICLE FROM THE LEFT,1,42258,1,0,0,1,1,2,1,2,T intersection,3,50,Local Road,GLEN EIRA,-37.923603,145.0643,3165.0,True,Preston HS,20841.2
T20240000044,2024-01-01,02:29:00,7,Fall from or in moving vehicle,2,Monday,190,FELL IN/FROM VEHICLE,3,795843,1,0,0,1,2,3,2,5,Not at intersection,3,999,Local Road,MAROONDAH,-37.80782,145.22343,3134.0,True,Reservoir HS,19522.2
T20210004995,2021-07-03,09:15:00,1,Collision with vehicle,1,Sunday,131,LEFT REAR,1,686077,2,0,1,0,1,2,1,2,T intersection,2,50,Local Road,MORELAND,-37.71791,144.97273,3060.0,True,William Ruthven SC,3568.3
T20230026478,2023-11-11,12:05:00,4,Collision with a fixed object,6,Saturday,173,RIGHT OFF CARRIAGEWAY INTO OBJECT/PARKED VEHICLE,1,787499,1,0,1,0,0,1,1,5,Not at intersection,2,100,Local Road,BAW BAW,-37.952072,146.41058,3825.0,True,Reservoir HS,123949.1
T20250020441,2025-02-08,16:00:00,1,Collision with vehicle,7,Saturday,121,RIGHT THROUGH,1,41106,2,0,2,0,1,3,1,1,Cross intersection,2,60,Arterial Other,BAYSIDE,-37.903812,144.98842,3186.0,True,Preston HS,18100.5
T20230010626,2023-05-05,15:30:00,1,Collision with vehicle,6,Friday,137,LEFT TURN SIDESWIPE,1,29431,2,0,0,1,1,2,2,2,T intersection,3,60,Arterial Other,MELBOURNE,-37.815514,144.97736,3002.0,True,Preston HS,8613.9
T20230026476,2023-11-11,16:26:00,1,Collision with vehicle,7,Saturday,137,LEFT TURN SIDESWIPE,1,7567,2,0,0,1,1,2,1,1,Cross intersection,3,60,Arterial Highway,MELBOURNE,-37.845688,144.98503,3181.0,True,Preston HS,11724.4
T20230025750,2023-03-11,21:00:00,2,Struck Pedestrian,6,Friday,100,PED NEAR SIDE. PED HIT BY VEHICLE FROM THE RIGHT.,3,785388,1,0,1,0,1,2,1,5,Not at intersection,2,60,Local Road,WYNDHAM,-37.845013,144.70735,3029.0,True,Preston HS,28735.0
T20250008944,2025-02-04,20:30:00,2,Struck Pedestrian,4,Wednesday,100,PED NEAR SIDE. PED HIT BY VEHICLE FROM THE RIGHT.,4,673299,1,0,1,0,1,2,1,1,Cross intersection,2,50,Local Road,HUME,-37.598625,144.89328,3064.0,True,William Ruthven SC,14554.7
T20230020885,2023-06-09,17:10:00,4,Collision with a fixed object,4,Wednesday,171,LEFT OFF CARRIAGEWAY INTO OBJECT/PARKED VEHICLE,2,794814,1,0,1,0,1,2,1,5,Not at intersection,2,60,Local Road,WHITEHORSE,-37.84586,145.13359,3130.0,True,Preston HS,16052.3
T20220014134,2022-08-06,14:00:00,7,Fall from or in moving vehicle,3,Wednesday,190,FELL IN/FROM VEHICLE,1,785561,1,0,1,0,0,1,2,1,Cross intersection,2,60,Local Road,MANNINGHAM,-37.754513,145.12825,3106.0,True,Reservoir HS,9397.2
T20220015362,2022-01-07,16:03:00,1,Collision with vehicle,5,Friday,160,VEHICLE COLLIDES WITH VEHICLE PARKED ON LEFT OF ROAD,1,718616,2,0,0,1,0,1,1,5,Not at intersection,3,50,,WHITEHORSE,-37.850338,145.19676,3133.0,True,Reservoir HS,20461.7
T20220025561,2022-10-11,09:30:00,1,Collision with vehicle,4,Thursday,121,RIGHT THROUGH,1,780253,2,0,0,1,1,2,2,2,T intersection,3,60,Local Road,BOROONDARA,-37.83375,145.041,3122.0,True,Preston HS,10660.2
T20250012370,2025-08-05,18:00:00,2,Struck Pedestrian,4,Thursday,100,PED NEAR SIDE. PED HIT BY VEHICLE FROM THE RIGHT.,2,42835,1,0,0,1,2,3,2,1,Cross intersection,3,50,Local Road,KINGSTON,-38.00461,145.08827,3195.0,True,Preston HS,30089.9
T20240014654,2024-08-06,10:15:00,2,Struck Pedestrian,6,Saturday,100,PED NEAR SIDE. PED HIT BY VEHICLE FROM THE RIGHT.,1,804883,1,0,1,0,1,2,2,5,Not at intersection,2,40,Local Road,GEELONG,-38.279434,144.49207,3227.0,True,Preston HS,74907.8
T20230015818,2023-07-07,15:45:00,1,Collision with vehicle,6,Friday,110,CROSS TRAFFIC(INTERSECTIONS ONLY),1,63428,2,0,1,0,1,2,2,1,Cross intersection,2,50,Local Road,MORELAND,-37.752876,144.97098,3058.0,True,Preston HS,3410.3
T20230016160,2023-12-07,15:15:00,1,Collision with vehicle,4,Wednesday,136,RIGHT TURN SIDESWIPE,1,72763,2,0,1,0,1,2,1,1,Cross intersection,2,80,Local Road,LATROBE,-38.198406,146.49553,3844.0,True,Reservoir HS,139004.9
T20210015717,2021-10-07,11:40:00,1,Collision with vehicle,6,Saturday,130,REAR END(VEHICLES IN SAME LANE),1,691025,2,0,0,1,1,2,2,5,Not at intersection,3,60,Arterial Other,WYNDHAM,-37.84394,144.78209,3026.0,True,Preston HS,22807.0
T20220000205,2022-04-01,15:05:00,2,Struck Pedestrian,3,Tuesday,100,PED NEAR SIDE. PED HIT BY VEHICLE FROM THE RIGHT.,1,731292,1,0,0,1,1,2,1,5,Not at intersection,3,50,Arterial Highway,MURRINDINDI,-37.211067,145.42545,3717.0,True,William Ruthven SC,65610.0
T20240030073,2024-10-11,17:15:00,4,Collision with a fixed object,1,Sunday,141,U TURN INTO FIXED OBJECT/PARKED VEHICLE,1,811455,1,0,0,1,0,1,2,5,Not at intersection,3,999,Arterial Other,HOBSONS BAY,-37.85253,144.85338,3016.0,True,Preston HS,18283.9
T20210022370,2021-05-11,21:10:00,1,Collision with vehicle,5,Friday,121,RIGHT THROUGH,3,43626,2,0,1,0,4,5,1,1,Cross intersection,2,50,Arterial Other,CASEY,-38.029064,145.30089,3805.0,True,Preston HS,41058.2
T20210012866,2021-11-06,06:45:00,2,Struck Pedestrian,6,Friday,100,PED NEAR SIDE. PED HIT BY VEHICLE FROM THE RIGHT.,3,39316,1,0,0,1,1,2,1,1,Cross intersection,3,60,Arterial Highway,WHITEHORSE,-37.818295,145.12378,3128.0,True,Preston HS,13330.1
T20240000546,2024-08-01,14:23:00,6,Vehicle overturned (no collision),2,Monday,174,OUT OF CONTROL ON CARRIAGEWAY (ON STRAIGHT),1,795963,1,0,0,1,0,1,2,1,Cross intersection,3,80,,WODONGA,-36.109596,146.89934,3690.0,True,William Ruthven SC,244058.4
T20220022294,2022-03-10,20:40:00,2,Struck Pedestrian,1,Monday,101,PED EMERGES FROM IN FRONT OF PARKED OR STATIONARY VEHICLE,3,727398,1,0,1,0,1,2,1,5,Not at intersection,2,60,Arterial Other,MELBOURNE,-37.796597,144.97511,3065.0,True,Preston HS,6720.8
T20230023126,2023-02-09,18:10:00,3,Struck animal,6,Saturday,167,STRUCK ANIMAL,3,789880,1,0,0,1,0,1,2,5,Not at intersection,3,80,Local Road,MORNINGTON PENINSULA,-38.438835,144.92091,3939.0,True,Preston HS,77884.0
T20240010997,2024-01-05,15:11:00,1,Collision with vehicle,4,Wednesday,121,RIGHT THROUGH,1,390,2,0,1,0,1,2,1,1,Cross intersection,2,60,Arterial Other,STONNINGTON,-37.84059,145.0047,3142.0,True,Preston HS,10998.1
T20220012415,2022-01-06,19:08:00,2,Struck Pedestrian,4,Wednesday,102,FAR SIDE. PED HIT BY VEHICLE FROM THE LEFT,3,718466,1,0,1,0,3,4,1,5,Not at intersection,2,50,Local Road,WANGARATTA,-36.35794,146.3188,3677.0,True,William Ruthven SC,189201.2
T20210012586,2021-06-06,15:30:00,1,Collision with vehicle,1,Sunday,121,RIGHT THROUGH,1,50095,2,0,0,1,1,2,1,2,T intersection,3,60,Arterial Other,GEELONG,-38.16908,144.32819,3216.0,True,Preston HS,76167.3
T20250009446,2025-08-04,11:40:00,1,Collision with vehicle,3,Tuesday,120,HEAD ON (NOT OVERTAKING),1,818958,2,0,1,0,2,3,1,5,Not at intersection,2,80,Local Road,LATROBE,-38.376625,146.32971,3869.0,True,Reservoir HS,135112.9
T20220009788,2022-01-05,11:30:00,7,Fall from or in moving vehicle,1,Sunday,184,OUT OF CONTROL ON CARRIAGEWAY (ON BEND),1,774544,1,0,0,1,0,1,2,5,Not at intersection,3,100,,MURRINDINDI,-37.37052,145.97359,3713.0,True,Reservoir HS,91978.2
T20250021391,2025-12-08,19:25:00,2,Struck Pedestrian,2,Tuesday,106,VEH STRIKES PED ON FOOTPATH/MEDIAN/TRAFFIC ISLAND.,3,38796,1,0,0,1,1,2,1,1,Cross intersection,3,50,Arterial Other,MARIBYRNONG,-37.804317,144.90144,3011.0,True,Preston HS,11607.1
T20250018392,2025-10-07,15:28:00,1,Collision with vehicle,4,Thursday,133,LANE SIDE SWIPE (VEHICLES IN PARALLEL LANES),1,821140,2,0,0,1,1,2,1,5,Not at intersection,3,60,Arterial Highway,MERRI-BEK,-37.739304,144.94664,3044.0,True,Preston HS,5323.0
T20220027788,2022-07-12,16:30:00,2,Struck Pedestrian,3,Wednesday,101,PED EMERGES FROM IN FRONT OF PARKED OR STATIONARY VEHICLE,1,763484,1,0,0,1,1,2,1,5,Not at intersection,3,50,Arterial Other,YARRA,-37.781487,144.98541,3068.0,True,Preston HS,4817.5
T20230029067,2023-08-12,18:20:00,1,Collision with vehicle,6,Friday,121,RIGHT THROUGH,1,3349,2,0,1,0,1,2,1,1,Cross intersection,2,80,Arterial Highway,DANDENONG,-38.071796,145.19522,3975.0,True,Preston HS,40244.9
T20230028995,2023-08-12,07:20:00,1,Collision with vehicle,6,Friday,121,RIGHT THROUGH,1,29364,2,0,1,0,1,2,1,2,T intersection,2,40,Arterial Highway,MOONEE VALLEY,-37.788567,144.93436,3031.0,True,Preston HS,8248.8
T20250005667,2025-01-03,12:05:00,1,Collision with vehicle,6,Saturday,121,RIGHT THROUGH,1,61468,2,0,0,1,1,2,2,2,T intersection,3,999,Arterial Other,NILLUMBIK,-37.67248,145.15088,3089.0,True,Reservoir HS,12043.6
T20230025018,2023-09-10,17:00:00,6,Vehicle overturned (no collision),2,Monday,174,OUT OF CONTROL ON CARRIAGEWAY (ON STRAIGHT),1,784041,1,0,0,1,0,1,2,5,Not at intersection,3,999,Arterial Other,CASEY,-38.036407,145.3558,3806.0,True,Preston HS,44835.6
T20210012754,2021-06-06,21:00:00,1,Collision with vehicle,1,Sunday,130,REAR END(VEHICLES IN SAME LANE),3,689342,2,0,0,1,3,4,1,5,Not at intersection,3,70,Arterial Highway,YARRA,-37.80064,144.99286,3067.0,True,Preston HS,6672.3
T20210017687,2021-08-08,12:00:00,1,Collision with vehicle,1,Sunday,113,RIGHT NEAR (INTERSECTIONS ONLY),1,698216,2,0,0,1,1,2,2,2,T intersection,3,999,Arterial Other,BAW BAW,-38.172836,145.93175,3820.0,True,Reservoir HS,93642.5
T20220000670,2022-12-01,13:07:00,1,Collision with vehicle,3,Wednesday,130,REAR END(VEHICLES IN SAME LANE),1,701900,3,0,0,1,2,3,2,5,Not at intersection,3,60,Arterial Highway,PORT PHILLIP,-37.859726,144.98387,3182.0,True,Preston HS,13281.6
T20250005676,2025-02-03,14:15:00,1,Collision with vehicle,1,Sunday,130,REAR END(VEHICLES IN SAME LANE),1,815849,2,0,1,0,1,2,2,5,Not at intersection,2,60,Arterial Highway,YARRA,-37.79388,144.98328,3065.0,True,Preston HS,6168.4
T20220020075,2022-05-09,15:11:00,2,Struck Pedestrian,1,Monday,103,PED PLAYING/LYING/WORKING/STANDING ON CARRIAGEWAY.,9,721029,1,0,0,1,1,2,1,5,Not at intersection,3,40,Arterial Other,WYNDHAM,-37.856777,144.59123,3024.0,True,Preston HS,38715.0
T20230007300,2022-07-11,16:20:00,6,Vehicle overturned (no collision),1,Monday,174,OUT OF CONTROL ON CARRIAGEWAY (ON STRAIGHT),1,765780,1,0,0,1,0,1,2,5,Not at intersection,3,80,Arterial Other,YARRA RANGES,-37.953842,145.34727,3804.0,True,Reservoir HS,37966.9
T20230018434,2023-07-08,22:21:00,2,Struck Pedestrian,2,Monday,101,PED EMERGES FROM IN FRONT OF PARKED OR STATIONARY VEHICLE,3,778472,1,0,1,0,1,2,1,5,Not at intersection,2,50,Local Road,CASEY,-38.05341,145.25146,3975.0,True,Preston HS,40756.4
T20250006903,2025-05-03,15:16:00,1,Collision with vehicle,3,Wednesday,130,REAR END(VEHICLES IN SAME LANE),1,825206,2,0,1,0,2,3,1,5,Not at intersection,2,999,Arterial Other,PORT PHILLIP,-37.847298,144.94759,3206.0,True,Preston HS,12853.6
T20230008201,2023-05-04,08:50:00,1,Collision with vehicle,3,Wednesday,130,REAR END(VEHICLES IN SAME LANE),1,766677,2,0,0,1,1,2,2,5,Not at intersection,3,60,Arterial Other,MELBOURNE,-37.805977,144.95587,3003.0,True,Preston HS,8447.4
T20210004059,2021-11-01,12:50:00,1,Collision with vehicle,1,Monday,147,VEHICLE STRIKES ANOTHER VEH WHILE EMERGING FROM DRIVEWAY,1,676457,2,0,0,1,2,3,1,5,Not at intersection,3,50,Local Road,BANYULE,-37.756695,145.06451,3084.0,True,Reservoir HS,4906.5
T20240008819,2024-08-04,15:20:00,2,Struck Pedestrian,1,Monday,102,FAR SIDE. PED HIT BY VEHICLE FROM THE LEFT,1,359450,1,0,0,2,0,2,1,1,Cross intersection,3,50,Freeway,WHITTLESEA,-37.687622,145.00256,3074.0,True,William Ruthven SC,992.4
T20250010570,2025-11-04,17:57:00,8,No collision and no object struck,5,Friday,174,OUT OF CONTROL ON CARRIAGEWAY (ON STRAIGHT),2,330822,1,0,0,1,0,1,1,1,Cross intersection,3,60,Arterial Highway,EAST GIPPSLAND,-37.830715,147.61095,3875.0,True,Reservoir HS,227202.3
T20220007902,2022-08-04,17:18:00,8,No collision and no object struck,6,Friday,174,OUT OF CONTROL ON CARRIAGEWAY (ON STRAIGHT),1,42282,2,0,0,1,1,2,1,2,T intersection,3,60,Local Road,KINGSTON,-37.942963,145.06825,3189.0,True,Preston HS,23014.6
T20220022761,2022-09-10,23:40:00,1,Collision with vehicle,1,Sunday,121,RIGHT THROUGH,3,29420,2,0,0,1,1,2,1,1,Cross intersection,3,40,Local Road,MELBOURNE,-37.819614,144.96002,3000.0,True,Preston HS,9601.0
T20220000161,2022-03-01,16:29:00,5,collision with some other object,2,Monday,151,OUT OF CONTROL (OVERTAKING),1,700960,1,0,1,0,0,1,1,5,Not at intersection,2,60,Arterial Other,MACEDON RANGES,-37.348183,144.50594,3442.0,True,William Ruthven SC,58497.3
T20250017481,2025-01-07,13:35:00,4,Collision with a fixed object,3,Tuesday,149,OTHER MANOEUVRING NOT INCLUDED IN DCAs 140-148,1,819833,1,0,0,1,1,2,1,5,Not at intersection,3,50,Local Road,HUME,-37.574284,144.70561,3429.0,True,William Ruthven SC,29504.6
T20240021752,2024-09-08,19:00:00,8,No collision and no object struck,6,Friday,174,OUT OF CONTROL ON CARRIAGEWAY (ON STRAIGHT),6,808653,1,0,0,1,0,1,1,5,Not at intersection,3,50,Local Road,WHITTLESEA,-37.622204,145.08995,3752.0,True,William Ruthven SC,11265.9
T20220015199,2022-07-07,07:20:00,2,Struck Pedestrian,5,Thursday,102,FAR SIDE. PED HIT BY VEHICLE FROM THE LEFT,2,42111,1,0,1,0,1,2,2,5,Not at intersection,2,60,Arterial Other,BAYSIDE,-37.944477,145.02255,3188.0,True,Preston HS,22588.6
T20240011372,2024-04-05,09:30:00,5,collision with some other object,7,Saturday,166,STRUCK OBJECT ON CARRIAGEWAY,1,802843,1,0,1,0,0,1,2,5,Not at intersection,2,888,Local Road,INDIGO,-36.335556,146.79517,3747.0,True,William Ruthven SC,219584.1
T20250021210,2025-11-08,07:10:00,2,Struck Pedestrian,1,Monday,100,PED NEAR SIDE. PED HIT BY VEHICLE FROM THE RIGHT.,1,39959,1,0,0,1,1,2,2,1,Cross intersection,3,60,Arterial Other,HOBSONS BAY,-37.83207,144.85632,3025.0,True,Preston HS,16629.5
T20250020684,2025-05-08,13:26:00,1,Collision with vehicle,3,Tuesday,110,CROSS TRAFFIC(INTERSECTIONS ONLY),1,36815,2,0,1,0,1,2,1,1,Cross intersection,2,60,Arterial Other,MELBOURNE,-37.809277,144.94939,3003.0,True,Preston HS,9065.9
T20240011963,2024-11-05,10:00:00,1,Collision with vehicle,7,Saturday,135,LANE CHANGE LEFT (NOT OVERTAKING),1,169,2,0,0,1,1,2,2,1,Cross intersection,3,60,Arterial Highway,YARRA,-37.804993,144.99213,3067.0,True,Preston HS,7159.8
T20230025706,2023-03-11,09:45:00,4,Collision with a fixed object,6,Friday,183,OFF LEFT BEND INTO OBJECT/PARKED VEHICLE,1,805005,1,0,0,1,0,1,1,5,Not at intersection,3,100,Local Road,ALPINE,-36.461765,146.76086,3737.0,True,William Ruthven SC,207765.9
T20240031610,2024-08-09,09:30:00,8,No collision and no object struck,1,Sunday,174,OUT OF CONTROL ON CARRIAGEWAY (ON STRAIGHT),1,812252,1,0,0,1,0,1,2,5,Not at intersection,3,80,Local Road,EAST GIPPSLAND,-37.821445,147.973,3909.0,True,Reservoir HS,258950.1
T20220017802,2022-08-08,13:55:00,1,Collision with vehicle,2,Monday,147,VEHICLE STRIKES ANOTHER VEH WHILE EMERGING FROM DRIVEWAY,1,720939,2,0,0,1,1,2,1,5,Not at intersection,3,60,Local Road,YARRA RANGES,-37.88309,145.42744,3793.0,True,Reservoir HS,39271.2
T20240016673,2024-02-07,07:00:00,1,Collision with vehicle,3,Tuesday,160,VEHICLE COLLIDES WITH VEHICLE PARKED ON LEFT OF ROAD,2,805859,2,1,0,0,0,1,1,5,Not at intersection,1,50,Local Road,MOONEE VALLEY,-37.745285,144.9195,3040.0,True,Preston HS,7712.8
T20230003367,2023-11-02,11:30:00,1,Collision with vehicle,7,Saturday,130,REAR END(VEHICLES IN SAME LANE),1,756816,2,0,1,1,1,3,1,5,Not at intersection,2,60,Arterial Other,LATROBE,-38.17749,146.2591,3825.0,True,Reservoir HS,119106.0
T20220012494,2022-02-06,14:44:00,2,Struck Pedestrian,5,Thursday,100,PED NEAR SIDE. PED HIT BY VEHICLE FROM THE RIGHT.,1,66231,1,0,1,0,1,2,1,2,T intersection,2,60,Arterial Other,BOROONDARA,-37.821934,145.04515,3122.0,True,Preston HS,9527.7
T20240031866,2024-12-12,12:54:00,2,Struck Pedestrian,5,Thursday,102,FAR SIDE. PED HIT BY VEHICLE FROM THE LEFT,1,812570,1,0,0,1,1,2,1,5,Not at intersection,3,60,Local Road,HUME,-37.678936,144.9183,3047.0,True,William Ruthven SC,7705.1
T20220015378,2022-09-07,15:00:00,1,Collision with vehicle,7,Saturday,136,RIGHT TURN SIDESWIPE,1,45436,2,0,1,0,1,2,1,2,T intersection,2,50,Arterial Other,MOONEE VALLEY,-37.77397,144.92369,3032.0,True,Preston HS,8163.6
T20230008018,2023-05-04,09:50:00,2,Struck Pedestrian,4,Wednesday,100,PED NEAR SIDE. PED HIT BY VEHICLE FROM THE RIGHT.,1,57391,1,0,1,0,1,2,1,1,Cross intersection,2,60,Arterial Other,MORELAND,-37.73399,144.96535,3058.0,True,Preston HS,3770.1
T20230009057,2023-04-04,08:45:00,1,Collision with vehicle,3,Tuesday,163,VEHICLE STRIKES DOOR OF PARKED/STATIONARY VEHICLE,1,780445,2,0,0,1,1,2,2,5,Not at intersection,3,60,Local Road,MELBOURNE,-37.799698,144.91801,3003.0,True,Preston HS,10144.5
T20250006707,2025-12-03,10:30:00,8,No collision and no object struck,3,Wednesday,174,OUT OF CONTROL ON CARRIAGEWAY (ON STRAIGHT),1,816165,1,0,0,1,0,1,1,2,T intersection,3,40,Arterial Other,YARRA,-37.82715,144.99767,3121.0,True,Preston HS,9537.7
T20220003072,2022-12-02,06:12:00,1,Collision with vehicle,7,Saturday,121,RIGHT THROUGH,1,38531,2,0,1,0,1,2,1,1,Cross intersection,2,70,Arterial Other,WYNDHAM,-37.81877,144.8191,3026.0,True,Preston HS,18612.6
T20230005677,2023-03-03,10:15:00,2,Struck Pedestrian,5,Friday,102,FAR SIDE. PED HIT BY VEHICLE FROM THE LEFT,1,781552,1,0,0,1,1,2,2,5,Not at intersection,3,60,Arterial Other,MANNINGHAM,-37.77899,145.08237,3105.0,True,Preston HS,7808.7
T20210022857,2021-07-11,20:15:00,1,Collision with vehicle,1,Sunday,140,U TURN,3,35391,2,0,0,1,1,2,1,2,T intersection,3,60,Local Road,WYNDHAM,-37.887768,144.66234,3030.0,True,Preston HS,34365.4
T20240027370,2023-09-11,05:30:00,1,Collision with vehicle,5,Thursday,113,RIGHT NEAR (INTERSECTIONS ONLY),2,810225,2,0,1,0,1,2,2,2,T intersection,2,60,Local Road,MELTON,-37.726036,144.57274,3338.0,True,William Ruthven SC,37989.5
T20220000692,2021-12-12,16:30:00,1,Collision with vehicle,0,Sunday,137,LEFT TURN SIDESWIPE,9,45344,2,0,0,1,1,2,2,4,Multiple intersection,3,999,Arterial Other,MOONEE VALLEY,-37.755013,144.91779,3040.0,True,Preston HS,7990.7
T20210015055,2021-08-07,16:40:00,6,Vehicle overturned (no collision),4,Thursday,174,OUT OF CONTROL ON CARRIAGEWAY (ON STRAIGHT),1,776844,1,0,1,0,0,1,1,2,T intersection,2,50,Local Road,HUME,-37.525146,144.95729,3064.0,True,William Ruthven SC,19478.6