ACCIDENT_NO,ACCIDENT_DATE,ACCIDENT_TIME,ACCIDENT_TYPE,ACCIDENT_TYPE_DESC,DAY_OF_WEEK,DAY_WEEK_DESC,DCA_CODE,DCA_DESC,LIGHT_CONDITION,NODE_ID,NO_OF_VEHICLES,NO_PERSONS_KILLED,NO_PERSONS_INJ_2,NO_PERSONS_INJ_3,NO_PERSONS_NOT_INJ,NO_PERSONS,POLICE_ATTEND,ROAD_GEOMETRY,ROAD_GEOMETRY_DESC,SEVERITY,SPEED_ZONE,RMA,LGA_NAME,LATITUDE,LONGITUDE,POSTCODE_CRASH,PED_OR_CYC,nearest_school,dist_to_gate_m
T20250005532,2025-01-03,10:01:00,2,Struck Pedestrian,7,Saturday,101,PED EMERGES FROM IN FRONT OF PARKED OR STATIONARY VEHICLE,1,815763,1,0,1,0,1,2,1,5,Not at intersection,2,60,Arterial Other,BOROONDARA,-37.813328,145.02794,3101.0,True,Preston HS,8172.6
T20240009626,2024-01-04,10:00:00,4,Collision with a fixed object,2,Monday,171,LEFT OFF CARRIAGEWAY INTO OBJECT/PARKED VEHICLE,1,801772,1,0,0,1,0,1,2,5,Not at intersection,3,999,Local Road,ALPINE,-36.79075,147.14293,3698.0,True,Reservoir HS,213817.5
T20220005827,2022-12-03,11:30:00,4,Collision with a fixed object,6,Saturday,179,OTHER ACCIDENTS-OFF STRAIGHT NOT INCLUDED IN DCAs 170-175,1,813584,1,0,0,1,0,1,2,5,Not at intersection,3,100,,MITCHELL,-37.361675,145.0407,3758.0,True,William Ruthven SC,37383.5
T20250011704,2025-02-05,13:15:00,1,Collision with vehicle,5,Friday,121,RIGHT THROUGH,1,41535,2,0,1,1,0,2,1,2,T intersection,2,60,Arterial Highway,MONASH,-37.90356,145.0862,3166.0,True,Preston HS,19292.5
T20230028697,2023-04-12,10:10:00,1,Collision with vehicle,1,Monday,121,RIGHT THROUGH,1,40569,2,0,0,1,1,2,1,2,T intersection,3,60,Arterial Highway,WHITEHORSE,-37.853348,145.09511,3146.0,True,Preston HS,14626.1
T20230017468,2023-08-07,15:30:00,6,Vehicle overturned (no collision),7,Saturday,170,OFF CARRIAGEWAY TO LEFT,1,777957,1,0,0,1,0,1,2,5,Not at intersection,3,888,Local Road,WELLINGTON,-37.434303,147.03975,3862.0,True,Reservoir HS,180029.7
T20250014685,2025-01-06,14:25:00,6,Vehicle overturned (no collision),1,Sunday,180,OFF CARRIAGEWAY ON RIGHT BEND,1,818902,1,0,1,0,0,1,1,5,Not at intersection,2,100,Arterial Other,MANSFIELD,-36.941612,146.20425,3723.0,True,Reservoir HS,135377.0
T20230023318,2023-06-10,08:30:00,1,Collision with vehicle,6,Friday,121,RIGHT THROUGH,1,790809,2,0,1,0,1,2,1,5,Not at intersection,2,50,Local Road,GEELONG,-38.150467,144.3557,3220.0,True,Preston HS,72996.8
T20240014214,2024-03-06,20:45:00,2,Struck Pedestrian,2,Monday,100,PED NEAR SIDE. PED HIT BY VEHICLE FROM THE RIGHT.,3,38869,1,0,0,1,1,2,1,1,Cross intersection,3,60,Arterial Other,BOROONDARA,-37.813133,145.02351,3122.0,True,Preston HS,8072.9
T20230015421,2023-03-07,20:35:00,7,Fall from or in moving vehicle,2,Monday,190,FELL IN/FROM VEHICLE,3,776755,2,0,0,1,3,4,1,5,Not at intersection,3,60,Local Road,BAW BAW,-38.167,145.95267,3820.0,True,Reservoir HS,94860.4
T20220003082,2022-06-02,12:30:00,8,No collision and no object struck,1,Sunday,180,OFF CARRIAGEWAY ON RIGHT BEND,1,704550,1,0,0,1,0,1,2,5,Not at intersection,3,80,Arterial Other,CARDINIA,-37.908157,145.59106,3783.0,True,Reservoir HS,53487.0
T20210003224,2021-12-02,08:30:00,1,Collision with vehicle,6,Friday,121,RIGHT THROUGH,1,41226,2,0,0,1,0,1,2,2,T intersection,3,40,Arterial Other,GLEN EIRA,-37.87876,145.01303,3185.0,True,Preston HS,15249.3
T20250015610,2025-11-06,14:35:00,1,Collision with vehicle,4,Wednesday,110,CROSS TRAFFIC(INTERSECTIONS ONLY),1,820896,2,0,1,0,1,2,1,1,Cross intersection,2,80,Local Road,CASEY,-38.173344,145.25954,3977.0,True,Preston HS,52853.6
T20250006258,2025-07-03,17:20:00,2,Struck Pedestrian,5,Friday,100,PED NEAR SIDE. PED HIT BY VEHICLE FROM THE RIGHT.,1,821537,1,0,0,1,1,2,2,5,Not at intersection,3,50,Local Road,STONNINGTON,-37.840546,145.03075,3142.0,True,Preston HS,11185.9
T20240017932,2024-06-07,15:30:00,6,Vehicle overturned (no collision),7,Saturday,174,OUT OF CONTROL ON CARRIAGEWAY (ON STRAIGHT),1,806598,1,0,0,1,0,1,2,5,Not at intersection,3,80,Local Road,CAMPASPE,-36.140457,144.83336,3564.0,True,William Ruthven SC,173684.3
T20230021916,2023-11-09,15:20:00,6,Vehicle overturned (no collision),2,Monday,174,OUT OF CONTROL ON CARRIAGEWAY (ON STRAIGHT),1,790399,1,0,0,1,0,1,2,5,Not at intersection,3,888,Local Road,HUME,-37.573135,144.72934,3429.0,True,William Ruthven SC,27730.0
T20250015875,2025-12-06,09:00:00,1,Collision with vehicle,4,Thursday,110,CROSS TRAFFIC(INTERSECTIONS ONLY),1,36819,2,0,0,1,1,2,2,1,Cross intersection,3,60,Arterial Other,MELBOURNE,-37.811047,144.95044,3003.0,True,Preston HS,9179.2
T20220000137,2022-03-01,11:35:00,4,Collision with a fixed object,1,Monday,181,OFF RIGHT BEND INTO OBJECT/PARKED VEHICLE,1,781705,1,0,0,1,0,1,1,2,T intersection,3,80,,YARRA RANGES,-37.628727,145.5164,3777.0,True,Reservoir HS,44107.8
T20240022797,2024-02-09,18:20:00,1,Collision with vehicle,2,Monday,137,LEFT TURN SIDESWIPE,3,36214,2,0,0,1,1,2,1,1,Cross intersection,3,60,Arterial Other,MELBOURNE,-37.803783,144.95625,3051.0,True,Preston HS,8223.8
T20250017597,2025-02-07,16:18:00,8,No collision and no object struck,4,Wednesday,174,OUT OF CONTROL ON CARRIAGEWAY (ON STRAIGHT),1,820022,1,0,1,0,0,1,1,5,Not at intersection,2,60,Arterial Other,SHEPPARTON,-36.38171,145.35262,3629.0,True,William Ruthven SC,149459.2
T20230013038,2021-12-12,14:30:00,2,Struck Pedestrian,1,Sunday,109,ANY MANOEUVRE INVOLVING PED NOT INCLUDED IN DCAs 100-108.,1,779316,1,0,0,2,1,3,1,5,Not at intersection,3,40,Local Road,MORELAND,-37.723793,144.93353,3044.0,True,Preston HS,6769.3
T20220020140,2022-06-09,15:36:00,2,Struck Pedestrian,3,Tuesday,100,PED NEAR SIDE. PED HIT BY VEHICLE FROM THE RIGHT.,1,206,1,0,1,3,1,5,1,1,Cross intersection,2,40,Arterial Other,MELBOURNE,-37.818356,144.95663,3000.0,True,Preston HS,9608.8
T20220022172,2022-02-10,15:10:00,1,Collision with vehicle,0,Sunday,121,RIGHT THROUGH,1,64514,2,0,1,0,1,2,1,2,T intersection,2,60,Arterial Other,MOONEE VALLEY,-37.783146,144.90718,3032.0,True,Preston HS,9919.2
T20230018108,2023-03-08,16:40:00,1,Collision with vehicle,5,Thursday,116,LEFT NEAR (INTERSECTIONS ONLY),1,49746,2,0,1,0,1,2,1,2,T intersection,2,50,Arterial Other,GEELONG,-38.09857,144.35123,3214.0,True,Preston HS,69889.4
T20230012808,2023-01-06,13:54:00,1,Collision with vehicle,5,Thursday,130,REAR END(VEHICLES IN SAME LANE),1,775461,2,0,1,0,1,2,1,5,Not at intersection,2,80,Local Road,BENDIGO,-36.834515,144.30486,3551.0,True,William Ruthven SC,114036.3
T20220004859,2022-04-03,15:18:00,4,Collision with a fixed object,6,Friday,183,OFF LEFT BEND INTO OBJECT/PARKED VEHICLE,1,711425,1,0,1,0,0,1,1,5,Not at intersection,2,40,Freeway,MONASH,-37.934864,145.19243,3170.0,True,Preston HS,26948.3
T20240005304,2024-01-03,20:15:00,1,Collision with vehicle,5,Friday,132,RIGHT REAR.,3,37627,2,0,1,0,1,2,1,2,T intersection,2,60,Arterial Highway,STONNINGTON,-37.832493,144.9877,3141.0,True,Preston HS,10238.6
T20210005278,2021-10-03,10:52:00,1,Collision with vehicle,4,Wednesday,121,RIGHT THROUGH,1,65772,2,0,1,0,1,2,1,1,Cross intersection,2,40,Local Road,MELBOURNE,-37.81104,144.9589,3000.0,True,Preston HS,8797.4
T20210022732,2021-10-11,14:50:00,8,No collision and no object struck,4,Wednesday,174,OUT OF CONTROL ON CARRIAGEWAY (ON STRAIGHT),1,246852,1,0,1,0,0,1,1,5,Not at intersection,2,40,Arterial Other,STONNINGTON,-37.848244,145.00426,3181.0,True,Preston HS,11849.8
T20220028205,2022-02-12,12:15:00,1,Collision with vehicle,6,Friday,143,ENTERING PARKING,1,783371,2,0,0,1,1,2,2,5,Not at intersection,3,40,Arterial Other,MOONEE VALLEY,-37.74564,144.91109,3040.0,True,Preston HS,8453.3
T20210010286,2021-07-05,18:36:00,1,Collision with vehicle,6,Friday,134,LANE CHANGE RIGHT (NOT OVERTAKING),3,685203,2,0,0,1,1,2,2,5,Not at intersection,3,60,Arterial Other,MELBOURNE,-37.80546,144.94319,3003.0,True,Preston HS,9045.3
T20210005335,2021-08-03,15:30:00,6,Vehicle overturned (no collision),2,Monday,174,OUT OF CONTROL ON CARRIAGEWAY (ON STRAIGHT),1,44224,1,0,1,0,0,1,2,1,Cross intersection,2,60,Arterial Other,WHITTLESEA,-37.648518,145.02585,3076.0,True,William Ruthven SC,5706.3
T20230016088,2023-11-07,16:30:00,2,Struck Pedestrian,3,Tuesday,100,PED NEAR SIDE. PED HIT BY VEHICLE FROM THE RIGHT.,2,777114,1,0,0,1,1,2,1,2,T intersection,3,50,Local Road,MORELAND,-37.70447,144.91566,3046.0,True,William Ruthven SC,7733.7
T20220010251,2022-07-05,08:31:00,8,No collision and no object struck,7,Saturday,170,OFF CARRIAGEWAY TO LEFT,1,711722,1,0,0,2,0,2,1,5,Not at intersection,3,60,Arterial Other,DAREBIN,-37.726143,145.00125,3073.0,True,Preston HS,1804.7
T20240017315,2024-09-07,12:48:00,2,Struck Pedestrian,3,Tuesday,109,ANY MANOEUVRE INVOLVING PED NOT INCLUDED IN DCAs 100-108.,1,807218,1,0,0,1,1,2,1,5,Not at intersection,3,40,Local Road,GLEN EIRA,-37.88391,144.99808,3185.0,True,Preston HS,15832.9
T20240008324,2024-02-04,21:23:00,2,Struck Pedestrian,2,Tuesday,100,PED NEAR SIDE. PED HIT BY VEHICLE FROM THE RIGHT.,3,801082,1,0,0,1,1,2,1,5,Not at intersection,3,40,Arterial Highway,DANDENONG,-37.98618,145.21423,3175.0,True,Preston HS,32705.3
T20210005397,2021-11-03,13:55:00,4,Collision with a fixed object,5,Thursday,183,OFF LEFT BEND INTO OBJECT/PARKED VEHICLE,1,681693,2,0,0,1,2,3,1,5,Not at intersection,3,60,Arterial Other,GEELONG,-38.08386,144.38246,3214.0,True,Preston HS,66710.5
T20240025621,2024-09-10,21:44:00,1,Collision with vehicle,4,Wednesday,119,OTHER ADJACENT (INTERSECTIONS ONLY),3,29414,2,0,0,1,1,2,2,2,T intersection,3,40,Arterial Other,MELBOURNE,-37.8114,144.95343,3003.0,True,Preston HS,9072.9
T20240031464,2024-08-12,11:45:00,8,No collision and no object struck,0,Sunday,174,OUT OF CONTROL ON CARRIAGEWAY (ON STRAIGHT),1,825006,1,0,1,0,0,1,1,5,Not at intersection,2,999,Local Road,MACEDON RANGES,-37.469707,144.48044,3437.0,True,William Ruthven SC,52501.8
T20210003132,2021-07-02,11:00:00,8,No collision and no object struck,1,Sunday,149,OTHER MANOEUVRING NOT INCLUDED IN DCAs 140-148,1,675541,1,0,0,1,0,1,9,2,T intersection,3,80,Arterial Highway,BENALLA,-36.528557,145.978,3672.0,True,William Ruthven SC,156016.6
T20220007603,2022-05-04,13:44:00,1,Collision with vehicle,2,Tuesday,110,CROSS TRAFFIC(INTERSECTIONS ONLY),1,62084,2,0,0,1,1,2,1,1,Cross intersection,3,60,Local Road,DAREBIN,-37.703938,145.00035,3073.0,True,William Ruthven SC,854.8
T20230008359,2023-09-04,14:22:00,1,Collision with vehicle,1,Sunday,130,REAR END(VEHICLES IN SAME LANE),1,777680,2,0,0,1,1,2,1,1,Cross intersection,3,40,Arterial Highway,FRANKSTON,-38.145206,145.11995,3199.0,True,Preston HS,45946.1
T20210017549,2021-08-08,18:30:00,2,Struck Pedestrian,1,Sunday,107,PED ON FOOTHPATH STRUCK BY VEHENTERING/LEAVING DRIVEWAY.,9,255553,1,0,0,1,1,2,2,5,Not at intersection,3,999,Local Road,WYNDHAM,-37.888992,144.66217,3030.0,True,Preston HS,34442.9
T20210014933,2021-07-07,12:00:00,1,Collision with vehicle,4,Wednesday,110,CROSS TRAFFIC(INTERSECTIONS ONLY),1,60036,2,0,1,0,3,4,1,1,Cross intersection,2,50,Arterial Highway,CENTRAL GOLDFIELDS,-37.04839,143.739,3465.0,True,William Ruthven SC,132926.8
T20240003534,2024-12-02,19:37:00,2,Struck Pedestrian,2,Monday,100,PED NEAR SIDE. PED HIT BY VEHICLE FROM THE RIGHT.,2,47952,1,0,1,0,1,2,1,2,T intersection,2,50,Arterial Other,MARIBYRNONG,-37.804153,144.89879,3011.0,True,Preston HS,11783.5
T20230003215,2023-08-02,18:00:00,1,Collision with vehicle,3,Wednesday,163,VEHICLE STRIKES DOOR OF PARKED/STATIONARY VEHICLE,1,772188,2,0,0,1,2,3,2,5,Not at intersection,3,40,Arterial Other,YARRA,-37.82513,144.99803,3121.0,True,Preston HS,9311.2
T20210024924,2021-06-12,13:00:00,1,Collision with vehicle,2,Monday,133,LANE SIDE SWIPE (VEHICLES IN PARALLEL LANES),1,705426,2,0,1,0,1,2,1,5,Not at intersection,2,100,Local Road,MOYNE,-38.33133,142.57645,3279.0,True,Preston HS,222733.8
T20250002717,2025-01-02,18:20:00,2,Struck Pedestrian,7,Saturday,100,PED NEAR SIDE. PED HIT BY VEHICLE FROM THE RIGHT.,1,814592,1,0,1,0,1,2,1,1,Cross intersection,2,60,Arterial Other,MARIBYRNONG,-37.804688,144.90276,3011.0,True,Preston HS,11539.4
T20220020783,2022-11-09,10:00:00,4,Collision with a fixed object,0,Sunday,179,OTHER ACCIDENTS-OFF STRAIGHT NOT INCLUDED IN DCAs 170-175,1,729003,1,0,0,1,0,1,2,5,Not at intersection,3,100,,MOUNT ALEXANDER,-37.193424,143.98198,3364.0,True,William Ruthven SC,106085.4
T20230002972,2023-04-02,10:30:00,6,Vehicle overturned (no collision),6,Saturday,174,OUT OF CONTROL ON CARRIAGEWAY (ON STRAIGHT),1,44393,1,0,1,0,0,1,2,1,Cross intersection,2,60,Arterial Other,DAREBIN,-37.731155,145.01445,3072.0,True,Preston HS,1338.9
T20230010761,2023-05-05,13:30:00,2,Struck Pedestrian,6,Friday,100,PED NEAR SIDE. PED HIT BY VEHICLE FROM THE RIGHT.,9,782334,1,0,1,0,1,2,2,5,Not at intersection,2,999,Arterial Other,HUME,-37.684914,144.91734,3047.0,True,William Ruthven SC,7646.5
T20230015961,2023-05-06,15:20:00,1,Collision with vehicle,2,Monday,110,CROSS TRAFFIC(INTERSECTIONS ONLY),1,70484,2,0,1,0,1,2,2,1,Cross intersection,2,999,Arterial Other,BAYSIDE,-37.97967,145.05176,3193.0,True,Preston HS,26749.9
T20230018522,2023-06-08,11:30:00,6,Vehicle overturned (no collision),0,Sunday,174,OUT OF CONTROL ON CARRIAGEWAY (ON STRAIGHT),1,778560,1,0,0,1,0,1,2,5,Not at intersection,3,100,Local Road,MURRINDINDI,-37.46437,145.45622,3777.0,True,Reservoir HS,47301.0
T20220015060,2022-05-07,15:51:00,1,Collision with vehicle,3,Tuesday,121,RIGHT THROUGH,1,35491,2,0,1,1,0,2,1,2,T intersection,2,60,Arterial Other,PORT PHILLIP,-37.855286,144.97234,3182.0,True,Preston HS,12994.2
T20230011061,2023-11-05,15:43:00,2,Struck Pedestrian,5,Thursday,102,FAR SIDE. PED HIT BY VEHICLE FROM THE LEFT,1,37287,1,0,1,0,1,2,1,2,T intersection,2,999,Local Road,WHITTLESEA,-37.664646,145.0083,3075.0,True,William Ruthven SC,3577.1
T20220015174,2022-06-07,20:00:00,1,Collision with vehicle,3,Wednesday,142,LEAVING PARKING,3,785593,3,0,1,0,2,3,1,5,Not at intersection,2,60,Arterial Other,YARRA,-37.784203,144.98308,3068.0,True,Preston HS,5176.3
T20220028297,2022-12-12,17:48:00,1,Collision with vehicle,2,Monday,121,RIGHT THROUGH,1,67678,2,0,1,0,1,2,1,2,T intersection,2,60,Arterial Other,STONNINGTON,-37.861973,145.0405,3146.0,True,Preston HS,13691.9
T20250009452,2025-07-04,14:48:00,6,Vehicle overturned (no collision),2,Monday,174,OUT OF CONTROL ON CARRIAGEWAY (ON STRAIGHT),1,44754,2,0,1,0,1,2,1,2,T intersection,2,60,Arterial Other,HUME,-37.68665,144.93098,3047.0,True,William Ruthven SC,6430.9
T20220012951,2022-08-06,08:15:00,2,Struck Pedestrian,3,Wednesday,100,PED NEAR SIDE. PED HIT BY VEHICLE FROM THE RIGHT.,1,654151,1,0,0,1,1,2,1,1,Cross intersection,3,60,Arterial Other,MELBOURNE,-37.82537,144.95699,3006.0,True,Preston HS,10293.3
T20210017341,2021-11-08,13:35:00,8,No collision and no object struck,4,Wednesday,174,OUT OF CONTROL ON CARRIAGEWAY (ON STRAIGHT),1,44112,1,0,0,1,0,1,1,2,T intersection,3,70,Arterial Highway,MORNINGTON PENINSULA,-38.36111,144.78091,3942.0,True,Preston HS,71666.2
T20210018903,2021-08-09,16:20:00,1,Collision with vehicle,4,Wednesday,139,OTHER SAME DIRECTION-MANOUEVRES NOT INCLUDED IN DCAs 130-137,2,693602,2,0,1,0,1,2,1,5,Not at intersection,2,100,Local Road,WELLINGTON,-37.951515,146.71913,3858.0,True,Reservoir HS,150556.3
T20210010275,2021-07-05,15:30:00,8,No collision and no object struck,6,Friday,174,OUT OF CONTROL ON CARRIAGEWAY (ON STRAIGHT),1,683783,1,0,0,1,0,1,2,1,Cross intersection,3,60,Local Road,BALLARAT,-37.56359,143.8338,3350.0,True,William Ruthven SC,104017.5
T20210008569,2021-06-04,18:05:00,1,Collision with vehicle,3,Tuesday,110,CROSS TRAFFIC(INTERSECTIONS ONLY),2,42350,2,0,0,1,1,2,2,1,Cross intersection,3,60,Arterial Other,KINGSTON,-37.933586,145.0993,3169.0,True,Preston HS,22821.3
T20210001045,2021-10-01,18:30:00,8,No collision and no object struck,1,Sunday,174,OUT OF CONTROL ON CARRIAGEWAY (ON STRAIGHT),1,673235,2,0,0,1,0,1,2,5,Not at intersection,3,50,Local Road,HUME,-37.70262,144.88054,3043.0,True,William Ruthven SC,10794.4
T20240020871,2024-10-08,22:30:00,9,Other accident,6,Saturday,198,OTHER ACCIDENTS NOT CLASSIFIABLE ELSEWHERE,5,807523,1,0,1,0,0,1,2,5,Not at intersection,2,110,Freeway,INDIGO,-36.16557,146.57005,3683.0,True,William Ruthven SC,219949.6
T20240025257,2024-07-10,08:20:00,1,Collision with vehicle,2,Monday,135,LANE CHANGE LEFT (NOT OVERTAKING),1,809363,2,0,0,1,1,2,2,5,Not at intersection,3,60,Arterial Other,MELBOURNE,-37.805553,144.95941,3000.0,True,Preston HS,8245.1
T20240032173,2024-09-12,15:00:00,2,Struck Pedestrian,2,Monday,100,PED NEAR SIDE. PED HIT BY VEHICLE FROM THE RIGHT.,1,29713,1,0,0,1,1,2,2,2,T intersection,3,999,Arterial Highway,MORELAND,-37.741047,144.96368,3058.0,True,Preston HS,3818.7
T20220003518,2022-12-02,10:30:00,5,collision with some other object,7,Saturday,166,STRUCK OBJECT ON CARRIAGEWAY,1,705470,1,0,0,1,0,1,2,5,Not at intersection,3,60,Local Road,YARRA RANGES,-37.86029,145.54391,3139.0,True,Reservoir HS,47739.9
T20230008120,2023-06-04,08:55:00,1,Collision with vehicle,4,Thursday,136,RIGHT TURN SIDESWIPE,1,766566,2,0,1,0,1,2,1,2,T intersection,2,60,Arterial Other,BANYULE,-37.723667,145.11295,3094.0,True,Reservoir HS,7349.8
T20250000871,2025-11-01,18:35:00,1,Collision with vehicle,7,Saturday,121,RIGHT THROUGH,1,36872,2,0,1,0,1,2,1,1,Cross intersection,2,60,Arterial Other,MELBOURNE,-37.826782,144.9591,3006.0,True,Preston HS,10358.5
T20250006439,2025-08-03,11:57:00,1,Collision with vehicle,7,Saturday,130,REAR END(VEHICLES IN SAME LANE),1,38973,2,0,1,0,1,2,1,1,Cross intersection,2,50,Arterial Other,BOROONDARA,-37.8085,145.04495,3101.0,True,Preston HS,8138.7
T20230015334,2023-02-07,18:41:00,2,Struck Pedestrian,1,Sunday,105,PED WALKING AGAINST TRAFFIC.,2,787122,2,0,1,0,1,2,1,5,Not at intersection,2,60,Arterial Highway,DAREBIN,-37.745663,145.0064,3072.0,True,Preston HS,444.9
T20240012018,2024-11-05,23:25:00,1,Collision with vehicle,7,Saturday,121,RIGHT THROUGH,3,37829,2,0,0,1,1,2,1,1,Cross intersection,3,40,Arterial Other,MORELAND,-37.76735,144.98022,3057.0,True,Preston HS,3704.0
T20230011301,2023-12-05,08:20:00,1,Collision with vehicle,6,Friday,148,VEHICLE OFF FOOTPATH STRIKES VEH ON CARRIAGEWAY,9,354743,2,0,0,1,1,2,2,1,Cross intersection,3,80,Arterial Other,MONASH,-37.90345,145.16142,3150.0,True,Preston HS,22521.4
T20250017708,2025-03-07,18:06:00,2,Struck Pedestrian,5,Thursday,102,FAR SIDE. PED HIT BY VEHICLE FROM THE LEFT,3,819977,1,0,1,0,1,2,1,5,Not at intersection,2,60,Arterial Other,KNOX,-37.841663,145.26274,3153.0,True,Reservoir HS,24420.9
T20230025809,2023-02-11,08:19:00,1,Collision with vehicle,5,Thursday,163,VEHICLE STRIKES DOOR OF PARKED/STATIONARY VEHICLE,1,788946,2,0,1,0,2,3,2,1,Cross intersection,2,40,Local Road,STONNINGTON,-37.85467,144.99283,3181.0,True,Preston HS,12624.1
T20220004833,2022-04-03,07:43:00,1,Collision with vehicle,6,Friday,113,RIGHT NEAR (INTERSECTIONS ONLY),1,250995,2,0,1,0,1,2,1,2,T intersection,2,50,Local Road,MORNINGTON PENINSULA,-38.204445,145.08353,3930.0,True,Preston HS,51889.2
T20230015682,2023-06-07,06:50:00,1,Collision with vehicle,5,Thursday,116,LEFT NEAR (INTERSECTIONS ONLY),2,7220,2,0,0,1,1,2,2,2,T intersection,3,50,,MELBOURNE,-37.82748,144.97142,3006.0,True,Preston HS,10040.5
T20230011365,2023-02-05,16:30:00,3,Struck animal,3,Tuesday,167,STRUCK ANIMAL,1,774126,1,0,0,1,0,1,2,5,Not at intersection,3,60,,BENDIGO,-36.52313,144.34421,3570.0,True,William Ruthven SC,142956.7
T20220019837,2022-02-09,06:30:00,1,Collision with vehicle,5,Friday,133,LANE SIDE SWIPE (VEHICLES IN PARALLEL LANES),2,782604,2,0,0,1,1,2,2,5,Not at intersection,3,60,Arterial Other,GEELONG,-38.098675,144.35101,3214.0,True,Preston HS,69911.8
T20230013191,2023-06-06,16:34:00,1,Collision with vehicle,3,Tuesday,135,LANE CHANGE LEFT (NOT OVERTAKING),2,37026,2,0,0,1,1,2,1,1,Cross intersection,3,40,Local Road,MELBOURNE,-37.810703,144.98616,3002.0,True,Preston HS,7890.4
T20210003287,2021-10-02,15:55:00,1,Collision with vehicle,4,Wednesday,140,U TURN,1,680016,2,0,0,1,1,2,2,5,Not at intersection,3,999,Arterial Highway,DANDENONG,-38.01523,145.23247,3175.0,True,Preston HS,36281.4
T20220028191,2022-12-12,07:40:00,1,Collision with vehicle,2,Monday,121,RIGHT THROUGH,1,741490,2,0,1,0,1,2,1,2,T intersection,2,40,Local Road,KINGSTON,-38.02649,145.10191,3195.0,True,Preston HS,32742.1
T20230000381,2023-06-01,10:08:00,1,Collision with vehicle,5,Friday,110,CROSS TRAFFIC(INTERSECTIONS ONLY),1,39109,2,0,1,0,1,2,1,1,Cross intersection,2,60,Arterial Other,BOROONDARA,-37.81153,145.0704,3103.0,True,Preston HS,9552.1
T20210022788,2021-11-11,10:02:00,2,Struck Pedestrian,5,Thursday,103,PED PLAYING/LYING/WORKING/STANDING ON CARRIAGEWAY.,1,696864,1,0,1,0,1,2,1,5,Not at intersection,2,50,,DAREBIN,-37.74748,145.00189,3072.0,True,Preston HS,789.3
T20210022798,2021-11-11,10:30:00,2,Struck Pedestrian,5,Thursday,100,PED NEAR SIDE. PED HIT BY VEHICLE FROM THE RIGHT.,1,697169,1,0,1,0,1,2,1,1,Cross intersection,2,50,,GEELONG,-38.196342,144.34776,3216.0,True,Preston HS,76786.7
T20220014526,2022-04-06,14:00:00,8,No collision and no object struck,7,Saturday,172,OFF CARRIAGEWAY TO RIGHT,1,781967,1,0,0,1,0,1,2,5,Not at intersection,3,50,Arterial Other,BASS COAST,-38.62816,145.73076,3996.0,True,Preston HS,117116.1
T20220005462,2022-10-03,19:15:00,1,Collision with vehicle,4,Thursday,147,VEHICLE STRIKES ANOTHER VEH WHILE EMERGING FROM DRIVEWAY,1,813587,2,0,0,1,2,3,1,5,Not at intersection,3,999,Arterial Highway,MONASH,-37.89306,145.08789,3166.0,True,Preston HS,18265.5
T20230015328,2023-01-07,19:30:00,2,Struck Pedestrian,7,Saturday,102,FAR SIDE. PED HIT BY VEHICLE FROM THE LEFT,3,777018,1,0,1,0,1,2,1,5,Not at intersection,2,60,Local Road,DANDENONG,-37.970837,145.20467,3175.0,True,Preston HS,30822.7
T20240020502,2024-12-08,16:50:00,2,Struck Pedestrian,2,Monday,100,PED NEAR SIDE. PED HIT BY VEHICLE FROM THE RIGHT.,1,665435,1,0,0,1,1,2,1,1,Cross intersection,3,80,Arterial Other,KNOX,-37.85284,145.24352,3152.0,True,Reservoir HS,23757.4
T20240014852,2024-11-06,14:30:00,2,Struck Pedestrian,3,Tuesday,100,PED NEAR SIDE. PED HIT BY VEHICLE FROM THE RIGHT.,1,805071,1,0,0,1,1,2,1,5,Not at intersection,3,60,Arterial Highway,KINGSTON,-38.065193,145.11981,3196.0,True,Preston HS,37305.3
T20230018271,2023-05-08,20:15:00,1,Collision with vehicle,6,Saturday,110,CROSS TRAFFIC(INTERSECTIONS ONLY),3,277173,2,0,0,1,1,2,1,1,Cross intersection,3,100,Arterial Highway,MORNINGTON PENINSULA,-38.23094,145.09338,3933.0,True,Preston HS,54924.0
T20240011697,2024-07-05,18:50:00,1,Collision with vehicle,3,Tuesday,121,RIGHT THROUGH,1,682448,2,0,0,1,1,2,2,2,T intersection,3,70,Arterial Other,WHITTLESEA,-37.6813,144.99898,3074.0,True,William Ruthven SC,1731.0
T20210000567,2021-09-01,14:30:00,3,Struck animal,7,Saturday,167,STRUCK ANIMAL,1,672467,1,0,1,0,0,1,1,5,Not at intersection,2,100,Arterial Other,CARDINIA,-37.91921,145.57169,3783.0,True,Reservoir HS,52419.4
T20250008918,2025-02-04,17:30:00,1,Collision with vehicle,4,Wednesday,121,RIGHT THROUGH,1,57783,2,0,1,0,1,2,1,2,T intersection,2,60,Arterial Highway,GEELONG,-38.20121,144.34135,3216.0,True,Preston HS,77564.5
T20210012780,2021-07-06,18:24:00,4,Collision with a fixed object,1,Monday,171,LEFT OFF CARRIAGEWAY INTO OBJECT/PARKED VEHICLE,3,1385,1,0,0,1,0,1,1,5,Not at intersection,3,40,Local Road,MELBOURNE,-37.818,144.9677,3000.0,True,Preston HS,9163.6