ACCIDENT_NO,ACCIDENT_DATE,ACCIDENT_TIME,ACCIDENT_TYPE,ACCIDENT_TYPE_DESC,DAY_OF_WEEK,DAY_WEEK_DESC,DCA_CODE,DCA_DESC,LIGHT_CONDITION,NODE_ID,NO_OF_VEHICLES,NO_PERSONS_KILLED,NO_PERSONS_INJ_2,NO_PERSONS_INJ_3,NO_PERSONS_NOT_INJ,NO_PERSONS,POLICE_ATTEND,ROAD_GEOMETRY,ROAD_GEOMETRY_DESC,SEVERITY,SPEED_ZONE,RMA,LGA_NAME,LATITUDE,LONGITUDE,POSTCODE_CRASH,PED_OR_CYC,nearest_school,dist_to_gate_m
T20210020471,2021-08-10,19:00:00,1,Collision with vehicle,6,Friday,133,LANE SIDE SWIPE (VEHICLES IN PARALLEL LANES),2,694371,2,0,0,1,1,2,1,5,Not at intersection,3,60,Arterial Other,MARIBYRNONG,-37.801,144.87503,3012.0,True,Preston HS,13350.4
T20230023689,2023-11-10,10:32:00,2,Struck Pedestrian,4,Wednesday,103,PED PLAYING/LYING/WORKING/STANDING ON CARRIAGEWAY.,1,801654,1,0,1,0,1,2,1,5,Not at intersection,2,50,Local Road,MORNINGTON PENINSULA,-38.338455,144.96568,3936.0,True,Preston HS,66455.2
T20230000984,2023-12-01,10:40:00,1,Collision with vehicle,5,Thursday,133,LANE SIDE SWIPE (VEHICLES IN PARALLEL LANES),1,784376,2,0,0,1,1,2,2,5,Not at intersection,3,100,Arterial Other,WELLINGTON,-38.061855,147.14737,3851.0,True,Reservoir HS,189644.6
T20210025186,2021-09-12,12:30:00,2,Struck Pedestrian,5,Thursday,102,FAR SIDE. PED HIT BY VEHICLE FROM THE LEFT,1,704368,1,0,0,1,1,2,1,5,Not at intersection,3,50,Local Road,HUME,-37.590446,144.91273,3064.0,True,William Ruthven SC,14224.2
T20230002600,2023-02-02,10:39:00,6,Vehicle overturned (no collision),5,Thursday,174,OUT OF CONTROL ON CARRIAGEWAY (ON STRAIGHT),1,42543,1,0,1,0,0,1,1,2,T intersection,2,60,Local Road,DANDENONG,-37.95347,145.1582,3171.0,True,Preston HS,27028.1
T20230003363,2023-11-02,12:45:00,1,Collision with vehicle,6,Saturday,131,LEFT REAR,1,777640,2,0,0,1,1,2,1,5,Not at intersection,3,50,Local Road,DAREBIN,-37.702244,145.00206,3073.0,True,William Ruthven SC,639.5
T20220025205,2022-06-11,14:00:00,3,Struck animal,0,Sunday,167,STRUCK ANIMAL,1,734298,1,0,1,0,0,1,2,5,Not at intersection,2,999,Local Road,INDIGO,-36.346996,146.80272,3747.0,True,William Ruthven SC,219188.8
T20250003131,2025-06-02,06:20:00,1,Collision with vehicle,5,Thursday,111,RIGHT FAR (INTERSECTIONS ONLY),1,35436,2,0,0,1,1,2,1,1,Cross intersection,3,60,Arterial Other,BRIMBANK,-37.81594,144.81699,3020.0,True,Preston HS,18636.2
T20210010516,2021-07-05,15:30:00,2,Struck Pedestrian,6,Friday,107,PED ON FOOTHPATH STRUCK BY VEHENTERING/LEAVING DRIVEWAY.,1,683924,1,0,0,2,0,2,2,5,Not at intersection,3,999,Arterial Highway,MORELAND,-37.741062,144.96388,3058.0,True,Preston HS,3801.0
T20250015203,2025-04-06,13:05:00,1,Collision with vehicle,4,Wednesday,130,REAR END(VEHICLES IN SAME LANE),1,822071,2,0,1,1,1,3,2,5,Not at intersection,3,40,Arterial Other,MELBOURNE,-37.819252,144.95424,3008.0,True,Preston HS,9795.1
T20210007799,2021-07-04,08:00:00,1,Collision with vehicle,4,Wednesday,148,VEHICLE OFF FOOTPATH STRIKES VEH ON CARRIAGEWAY,1,690074,2,0,0,1,1,2,2,1,Cross intersection,3,999,Local Road,MELBOURNE,-37.7937,144.95807,3052.0,True,Preston HS,7211.6
T20220022855,2022-11-10,09:03:00,1,Collision with vehicle,3,Tuesday,137,LEFT TURN SIDESWIPE,1,38692,2,0,1,0,1,2,1,1,Cross intersection,2,50,Arterial Other,MARIBYRNONG,-37.80583,144.88481,3012.0,True,Preston HS,12898.7
T20230005854,2023-08-01,14:00:00,8,No collision and no object struck,1,Sunday,189,OTHER ACCIDENTS ON CURVE NOT INCLUDED IN DCAs 180-184,1,785227,1,0,0,1,0,1,2,5,Not at intersection,3,60,Local Road,GEELONG,-37.8691,144.24535,3340.0,True,Preston HS,68406.1
T20220008080,2022-10-04,18:55:00,1,Collision with vehicle,1,Sunday,130,REAR END(VEHICLES IN SAME LANE),9,35555,2,0,0,1,1,2,2,1,Cross intersection,3,999,Arterial Highway,MONASH,-37.909508,145.08524,3166.0,True,Preston HS,19881.5
T20220008086,2022-11-04,12:12:00,2,Struck Pedestrian,2,Monday,100,PED NEAR SIDE. PED HIT BY VEHICLE FROM THE RIGHT.,1,709309,1,0,0,1,1,2,1,1,Cross intersection,3,60,Arterial Highway,BENDIGO,-36.757286,144.29175,3550.0,True,William Ruthven SC,121954.9
T20230000710,2023-11-01,05:50:00,1,Collision with vehicle,4,Wednesday,130,REAR END(VEHICLES IN SAME LANE),1,777623,2,0,1,0,1,2,1,1,Cross intersection,2,80,Arterial Other,DANDENONG,-38.02667,145.24364,3175.0,True,Preston HS,37881.6
T20230000620,2023-08-01,09:00:00,5,collision with some other object,0,Sunday,166,STRUCK OBJECT ON CARRIAGEWAY,1,747152,1,0,0,1,0,1,2,2,T intersection,3,80,Local Road,BAW BAW,-37.96254,146.0115,3831.0,True,Reservoir HS,90277.7
T20210002765,2021-07-02,08:45:00,2,Struck Pedestrian,1,Sunday,100,PED NEAR SIDE. PED HIT BY VEHICLE FROM THE RIGHT.,1,676127,1,0,1,0,1,2,1,1,Cross intersection,2,60,,MILDURA,-34.231464,142.16594,3498.0,True,William Ruthven SC,462162.9
T20220017441,2022-01-08,11:30:00,1,Collision with vehicle,1,Monday,110,CROSS TRAFFIC(INTERSECTIONS ONLY),1,38868,2,0,0,1,1,2,2,1,Cross intersection,3,60,Arterial Other,BOROONDARA,-37.812737,145.02026,3122.0,True,Preston HS,7983.2
T20230013197,2023-06-06,16:30:00,2,Struck Pedestrian,3,Tuesday,102,FAR SIDE. PED HIT BY VEHICLE FROM THE LEFT,2,783248,1,0,1,0,1,2,1,5,Not at intersection,2,60,Local Road,GLEN EIRA,-37.874184,145.03787,3161.0,True,Preston HS,14977.5
T20250012505,2025-10-05,17:00:00,4,Collision with a fixed object,7,Saturday,171,LEFT OFF CARRIAGEWAY INTO OBJECT/PARKED VEHICLE,1,819332,1,0,0,1,0,1,1,5,Not at intersection,3,50,Local Road,FRANKSTON,-38.0916,145.16536,3201.0,True,Preston HS,41309.8
T20210019188,2021-08-09,18:30:00,1,Collision with vehicle,4,Wednesday,133,LANE SIDE SWIPE (VEHICLES IN PARALLEL LANES),1,696789,2,0,0,1,1,2,2,5,Not at intersection,3,50,Local Road,YARRA,-37.799313,144.99747,3067.0,True,Preston HS,6462.0
T20240008290,2024-02-04,12:15:00,1,Collision with vehicle,3,Tuesday,143,ENTERING PARKING,1,809260,2,0,0,1,1,2,1,5,Not at intersection,3,40,Local Road,LATROBE,-38.19609,146.53624,3844.0,True,Reservoir HS,142217.8
T20210020964,2021-06-10,17:30:00,8,No collision and no object struck,4,Wednesday,199,UNKNOWN-NO DETAILS ON MANOEUVRES OF ROAD-USERS IN ACCIDENT,2,695368,1,0,0,1,0,1,2,5,Not at intersection,3,50,Local Road,MONASH,-37.917454,145.10454,3167.0,True,Preston HS,21334.5
T20220004770,2022-03-03,16:40:00,2,Struck Pedestrian,4,Thursday,100,PED NEAR SIDE. PED HIT BY VEHICLE FROM THE RIGHT.,1,61990,1,0,0,1,1,2,1,2,T intersection,3,50,Local Road,HUME,-37.700336,144.88004,3043.0,True,William Ruthven SC,10825.6
T20240030901,2024-02-12,14:00:00,1,Collision with vehicle,2,Monday,113,RIGHT NEAR (INTERSECTIONS ONLY),1,41244,2,0,1,0,2,3,2,2,T intersection,2,60,Arterial Other,MORELAND,-37.72131,144.92122,3046.0,True,William Ruthven SC,7702.5
T20230028813,2023-05-12,15:30:00,1,Collision with vehicle,2,Tuesday,130,REAR END(VEHICLES IN SAME LANE),1,804478,2,0,0,1,1,2,2,5,Not at intersection,3,80,Arterial Other,KINGSTON,-37.972733,145.1153,3172.0,True,Preston HS,27389.7
T20220007941,2022-06-04,08:30:00,1,Collision with vehicle,3,Wednesday,110,CROSS TRAFFIC(INTERSECTIONS ONLY),1,36627,2,0,0,1,1,2,2,1,Cross intersection,3,40,Local Road,YARRA,-37.798573,144.98746,3066.0,True,Preston HS,6555.4
T20230012961,2023-03-06,11:40:00,7,Fall from or in moving vehicle,7,Saturday,190,FELL IN/FROM VEHICLE,1,775529,1,0,0,1,0,1,1,5,Not at intersection,3,40,Arterial Other,YARRA,-37.8179,144.99313,3121.0,True,Preston HS,8561.5
T20220005230,2022-08-03,14:40:00,2,Struck Pedestrian,2,Tuesday,104,PED WALKING WITH TRAFFIC,1,712358,1,0,0,1,1,2,2,5,Not at intersection,3,60,Arterial Other,PORT PHILLIP,-37.831856,144.95123,3205.0,True,Preston HS,11162.6
T20240029653,2024-03-10,12:50:00,1,Collision with vehicle,5,Thursday,130,REAR END(VEHICLES IN SAME LANE),1,811277,2,0,0,1,3,4,1,5,Not at intersection,3,80,Local Road,WYNDHAM,-37.891525,144.60594,3024.0,True,Preston HS,38978.1
T20240027848,2024-02-11,11:15:00,8,No collision and no object struck,7,Saturday,179,OTHER ACCIDENTS-OFF STRAIGHT NOT INCLUDED IN DCAs 170-175,1,810453,1,0,1,0,0,1,2,5,Not at intersection,2,999,Local Road,MURRINDINDI,-37.4626,146.11397,3713.0,True,Reservoir HS,99829.2
T20230003283,2023-10-02,11:20:00,4,Collision with a fixed object,6,Friday,175,OFF END OF ROAD/T-INTERSECTION.,1,754766,1,0,1,0,0,1,1,2,T intersection,2,100,,EAST GIPPSLAND,-36.897877,147.91522,3900.0,True,Reservoir HS,271176.8
T20250015889,2025-01-06,19:30:00,8,No collision and no object struck,1,Sunday,182,OFF CARRIAGEWAY ON LEFT BEND,5,819293,1,0,0,1,0,1,2,5,Not at intersection,3,100,Local Road,SOUTH GIPPSLAND,-38.38184,146.11499,3871.0,True,Reservoir HS,120049.1
T20210025200,2021-09-12,16:00:00,1,Collision with vehicle,5,Thursday,148,VEHICLE OFF FOOTPATH STRIKES VEH ON CARRIAGEWAY,1,700068,2,0,0,1,1,2,1,5,Not at intersection,3,50,Local Road,DAREBIN,-37.740276,145.0054,3072.0,True,Preston HS,217.8
T20220025127,2022-07-11,15:11:00,2,Struck Pedestrian,2,Monday,108,PED STRUCK WALKING TO/FROM OR BOARDING/ALIGHTING VEHICLE.,1,741829,2,1,0,0,1,2,1,5,Not at intersection,1,50,Local Road,BRIMBANK,-37.788322,144.8429,3020.0,True,Preston HS,15336.4
T20210015226,2021-10-07,21:50:00,1,Collision with vehicle,6,Saturday,130,REAR END(VEHICLES IN SAME LANE),3,29401,2,0,1,0,1,2,1,1,Cross intersection,2,40,Arterial Other,YARRA,-37.79846,144.97958,3065.0,True,Preston HS,6759.1
T20250009711,2025-10-04,18:36:00,2,Struck Pedestrian,5,Thursday,100,PED NEAR SIDE. PED HIT BY VEHICLE FROM THE RIGHT.,3,818181,1,0,1,1,1,3,1,5,Not at intersection,2,50,Local Road,CARDINIA,-38.07864,145.48282,3810.0,True,Preston HS,56084.7
T20250003748,2025-12-02,10:16:00,1,Collision with vehicle,4,Wednesday,121,RIGHT THROUGH,1,815514,2,0,1,0,1,2,1,1,Cross intersection,2,60,Arterial Highway,WHITEHORSE,-37.861988,145.16899,3151.0,True,Preston HS,19524.6
T20210010329,2021-08-05,09:13:00,2,Struck Pedestrian,6,Saturday,100,PED NEAR SIDE. PED HIT BY VEHICLE FROM THE RIGHT.,1,41471,1,0,0,1,3,4,1,2,T intersection,3,60,Arterial Other,GLEN EIRA,-37.897125,145.06511,3163.0,True,Preston HS,18018.0
T20230014255,2023-04-04,21:00:00,1,Collision with vehicle,2,Tuesday,137,LEFT TURN SIDESWIPE,6,67655,2,0,0,1,1,2,2,2,T intersection,3,60,Arterial Other,PORT PHILLIP,-37.861404,145.00093,3183.0,True,Preston HS,13321.5
T20230001174,2023-09-01,21:00:00,2,Struck Pedestrian,1,Monday,100,PED NEAR SIDE. PED HIT BY VEHICLE FROM THE RIGHT.,2,321927,1,0,0,1,1,2,2,1,Cross intersection,3,999,Arterial Other,MARIBYRNONG,-37.781353,144.86542,3019.0,True,Preston HS,13212.1
T20210023705,2021-06-11,10:15:00,1,Collision with vehicle,7,Saturday,130,REAR END(VEHICLES IN SAME LANE),1,700627,3,0,0,1,2,3,2,5,Not at intersection,3,60,Arterial Highway,PORT PHILLIP,-37.83654,144.9732,3004.0,True,Preston HS,10958.4
T20240022850,2024-07-09,11:15:00,1,Collision with vehicle,7,Saturday,130,REAR END(VEHICLES IN SAME LANE),1,35525,2,0,0,1,1,2,2,1,Cross intersection,3,999,Arterial Other,MONASH,-37.857563,145.13144,3151.0,True,Preston HS,16891.7
T20240003186,2024-09-02,02:00:00,1,Collision with vehicle,6,Friday,130,REAR END(VEHICLES IN SAME LANE),3,742455,2,0,0,1,1,2,1,1,Cross intersection,3,60,Arterial Other,MELBOURNE,-37.789356,144.94211,3052.0,True,Preston HS,7792.1
T20240028138,2024-05-11,12:39:00,8,No collision and no object struck,3,Tuesday,170,OFF CARRIAGEWAY TO LEFT,1,42396,2,0,1,0,2,3,1,1,Cross intersection,2,60,Arterial Other,MORELAND,-37.718067,144.9517,3046.0,True,William Ruthven SC,5107.7
T20240022325,2024-02-09,08:45:00,1,Collision with vehicle,1,Monday,121,RIGHT THROUGH,1,29489,2,0,0,1,1,2,1,1,Cross intersection,3,40,Local Road,DAREBIN,-37.758724,145.00058,3071.0,True,Preston HS,1977.9
T20230012889,2023-02-06,13:00:00,7,Fall from or in moving vehicle,5,Friday,190,FELL IN/FROM VEHICLE,1,776203,1,0,0,1,0,1,1,2,T intersection,3,50,Local Road,CASEY,-38.076485,145.27884,3977.0,True,Preston HS,44205.8
T20210007943,2021-09-04,09:40:00,1,Collision with vehicle,6,Friday,130,REAR END(VEHICLES IN SAME LANE),1,681066,2,0,0,1,1,2,1,5,Not at intersection,3,40,Local Road,YARRA,-37.804256,144.98647,3066.0,True,Preston HS,7188.4
T20220022781,2022-10-10,12:28:00,1,Collision with vehicle,1,Monday,163,VEHICLE STRIKES DOOR OF PARKED/STATIONARY VEHICLE,1,780199,2,0,0,1,1,2,1,5,Not at intersection,3,50,Local Road,MORELAND,-37.777603,144.9708,3057.0,True,Preston HS,5110.9
T20230013340,2023-07-06,18:20:00,2,Struck Pedestrian,4,Wednesday,100,PED NEAR SIDE. PED HIT BY VEHICLE FROM THE RIGHT.,2,43444,1,0,0,1,2,3,2,1,Cross intersection,3,40,Arterial Highway,FRANKSTON,-38.14428,145.1208,3199.0,True,Preston HS,45861.8
T20240002512,2024-01-02,14:40:00,2,Struck Pedestrian,4,Thursday,100,PED NEAR SIDE. PED HIT BY VEHICLE FROM THE RIGHT.,1,797343,1,0,1,0,1,2,1,5,Not at intersection,2,40,Local Road,GEELONG,-38.17234,144.32426,3216.0,True,Preston HS,76661.7
T20250013575,2025-12-04,11:40:00,2,Struck Pedestrian,6,Saturday,106,VEH STRIKES PED ON FOOTPATH/MEDIAN/TRAFFIC ISLAND.,9,254759,1,0,0,1,1,2,2,1,Cross intersection,3,50,Local Road,DAREBIN,-37.772106,144.99915,3070.0,True,Preston HS,3452.5
T20240011525,2024-06-05,21:45:00,2,Struck Pedestrian,2,Monday,100,PED NEAR SIDE. PED HIT BY VEHICLE FROM THE RIGHT.,3,59635,1,0,1,0,1,2,1,2,T intersection,2,50,Local Road,BENDIGO,-36.750072,144.25647,3550.0,True,William Ruthven SC,124276.9
T20240017617,2024-12-07,07:15:00,1,Collision with vehicle,6,Friday,130,REAR END(VEHICLES IN SAME LANE),2,37717,2,0,1,0,1,2,1,2,T intersection,2,50,Arterial Other,STONNINGTON,-37.836826,144.99617,3141.0,True,Preston HS,10621.0
T20220012898,2022-07-06,15:47:00,2,Struck Pedestrian,2,Tuesday,107,PED ON FOOTHPATH STRUCK BY VEHENTERING/LEAVING DRIVEWAY.,1,781979,1,0,0,1,1,2,1,5,Not at intersection,3,60,Local Road,MAROONDAH,-37.81304,145.22736,3134.0,True,Reservoir HS,20108.7
T20210005466,2021-12-03,08:30:00,1,Collision with vehicle,5,Friday,160,VEHICLE COLLIDES WITH VEHICLE PARKED ON LEFT OF ROAD,1,809528,2,0,1,0,0,1,1,5,Not at intersection,2,50,Local Road,LATROBE,-38.23355,146.42084,3840.0,True,Reservoir HS,134550.3
T20240011433,2024-06-05,06:09:00,1,Collision with vehicle,1,Monday,133,LANE SIDE SWIPE (VEHICLES IN PARALLEL LANES),3,810824,4,0,0,1,1,2,1,5,Not at intersection,3,60,Local Road,GLEN EIRA,-37.875126,145.00774,3183.0,True,Preston HS,14836.4
T20230005846,2023-11-03,12:10:00,1,Collision with vehicle,6,Saturday,122,LEFT THROUGH,1,781785,2,0,0,1,1,2,1,5,Not at intersection,3,30,Local Road,MAROONDAH,-37.79676,145.28098,3136.0,True,Reservoir HS,23611.3
T20230028681,2023-01-12,10:35:00,8,No collision and no object struck,6,Friday,174,OUT OF CONTROL ON CARRIAGEWAY (ON STRAIGHT),1,790749,1,0,1,0,0,1,2,5,Not at intersection,2,40,Arterial Other,YARRA,-37.82532,144.99469,3121.0,True,Preston HS,9361.9
T20240025697,2024-03-10,15:00:00,1,Collision with vehicle,4,Thursday,133,LANE SIDE SWIPE (VEHICLES IN PARALLEL LANES),9,809576,2,0,0,1,1,2,2,5,Not at intersection,3,50,Local Road,BAYSIDE,-37.906837,145.00702,3186.0,True,Preston HS,18362.4
T20220020389,2022-09-09,15:45:00,2,Struck Pedestrian,5,Friday,109,ANY MANOEUVRE INVOLVING PED NOT INCLUDED IN DCAs 100-108.,1,724859,2,0,1,0,0,1,1,5,Not at intersection,2,50,Local Road,NILLUMBIK,-37.67514,145.167,3089.0,True,Reservoir HS,13197.6
T20240025487,2024-09-10,08:15:00,2,Struck Pedestrian,4,Wednesday,100,PED NEAR SIDE. PED HIT BY VEHICLE FROM THE RIGHT.,1,37263,1,0,1,0,1,2,1,1,Cross intersection,2,40,Arterial Other,YARRA,-37.81904,145.00378,3121.0,True,Preston HS,8604.8
T20220005126,2022-05-03,23:37:00,8,No collision and no object struck,7,Saturday,174,OUT OF CONTROL ON CARRIAGEWAY (ON STRAIGHT),3,710985,1,0,0,1,0,1,2,5,Not at intersection,3,60,Arterial Other,MORELAND,-37.755787,144.96693,3056.0,True,Preston HS,3863.6
T20250012959,2025-01-05,15:00:00,1,Collision with vehicle,5,Thursday,130,REAR END(VEHICLES IN SAME LANE),1,818370,2,0,0,1,1,2,1,5,Not at intersection,3,60,Arterial Other,EAST GIPPSLAND,-37.800358,147.45853,3865.0,True,Reservoir HS,213707.7
T20230018705,2023-11-08,11:45:00,1,Collision with vehicle,6,Friday,121,RIGHT THROUGH,1,44630,2,0,1,1,0,2,1,5,Not at intersection,2,60,Arterial Highway,BENDIGO,-36.76347,144.27058,3550.0,True,William Ruthven SC,122348.1
T20220020054,2022-05-09,12:48:00,2,Struck Pedestrian,1,Monday,107,PED ON FOOTHPATH STRUCK BY VEHENTERING/LEAVING DRIVEWAY.,1,786521,1,0,1,0,1,2,1,5,Not at intersection,2,50,,MOONEE VALLEY,-37.765858,144.91008,3039.0,True,Preston HS,8942.6
T20240024830,2024-02-10,08:45:00,1,Collision with vehicle,4,Wednesday,110,CROSS TRAFFIC(INTERSECTIONS ONLY),1,809266,2,0,1,0,2,3,1,1,Cross intersection,2,80,Freeway,COLAC OTWAY,-38.327896,143.62195,3250.0,True,Preston HS,137713.2
T20220004801,2022-04-03,08:30:00,2,Struck Pedestrian,5,Friday,100,PED NEAR SIDE. PED HIT BY VEHICLE FROM THE RIGHT.,1,705852,1,0,0,1,1,2,1,5,Not at intersection,3,70,Arterial Other,HUME,-37.687862,144.88231,3049.0,True,William Ruthven SC,10662.3
T20240030958,2024-03-12,12:30:00,1,Collision with vehicle,3,Tuesday,131,LEFT REAR,1,813837,2,0,1,1,0,2,1,2,T intersection,2,60,Arterial Other,KINGSTON,-37.92542,145.09381,3167.0,True,Preston HS,21801.9
T20240028199,2024-06-11,08:20:00,1,Collision with vehicle,3,Wednesday,137,LEFT TURN SIDESWIPE,1,38044,2,0,1,0,1,2,2,1,Cross intersection,2,60,Arterial Other,DAREBIN,-37.77945,145.01805,3078.0,True,Preston HS,4306.6
T20250020784,2025-03-08,15:46:00,1,Collision with vehicle,1,Sunday,135,LANE CHANGE LEFT (NOT OVERTAKING),1,29634,2,0,0,1,1,2,2,2,T intersection,3,60,Arterial Other,PORT PHILLIP,-37.87534,144.97688,3184.0,True,Preston HS,15095.4
T20210026243,2021-08-12,13:30:00,2,Struck Pedestrian,4,Wednesday,100,PED NEAR SIDE. PED HIT BY VEHICLE FROM THE RIGHT.,1,38744,1,0,0,1,1,2,2,1,Cross intersection,3,999,Arterial Other,MARIBYRNONG,-37.803257,144.8924,3011.0,True,Preston HS,12185.5
T20230005385,2023-06-03,15:16:00,1,Collision with vehicle,1,Monday,111,RIGHT FAR (INTERSECTIONS ONLY),1,69828,2,0,1,0,1,2,1,2,T intersection,2,70,Arterial Other,GLEN EIRA,-37.936745,145.06459,3165.0,True,Preston HS,22267.8
T20230012793,2023-01-06,14:00:00,6,Vehicle overturned (no collision),5,Thursday,174,OUT OF CONTROL ON CARRIAGEWAY (ON STRAIGHT),1,38767,1,0,1,0,0,1,1,5,Not at intersection,2,60,Local Road,MARIBYRNONG,-37.799713,144.89958,3011.0,True,Preston HS,11442.3
T20220002478,2022-10-01,14:50:00,4,Collision with a fixed object,1,Monday,183,OFF LEFT BEND INTO OBJECT/PARKED VEHICLE,1,813720,1,0,0,1,0,1,1,2,T intersection,3,80,Arterial Other,CARDINIA,-38.20859,145.47241,3981.0,True,Preston HS,66020.3
T20250003002,2025-05-02,06:16:00,3,Struck animal,4,Wednesday,167,STRUCK ANIMAL,2,814749,1,0,1,0,0,1,1,5,Not at intersection,2,50,Local Road,WHITTLESEA,-37.611874,145.08725,3754.0,True,William Ruthven SC,11985.6
T20230002994,2023-07-02,05:30:00,3,Struck animal,2,Tuesday,167,STRUCK ANIMAL,2,780292,1,0,0,1,0,1,2,5,Not at intersection,3,60,Local Road,YARRA RANGES,-37.8541,145.35432,3788.0,True,Reservoir HS,32088.9
T20230002634,2023-02-02,12:27:00,1,Collision with vehicle,5,Thursday,148,VEHICLE OFF FOOTPATH STRIKES VEH ON CARRIAGEWAY,1,756178,2,1,0,0,1,2,1,1,Cross intersection,1,60,,MELBOURNE,-37.8078,144.9161,3003.0,True,Preston HS,10862.4
T20240001485,2024-11-01,07:30:00,6,Vehicle overturned (no collision),5,Thursday,174,OUT OF CONTROL ON CARRIAGEWAY (ON STRAIGHT),1,798252,1,0,0,1,0,1,1,5,Not at intersection,3,40,Arterial Other,MORELAND,-37.76394,144.96265,3056.0,True,Preston HS,4624.7
T20220002700,2021-07-07,23:30:00,8,No collision and no object struck,3,Wednesday,175,OFF END OF ROAD/T-INTERSECTION.,5,306669,1,0,0,1,0,1,1,1,Cross intersection,3,80,Local Road,MOYNE,-38.325306,142.58655,3279.0,True,Preston HS,221700.1
T20230029419,2023-12-12,18:20:00,1,Collision with vehicle,3,Tuesday,140,U TURN,1,36162,2,0,0,1,1,2,1,2,T intersection,3,80,Arterial Other,BRIMBANK,-37.73149,144.81665,3021.0,True,Preston HS,16786.0
T20220002232,2022-02-02,08:00:00,1,Collision with vehicle,4,Wednesday,110,CROSS TRAFFIC(INTERSECTIONS ONLY),1,42300,2,0,0,1,1,2,2,1,Cross intersection,3,50,Local Road,KINGSTON,-37.959938,145.07213,3192.0,True,Preston HS,24929.6
T20210005536,2021-12-03,20:45:00,1,Collision with vehicle,6,Friday,121,RIGHT THROUGH,5,589463,2,0,0,1,1,2,1,2,T intersection,3,60,Local Road,MOONEE VALLEY,-37.78381,144.93018,3031.0,True,Preston HS,8224.7
T20230002698,2023-03-02,07:06:00,1,Collision with vehicle,5,Friday,140,U TURN,1,763112,2,0,1,0,1,2,1,5,Not at intersection,2,50,Local Road,HUME,-37.64334,144.94421,3061.0,True,William Ruthven SC,7858.7
T20240016754,2024-02-07,17:50:00,1,Collision with vehicle,3,Tuesday,148,VEHICLE OFF FOOTPATH STRIKES VEH ON CARRIAGEWAY,2,807573,3,0,1,0,3,4,1,5,Not at intersection,2,60,Arterial Other,CARDINIA,-37.93198,145.44687,3782.0,True,Reservoir HS,43445.0
T20210010736,2021-10-05,06:45:00,3,Struck animal,2,Monday,167,STRUCK ANIMAL,2,291142,1,0,0,1,0,1,2,2,T intersection,3,100,Arterial Other,MACEDON RANGES,-37.34349,144.58485,3442.0,True,William Ruthven SC,53861.4
T20250021379,2025-12-08,20:00:00,1,Collision with vehicle,3,Tuesday,121,RIGHT THROUGH,3,44071,2,0,0,1,1,2,1,2,T intersection,3,40,Local Road,DAREBIN,-37.730087,145.00539,3072.0,True,Preston HS,1300.0
T20240031578,2024-09-12,18:50:00,1,Collision with vehicle,1,Monday,137,LEFT TURN SIDESWIPE,1,240785,2,0,0,1,1,2,2,2,T intersection,3,50,Local Road,CASEY,-38.04936,145.32808,3806.0,True,Preston HS,44312.7
T20240017115,2024-06-07,21:00:00,2,Struck Pedestrian,7,Saturday,102,FAR SIDE. PED HIT BY VEHICLE FROM THE LEFT,3,354308,1,0,1,1,0,2,1,1,Cross intersection,2,60,Arterial Highway,WHITEHORSE,-37.816437,145.19368,3132.0,True,Reservoir HS,17828.2
T20210000785,2021-10-01,12:30:00,4,Collision with a fixed object,1,Sunday,181,OFF RIGHT BEND INTO OBJECT/PARKED VEHICLE,1,673602,2,0,0,1,0,1,1,5,Not at intersection,3,80,Arterial Other,YARRA RANGES,-37.54092,145.8454,3779.0,True,Reservoir HS,74637.3
T20240019455,2024-01-08,15:55:00,2,Struck Pedestrian,5,Thursday,100,PED NEAR SIDE. PED HIT BY VEHICLE FROM THE RIGHT.,1,807896,1,1,0,0,1,2,1,1,Cross intersection,1,60,Arterial Other,STONNINGTON,-37.85997,145.057,3146.0,True,Preston HS,13862.6
T20240002880,2024-01-01,19:00:00,3,Struck animal,1,Monday,167,STRUCK ANIMAL,1,798975,1,0,0,1,0,1,2,5,Not at intersection,3,100,Local Road,CAMPASPE,-36.343544,144.72232,3561.0,True,William Ruthven SC,152495.6
T20210000501,2021-08-01,15:45:00,1,Collision with vehicle,5,Friday,121,RIGHT THROUGH,1,676729,2,0,0,1,1,2,2,2,T intersection,3,60,Local Road,YARRA,-37.82644,145.00545,3121.0,True,Preston HS,9423.8
T20240005570,2024-12-02,06:50:00,1,Collision with vehicle,2,Monday,135,LANE CHANGE LEFT (NOT OVERTAKING),2,803017,2,0,0,1,1,2,2,5,Not at intersection,3,80,,CARDINIA,-38.07502,145.40685,3809.0,True,Preston HS,51026.1
T20230004197,2023-10-02,06:30:00,1,Collision with vehicle,6,Friday,116,LEFT NEAR (INTERSECTIONS ONLY),1,38688,2,0,0,1,2,3,1,1,Cross intersection,3,50,Arterial Highway,MARIBYRNONG,-37.803978,144.8828,3012.0,True,Preston HS,12935.0
T20230023395,2023-04-09,14:40:00,1,Collision with vehicle,2,Monday,112,LEFT FAR (INTERSECTIONS ONLY),1,51124,2,0,0,1,1,2,2,2,T intersection,3,60,Local Road,SHEPPARTON,-36.39903,145.41331,3630.0,True,William Ruthven SC,148800.6