ACCIDENT_NO,ACCIDENT_DATE,ACCIDENT_TIME,ACCIDENT_TYPE,ACCIDENT_TYPE_DESC,DAY_OF_WEEK,DAY_WEEK_DESC,DCA_CODE,DCA_DESC,LIGHT_CONDITION,NODE_ID,NO_OF_VEHICLES,NO_PERSONS_KILLED,NO_PERSONS_INJ_2,NO_PERSONS_INJ_3,NO_PERSONS_NOT_INJ,NO_PERSONS,POLICE_ATTEND,ROAD_GEOMETRY,ROAD_GEOMETRY_DESC,SEVERITY,SPEED_ZONE,RMA,LGA_NAME,LATITUDE,LONGITUDE,POSTCODE_CRASH,PED_OR_CYC,nearest_school,dist_to_gate_m
T20240000169,2024-02-01,17:00:00,1,Collision with vehicle,3,Tuesday,110,CROSS TRAFFIC(INTERSECTIONS ONLY),2,797386,2,0,1,0,1,2,1,1,Cross intersection,2,50,Local Road,MORNINGTON PENINSULA,-38.221443,145.0382,3931.0,True,Preston HS,53414.6
T20220027968,2022-09-12,14:10:00,2,Struck Pedestrian,5,Friday,102,FAR SIDE. PED HIT BY VEHICLE FROM THE LEFT,1,37229,1,0,1,0,1,2,1,2,T intersection,2,40,Arterial Other,YARRA,-37.818794,145.00145,3121.0,True,Preston HS,8586.8
T20220008306,2022-05-04,17:15:00,1,Collision with vehicle,3,Tuesday,121,RIGHT THROUGH,1,37115,2,0,0,1,1,2,2,1,Cross intersection,3,50,Local Road,YARRA,-37.811188,144.99365,3121.0,True,Preston HS,7816.6
T20220009778,2022-01-05,14:20:00,6,Vehicle overturned (no collision),1,Sunday,184,OUT OF CONTROL ON CARRIAGEWAY (ON BEND),1,715045,1,0,1,0,0,1,2,5,Not at intersection,2,999,Local Road,SHEPPARTON,-36.47851,145.35976,3614.0,True,William Ruthven SC,139086.4
T20230014233,2023-08-06,10:30:00,7,Fall from or in moving vehicle,5,Thursday,190,FELL IN/FROM VEHICLE,1,296328,1,0,0,1,0,1,2,5,Not at intersection,3,999,Local Road,MORELAND,-37.76944,144.97208,3057.0,True,Preston HS,4358.1
T20210015460,2021-11-07,10:00:00,6,Vehicle overturned (no collision),1,Sunday,170,OFF CARRIAGEWAY TO LEFT,1,43874,1,0,1,0,0,1,1,1,Cross intersection,2,90,Arterial Highway,FRANKSTON,-38.107105,145.23355,3977.0,True,Preston HS,45226.2
T20250006383,2025-09-03,01:48:00,1,Collision with vehicle,1,Sunday,113,RIGHT NEAR (INTERSECTIONS ONLY),3,7175,2,0,1,0,1,2,2,1,Cross intersection,2,40,,MELBOURNE,-37.80888,144.96631,3000.0,True,Preston HS,8285.8
T20220027286,2022-02-12,07:22:00,1,Collision with vehicle,5,Friday,136,RIGHT TURN SIDESWIPE,1,783354,2,0,0,1,1,2,1,5,Not at intersection,3,100,Arterial Other,MITCHELL,-37.338528,144.98578,3764.0,True,William Ruthven SC,39838.0
T20220002304,2022-03-02,12:30:00,4,Collision with a fixed object,5,Thursday,183,OFF LEFT BEND INTO OBJECT/PARKED VEHICLE,1,713887,1,1,0,0,0,1,1,5,Not at intersection,1,100,Arterial Other,TOWONG,-36.05893,147.3035,3701.0,True,William Ruthven SC,273896.1
T20250020553,2025-09-07,15:30:00,2,Struck Pedestrian,3,Wednesday,100,PED NEAR SIDE. PED HIT BY VEHICLE FROM THE RIGHT.,1,821539,1,0,0,1,1,2,1,5,Not at intersection,3,777,Local Road,MORNINGTON PENINSULA,-38.230865,145.04413,3931.0,True,Preston HS,54489.4
T20220013347,2022-12-06,19:00:00,8,No collision and no object struck,1,Sunday,174,OUT OF CONTROL ON CARRIAGEWAY (ON STRAIGHT),3,715007,2,0,0,1,1,2,2,5,Not at intersection,3,50,Arterial Other,MORELAND,-37.753166,144.94577,3044.0,True,Preston HS,5541.0
T20240003477,2024-03-02,10:30:00,8,No collision and no object struck,7,Saturday,172,OFF CARRIAGEWAY TO RIGHT,1,35808,2,0,1,0,1,2,2,1,Cross intersection,2,50,Local Road,CAMPASPE,-36.127834,144.75378,3564.0,True,William Ruthven SC,175833.4
T20250015575,2025-11-06,07:01:00,2,Struck Pedestrian,4,Wednesday,100,PED NEAR SIDE. PED HIT BY VEHICLE FROM THE RIGHT.,2,819388,1,0,1,0,1,2,1,5,Not at intersection,2,60,Arterial Other,WHITTLESEA,-37.697674,145.0573,3083.0,True,Reservoir HS,3685.5
T20210020150,2021-12-09,09:30:00,9,Other accident,1,Sunday,184,OUT OF CONTROL ON CARRIAGEWAY (ON BEND),1,696791,1,0,0,1,0,1,2,5,Not at intersection,3,80,,MURRINDINDI,-37.267437,145.6266,3714.0,True,William Ruthven SC,72831.8
T20230028579,2023-03-09,09:15:00,4,Collision with a fixed object,0,Sunday,179,OTHER ACCIDENTS-OFF STRAIGHT NOT INCLUDED IN DCAs 170-175,1,795455,1,0,0,1,0,1,2,5,Not at intersection,3,888,Local Road,BAW BAW,-38.072727,146.23328,3825.0,True,Reservoir HS,112587.1
T20210022644,2021-09-11,08:30:00,1,Collision with vehicle,3,Tuesday,148,VEHICLE OFF FOOTPATH STRIKES VEH ON CARRIAGEWAY,1,686754,2,0,0,1,1,2,1,2,T intersection,3,70,Arterial Highway,BAYSIDE,-37.900585,145.0122,3187.0,True,Preston HS,17672.9
T20220000448,2022-08-01,10:25:00,1,Collision with vehicle,7,Saturday,160,VEHICLE COLLIDES WITH VEHICLE PARKED ON LEFT OF ROAD,1,701420,2,0,1,0,1,2,1,5,Not at intersection,2,60,Local Road,BENDIGO,-36.761715,144.26149,3555.0,True,William Ruthven SC,122941.9
T20230002834,2023-05-02,06:00:00,1,Collision with vehicle,0,Sunday,110,CROSS TRAFFIC(INTERSECTIONS ONLY),2,231,2,0,2,0,1,3,1,1,Cross intersection,2,40,Local Road,MELBOURNE,-37.81451,144.96608,3000.0,True,Preston HS,8862.5
T20220000257,2022-05-01,08:49:00,8,No collision and no object struck,3,Wednesday,184,OUT OF CONTROL ON CARRIAGEWAY (ON BEND),1,706454,1,0,0,1,0,1,1,5,Not at intersection,3,50,Local Road,HUME,-37.66074,144.92017,3048.0,True,William Ruthven SC,8304.8
T20210000769,2021-12-01,15:00:00,2,Struck Pedestrian,3,Tuesday,102,FAR SIDE. PED HIT BY VEHICLE FROM THE LEFT,1,1124,1,0,1,0,1,2,1,2,T intersection,2,60,Arterial Highway,MORNINGTON PENINSULA,-38.366154,144.86612,3940.0,True,Preston HS,70524.8
T20240014813,2024-10-06,21:14:00,4,Collision with a fixed object,1,Monday,173,RIGHT OFF CARRIAGEWAY INTO OBJECT/PARKED VEHICLE,3,810185,1,0,1,0,0,1,1,5,Not at intersection,2,60,Local Road,MELTON,-37.711296,144.72264,3336.0,True,William Ruthven SC,24718.4
T20250006405,2025-09-03,09:50:00,6,Vehicle overturned (no collision),1,Sunday,170,OFF CARRIAGEWAY TO LEFT,1,816504,2,0,1,1,0,2,1,5,Not at intersection,2,100,Local Road,HEPBURN,-37.36116,144.32072,3458.0,True,William Ruthven SC,70784.5
T20230022028,2023-05-06,05:30:00,2,Struck Pedestrian,1,Monday,109,ANY MANOEUVRE INVOLVING PED NOT INCLUDED IN DCAs 100-108.,9,36990,1,0,1,0,1,2,2,1,Cross intersection,2,999,Local Road,MELBOURNE,-37.81405,144.97147,3000.0,True,Preston HS,8632.9
T20240000535,2023-04-05,12:15:00,1,Collision with vehicle,5,Thursday,160,VEHICLE COLLIDES WITH VEHICLE PARKED ON LEFT OF ROAD,1,795679,1,0,1,0,0,1,2,5,Not at intersection,2,50,Local Road,STONNINGTON,-37.855618,144.99792,3181.0,True,Preston HS,12692.8
T20210003044,2021-10-02,06:55:00,1,Collision with vehicle,4,Wednesday,121,RIGHT THROUGH,1,223472,2,1,0,1,0,2,1,1,Cross intersection,1,80,Arterial Other,HUME,-37.651073,144.95236,3061.0,True,William Ruthven SC,6739.1
T20220028135,2022-11-12,11:15:00,2,Struck Pedestrian,0,Sunday,102,FAR SIDE. PED HIT BY VEHICLE FROM THE LEFT,1,744392,1,0,0,1,1,2,1,5,Not at intersection,3,777,Local Road,MORELAND,-37.73349,144.96664,3058.0,True,Preston HS,3673.1
T20230023590,2023-08-10,11:40:00,1,Collision with vehicle,0,Sunday,130,REAR END(VEHICLES IN SAME LANE),1,38073,2,0,0,1,1,2,2,1,Cross intersection,3,60,Arterial Other,DAREBIN,-37.765484,145.02039,3078.0,True,Preston HS,2891.3
T20250018351,2025-07-07,14:00:00,1,Collision with vehicle,1,Monday,163,VEHICLE STRIKES DOOR OF PARKED/STATIONARY VEHICLE,1,820125,2,0,0,1,0,1,2,5,Not at intersection,3,60,Arterial Other,GLEN EIRA,-37.872787,145.02553,3161.0,True,Preston HS,14665.9
T20210010182,2021-06-05,16:35:00,1,Collision with vehicle,5,Thursday,148,VEHICLE OFF FOOTPATH STRIKES VEH ON CARRIAGEWAY,1,60014,2,0,0,1,1,2,1,2,T intersection,3,50,Arterial Other,CENTRAL GOLDFIELDS,-37.04155,143.72847,3465.0,True,William Ruthven SC,134125.4
T20230028646,2023-04-12,20:45:00,1,Collision with vehicle,2,Monday,137,LEFT TURN SIDESWIPE,3,141673,2,0,1,0,2,3,1,5,Not at intersection,2,60,Arterial Other,PORT PHILLIP,-37.867893,144.98668,3182.0,True,Preston HS,14146.2
T20240022365,2024-01-09,16:49:00,2,Struck Pedestrian,0,Sunday,109,ANY MANOEUVRE INVOLVING PED NOT INCLUDED IN DCAs 100-108.,1,808095,1,0,1,0,1,2,1,5,Not at intersection,2,999,Arterial Other,MELBOURNE,-37.845383,144.98274,3004.0,True,Preston HS,11726.0
T20250000956,2025-12-01,22:00:00,6,Vehicle overturned (no collision),1,Sunday,174,OUT OF CONTROL ON CARRIAGEWAY (ON STRAIGHT),5,819616,1,0,1,1,0,2,1,2,T intersection,2,100,Arterial Other,HINDMARSH,-36.31304,142.01842,3414.0,True,William Ruthven SC,306414.5
T20210022764,2021-10-11,15:27:00,4,Collision with a fixed object,3,Wednesday,171,LEFT OFF CARRIAGEWAY INTO OBJECT/PARKED VEHICLE,1,709102,1,0,1,0,0,1,1,1,Cross intersection,2,60,Arterial Other,DANDENONG,-37.966602,145.18721,3174.0,True,Preston HS,29588.0
T20240011076,2024-02-05,14:21:00,2,Struck Pedestrian,4,Thursday,100,PED NEAR SIDE. PED HIT BY VEHICLE FROM THE RIGHT.,1,7135,1,0,1,0,1,2,1,1,Cross intersection,2,50,Arterial Other,MELBOURNE,-37.827644,144.9581,3006.0,True,Preston HS,10481.9
T20250003963,2025-10-02,19:30:00,1,Collision with vehicle,2,Monday,160,VEHICLE COLLIDES WITH VEHICLE PARKED ON LEFT OF ROAD,1,815092,3,0,1,0,1,2,2,5,Not at intersection,2,999,Local Road,BOROONDARA,-37.799526,145.03981,3101.0,True,Preston HS,7043.5
T20210005361,2021-06-03,20:30:00,2,Struck Pedestrian,6,Saturday,108,PED STRUCK WALKING TO/FROM OR BOARDING/ALIGHTING VEHICLE.,3,50062,2,0,1,0,0,1,2,1,Cross intersection,2,60,Local Road,GEELONG,-38.16271,144.35365,3220.0,True,Preston HS,73987.6
T20240001608,2023-07-11,17:00:00,5,collision with some other object,3,Tuesday,166,STRUCK OBJECT ON CARRIAGEWAY,1,797016,1,0,0,1,0,1,2,5,Not at intersection,3,60,Arterial Highway,BULOKE,-36.080605,143.2255,3527.0,True,William Ruthven SC,239312.0
T20250007345,2025-10-03,18:00:00,1,Collision with vehicle,1,Monday,137,LEFT TURN SIDESWIPE,1,36028,2,0,0,1,1,2,2,1,Cross intersection,3,40,Local Road,MORELAND,-37.76814,144.9723,3057.0,True,Preston HS,4243.1
T20250008774,2025-01-04,12:15:00,8,No collision and no object struck,3,Tuesday,184,OUT OF CONTROL ON CARRIAGEWAY (ON BEND),1,817837,1,0,1,0,0,1,1,5,Not at intersection,2,80,Local Road,WANGARATTA,-36.406307,146.21437,3678.0,True,William Ruthven SC,179271.5
T20230029348,2023-11-12,18:34:00,1,Collision with vehicle,2,Monday,130,REAR END(VEHICLES IN SAME LANE),1,792893,2,0,1,0,1,2,1,5,Not at intersection,2,100,Freeway,DANDENONG,-38.064083,145.18315,3175.0,True,Preston HS,39033.6
T20210005254,2021-10-03,06:20:00,2,Struck Pedestrian,3,Wednesday,100,PED NEAR SIDE. PED HIT BY VEHICLE FROM THE RIGHT.,2,677685,1,0,0,1,1,2,1,1,Cross intersection,3,60,Arterial Highway,MONASH,-37.900726,145.10551,3166.0,True,Preston HS,19682.5
T20250009773,2025-10-04,16:00:00,2,Struck Pedestrian,5,Thursday,102,FAR SIDE. PED HIT BY VEHICLE FROM THE LEFT,1,7660,1,0,0,1,1,2,2,1,Cross intersection,3,40,,BANYULE,-37.756035,145.06464,3084.0,True,Reservoir HS,4857.0
T20220022984,2022-12-10,15:35:00,1,Collision with vehicle,4,Wednesday,148,VEHICLE OFF FOOTPATH STRIKES VEH ON CARRIAGEWAY,1,243555,2,0,1,0,1,2,1,5,Not at intersection,2,40,Arterial Other,GLEN EIRA,-37.88983,145.0665,3163.0,True,Preston HS,17278.0
T20210003151,2021-10-02,09:45:00,2,Struck Pedestrian,4,Wednesday,102,FAR SIDE. PED HIT BY VEHICLE FROM THE LEFT,1,37748,1,0,1,0,1,2,1,1,Cross intersection,2,40,Arterial Other,STONNINGTON,-37.848103,145.00319,3181.0,True,Preston HS,11836.5
T20220009839,2022-02-05,17:04:00,2,Struck Pedestrian,2,Monday,100,PED NEAR SIDE. PED HIT BY VEHICLE FROM THE RIGHT.,1,37724,1,0,0,1,1,2,1,1,Cross intersection,3,40,Arterial Other,STONNINGTON,-37.852276,144.99648,3181.0,True,Preston HS,12330.8
T20230025651,2023-02-11,16:50:00,1,Collision with vehicle,5,Thursday,121,RIGHT THROUGH,1,44693,2,0,1,0,1,2,1,1,Cross intersection,2,50,Arterial Highway,COLAC OTWAY,-38.339478,143.59236,3250.0,True,Preston HS,140596.9
T20210017424,2021-12-08,15:30:00,8,No collision and no object struck,4,Thursday,174,OUT OF CONTROL ON CARRIAGEWAY (ON STRAIGHT),9,694721,1,0,0,1,0,1,1,5,Not at intersection,3,999,Local Road,MILDURA,-35.032005,142.63286,3490.0,True,William Ruthven SC,364416.1
T20230023579,2023-09-10,16:50:00,1,Collision with vehicle,1,Monday,148,VEHICLE OFF FOOTPATH STRIKES VEH ON CARRIAGEWAY,1,105319,2,0,0,1,1,2,1,5,Not at intersection,3,40,Local Road,DAREBIN,-37.74004,145.00026,3072.0,True,Preston HS,629.1
T20240019737,2024-11-07,16:30:00,1,Collision with vehicle,5,Thursday,163,VEHICLE STRIKES DOOR OF PARKED/STATIONARY VEHICLE,1,807110,2,0,0,1,1,2,2,5,Not at intersection,3,60,Arterial Other,GLEN EIRA,-37.901375,145.06433,3163.0,True,Preston HS,18452.9
T20220010547,2022-10-05,15:13:00,2,Struck Pedestrian,3,Tuesday,100,PED NEAR SIDE. PED HIT BY VEHICLE FROM THE RIGHT.,1,712106,1,0,0,2,2,4,1,5,Not at intersection,3,60,Arterial Other,STONNINGTON,-37.838837,144.99045,3141.0,True,Preston HS,10899.8
T20250006500,2025-09-03,18:45:00,2,Struck Pedestrian,1,Sunday,100,PED NEAR SIDE. PED HIT BY VEHICLE FROM THE RIGHT.,2,816129,1,0,1,1,0,2,1,5,Not at intersection,2,50,Local Road,GEELONG,-38.280914,144.43846,3227.0,True,Preston HS,77953.4
T20210013707,2021-10-06,18:45:00,1,Collision with vehicle,5,Thursday,136,RIGHT TURN SIDESWIPE,9,36720,2,0,0,1,1,2,2,2,T intersection,3,999,Local Road,YARRA,-37.80762,144.99637,3067.0,True,Preston HS,7390.4
T20240020343,2024-10-08,20:23:00,2,Struck Pedestrian,7,Saturday,106,VEH STRIKES PED ON FOOTPATH/MEDIAN/TRAFFIC ISLAND.,5,808393,1,0,1,0,1,2,1,5,Not at intersection,2,50,,HUME,-37.612724,144.94675,3064.0,True,William Ruthven SC,10553.4
T20220007590,2022-05-04,10:00:00,2,Struck Pedestrian,3,Tuesday,102,FAR SIDE. PED HIT BY VEHICLE FROM THE LEFT,1,708775,1,0,1,0,1,2,1,5,Not at intersection,2,50,Local Road,GLEN EIRA,-37.879387,145.00052,3185.0,True,Preston HS,15321.0
T20230028684,2023-05-12,08:45:00,1,Collision with vehicle,3,Tuesday,152,PULLING OUT (OVERTAKING),1,42945,2,0,1,0,1,2,1,1,Cross intersection,2,50,Local Road,DANDENONG,-37.974823,145.17845,3174.0,True,Preston HS,29970.8
T20250005833,2025-04-03,08:45:00,1,Collision with vehicle,3,Tuesday,121,RIGHT THROUGH,1,35936,2,0,1,0,1,2,1,2,T intersection,2,40,Arterial Other,MORELAND,-37.756485,144.96394,3056.0,True,Preston HS,4135.5
T20210024880,2021-06-12,05:40:00,3,Struck animal,2,Monday,167,STRUCK ANIMAL,2,698908,1,0,1,0,0,1,1,5,Not at intersection,2,100,Arterial Other,MITCHELL,-37.41998,145.0498,3756.0,True,William Ruthven SC,31027.7
T20210002843,2021-07-02,12:30:00,5,collision with some other object,1,Sunday,181,OFF RIGHT BEND INTO OBJECT/PARKED VEHICLE,1,675046,1,0,0,1,0,1,2,5,Not at intersection,3,100,Local Road,WANGARATTA,-36.30563,146.61981,3747.0,True,William Ruthven SC,211025.8
T20230016336,2023-11-07,18:30:00,8,No collision and no object struck,3,Tuesday,174,OUT OF CONTROL ON CARRIAGEWAY (ON STRAIGHT),4,38625,1,0,0,1,0,1,2,2,T intersection,3,50,Arterial Other,MARIBYRNONG,-37.800625,144.87167,3012.0,True,Preston HS,13587.8
T20220000603,2022-07-01,15:20:00,6,Vehicle overturned (no collision),5,Friday,174,OUT OF CONTROL ON CARRIAGEWAY (ON STRAIGHT),1,702042,1,0,1,0,0,1,2,2,T intersection,2,60,Local Road,BENDIGO,-36.625397,144.34572,3551.0,True,William Ruthven SC,132583.2
T20250014801,2025-02-06,17:56:00,2,Struck Pedestrian,2,Monday,102,FAR SIDE. PED HIT BY VEHICLE FROM THE LEFT,3,819115,2,0,1,0,2,3,1,2,T intersection,2,60,Arterial Other,WHITEHORSE,-37.837948,145.11507,3128.0,True,Preston HS,14302.3
T20250011703,2025-02-05,13:50:00,6,Vehicle overturned (no collision),5,Friday,174,OUT OF CONTROL ON CARRIAGEWAY (ON STRAIGHT),1,818435,1,0,1,0,0,1,1,2,T intersection,2,888,Local Road,MURRINDINDI,-37.31397,145.89389,3712.0,True,Reservoir HS,88744.6
T20250014946,2025-04-06,11:01:00,1,Collision with vehicle,3,Wednesday,121,RIGHT THROUGH,1,37654,2,0,0,1,1,2,1,1,Cross intersection,3,40,Arterial Other,STONNINGTON,-37.846416,144.99066,3181.0,True,Preston HS,11733.2
T20220005116,2022-07-03,08:30:00,1,Collision with vehicle,2,Monday,130,REAR END(VEHICLES IN SAME LANE),1,712423,2,0,1,0,1,2,1,5,Not at intersection,2,100,,NORTHERN GRAMPIANS,-37.053654,142.87036,3384.0,True,William Ruthven SC,201545.0
T20210015127,2021-09-07,16:57:00,8,No collision and no object struck,5,Friday,149,OTHER MANOEUVRING NOT INCLUDED IN DCAs 140-148,1,730760,2,0,0,1,1,2,1,2,T intersection,3,50,Local Road,BOROONDARA,-37.83585,145.03596,3122.0,True,Preston HS,10771.8
T20250011574,2025-06-04,13:35:00,1,Collision with vehicle,0,Sunday,121,RIGHT THROUGH,1,777,2,0,0,1,1,2,2,1,Cross intersection,3,50,Local Road,MORELAND,-37.736008,144.94905,3044.0,True,Preston HS,5143.7
T20210012997,2021-12-06,15:45:00,1,Collision with vehicle,6,Saturday,140,U TURN,1,703221,2,0,1,1,0,2,1,5,Not at intersection,2,100,,WELLINGTON,-38.1088,146.73648,3858.0,True,Reservoir HS,155790.2
T20230013579,2023-11-06,16:41:00,6,Vehicle overturned (no collision),1,Sunday,184,OUT OF CONTROL ON CARRIAGEWAY (ON BEND),2,792094,1,0,1,0,0,1,1,5,Not at intersection,2,50,Arterial Other,BOROONDARA,-37.788265,145.01828,3101.0,True,Preston HS,5270.2
T20250018037,2025-10-06,21:20:00,1,Collision with vehicle,2,Tuesday,121,RIGHT THROUGH,6,29674,2,0,0,1,1,2,9,2,T intersection,3,50,Local Road,KNOX,-37.890068,145.28883,3156.0,True,Reservoir HS,29445.9
T20250020517,2025-03-08,12:10:00,1,Collision with vehicle,1,Sunday,133,LANE SIDE SWIPE (VEHICLES IN PARALLEL LANES),1,311042,2,0,1,0,4,5,1,1,Cross intersection,2,80,Arterial Highway,DANDENONG,-38.071754,145.19444,3175.0,True,Preston HS,40212.7
T20250006213,2025-07-03,11:40:00,2,Struck Pedestrian,5,Friday,101,PED EMERGES FROM IN FRONT OF PARKED OR STATIONARY VEHICLE,1,816642,1,0,1,0,1,2,1,5,Not at intersection,2,40,Arterial Other,MOONEE VALLEY,-37.772434,144.9268,3039.0,True,Preston HS,7843.1
T20230018343,2023-06-08,20:05:00,2,Struck Pedestrian,1,Sunday,109,ANY MANOEUVRE INVOLVING PED NOT INCLUDED IN DCAs 100-108.,5,779711,1,0,1,0,2,3,1,5,Not at intersection,2,50,Local Road,BALLARAT,-37.609062,143.83803,3356.0,True,William Ruthven SC,103018.0
T20220013495,2022-10-06,22:55:00,2,Struck Pedestrian,6,Friday,100,PED NEAR SIDE. PED HIT BY VEHICLE FROM THE RIGHT.,3,715705,1,1,0,0,1,2,1,5,Not at intersection,1,40,Local Road,PORT PHILLIP,-37.861435,144.97456,3182.0,True,Preston HS,13617.4
T20220017878,2022-10-08,11:45:00,2,Struck Pedestrian,4,Wednesday,102,FAR SIDE. PED HIT BY VEHICLE FROM THE LEFT,1,29385,1,0,0,1,1,2,1,1,Cross intersection,3,60,Arterial Other,MELBOURNE,-37.80587,144.95589,3051.0,True,Preston HS,8436.4
T20240005908,2024-08-03,08:35:00,1,Collision with vehicle,6,Friday,110,CROSS TRAFFIC(INTERSECTIONS ONLY),1,808480,2,0,1,0,1,2,1,1,Cross intersection,2,50,Arterial Other,GEELONG,-38.11532,144.64613,3223.0,True,Preston HS,52233.2
T20230004392,2023-07-02,21:30:00,2,Struck Pedestrian,3,Tuesday,109,ANY MANOEUVRE INVOLVING PED NOT INCLUDED IN DCAs 100-108.,3,756633,1,0,0,1,1,2,2,5,Not at intersection,3,999,Local Road,BAW BAW,-38.15831,145.93419,3820.0,True,Reservoir HS,92977.8
T20220027613,2022-05-12,16:00:00,1,Collision with vehicle,2,Monday,121,RIGHT THROUGH,1,42256,2,0,1,0,1,2,1,2,T intersection,2,60,Arterial Other,GLEN EIRA,-37.921555,145.06216,3165.0,True,Preston HS,20575.3
T20240009714,2024-11-04,13:45:00,1,Collision with vehicle,5,Thursday,116,LEFT NEAR (INTERSECTIONS ONLY),1,46960,2,0,1,0,1,2,2,1,Cross intersection,2,70,Arterial Other,WYNDHAM,-37.822685,144.7214,3029.0,True,Preston HS,26674.0
T20210025193,2021-05-12,19:50:00,1,Collision with vehicle,0,Sunday,130,REAR END(VEHICLES IN SAME LANE),2,704589,2,0,0,1,1,2,2,1,Cross intersection,3,50,Arterial Other,MACEDON RANGES,-37.24577,144.45389,3444.0,True,William Ruthven SC,69717.6
T20240031639,2024-07-09,18:30:00,2,Struck Pedestrian,7,Saturday,102,FAR SIDE. PED HIT BY VEHICLE FROM THE LEFT,1,812473,1,0,0,1,2,3,2,5,Not at intersection,3,999,Arterial Highway,YARRA,-37.798656,144.99295,3066.0,True,Preston HS,6454.2
T20250009078,2025-02-04,16:35:00,1,Collision with vehicle,3,Wednesday,163,VEHICLE STRIKES DOOR OF PARKED/STATIONARY VEHICLE,1,817099,2,0,0,1,1,2,2,5,Not at intersection,3,40,Arterial Other,YARRA,-37.818848,145.00197,3121.0,True,Preston HS,8590.3
T20220025385,2022-02-11,16:30:00,8,No collision and no object struck,4,Wednesday,174,OUT OF CONTROL ON CARRIAGEWAY (ON STRAIGHT),1,739565,1,0,0,1,0,1,2,5,Not at intersection,3,888,Local Road,ALPINE,-37.027496,147.00716,3737.0,True,Reservoir HS,191077.9
T20230010697,2023-07-05,15:30:00,1,Collision with vehicle,0,Sunday,110,CROSS TRAFFIC(INTERSECTIONS ONLY),1,37972,2,0,1,0,1,2,1,1,Cross intersection,2,50,Local Road,DAREBIN,-37.75283,145.0064,3072.0,True,Preston HS,1239.1
T20220007461,2022-03-04,16:57:00,1,Collision with vehicle,1,Sunday,136,RIGHT TURN SIDESWIPE,1,51808,2,0,1,0,1,2,1,2,T intersection,2,60,Arterial Highway,MOUNT ALEXANDER,-37.07049,144.22882,3450.0,True,William Ruthven SC,97594.2
T20240000539,2024-08-01,17:50:00,1,Collision with vehicle,2,Monday,115,RIGHT/LEFT FAR (INTERSECTIONS ONLY),1,796593,2,0,0,1,1,2,1,2,T intersection,3,50,Local Road,FRANKSTON,-38.148037,145.13153,3199.0,True,Preston HS,46481.4
T20210005874,2021-12-03,16:45:00,2,Struck Pedestrian,6,Friday,109,ANY MANOEUVRE INVOLVING PED NOT INCLUDED IN DCAs 100-108.,1,678191,1,0,0,1,2,3,2,1,Cross intersection,3,60,Arterial Other,MOONEE VALLEY,-37.766346,144.92438,3039.0,True,Preston HS,7771.6
T20210015494,2021-10-07,10:10:00,1,Collision with vehicle,7,Saturday,171,LEFT OFF CARRIAGEWAY INTO OBJECT/PARKED VEHICLE,1,687942,2,0,0,1,0,1,1,5,Not at intersection,3,60,Local Road,LATROBE,-38.175877,146.2884,3825.0,True,Reservoir HS,121363.0
T20250011691,2025-10-04,18:15:00,1,Collision with vehicle,4,Thursday,132,RIGHT REAR.,1,821857,2,0,0,1,1,2,2,2,T intersection,3,60,Arterial Other,MONASH,-37.869682,145.14886,3150.0,True,Preston HS,18911.1
T20230029048,2023-03-12,15:00:00,1,Collision with vehicle,0,Sunday,137,LEFT TURN SIDESWIPE,1,302495,2,0,0,2,0,2,2,2,T intersection,3,999,Arterial Other,MACEDON RANGES,-37.363194,144.60188,3442.0,True,William Ruthven SC,51234.5
T20230007872,2023-03-04,16:27:00,1,Collision with vehicle,2,Monday,113,RIGHT NEAR (INTERSECTIONS ONLY),1,70959,2,0,1,0,1,2,1,2,T intersection,2,80,Arterial Other,KINGSTON,-38.01073,145.13237,3195.0,True,Preston HS,31871.4
T20240031522,2024-04-12,20:30:00,3,Struck animal,3,Wednesday,167,STRUCK ANIMAL,6,812182,1,0,1,0,0,1,2,5,Not at intersection,2,999,Arterial Other,FRANKSTON,-38.06815,145.1622,3201.0,True,Preston HS,38766.4
T20220005270,2022-09-03,01:05:00,2,Struck Pedestrian,4,Wednesday,102,FAR SIDE. PED HIT BY VEHICLE FROM THE LEFT,3,863,1,0,1,0,1,2,1,1,Cross intersection,2,60,Arterial Highway,MORELAND,-37.741314,144.9666,3058.0,True,Preston HS,3561.5
T20250005529,2025-01-03,09:30:00,1,Collision with vehicle,7,Saturday,130,REAR END(VEHICLES IN SAME LANE),1,816862,2,0,1,0,1,2,1,5,Not at intersection,2,60,Local Road,BAW BAW,-38.1519,145.93236,3820.0,True,Reservoir HS,92473.8
T20240011548,2024-03-05,09:55:00,1,Collision with vehicle,6,Friday,121,RIGHT THROUGH,1,803630,2,0,0,1,1,2,2,5,Not at intersection,3,999,Arterial Highway,GEELONG,-38.1698,144.38899,3219.0,True,Preston HS,72130.8
T20240018030,2024-11-03,20:30:00,4,Collision with a fixed object,2,Monday,179,OTHER ACCIDENTS-OFF STRAIGHT NOT INCLUDED IN DCAs 170-175,6,806426,1,0,0,1,0,1,2,5,Not at intersection,3,40,Local Road,MELBOURNE,-37.814404,144.94708,3008.0,True,Preston HS,9653.1
T20210015277,2021-11-07,15:12:00,1,Collision with vehicle,1,Sunday,113,RIGHT NEAR (INTERSECTIONS ONLY),1,58721,2,0,1,0,3,4,1,2,T intersection,2,60,Local Road,WODONGA,-36.137726,146.88303,3690.0,True,William Ruthven SC,240776.6