ACCIDENT_NO,ACCIDENT_DATE,ACCIDENT_TIME,ACCIDENT_TYPE,ACCIDENT_TYPE_DESC,DAY_OF_WEEK,DAY_WEEK_DESC,DCA_CODE,DCA_DESC,LIGHT_CONDITION,NODE_ID,NO_OF_VEHICLES,NO_PERSONS_KILLED,NO_PERSONS_INJ_2,NO_PERSONS_INJ_3,NO_PERSONS_NOT_INJ,NO_PERSONS,POLICE_ATTEND,ROAD_GEOMETRY,ROAD_GEOMETRY_DESC,SEVERITY,SPEED_ZONE,RMA,LGA_NAME,LATITUDE,LONGITUDE,POSTCODE_CRASH,PED_OR_CYC,nearest_school,dist_to_gate_m
T20210015673,2021-12-07,06:00:00,2,Struck Pedestrian,1,Monday,100,PED NEAR SIDE. PED HIT BY VEHICLE FROM THE RIGHT.,6,698004,1,0,1,0,1,2,2,5,Not at intersection,2,80,,CASEY,-38.059475,145.3349,3806.0,True,Preston HS,45560.8
T20240029366,2024-10-11,09:30:00,4,Collision with a fixed object,1,Sunday,183,OFF LEFT BEND INTO OBJECT/PARKED VEHICLE,1,811033,1,0,1,0,0,1,2,5,Not at intersection,2,100,Local Road,WELLINGTON,-38.34003,146.74413,3847.0,True,Reservoir HS,165139.3
T20220010055,2022-04-05,15:00:00,2,Struck Pedestrian,4,Wednesday,102,FAR SIDE. PED HIT BY VEHICLE FROM THE LEFT,1,711532,1,0,0,1,1,2,1,1,Cross intersection,3,60,Arterial Other,BRIMBANK,-37.760075,144.77678,3023.0,True,Preston HS,20352.5
T20220014960,2022-04-07,15:40:00,2,Struck Pedestrian,2,Monday,107,PED ON FOOTHPATH STRUCK BY VEHENTERING/LEAVING DRIVEWAY.,1,730425,1,0,0,2,0,2,1,5,Not at intersection,3,60,Arterial Other,MARIBYRNONG,-37.7936,144.89748,3011.0,True,Preston HS,11231.6
T20220020592,2022-12-09,10:05:00,4,Collision with a fixed object,2,Monday,173,RIGHT OFF CARRIAGEWAY INTO OBJECT/PARKED VEHICLE,1,782657,1,0,0,1,1,2,1,5,Not at intersection,3,50,Local Road,MORELAND,-37.698803,144.92656,3046.0,True,William Ruthven SC,6729.2
T20230002833,2023-11-01,07:30:00,2,Struck Pedestrian,4,Wednesday,109,ANY MANOEUVRE INVOLVING PED NOT INCLUDED IN DCAs 100-108.,1,66611,1,0,1,0,1,2,2,2,T intersection,2,999,Arterial Other,WHITEHORSE,-37.83278,145.11221,3128.0,True,Preston HS,13707.1
T20230012803,2023-01-06,12:30:00,1,Collision with vehicle,5,Thursday,121,RIGHT THROUGH,1,45428,2,0,1,0,1,2,1,2,T intersection,2,40,Arterial Other,MOONEE VALLEY,-37.76995,144.92587,3039.0,True,Preston HS,7801.6
T20220010153,2022-05-05,10:30:00,8,No collision and no object struck,5,Thursday,170,OFF CARRIAGEWAY TO LEFT,1,774687,1,0,0,1,0,1,2,2,T intersection,3,50,Local Road,HUME,-37.568954,144.69592,3429.0,True,William Ruthven SC,30536.2
T20220022991,2022-11-10,19:23:00,1,Collision with vehicle,3,Tuesday,137,LEFT TURN SIDESWIPE,2,56427,2,0,1,0,1,2,1,2,T intersection,2,50,Local Road,BOROONDARA,-37.85668,145.08337,3146.0,True,Preston HS,14435.0
T20240028560,2024-09-11,10:30:00,3,Struck animal,7,Saturday,167,STRUCK ANIMAL,1,810684,1,0,0,1,0,1,1,5,Not at intersection,3,100,Local Road,MURRINDINDI,-37.089108,145.50221,3660.0,True,William Ruthven SC,80666.6
T20220024857,2022-04-11,18:00:00,1,Collision with vehicle,5,Friday,135,LANE CHANGE LEFT (NOT OVERTAKING),1,744614,2,0,1,0,1,2,1,5,Not at intersection,2,80,Freeway,WYNDHAM,-37.826454,144.81946,3026.0,True,Preston HS,18992.9
T20230021082,2023-08-09,20:05:00,2,Struck Pedestrian,6,Friday,102,FAR SIDE. PED HIT BY VEHICLE FROM THE LEFT,5,780454,1,1,1,0,0,2,1,2,T intersection,1,80,Arterial Other,MORNINGTON PENINSULA,-38.32157,145.183,3918.0,True,Preston HS,66293.6
T20220007931,2022-08-04,21:55:00,2,Struck Pedestrian,6,Friday,100,PED NEAR SIDE. PED HIT BY VEHICLE FROM THE RIGHT.,5,709157,1,0,1,0,2,3,1,1,Cross intersection,2,50,Local Road,GEELONG,-38.162308,144.35667,3220.0,True,Preston HS,73754.5
T20240008483,2024-04-04,17:00:00,2,Struck Pedestrian,5,Thursday,109,ANY MANOEUVRE INVOLVING PED NOT INCLUDED IN DCAs 100-108.,1,801939,1,0,1,0,1,2,1,5,Not at intersection,2,999,Local Road,HUME,-37.61396,144.94937,3064.0,True,William Ruthven SC,10324.7
T20250003440,2025-09-02,10:35:00,6,Vehicle overturned (no collision),1,Sunday,174,OUT OF CONTROL ON CARRIAGEWAY (ON STRAIGHT),1,50286,2,0,1,0,1,2,1,4,Multiple intersection,2,60,Local Road,GEELONG,-38.262596,144.51216,3226.0,True,Preston HS,72356.6
T20240032480,2024-05-12,20:00:00,8,No collision and no object struck,5,Thursday,170,OFF CARRIAGEWAY TO LEFT,1,813450,1,0,1,0,0,1,2,5,Not at intersection,2,80,Arterial Other,MORNINGTON PENINSULA,-38.332275,145.0098,3936.0,True,Preston HS,65669.4
T20230020680,2023-03-09,14:18:00,1,Collision with vehicle,0,Sunday,113,RIGHT NEAR (INTERSECTIONS ONLY),1,44240,2,0,0,1,1,2,1,2,T intersection,3,60,Arterial Other,WHITTLESEA,-37.646996,145.05058,3076.0,True,William Ruthven SC,6920.5
T20230010862,2023-07-05,19:00:00,1,Collision with vehicle,0,Sunday,147,VEHICLE STRIKES ANOTHER VEH WHILE EMERGING FROM DRIVEWAY,3,306171,2,0,1,0,1,2,2,5,Not at intersection,2,999,Local Road,YARRA,-37.80141,144.98386,3066.0,True,Preston HS,6946.6
T20250001372,2025-11-01,13:00:00,8,No collision and no object struck,7,Saturday,170,OFF CARRIAGEWAY TO LEFT,1,813961,1,0,1,0,0,1,2,5,Not at intersection,2,999,Arterial Highway,CASEY,-38.043922,145.25296,3975.0,True,Preston HS,39934.7
T20230023684,2023-11-10,09:05:00,1,Collision with vehicle,4,Wednesday,147,VEHICLE STRIKES ANOTHER VEH WHILE EMERGING FROM DRIVEWAY,1,791017,2,0,1,0,1,2,1,5,Not at intersection,2,40,Local Road,MILDURA,-34.189568,142.15033,3500.0,True,William Ruthven SC,466860.4
T20240003866,2024-09-02,06:40:00,2,Struck Pedestrian,5,Friday,107,PED ON FOOTHPATH STRUCK BY VEHENTERING/LEAVING DRIVEWAY.,2,798665,1,0,0,1,1,2,2,2,T intersection,3,999,Arterial Other,MELBOURNE,-37.82012,144.95464,3008.0,True,Preston HS,9863.7
T20220004995,2022-06-03,00:14:00,2,Struck Pedestrian,1,Sunday,102,FAR SIDE. PED HIT BY VEHICLE FROM THE LEFT,3,707171,1,0,1,0,1,2,1,5,Not at intersection,2,40,Local Road,MELBOURNE,-37.81739,144.95999,3000.0,True,Preston HS,9379.6
T20220012647,2022-04-06,01:10:00,2,Struck Pedestrian,6,Saturday,100,PED NEAR SIDE. PED HIT BY VEHICLE FROM THE RIGHT.,9,32014,1,0,0,1,1,2,1,1,Cross intersection,3,80,Arterial Highway,WHITEHORSE,-37.85212,145.13235,3151.0,True,Preston HS,16488.3
T20230000780,2023-08-01,14:30:00,8,No collision and no object struck,1,Sunday,179,OTHER ACCIDENTS-OFF STRAIGHT NOT INCLUDED IN DCAs 170-175,1,15294,1,0,0,1,0,1,2,2,T intersection,3,100,Arterial Other,MITCHELL,-37.421246,145.02263,3756.0,True,William Ruthven SC,30660.2
T20240011441,2024-05-05,11:00:00,6,Vehicle overturned (no collision),1,Sunday,184,OUT OF CONTROL ON CARRIAGEWAY (ON BEND),1,802765,1,0,0,1,0,1,2,5,Not at intersection,3,888,,MOORABOOL,-37.703285,144.06882,3352.0,True,William Ruthven SC,82191.5
T20210000840,2021-07-01,10:40:00,1,Collision with vehicle,5,Thursday,130,REAR END(VEHICLES IN SAME LANE),1,80423,2,0,1,0,1,2,2,5,Not at intersection,2,999,Arterial Highway,PORT PHILLIP,-37.835,144.97101,3205.0,True,Preston HS,10848.4
T20210026407,2021-11-11,12:20:00,4,Collision with a fixed object,5,Thursday,181,OFF RIGHT BEND INTO OBJECT/PARKED VEHICLE,1,703283,1,0,0,1,0,1,1,5,Not at intersection,3,80,Arterial Other,SOUTH GIPPSLAND,-38.51082,145.72353,3951.0,True,Preston HS,106023.9
T20220020335,2022-10-08,13:30:00,1,Collision with vehicle,4,Wednesday,110,CROSS TRAFFIC(INTERSECTIONS ONLY),1,51301,2,0,0,1,1,2,2,1,Cross intersection,3,60,Local Road,SHEPPARTON,-36.34756,145.41579,3630.0,True,William Ruthven SC,154411.2
T20240000797,2024-10-01,06:45:00,1,Collision with vehicle,4,Wednesday,120,HEAD ON (NOT OVERTAKING),2,797596,2,0,0,1,1,2,2,5,Not at intersection,3,50,Local Road,GEELONG,-38.19197,144.39453,3219.0,True,Preston HS,73419.0
T20230008355,2023-08-04,19:44:00,1,Collision with vehicle,7,Saturday,163,VEHICLE STRIKES DOOR OF PARKED/STATIONARY VEHICLE,3,767019,2,0,0,1,2,3,1,5,Not at intersection,3,60,Arterial Other,BOROONDARA,-37.828472,145.03186,3122.0,True,Preston HS,9890.9
T20230003480,2023-05-02,13:00:00,7,Fall from or in moving vehicle,1,Sunday,184,OUT OF CONTROL ON CARRIAGEWAY (ON BEND),1,754207,1,0,0,1,0,1,2,5,Not at intersection,3,100,,BAW BAW,-38.065174,146.31401,3825.0,True,Reservoir HS,118992.1
T20210010591,2021-11-05,17:08:00,1,Collision with vehicle,3,Tuesday,121,RIGHT THROUGH,1,39775,2,0,1,0,3,4,1,2,T intersection,2,60,Arterial Other,MAROONDAH,-37.799232,145.28642,3136.0,True,Reservoir HS,24155.3
T20230023241,2023-05-10,12:10:00,2,Struck Pedestrian,5,Thursday,100,PED NEAR SIDE. PED HIT BY VEHICLE FROM THE RIGHT.,1,42741,1,0,1,0,1,2,1,1,Cross intersection,2,60,Arterial Other,BAYSIDE,-37.979824,145.05304,3194.0,True,Preston HS,26783.6
T20210020727,2021-11-10,12:09:00,8,No collision and no object struck,2,Monday,174,OUT OF CONTROL ON CARRIAGEWAY (ON STRAIGHT),1,37711,1,0,0,1,0,1,1,2,T intersection,3,40,Arterial Other,YARRA,-37.83191,144.99681,3121.0,True,Preston HS,10071.6
T20240015470,2024-09-06,13:00:00,9,Other accident,1,Sunday,179,OTHER ACCIDENTS-OFF STRAIGHT NOT INCLUDED IN DCAs 170-175,1,48629,1,0,0,1,0,1,2,2,T intersection,3,999,Local Road,YARRA RANGES,-37.905273,145.338,3158.0,True,Reservoir HS,33887.8
T20240014892,2024-11-06,13:00:00,2,Struck Pedestrian,3,Tuesday,102,FAR SIDE. PED HIT BY VEHICLE FROM THE LEFT,1,289043,1,0,0,1,1,2,2,1,Cross intersection,3,40,Arterial Other,MELBOURNE,-37.799652,144.95503,3051.0,True,Preston HS,7903.9
T20230015563,2023-05-07,10:52:00,2,Struck Pedestrian,4,Wednesday,102,FAR SIDE. PED HIT BY VEHICLE FROM THE LEFT,1,778032,1,0,1,0,1,2,1,5,Not at intersection,2,60,Local Road,WYNDHAM,-37.888954,144.61925,3024.0,True,Preston HS,37800.3
T20230018767,2023-11-08,23:00:00,2,Struck Pedestrian,6,Friday,108,PED STRUCK WALKING TO/FROM OR BOARDING/ALIGHTING VEHICLE.,5,797606,3,0,1,0,2,3,1,5,Not at intersection,2,50,Local Road,ARARAT,-37.287144,142.9406,3377.0,True,William Ruthven SC,187561.0
T20230001886,2022-08-11,18:00:00,1,Collision with vehicle,2,Tuesday,140,U TURN,1,815316,2,0,0,1,1,2,2,5,Not at intersection,3,50,Local Road,BALLARAT,-37.57029,143.78557,3358.0,True,William Ruthven SC,108119.2
T20210002266,2021-10-01,15:00:00,6,Vehicle overturned (no collision),1,Sunday,170,OFF CARRIAGEWAY TO LEFT,1,674491,1,0,0,1,0,1,2,5,Not at intersection,3,50,Local Road,YARRA RANGES,-37.80293,145.37099,3765.0,True,Reservoir HS,31334.4
T20250021849,2025-08-08,18:00:00,2,Struck Pedestrian,5,Friday,102,FAR SIDE. PED HIT BY VEHICLE FROM THE LEFT,3,706857,1,0,0,1,1,2,1,5,Not at intersection,3,40,Local Road,YARRA,-37.8093,145.00085,3067.0,True,Preston HS,7536.8
T20210025729,2021-12-12,18:51:00,1,Collision with vehicle,1,Sunday,148,VEHICLE OFF FOOTPATH STRIKES VEH ON CARRIAGEWAY,1,48841,2,0,1,0,1,2,1,1,Cross intersection,2,60,Local Road,WYNDHAM,-37.83446,144.69106,3029.0,True,Preston HS,29625.6
T20230000755,2023-11-01,09:30:00,1,Collision with vehicle,4,Wednesday,110,CROSS TRAFFIC(INTERSECTIONS ONLY),1,749557,2,0,1,0,1,2,2,1,Cross intersection,2,40,Local Road,MELBOURNE,-37.796635,144.95366,3052.0,True,Preston HS,7705.7
T20250015689,2025-12-06,16:08:00,1,Collision with vehicle,5,Thursday,152,PULLING OUT (OVERTAKING),1,344189,2,0,1,0,1,2,1,2,T intersection,2,80,Local Road,MORNINGTON PENINSULA,-38.226376,145.23613,3912.0,True,Preston HS,57510.1
T20220015674,2022-06-07,15:30:00,1,Collision with vehicle,4,Wednesday,148,VEHICLE OFF FOOTPATH STRIKES VEH ON CARRIAGEWAY,1,718783,2,0,1,0,1,2,2,2,T intersection,2,40,Arterial Other,BRIMBANK,-37.775665,144.8154,3020.0,True,Preston HS,17270.4
T20240019572,2024-02-08,17:30:00,1,Collision with vehicle,6,Friday,134,LANE CHANGE RIGHT (NOT OVERTAKING),2,807006,2,0,1,0,1,2,1,5,Not at intersection,2,80,Arterial Highway,CASEY,-38.02666,145.30899,3805.0,True,Preston HS,41303.1
T20210012947,2021-08-06,04:00:00,2,Struck Pedestrian,3,Tuesday,104,PED WALKING WITH TRAFFIC,3,689669,1,0,1,0,1,2,2,5,Not at intersection,2,50,Local Road,KINGSTON,-37.948975,145.07532,3189.0,True,Preston HS,23813.6
T20230003681,2023-11-02,10:05:00,2,Struck Pedestrian,6,Saturday,109,ANY MANOEUVRE INVOLVING PED NOT INCLUDED IN DCAs 100-108.,1,767721,1,0,1,0,1,2,1,5,Not at intersection,2,50,Arterial Highway,BENDIGO,-36.494473,144.60858,3558.0,True,William Ruthven SC,138165.0
T20210012781,2021-09-06,17:40:00,2,Struck Pedestrian,4,Wednesday,102,FAR SIDE. PED HIT BY VEHICLE FROM THE LEFT,3,691094,1,0,1,0,1,2,1,2,T intersection,2,50,Local Road,PORT PHILLIP,-37.877388,144.99571,3185.0,True,Preston HS,15121.0
T20230010850,2023-06-05,17:00:00,5,collision with some other object,7,Saturday,166,STRUCK OBJECT ON CARRIAGEWAY,2,773950,1,0,0,1,0,1,2,5,Not at intersection,3,100,,BENALLA,-36.821114,146.1481,3673.0,True,William Ruthven SC,140518.5
T20240005565,2024-05-03,09:05:00,4,Collision with a fixed object,3,Tuesday,171,LEFT OFF CARRIAGEWAY INTO OBJECT/PARKED VEHICLE,1,49181,1,0,1,0,0,1,1,2,T intersection,2,60,Arterial Other,BAW BAW,-38.16577,145.9326,3820.0,True,Reservoir HS,93291.1
T20210005470,2021-12-03,11:30:00,1,Collision with vehicle,6,Friday,133,LANE SIDE SWIPE (VEHICLES IN PARALLEL LANES),1,677775,2,0,0,1,1,2,1,5,Not at intersection,3,60,Arterial Highway,MORNINGTON PENINSULA,-38.353798,144.76247,3943.0,True,Preston HS,71353.5
T20230026223,2023-01-10,09:29:00,8,No collision and no object struck,1,Sunday,174,OUT OF CONTROL ON CARRIAGEWAY (ON STRAIGHT),1,786226,1,0,1,0,0,1,1,5,Not at intersection,2,60,Local Road,NILLUMBIK,-37.65374,145.16978,3096.0,True,Reservoir HS,14521.5
T20250018230,2025-04-07,07:00:00,8,No collision and no object struck,5,Friday,174,OUT OF CONTROL ON CARRIAGEWAY (ON STRAIGHT),1,820076,1,0,0,1,0,1,2,5,Not at intersection,3,50,Local Road,HOBSONS BAY,-37.867672,144.81784,3018.0,True,Preston HS,21741.3
T20210005142,2021-07-03,22:30:00,2,Struck Pedestrian,1,Sunday,100,PED NEAR SIDE. PED HIT BY VEHICLE FROM THE RIGHT.,3,677516,1,0,1,0,1,2,1,5,Not at intersection,2,40,Arterial Other,PORT PHILLIP,-37.839912,144.94016,3207.0,True,Preston HS,12404.1
T20220014921,2022-04-07,08:22:00,2,Struck Pedestrian,1,Monday,102,FAR SIDE. PED HIT BY VEHICLE FROM THE LEFT,1,782091,1,0,0,1,1,2,1,1,Cross intersection,3,60,Arterial Other,MOONEE VALLEY,-37.74258,144.9199,3041.0,True,Preston HS,7668.1
T20240022656,2024-05-09,17:34:00,2,Struck Pedestrian,4,Thursday,102,FAR SIDE. PED HIT BY VEHICLE FROM THE LEFT,2,35465,1,0,0,1,1,2,1,1,Cross intersection,3,40,Arterial Highway,WHITEHORSE,-37.81754,145.11928,3128.0,True,Preston HS,12973.6
T20230006267,2023-01-02,14:30:00,6,Vehicle overturned (no collision),4,Wednesday,170,OFF CARRIAGEWAY TO LEFT,1,761895,1,0,0,1,0,1,1,5,Not at intersection,3,80,Arterial Highway,YARRA RANGES,-37.677746,145.4902,3777.0,True,Reservoir HS,40844.1
T20250014650,2025-01-06,12:08:00,2,Struck Pedestrian,1,Sunday,100,PED NEAR SIDE. PED HIT BY VEHICLE FROM THE RIGHT.,1,819016,1,0,1,0,1,2,1,1,Cross intersection,2,60,Arterial Other,MOONEE VALLEY,-37.753727,144.92572,3040.0,True,Preston HS,7279.1
T20250021080,2025-09-08,12:10:00,4,Collision with a fixed object,7,Saturday,183,OFF LEFT BEND INTO OBJECT/PARKED VEHICLE,1,821095,1,0,1,0,0,1,1,5,Not at intersection,2,100,Local Road,WELLINGTON,-37.854435,146.83969,3859.0,True,Reservoir HS,159752.7
T20220003002,2022-09-02,08:10:00,1,Collision with vehicle,4,Wednesday,137,LEFT TURN SIDESWIPE,1,351859,2,0,0,1,1,2,2,2,T intersection,3,50,Arterial Highway,MARIBYRNONG,-37.8146,144.89984,3013.0,True,Preston HS,12432.7
T20250012983,2025-03-05,09:30:00,1,Collision with vehicle,7,Saturday,121,RIGHT THROUGH,1,818507,2,0,0,1,1,2,2,5,Not at intersection,3,60,Arterial Other,MERRI-BEK,-37.753185,144.945,3055.0,True,Preston HS,5607.4
T20220005042,2022-06-03,15:20:00,1,Collision with vehicle,1,Sunday,148,VEHICLE OFF FOOTPATH STRIKES VEH ON CARRIAGEWAY,1,51916,2,0,0,1,1,2,1,1,Cross intersection,3,70,Arterial Highway,BENDIGO,-36.705154,144.31616,3551.0,True,William Ruthven SC,125906.6
T20230029006,2023-08-12,12:44:00,1,Collision with vehicle,5,Friday,142,LEAVING PARKING,1,797320,2,0,0,2,0,2,1,5,Not at intersection,3,50,Local Road,COLAC OTWAY,-38.3406,143.58214,3250.0,True,Preston HS,141444.0
T20210015031,2021-07-07,12:13:00,2,Struck Pedestrian,3,Wednesday,100,PED NEAR SIDE. PED HIT BY VEHICLE FROM THE RIGHT.,1,215681,1,0,0,1,1,2,1,5,Not at intersection,3,30,Local Road,FRANKSTON,-38.14381,145.12524,3199.0,True,Preston HS,45897.1
T20230005474,2023-07-03,15:40:00,2,Struck Pedestrian,2,Tuesday,105,PED WALKING AGAINST TRAFFIC.,1,773200,1,0,0,1,1,2,2,2,T intersection,3,50,Local Road,LATROBE,-38.23883,146.41968,3840.0,True,Reservoir HS,134703.4
T20240008254,2024-10-03,17:40:00,8,No collision and no object struck,1,Sunday,174,OUT OF CONTROL ON CARRIAGEWAY (ON STRAIGHT),1,803187,2,0,0,1,1,2,1,1,Cross intersection,3,60,Local Road,MILDURA,-34.20258,142.13138,3500.0,True,William Ruthven SC,466583.3
T20220013032,2021-08-12,16:20:00,1,Collision with vehicle,3,Wednesday,113,RIGHT NEAR (INTERSECTIONS ONLY),1,715002,2,0,0,1,1,2,2,2,T intersection,3,50,Local Road,MORNINGTON PENINSULA,-38.275738,145.01076,3934.0,True,Preston HS,59383.2
T20250012391,2025-02-05,15:10:00,1,Collision with vehicle,6,Friday,110,CROSS TRAFFIC(INTERSECTIONS ONLY),1,39912,2,0,1,0,1,2,2,1,Cross intersection,2,50,Local Road,HOBSONS BAY,-37.869507,144.83154,3018.0,True,Preston HS,20972.8
T20250009911,2025-12-04,14:30:00,1,Collision with vehicle,7,Saturday,163,VEHICLE STRIKES DOOR OF PARKED/STATIONARY VEHICLE,1,817288,2,0,0,1,1,2,1,2,T intersection,3,40,Arterial Other,YARRA,-37.825542,144.99664,3121.0,True,Preston HS,9368.0
T20250011828,2025-03-05,19:05:00,1,Collision with vehicle,7,Saturday,113,RIGHT NEAR (INTERSECTIONS ONLY),3,817992,2,0,1,0,1,2,1,2,T intersection,2,50,Local Road,MELTON,-37.712475,144.74797,3037.0,True,William Ruthven SC,22505.2
T20250018176,2025-04-07,10:45:00,8,No collision and no object struck,6,Friday,172,OFF CARRIAGEWAY TO RIGHT,1,106,1,0,1,0,0,1,2,2,T intersection,2,30,Arterial Highway,FRANKSTON,-38.128513,145.13394,3199.0,True,Preston HS,44426.8
T20210025372,2021-11-12,14:45:00,1,Collision with vehicle,7,Saturday,139,OTHER SAME DIRECTION-MANOUEVRES NOT INCLUDED IN DCAs 130-137,1,36313,2,0,1,0,1,2,2,2,T intersection,2,40,Local Road,MELBOURNE,-37.802814,144.96657,3053.0,True,Preston HS,7672.7
T20230029293,2023-11-12,12:53:00,1,Collision with vehicle,1,Monday,121,RIGHT THROUGH,1,40241,2,0,0,1,1,2,1,2,T intersection,3,60,Arterial Other,STONNINGTON,-37.85085,145.02415,3143.0,True,Preston HS,12229.0
T20220015504,2022-09-07,13:00:00,8,No collision and no object struck,7,Saturday,170,OFF CARRIAGEWAY TO LEFT,1,720090,1,0,1,0,0,1,2,5,Not at intersection,2,999,Local Road,BAW BAW,-38.06088,146.08868,3831.0,True,Reservoir HS,100283.9
T20210025351,2021-06-12,12:15:00,8,No collision and no object struck,2,Monday,189,OTHER ACCIDENTS ON CURVE NOT INCLUDED IN DCAs 180-184,1,700792,1,0,0,1,0,1,2,2,T intersection,3,50,Arterial Highway,SURF COAST,-38.468113,144.08478,3231.0,True,Preston HS,114178.0
T20240020018,2024-07-08,15:53:00,1,Collision with vehicle,4,Wednesday,130,REAR END(VEHICLES IN SAME LANE),1,809298,3,0,0,2,1,3,1,5,Not at intersection,3,80,Arterial Other,MELTON,-37.6922,144.74527,3037.0,True,William Ruthven SC,22681.1
T20240031434,2024-08-12,01:15:00,2,Struck Pedestrian,0,Sunday,100,PED NEAR SIDE. PED HIT BY VEHICLE FROM THE RIGHT.,3,37190,1,0,1,0,1,2,2,2,T intersection,2,40,Arterial Other,YARRA,-37.810337,144.99837,3121.0,True,Preston HS,7670.6
T20250015443,2025-04-06,16:30:00,1,Collision with vehicle,3,Wednesday,163,VEHICLE STRIKES DOOR OF PARKED/STATIONARY VEHICLE,9,820228,2,0,0,1,1,2,2,5,Not at intersection,3,40,Arterial Other,MELBOURNE,-37.817303,144.95334,3008.0,True,Preston HS,9643.4
T20250018572,2025-11-07,18:00:00,1,Collision with vehicle,6,Friday,147,VEHICLE STRIKES ANOTHER VEH WHILE EMERGING FROM DRIVEWAY,1,820240,2,0,0,1,1,2,2,5,Not at intersection,3,999,Local Road,GLEN EIRA,-37.901382,145.04166,3204.0,True,Preston HS,18013.4
T20240012023,2024-12-05,00:05:00,1,Collision with vehicle,0,Sunday,142,LEAVING PARKING,3,805393,2,0,0,1,2,3,1,5,Not at intersection,3,50,Local Road,MELBOURNE,-37.81506,144.96802,3000.0,True,Preston HS,8850.8
T20240000833,2024-12-01,08:01:00,1,Collision with vehicle,6,Friday,121,RIGHT THROUGH,1,45466,2,0,0,1,1,2,1,2,T intersection,3,60,Arterial Other,MOONEE VALLEY,-37.776775,144.92924,3032.0,True,Preston HS,7877.8
T20250004323,2025-08-02,11:21:00,2,Struck Pedestrian,7,Saturday,103,PED PLAYING/LYING/WORKING/STANDING ON CARRIAGEWAY.,1,815345,1,0,0,1,1,2,2,5,Not at intersection,3,40,Local Road,MELBOURNE,-37.817276,144.966,3000.0,True,Preston HS,9147.1
T20240016639,2024-01-07,17:54:00,1,Collision with vehicle,2,Monday,121,RIGHT THROUGH,3,805843,2,0,1,0,1,2,1,2,T intersection,2,50,Local Road,DAREBIN,-37.73193,144.9836,3058.0,True,Preston HS,2334.7
T20240014832,2024-11-06,10:48:00,2,Struck Pedestrian,2,Tuesday,100,PED NEAR SIDE. PED HIT BY VEHICLE FROM THE RIGHT.,1,698176,1,0,0,1,1,2,2,5,Not at intersection,3,60,Arterial Highway,BANYULE,-37.752735,145.05034,3081.0,True,Reservoir HS,3843.0
T20240017343,2024-09-07,16:11:00,8,No collision and no object struck,3,Tuesday,174,OUT OF CONTROL ON CARRIAGEWAY (ON STRAIGHT),1,806819,1,0,1,0,0,1,1,5,Not at intersection,2,50,Local Road,GEELONG,-38.14674,144.37585,3219.0,True,Preston HS,71361.5
T20210007699,2021-06-04,05:00:00,1,Collision with vehicle,3,Tuesday,112,LEFT FAR (INTERSECTIONS ONLY),2,781121,2,0,0,1,1,2,2,2,T intersection,3,50,Local Road,MELTON,-37.732708,144.5734,3338.0,True,William Ruthven SC,38001.3
T20240020335,2024-10-08,21:20:00,1,Collision with vehicle,7,Saturday,135,LANE CHANGE LEFT (NOT OVERTAKING),3,814152,2,0,1,0,1,2,1,2,T intersection,2,40,Local Road,PORT PHILLIP,-37.860153,144.99184,3182.0,True,Preston HS,13239.4
T20250021618,2025-06-08,10:00:00,1,Collision with vehicle,3,Wednesday,110,CROSS TRAFFIC(INTERSECTIONS ONLY),1,50330,2,0,0,1,1,2,2,1,Cross intersection,3,50,Local Road,SURF COAST,-38.33048,144.32297,3228.0,True,Preston HS,88747.1
T20220027682,2022-06-12,12:15:00,1,Collision with vehicle,2,Tuesday,160,VEHICLE COLLIDES WITH VEHICLE PARKED ON LEFT OF ROAD,1,748140,2,0,1,0,0,1,1,5,Not at intersection,2,60,Local Road,BANYULE,-37.775845,145.04788,3079.0,True,Preston HS,5221.8
T20220004568,2022-01-03,16:10:00,1,Collision with vehicle,3,Tuesday,139,OTHER SAME DIRECTION-MANOUEVRES NOT INCLUDED IN DCAs 130-137,1,705843,2,0,0,1,1,2,1,5,Not at intersection,3,40,Local Road,YARRA,-37.79226,144.99312,3068.0,True,Preston HS,5754.7
T20230015339,2023-02-07,22:40:00,2,Struck Pedestrian,0,Sunday,102,FAR SIDE. PED HIT BY VEHICLE FROM THE LEFT,3,776754,1,0,0,1,1,2,1,5,Not at intersection,3,50,Local Road,WHITTLESEA,-37.632164,145.01472,3076.0,True,William Ruthven SC,7232.4
T20220005029,2022-06-03,12:15:00,5,collision with some other object,1,Sunday,166,STRUCK OBJECT ON CARRIAGEWAY,1,706949,1,0,0,1,0,1,1,5,Not at intersection,3,100,,YARRA RANGES,-37.845505,145.75342,3797.0,True,Reservoir HS,65082.7
T20240030918,2024-03-12,09:10:00,1,Collision with vehicle,3,Tuesday,111,RIGHT FAR (INTERSECTIONS ONLY),1,49962,2,0,0,1,1,2,2,1,Cross intersection,3,40,Arterial Other,GEELONG,-38.150745,144.3648,3220.0,True,Preston HS,72393.5
T20240006291,2024-12-03,20:30:00,1,Collision with vehicle,2,Tuesday,121,RIGHT THROUGH,6,36338,2,0,0,1,1,2,2,1,Cross intersection,3,50,Local Road,MELBOURNE,-37.79732,144.96902,3053.0,True,Preston HS,7032.3