ACCIDENT_NO,ACCIDENT_DATE,ACCIDENT_TIME,ACCIDENT_TYPE,ACCIDENT_TYPE_DESC,DAY_OF_WEEK,DAY_WEEK_DESC,DCA_CODE,DCA_DESC,LIGHT_CONDITION,NODE_ID,NO_OF_VEHICLES,NO_PERSONS_KILLED,NO_PERSONS_INJ_2,NO_PERSONS_INJ_3,NO_PERSONS_NOT_INJ,NO_PERSONS,POLICE_ATTEND,ROAD_GEOMETRY,ROAD_GEOMETRY_DESC,SEVERITY,SPEED_ZONE,RMA,LGA_NAME,LATITUDE,LONGITUDE,POSTCODE_CRASH,PED_OR_CYC,nearest_school,dist_to_gate_m
T20220009814,2022-01-05,18:00:00,8,No collision and no object struck,0,Sunday,170,OFF CARRIAGEWAY TO LEFT,3,261035,1,0,0,1,0,1,2,1,Cross intersection,3,60,Local Road,MELTON,-37.741543,144.70628,3336.0,True,Preston HS,26451.3
T20220022514,2022-06-10,13:25:00,4,Collision with a fixed object,5,Thursday,173,RIGHT OFF CARRIAGEWAY INTO OBJECT/PARKED VEHICLE,1,808282,1,0,1,0,0,1,1,5,Not at intersection,2,100,Local Road,BAW BAW,-38.157974,145.87119,3818.0,True,Reservoir HS,88289.9
T20220004709,2022-03-03,11:35:00,8,No collision and no object struck,5,Thursday,180,OFF CARRIAGEWAY ON RIGHT BEND,1,705769,1,0,0,1,0,1,1,5,Not at intersection,3,60,Local Road,NILLUMBIK,-37.723972,145.18137,3095.0,True,Reservoir HS,13367.3
T20240031119,2024-05-12,09:10:00,1,Collision with vehicle,5,Thursday,120,HEAD ON (NOT OVERTAKING),1,814210,2,1,0,1,0,2,1,5,Not at intersection,1,50,,MELBOURNE,-37.809357,144.92668,3003.0,True,Preston HS,10322.6
T20220002965,2022-10-02,16:00:00,1,Collision with vehicle,5,Thursday,130,REAR END(VEHICLES IN SAME LANE),1,13376,2,0,0,1,1,2,2,4,Multiple intersection,3,60,Freeway,MELBOURNE,-37.804676,144.93532,3003.0,True,Preston HS,9425.5
T20250006680,2025-12-03,00:47:00,1,Collision with vehicle,3,Wednesday,160,VEHICLE COLLIDES WITH VEHICLE PARKED ON LEFT OF ROAD,3,816645,2,0,0,1,0,1,1,5,Not at intersection,3,50,Local Road,BOROONDARA,-37.809105,145.01752,3101.0,True,Preston HS,7550.8
T20210025584,2021-11-12,08:00:00,1,Collision with vehicle,7,Saturday,116,LEFT NEAR (INTERSECTIONS ONLY),1,46942,2,0,1,0,1,2,1,2,T intersection,2,999,Arterial Other,GLEN EIRA,-37.918324,145.0377,3204.0,True,Preston HS,19822.7
T20220022508,2022-06-10,12:59:00,1,Collision with vehicle,5,Thursday,122,LEFT THROUGH,1,786289,2,0,1,0,1,2,1,5,Not at intersection,2,60,Arterial Other,BAYSIDE,-37.915794,145.01735,3187.0,True,Preston HS,19379.3
T20220015125,2022-06-07,11:00:00,6,Vehicle overturned (no collision),4,Wednesday,174,OUT OF CONTROL ON CARRIAGEWAY (ON STRAIGHT),1,785595,1,0,1,0,0,1,1,5,Not at intersection,2,60,Arterial Other,BRIMBANK,-37.70174,144.77997,3038.0,True,William Ruthven SC,19630.0
T20240008184,2024-01-04,12:10:00,1,Collision with vehicle,2,Monday,147,VEHICLE STRIKES ANOTHER VEH WHILE EMERGING FROM DRIVEWAY,1,800718,2,0,0,2,0,2,1,5,Not at intersection,3,60,Arterial Other,BALLARAT,-37.602528,143.86855,3350.0,True,William Ruthven SC,100420.9
T20250009303,2025-06-04,11:00:00,8,No collision and no object struck,1,Sunday,182,OFF CARRIAGEWAY ON LEFT BEND,1,818250,2,0,2,0,0,2,1,5,Not at intersection,2,100,Local Road,BAW BAW,-37.719368,146.3726,3825.0,True,Reservoir HS,118141.0
T20220002819,2022-07-02,13:30:00,6,Vehicle overturned (no collision),2,Monday,174,OUT OF CONTROL ON CARRIAGEWAY (ON STRAIGHT),1,704531,2,0,0,1,1,2,2,5,Not at intersection,3,60,Local Road,MORELAND,-37.772095,144.96626,3056.0,True,Preston HS,4930.9
T20230025885,2023-09-10,14:10:00,2,Struck Pedestrian,1,Monday,100,PED NEAR SIDE. PED HIT BY VEHICLE FROM THE RIGHT.,1,788362,1,0,0,1,1,2,2,5,Not at intersection,3,50,Local Road,DANDENONG,-37.983585,145.208,3175.0,True,Preston HS,32162.9
T20230028471,2023-02-12,15:29:00,1,Collision with vehicle,7,Saturday,121,RIGHT THROUGH,1,260649,3,0,1,0,3,4,1,2,T intersection,2,60,Arterial Other,GLEN EIRA,-37.886303,145.06715,3163.0,True,Preston HS,16922.3
T20220024829,2022-04-11,05:30:00,2,Struck Pedestrian,6,Friday,100,PED NEAR SIDE. PED HIT BY VEHICLE FROM THE RIGHT.,2,37329,1,1,0,0,1,2,1,1,Cross intersection,1,50,Local Road,CASEY,-38.033024,145.27971,3976.0,True,Preston HS,40270.1
T20230021223,2023-10-09,08:52:00,1,Collision with vehicle,0,Sunday,137,LEFT TURN SIDESWIPE,1,792062,2,0,1,0,2,3,2,2,T intersection,2,60,Arterial Highway,MOONEE VALLEY,-37.788746,144.93604,3031.0,True,Preston HS,8147.6
T20230026053,2023-05-11,15:30:00,6,Vehicle overturned (no collision),1,Sunday,182,OFF CARRIAGEWAY ON LEFT BEND,1,794621,1,0,1,0,0,1,1,5,Not at intersection,2,100,Arterial Other,YARRA RANGES,-37.545094,145.84796,3779.0,True,Reservoir HS,74728.6
T20250012614,2025-11-05,18:00:00,1,Collision with vehicle,1,Sunday,148,VEHICLE OFF FOOTPATH STRIKES VEH ON CARRIAGEWAY,2,818206,2,0,0,1,1,2,1,2,T intersection,3,50,Local Road,WYNDHAM,-37.909706,144.77528,3030.0,True,Preston HS,27632.6
T20220025429,2022-10-11,20:15:00,2,Struck Pedestrian,5,Thursday,102,FAR SIDE. PED HIT BY VEHICLE FROM THE LEFT,2,744702,1,0,0,1,1,2,1,2,T intersection,3,60,Local Road,HUME,-37.68959,144.92615,3047.0,True,William Ruthven SC,6805.0
T20220028182,2022-01-12,16:32:00,1,Collision with vehicle,5,Thursday,121,RIGHT THROUGH,1,45632,2,0,0,1,1,2,1,2,T intersection,3,40,Arterial Other,MORELAND,-37.77234,144.96123,3056.0,True,Preston HS,5279.1
T20230015908,2023-08-07,18:30:00,1,Collision with vehicle,6,Saturday,163,VEHICLE STRIKES DOOR OF PARKED/STATIONARY VEHICLE,3,777063,3,0,0,2,5,7,2,5,Not at intersection,3,40,Arterial Other,MORELAND,-37.77464,144.96085,3056.0,True,Preston HS,5472.4
T20250003725,2025-11-02,22:01:00,4,Collision with a fixed object,3,Tuesday,175,OFF END OF ROAD/T-INTERSECTION.,3,815946,1,0,1,0,0,1,1,2,T intersection,2,50,Local Road,BANYULE,-37.739532,145.05151,3081.0,True,Reservoir HS,2722.1
T20220025020,2022-06-11,15:19:00,1,Collision with vehicle,1,Sunday,147,VEHICLE STRIKES ANOTHER VEH WHILE EMERGING FROM DRIVEWAY,1,733905,2,0,1,0,2,3,1,5,Not at intersection,2,50,Local Road,MELTON,-37.71742,144.55757,3338.0,True,William Ruthven SC,39253.1
T20220012993,2022-08-06,17:50:00,2,Struck Pedestrian,3,Wednesday,102,FAR SIDE. PED HIT BY VEHICLE FROM THE LEFT,3,812710,1,0,0,1,1,2,1,5,Not at intersection,3,60,Local Road,WODONGA,-36.11832,146.874,3690.0,True,William Ruthven SC,241796.1
T20230013081,2023-12-05,23:15:00,2,Struck Pedestrian,6,Friday,100,PED NEAR SIDE. PED HIT BY VEHICLE FROM THE RIGHT.,3,782339,1,0,0,1,1,2,2,5,Not at intersection,3,40,Local Road,YARRA,-37.805737,144.97705,3065.0,True,Preston HS,7594.6
T20210000549,2021-09-01,14:55:00,1,Collision with vehicle,7,Saturday,147,VEHICLE STRIKES ANOTHER VEH WHILE EMERGING FROM DRIVEWAY,1,673760,2,0,1,0,2,3,1,5,Not at intersection,2,888,Arterial Highway,BALLARAT,-37.563835,143.93536,3352.0,True,William Ruthven SC,95168.9
T20250014649,2025-01-06,12:39:00,1,Collision with vehicle,1,Sunday,110,CROSS TRAFFIC(INTERSECTIONS ONLY),1,820958,2,0,0,1,1,2,1,5,Not at intersection,3,50,Local Road,PORT PHILLIP,-37.869553,144.99426,3183.0,True,Preston HS,14261.3
T20250015244,2025-07-06,10:03:00,1,Collision with vehicle,6,Saturday,110,CROSS TRAFFIC(INTERSECTIONS ONLY),1,19413,2,0,0,1,1,2,1,1,Cross intersection,3,50,Arterial Other,BENDIGO,-36.731365,144.29189,3550.0,True,William Ruthven SC,124431.3
T20220022182,2022-02-10,12:00:00,1,Collision with vehicle,1,Sunday,163,VEHICLE STRIKES DOOR OF PARKED/STATIONARY VEHICLE,1,727018,2,0,0,1,1,2,2,5,Not at intersection,3,999,Local Road,STONNINGTON,-37.854267,144.9929,3181.0,True,Preston HS,12578.9
T20240031825,2024-11-12,23:00:00,1,Collision with vehicle,4,Wednesday,140,U TURN,3,819107,2,0,1,0,2,3,1,5,Not at intersection,2,60,Arterial Highway,WHITEHORSE,-37.820793,145.17569,3131.0,True,Reservoir HS,16882.9
T20230000380,2023-06-01,17:00:00,8,No collision and no object struck,6,Friday,174,OUT OF CONTROL ON CARRIAGEWAY (ON STRAIGHT),1,752844,1,0,1,0,0,1,1,5,Not at intersection,2,100,Local Road,TOWONG,-36.26405,147.93929,3707.0,True,Reservoir HS,305072.4
T20220010585,2022-09-05,23:19:00,1,Collision with vehicle,2,Monday,110,CROSS TRAFFIC(INTERSECTIONS ONLY),3,43741,2,0,0,2,0,2,1,1,Cross intersection,3,60,Arterial Other,MELTON,-37.6832,144.58315,3337.0,True,William Ruthven SC,36972.3
T20250009949,2025-12-04,12:00:00,1,Collision with vehicle,6,Saturday,130,REAR END(VEHICLES IN SAME LANE),1,294061,2,0,0,1,1,2,2,1,Cross intersection,3,60,Arterial Highway,SURF COAST,-38.33731,144.31683,3228.0,True,Preston HS,89668.5
T20220022272,2022-01-10,15:30:00,5,collision with some other object,6,Saturday,166,STRUCK OBJECT ON CARRIAGEWAY,1,727022,1,0,0,1,0,1,2,5,Not at intersection,3,888,,WELLINGTON,-37.41872,146.79514,3858.0,True,Reservoir HS,159239.4
T20220027232,2022-01-12,16:30:00,1,Collision with vehicle,5,Thursday,110,CROSS TRAFFIC(INTERSECTIONS ONLY),1,43909,2,0,1,0,1,2,1,1,Cross intersection,2,60,Arterial Other,CASEY,-38.113888,145.28973,3977.0,True,Preston HS,48241.6
T20240020276,2024-10-08,09:00:00,1,Collision with vehicle,7,Saturday,111,RIGHT FAR (INTERSECTIONS ONLY),1,62480,2,0,1,0,1,2,1,1,Cross intersection,2,50,Local Road,DAREBIN,-37.72086,145.0162,3073.0,True,Reservoir HS,1173.6
T20220015403,2022-09-07,21:59:00,2,Struck Pedestrian,6,Saturday,100,PED NEAR SIDE. PED HIT BY VEHICLE FROM THE RIGHT.,3,35673,1,0,0,1,1,2,1,1,Cross intersection,3,60,Arterial Highway,DAREBIN,-37.71683,145.04291,3083.0,True,Reservoir HS,1340.0
T20250018638,2025-10-07,06:05:00,2,Struck Pedestrian,5,Thursday,102,FAR SIDE. PED HIT BY VEHICLE FROM THE LEFT,6,37668,1,0,0,1,1,2,2,2,T intersection,3,999,Arterial Other,WHITTLESEA,-37.682053,145.01353,3074.0,True,William Ruthven SC,1858.8
T20220019216,2022-03-07,09:45:00,1,Collision with vehicle,1,Sunday,142,LEAVING PARKING,9,722977,2,0,0,1,2,3,2,5,Not at intersection,3,999,Local Road,HOBSONS BAY,-37.832035,144.89255,3015.0,True,Preston HS,14220.7
T20250006795,2025-12-03,20:54:00,3,Struck animal,4,Wednesday,167,STRUCK ANIMAL,5,816944,1,0,1,0,0,1,1,5,Not at intersection,2,80,Local Road,GOLDEN PLAINS,-37.596943,143.69476,3351.0,True,William Ruthven SC,115711.0
T20240023108,2024-10-09,18:20:00,2,Struck Pedestrian,3,Tuesday,102,FAR SIDE. PED HIT BY VEHICLE FROM THE LEFT,2,809428,1,0,1,0,1,2,2,5,Not at intersection,2,60,Local Road,MELTON,-37.71981,144.71962,3336.0,True,William Ruthven SC,25062.1
T20220020548,2022-11-09,16:05:00,2,Struck Pedestrian,0,Sunday,107,PED ON FOOTHPATH STRUCK BY VEHENTERING/LEAVING DRIVEWAY.,1,801527,1,0,1,0,1,2,1,5,Not at intersection,2,888,Local Road,BOROONDARA,-37.862663,145.08908,3147.0,True,Preston HS,15257.6
T20240000822,2024-11-01,21:30:00,1,Collision with vehicle,5,Thursday,121,RIGHT THROUGH,3,799425,2,0,1,1,0,2,1,2,T intersection,2,70,Arterial Other,HUME,-37.63821,144.91006,3059.0,True,William Ruthven SC,10439.0
T20220005112,2022-07-03,08:22:00,1,Collision with vehicle,2,Monday,149,OTHER MANOEUVRING NOT INCLUDED IN DCAs 140-148,1,706479,2,0,0,1,1,2,1,2,T intersection,3,40,Local Road,YARRA,-37.79158,144.9819,3068.0,True,Preston HS,5972.4
T20240022807,2024-07-09,16:49:00,1,Collision with vehicle,7,Saturday,132,RIGHT REAR.,1,808515,3,0,2,0,1,3,1,2,T intersection,2,60,Arterial Other,BAYSIDE,-37.9577,145.00877,3191.0,True,Preston HS,24018.6
T20230026185,2023-08-11,18:19:00,1,Collision with vehicle,3,Wednesday,113,RIGHT NEAR (INTERSECTIONS ONLY),1,40459,2,0,0,1,1,2,1,2,T intersection,3,60,Arterial Highway,BOROONDARA,-37.846607,145.06203,3124.0,True,Preston HS,12624.2
T20240023506,2024-07-09,13:00:00,8,No collision and no object struck,7,Saturday,174,OUT OF CONTROL ON CARRIAGEWAY (ON STRAIGHT),1,9875,1,0,0,1,0,1,2,3,Y intersection,3,999,,MITCHELL,-37.375,145.08467,3658.0,True,William Ruthven SC,36471.8
T20220016840,2022-10-04,10:00:00,6,Vehicle overturned (no collision),1,Sunday,182,OFF CARRIAGEWAY ON LEFT BEND,1,670200,1,0,0,1,0,1,2,2,T intersection,3,80,Arterial Other,WELLINGTON,-38.064568,147.02945,3851.0,True,Reservoir HS,179577.0
T20250003327,2025-07-02,18:23:00,1,Collision with vehicle,6,Friday,135,LANE CHANGE LEFT (NOT OVERTAKING),1,814822,2,0,0,1,2,3,1,5,Not at intersection,3,60,Arterial Highway,DAREBIN,-37.77448,144.98999,3070.0,True,Preston HS,3943.1
T20240027859,2024-02-11,12:57:00,4,Collision with a fixed object,7,Saturday,181,OFF RIGHT BEND INTO OBJECT/PARKED VEHICLE,1,812557,1,0,0,1,0,1,1,5,Not at intersection,3,60,Arterial Other,MORNINGTON PENINSULA,-38.27124,145.00204,3934.0,True,Preston HS,58883.8
T20240016722,2024-01-07,16:10:00,1,Collision with vehicle,2,Monday,137,LEFT TURN SIDESWIPE,1,37014,2,0,0,1,1,2,2,2,T intersection,3,999,Local Road,MELBOURNE,-37.810127,144.98094,3002.0,True,Preston HS,7948.5
T20230003452,2023-03-02,21:00:00,6,Vehicle overturned (no collision),6,Friday,174,OUT OF CONTROL ON CARRIAGEWAY (ON STRAIGHT),6,754205,1,0,1,0,0,1,2,5,Not at intersection,2,999,Arterial Other,CASEY,-38.051018,145.33995,3806.0,True,Preston HS,45122.0
T20250022071,2025-03-07,10:10:00,8,No collision and no object struck,5,Thursday,170,OFF CARRIAGEWAY TO LEFT,1,821929,1,0,1,0,0,1,2,1,Cross intersection,2,999,Local Road,HEPBURN,-37.39232,144.25905,3461.0,True,William Ruthven SC,73798.2
T20210017053,2021-06-08,06:30:00,1,Collision with vehicle,6,Friday,121,RIGHT THROUGH,3,44031,4,0,1,2,1,4,1,2,T intersection,2,60,Arterial Other,MORNINGTON PENINSULA,-38.312542,145.18364,3915.0,True,Preston HS,65331.1
T20230025754,2023-03-11,17:00:00,1,Collision with vehicle,6,Friday,110,CROSS TRAFFIC(INTERSECTIONS ONLY),1,809083,2,0,1,0,1,2,1,1,Cross intersection,2,40,Local Road,WYNDHAM,-37.894787,144.63531,3030.0,True,Preston HS,36827.9
T20230010677,2023-06-05,13:45:00,1,Collision with vehicle,6,Saturday,159,OTHER OVERTAKING MANOEUVRES NOT INCLUDED IN DCAs 150-154,1,45517,2,0,0,1,1,2,2,1,Cross intersection,3,70,,MELTON,-37.68716,144.69717,3335.0,True,William Ruthven SC,26929.2
T20240003081,2024-07-02,18:25:00,8,No collision and no object struck,4,Wednesday,180,OFF CARRIAGEWAY ON RIGHT BEND,1,798339,1,0,1,0,0,1,1,5,Not at intersection,2,100,Arterial Other,SURF COAST,-38.49731,143.95262,3232.0,True,Preston HS,124772.6
T20240030764,2024-01-12,12:55:00,1,Collision with vehicle,1,Sunday,140,U TURN,1,815676,2,0,1,0,2,3,1,5,Not at intersection,2,60,Local Road,CASEY,-38.041206,145.25058,3975.0,True,Preston HS,39568.0
T20240014558,2024-06-06,17:50:00,4,Collision with a fixed object,5,Thursday,171,LEFT OFF CARRIAGEWAY INTO OBJECT/PARKED VEHICLE,1,804941,1,0,0,1,0,1,1,5,Not at intersection,3,100,Arterial Highway,FRANKSTON,-38.14311,145.22638,3910.0,True,Preston HS,48600.5
T20220024881,2022-04-11,22:40:00,1,Collision with vehicle,6,Friday,135,LANE CHANGE LEFT (NOT OVERTAKING),3,771746,2,0,0,1,1,2,1,5,Not at intersection,3,60,Local Road,MELTON,-37.687675,144.56844,3337.0,True,William Ruthven SC,38248.5
T20240011237,2024-02-05,18:40:00,2,Struck Pedestrian,5,Thursday,102,FAR SIDE. PED HIT BY VEHICLE FROM THE LEFT,3,806765,2,0,0,1,4,5,2,5,Not at intersection,3,40,Local Road,MELBOURNE,-37.813297,144.96832,3000.0,True,Preston HS,8660.1
T20250012068,2025-06-05,14:50:00,4,Collision with a fixed object,3,Tuesday,179,OTHER ACCIDENTS-OFF STRAIGHT NOT INCLUDED IN DCAs 170-175,1,37007,1,0,0,1,0,1,1,1,Cross intersection,3,40,Arterial Other,MELBOURNE,-37.80983,144.97833,3002.0,True,Preston HS,7986.6
T20230005411,2023-06-03,20:00:00,6,Vehicle overturned (no collision),2,Monday,174,OUT OF CONTROL ON CARRIAGEWAY (ON STRAIGHT),3,760700,1,0,1,0,0,1,1,5,Not at intersection,2,60,Local Road,MAROONDAH,-37.771797,145.29852,3136.0,True,Reservoir HS,24291.3
T20230014991,2023-08-06,12:15:00,2,Struck Pedestrian,5,Thursday,102,FAR SIDE. PED HIT BY VEHICLE FROM THE LEFT,1,360198,1,0,1,0,1,2,9,1,Cross intersection,2,999,Arterial Highway,BANYULE,-37.752815,145.05031,3079.0,True,Reservoir HS,3849.5
T20220011118,2022-02-03,11:35:00,1,Collision with vehicle,4,Wednesday,153,CUTTING IN (OVERTAKING),1,712923,2,0,0,1,1,2,2,2,T intersection,3,50,Local Road,BANYULE,-37.737804,145.13388,3093.0,True,Reservoir HS,9346.7
T20230000634,2023-09-01,07:50:00,6,Vehicle overturned (no collision),2,Monday,174,OUT OF CONTROL ON CARRIAGEWAY (ON STRAIGHT),1,56722,1,0,1,0,0,1,2,2,T intersection,2,999,Arterial Other,WHITTLESEA,-37.64878,144.99466,3076.0,True,William Ruthven SC,5361.0
T20220009751,2022-01-05,13:00:00,4,Collision with a fixed object,1,Sunday,181,OFF RIGHT BEND INTO OBJECT/PARKED VEHICLE,1,712060,1,0,1,0,0,1,1,5,Not at intersection,2,80,Arterial Other,MURRINDINDI,-37.535797,145.3857,3763.0,True,Reservoir HS,37617.3
T20240028508,2024-08-11,16:30:00,2,Struck Pedestrian,5,Friday,100,PED NEAR SIDE. PED HIT BY VEHICLE FROM THE RIGHT.,1,37072,1,0,1,0,1,2,1,2,T intersection,2,60,Arterial Other,YARRA,-37.824757,144.9899,3121.0,True,Preston HS,9358.4
T20230018762,2023-11-08,20:50:00,1,Collision with vehicle,6,Friday,121,RIGHT THROUGH,3,43971,3,1,0,1,1,3,1,2,T intersection,1,60,Local Road,MORNINGTON PENINSULA,-38.23068,145.03838,3931.0,True,Preston HS,54441.2
T20210003318,2021-12-02,21:08:00,2,Struck Pedestrian,6,Friday,102,FAR SIDE. PED HIT BY VEHICLE FROM THE LEFT,5,680755,1,0,1,0,6,7,1,5,Not at intersection,2,70,Local Road,LATROBE,-38.205128,146.51395,3844.0,True,Reservoir HS,140777.1
T20210000597,2021-10-01,11:30:00,1,Collision with vehicle,1,Sunday,147,VEHICLE STRIKES ANOTHER VEH WHILE EMERGING FROM DRIVEWAY,1,674741,2,0,0,1,3,4,1,5,Not at intersection,3,50,Local Road,YARRA,-37.78447,145.01555,3078.0,True,Preston HS,4813.5
T20250006254,2025-06-03,21:09:00,1,Collision with vehicle,5,Thursday,121,RIGHT THROUGH,3,53216,2,0,0,2,1,3,1,1,Cross intersection,3,60,Arterial Highway,MELBOURNE,-37.82386,144.96254,3006.0,True,Preston HS,9939.7
T20220005196,2022-08-03,08:52:00,1,Collision with vehicle,3,Tuesday,135,LANE CHANGE LEFT (NOT OVERTAKING),1,706557,2,0,0,1,1,2,1,5,Not at intersection,3,80,Freeway,CASEY,-38.003296,145.25272,3803.0,True,Preston HS,36206.6
T20240008689,2024-07-04,11:57:00,2,Struck Pedestrian,1,Sunday,100,PED NEAR SIDE. PED HIT BY VEHICLE FROM THE RIGHT.,1,801097,1,0,0,1,1,2,1,2,T intersection,3,60,Arterial Other,MARIBYRNONG,-37.778355,144.87587,3012.0,True,Preston HS,12235.1
T20230016010,2023-10-07,11:30:00,1,Collision with vehicle,2,Monday,147,VEHICLE STRIKES ANOTHER VEH WHILE EMERGING FROM DRIVEWAY,1,794418,2,0,0,1,0,1,2,5,Not at intersection,3,60,Arterial Other,DAREBIN,-37.73772,145.00148,3072.0,True,Preston HS,663.4
T20230021645,2023-12-09,18:30:00,1,Collision with vehicle,3,Tuesday,121,RIGHT THROUGH,9,45640,2,0,0,1,1,2,2,1,Cross intersection,3,40,Arterial Other,MORELAND,-37.776115,144.9606,3056.0,True,Preston HS,5599.5
T20250014113,2025-05-05,19:00:00,1,Collision with vehicle,2,Monday,110,CROSS TRAFFIC(INTERSECTIONS ONLY),3,63415,2,0,1,0,1,2,1,1,Cross intersection,2,50,Local Road,DAREBIN,-37.75242,145.00871,3072.0,True,Preston HS,1200.4
T20250018400,2025-10-07,15:20:00,2,Struck Pedestrian,5,Thursday,102,FAR SIDE. PED HIT BY VEHICLE FROM THE LEFT,1,44588,1,0,1,0,3,4,1,1,Cross intersection,2,60,Arterial Other,BALLARAT,-37.56018,143.8414,3350.0,True,William Ruthven SC,103412.3
T20210012904,2021-10-04,19:00:00,8,No collision and no object struck,7,Saturday,184,OUT OF CONTROL ON CARRIAGEWAY (ON BEND),6,688179,1,0,0,1,0,1,2,5,Not at intersection,3,50,Local Road,HUME,-37.592922,144.70793,3429.0,True,William Ruthven SC,28419.1
T20230005108,2023-08-02,08:00:00,1,Collision with vehicle,4,Wednesday,130,REAR END(VEHICLES IN SAME LANE),1,758486,2,0,1,0,1,2,2,5,Not at intersection,2,100,Arterial Other,MANSFIELD,-36.946465,146.20277,3723.0,True,Reservoir HS,134928.4
T20230029024,2023-08-12,13:41:00,1,Collision with vehicle,6,Friday,110,CROSS TRAFFIC(INTERSECTIONS ONLY),1,791619,2,0,0,1,1,2,1,1,Cross intersection,3,70,Arterial Highway,YARRA,-37.809536,144.99138,3067.0,True,Preston HS,7668.5
T20230020639,2023-04-09,00:50:00,2,Struck Pedestrian,2,Monday,103,PED PLAYING/LYING/WORKING/STANDING ON CARRIAGEWAY.,3,44578,2,0,0,1,1,2,1,2,T intersection,3,60,Arterial Other,BANYULE,-37.732094,145.04956,3081.0,True,Reservoir HS,2075.0
T20220025508,2022-11-11,17:40:00,2,Struck Pedestrian,6,Friday,100,PED NEAR SIDE. PED HIT BY VEHICLE FROM THE RIGHT.,1,738842,1,0,1,0,1,2,1,5,Not at intersection,2,80,Arterial Highway,MONASH,-37.91992,145.17056,3170.0,True,Preston HS,24470.6
T20250012096,2025-02-05,07:45:00,1,Collision with vehicle,6,Friday,110,CROSS TRAFFIC(INTERSECTIONS ONLY),1,41413,2,0,0,1,1,2,2,1,Cross intersection,3,50,Local Road,GLEN EIRA,-37.8994,145.05513,3163.0,True,Preston HS,18035.8
T20210015046,2021-08-07,08:20:00,1,Collision with vehicle,5,Thursday,130,REAR END(VEHICLES IN SAME LANE),1,687593,3,0,1,0,2,3,2,5,Not at intersection,2,60,Arterial Other,HOBSONS BAY,-37.829742,144.8485,3025.0,True,Preston HS,17032.1
T20220020372,2022-07-09,15:45:00,1,Collision with vehicle,4,Wednesday,121,RIGHT THROUGH,9,39202,2,0,0,1,1,2,2,2,T intersection,3,999,Arterial Other,BOROONDARA,-37.8255,145.09354,3127.0,True,Preston HS,12022.2
T20210023583,2021-09-10,14:00:00,1,Collision with vehicle,6,Saturday,130,REAR END(VEHICLES IN SAME LANE),1,342385,3,0,0,1,2,3,2,5,Not at intersection,3,999,Arterial Other,MELBOURNE,-37.84623,144.97945,3004.0,True,Preston HS,11874.4
T20240020152,2024-09-08,08:20:00,1,Collision with vehicle,6,Friday,136,RIGHT TURN SIDESWIPE,1,37601,2,0,0,1,1,2,1,1,Cross intersection,3,50,Local Road,PORT PHILLIP,-37.850494,144.97943,3004.0,True,Preston HS,12339.2
T20230007981,2023-04-04,18:53:00,1,Collision with vehicle,3,Tuesday,140,U TURN,5,768393,2,0,1,0,1,2,1,5,Not at intersection,2,60,Arterial Other,COLAC OTWAY,-38.28891,143.52255,3254.0,True,Preston HS,143580.9
T20240017626,2024-12-07,14:45:00,1,Collision with vehicle,6,Friday,130,REAR END(VEHICLES IN SAME LANE),1,813796,2,0,1,0,1,2,2,5,Not at intersection,2,40,Local Road,MELBOURNE,-37.81068,144.96776,3000.0,True,Preston HS,8413.5
T20250020888,2025-07-08,07:50:00,8,No collision and no object struck,4,Thursday,174,OUT OF CONTROL ON CARRIAGEWAY (ON STRAIGHT),1,821440,1,0,0,1,0,1,1,5,Not at intersection,3,50,Local Road,WEST WIMMERA,-36.376675,141.24435,3419.0,True,William Ruthven SC,364438.2
T20230000883,2023-12-01,21:20:00,1,Collision with vehicle,5,Thursday,121,RIGHT THROUGH,3,715351,2,0,0,1,1,2,1,2,T intersection,3,80,Local Road,CASEY,-38.09788,145.33144,3978.0,True,Preston HS,48764.9
T20240025959,2024-08-10,06:00:00,5,collision with some other object,3,Tuesday,166,STRUCK OBJECT ON CARRIAGEWAY,5,809897,1,0,0,1,0,1,2,5,Not at intersection,3,60,Local Road,HUME,-37.581924,144.94485,3064.0,True,William Ruthven SC,13734.5
T20220020520,2022-11-09,10:00:00,6,Vehicle overturned (no collision),0,Sunday,172,OFF CARRIAGEWAY TO RIGHT,1,785875,1,0,1,0,0,1,1,5,Not at intersection,2,100,Arterial Highway,MANSFIELD,-37.025944,145.8143,3715.0,True,William Ruthven SC,103448.0
T20240028753,2024-11-11,14:00:00,1,Collision with vehicle,2,Monday,120,HEAD ON (NOT OVERTAKING),1,811641,2,0,1,0,1,2,1,5,Not at intersection,2,100,Arterial Other,YARRA RANGES,-37.554127,145.94174,3779.0,True,Reservoir HS,82484.4
T20230016181,2023-11-07,17:45:00,1,Collision with vehicle,3,Tuesday,148,VEHICLE OFF FOOTPATH STRIKES VEH ON CARRIAGEWAY,3,777125,2,0,0,1,1,2,1,5,Not at intersection,3,60,Local Road,WYNDHAM,-37.888546,144.64833,3030.0,True,Preston HS,35494.3