ACCIDENT_NO,ACCIDENT_DATE,ACCIDENT_TIME,ACCIDENT_TYPE,ACCIDENT_TYPE_DESC,DAY_OF_WEEK,DAY_WEEK_DESC,DCA_CODE,DCA_DESC,LIGHT_CONDITION,NODE_ID,NO_OF_VEHICLES,NO_PERSONS_KILLED,NO_PERSONS_INJ_2,NO_PERSONS_INJ_3,NO_PERSONS_NOT_INJ,NO_PERSONS,POLICE_ATTEND,ROAD_GEOMETRY,ROAD_GEOMETRY_DESC,SEVERITY,SPEED_ZONE,RMA,LGA_NAME,LATITUDE,LONGITUDE,POSTCODE_CRASH,PED_OR_CYC,nearest_school,dist_to_gate_m
T20240016283,2024-05-06,12:09:00,2,Struck Pedestrian,3,Wednesday,102,FAR SIDE. PED HIT BY VEHICLE FROM THE LEFT,1,820105,1,0,0,1,1,2,1,5,Not at intersection,3,50,Local Road,MERRI-BEK,-37.743767,144.9649,3058.0,True,Preston HS,3717.7
T20250006363,2025-08-03,18:10:00,1,Collision with vehicle,6,Saturday,113,RIGHT NEAR (INTERSECTIONS ONLY),1,68748,2,0,0,1,1,2,1,2,T intersection,3,50,Local Road,KNOX,-37.893963,145.26807,3156.0,True,Reservoir HS,28347.2
T20250015576,2025-07-06,13:00:00,7,Fall from or in moving vehicle,6,Saturday,190,FELL IN/FROM VEHICLE,1,819738,1,0,0,1,1,2,2,5,Not at intersection,3,999,Local Road,MOIRA,-35.9119,145.65718,3644.0,True,William Ruthven SC,206812.0
T20240009717,2024-04-04,08:56:00,1,Collision with vehicle,5,Thursday,121,RIGHT THROUGH,1,40187,2,0,0,1,1,2,2,2,T intersection,3,60,Arterial Other,STONNINGTON,-37.853806,145.00775,3181.0,True,Preston HS,12465.7
T20240030817,2024-08-11,14:00:00,2,Struck Pedestrian,6,Friday,100,PED NEAR SIDE. PED HIT BY VEHICLE FROM THE RIGHT.,1,811817,1,0,0,1,1,2,2,5,Not at intersection,3,999,Local Road,KNOX,-37.89836,145.23047,3179.0,True,Preston HS,26237.4
T20230018831,2023-12-08,18:40:00,2,Struck Pedestrian,7,Saturday,102,FAR SIDE. PED HIT BY VEHICLE FROM THE LEFT,5,778969,1,0,1,0,1,2,1,5,Not at intersection,2,50,Local Road,WYNDHAM,-37.8967,144.75497,3030.0,True,Preston HS,28062.9
T20240026202,2024-04-07,15:03:00,2,Struck Pedestrian,5,Thursday,109,ANY MANOEUVRE INVOLVING PED NOT INCLUDED IN DCAs 100-108.,1,818302,1,0,1,0,1,2,1,5,Not at intersection,2,40,Local Road,MELBOURNE,-37.812016,144.9605,3000.0,True,Preston HS,8826.5
T20250002849,2025-03-02,10:17:00,1,Collision with vehicle,2,Monday,135,LANE CHANGE LEFT (NOT OVERTAKING),1,40486,3,0,1,0,1,2,1,2,T intersection,2,40,Arterial Other,BOROONDARA,-37.842033,145.06891,3124.0,True,Preston HS,12408.3
T20250012656,2025-04-05,14:30:00,8,No collision and no object struck,0,Sunday,174,OUT OF CONTROL ON CARRIAGEWAY (ON STRAIGHT),9,818321,1,0,0,1,0,1,2,5,Not at intersection,3,110,Freeway,MITCHELL,-37.10748,145.09232,3659.0,True,William Ruthven SC,65974.1
T20220027312,2022-02-12,13:55:00,1,Collision with vehicle,5,Friday,121,RIGHT THROUGH,1,743465,2,0,0,1,1,2,1,2,T intersection,3,60,Arterial Highway,YARRA RANGES,-37.662544,145.51326,3777.0,True,Reservoir HS,43091.4
T20240017264,2024-08-07,16:16:00,4,Collision with a fixed object,1,Monday,183,OFF LEFT BEND INTO OBJECT/PARKED VEHICLE,1,806548,1,0,1,0,0,1,1,5,Not at intersection,2,999,Local Road,MELTON,-37.63821,144.55405,3337.0,True,William Ruthven SC,40043.9
T20210023241,2021-09-10,13:00:00,5,collision with some other object,7,Saturday,166,STRUCK OBJECT ON CARRIAGEWAY,1,700485,1,0,0,1,0,1,2,5,Not at intersection,3,999,Local Road,WELLINGTON,-38.622032,146.55548,3971.0,True,Reservoir HS,166740.2
T20220000083,2022-01-01,14:15:00,5,collision with some other object,7,Saturday,166,STRUCK OBJECT ON CARRIAGEWAY,1,702738,1,0,0,1,0,1,1,2,T intersection,3,50,Local Road,MANSFIELD,-37.318695,146.22438,3723.0,True,Reservoir HS,114549.3
T20210012661,2021-07-06,21:30:00,5,collision with some other object,2,Monday,166,STRUCK OBJECT ON CARRIAGEWAY,5,687630,1,0,1,0,0,1,1,5,Not at intersection,2,60,Arterial Other,MORNINGTON PENINSULA,-38.3315,145.00323,3936.0,True,Preston HS,65583.6
T20230011030,2023-10-05,20:30:00,1,Collision with vehicle,4,Wednesday,163,VEHICLE STRIKES DOOR OF PARKED/STATIONARY VEHICLE,3,782428,2,0,0,1,1,2,2,5,Not at intersection,3,50,Local Road,STONNINGTON,-37.846245,144.99426,3141.0,True,Preston HS,11679.5
T20210017852,2021-07-08,11:30:00,4,Collision with a fixed object,6,Saturday,173,RIGHT OFF CARRIAGEWAY INTO OBJECT/PARKED VEHICLE,1,742453,1,0,1,0,0,1,2,5,Not at intersection,2,60,Local Road,CASEY,-38.066875,145.31686,3805.0,True,Preston HS,45232.7
T20230015957,2023-10-07,09:43:00,2,Struck Pedestrian,2,Monday,100,PED NEAR SIDE. PED HIT BY VEHICLE FROM THE RIGHT.,1,777104,1,0,1,0,1,2,1,5,Not at intersection,2,80,Local Road,CASEY,-38.118973,145.32909,3978.0,True,Preston HS,50570.6
T20230023708,2023-11-10,14:00:00,1,Collision with vehicle,4,Wednesday,137,LEFT TURN SIDESWIPE,1,36693,2,0,1,0,1,2,1,2,T intersection,2,70,Arterial Highway,YARRA,-37.796986,144.99344,3067.0,True,Preston HS,6263.7
T20240014015,2024-01-06,14:30:00,2,Struck Pedestrian,7,Saturday,103,PED PLAYING/LYING/WORKING/STANDING ON CARRIAGEWAY.,1,815980,1,0,1,0,4,5,1,5,Not at intersection,2,50,Local Road,BAW BAW,-38.152416,145.91895,3820.0,True,Reservoir HS,91498.5
T20240025315,2024-07-10,11:40:00,8,No collision and no object struck,2,Monday,180,OFF CARRIAGEWAY ON RIGHT BEND,1,809348,1,0,1,0,0,1,1,5,Not at intersection,2,80,Local Road,BENALLA,-36.304897,146.15974,3675.0,True,William Ruthven SC,185731.4
T20210000561,2021-09-01,18:05:00,1,Collision with vehicle,7,Saturday,150,HEAD ON(OVERTAKING),1,672576,2,0,1,0,0,1,1,5,Not at intersection,2,80,Arterial Other,YARRA RANGES,-37.837437,145.42766,3795.0,True,Reservoir HS,37265.3
T20220010799,2022-01-05,17:10:00,8,No collision and no object struck,1,Sunday,170,OFF CARRIAGEWAY TO LEFT,1,340495,1,0,1,1,0,2,1,1,Cross intersection,2,60,Local Road,HUME,-37.5833,144.93501,3064.0,True,William Ruthven SC,13942.0
T20210010514,2021-10-05,18:02:00,1,Collision with vehicle,1,Monday,121,RIGHT THROUGH,3,292723,2,0,0,1,1,2,1,2,T intersection,3,60,Local Road,WYNDHAM,-37.858295,144.70493,3029.0,True,Preston HS,29545.5
T20220027417,2022-03-12,13:00:00,1,Collision with vehicle,7,Saturday,130,REAR END(VEHICLES IN SAME LANE),1,776642,2,0,1,1,0,2,1,5,Not at intersection,2,100,Arterial Other,STRATHBOGIE,-36.874084,145.59888,3666.0,True,William Ruthven SC,105559.1
T20220019906,2022-03-09,09:56:00,1,Collision with vehicle,7,Saturday,140,U TURN,1,723854,2,0,0,1,1,2,1,5,Not at intersection,3,60,Local Road,WODONGA,-36.115135,146.87746,3690.0,True,William Ruthven SC,242267.1
T20230003387,2023-11-02,16:27:00,1,Collision with vehicle,7,Saturday,147,VEHICLE STRIKES ANOTHER VEH WHILE EMERGING FROM DRIVEWAY,1,753878,2,0,0,1,1,2,1,5,Not at intersection,3,50,Local Road,STONNINGTON,-37.877354,145.08208,3145.0,True,Preston HS,16459.5
T20220010313,2022-08-05,10:30:00,6,Vehicle overturned (no collision),1,Sunday,182,OFF CARRIAGEWAY ON LEFT BEND,1,712497,1,0,0,1,0,1,1,5,Not at intersection,3,80,Arterial Other,MURRINDINDI,-37.244926,145.17451,3658.0,True,William Ruthven SC,52448.9
T20240029951,2024-12-11,19:45:00,1,Collision with vehicle,2,Tuesday,116,LEFT NEAR (INTERSECTIONS ONLY),2,65153,2,0,0,1,1,2,2,1,Cross intersection,3,40,Local Road,YARRA,-37.797375,144.98943,3066.0,True,Preston HS,6382.6
T20220017702,2022-08-08,07:55:00,1,Collision with vehicle,2,Monday,147,VEHICLE STRIKES ANOTHER VEH WHILE EMERGING FROM DRIVEWAY,1,281239,2,0,0,1,1,2,1,5,Not at intersection,3,60,Local Road,DAREBIN,-37.7181,145.0074,3073.0,True,Reservoir HS,1993.2
T20250015337,2025-08-06,14:10:00,2,Struck Pedestrian,1,Sunday,100,PED NEAR SIDE. PED HIT BY VEHICLE FROM THE RIGHT.,1,35358,1,0,1,0,1,2,1,1,Cross intersection,2,40,Local Road,MELBOURNE,-37.809593,144.96382,3000.0,True,Preston HS,8453.5
T20250020580,2025-03-07,10:30:00,2,Struck Pedestrian,5,Thursday,100,PED NEAR SIDE. PED HIT BY VEHICLE FROM THE RIGHT.,9,820910,1,0,1,0,1,2,2,5,Not at intersection,2,50,Local Road,KINGSTON,-37.960434,145.05475,3192.0,True,Preston HS,24679.3
T20250021168,2025-10-08,16:00:00,1,Collision with vehicle,1,Sunday,113,RIGHT NEAR (INTERSECTIONS ONLY),1,41134,2,0,1,0,1,2,1,1,Cross intersection,2,60,Arterial Other,BAYSIDE,-37.893715,144.9903,3186.0,True,Preston HS,16967.6
T20240011231,2024-03-05,14:40:00,1,Collision with vehicle,6,Friday,148,VEHICLE OFF FOOTPATH STRIKES VEH ON CARRIAGEWAY,1,802685,2,0,1,0,1,2,1,2,T intersection,2,50,,CARDINIA,-38.07935,145.48466,3810.0,True,Preston HS,56257.4
T20230005903,2023-11-03,23:14:00,4,Collision with a fixed object,7,Saturday,171,LEFT OFF CARRIAGEWAY INTO OBJECT/PARKED VEHICLE,5,773709,1,0,1,0,0,1,1,5,Not at intersection,2,100,Arterial Highway,GEELONG,-38.194984,144.48297,3224.0,True,Preston HS,68201.2
T20250012269,2025-08-05,08:59:00,1,Collision with vehicle,4,Thursday,121,RIGHT THROUGH,1,35298,2,0,0,1,1,2,1,1,Cross intersection,3,40,Arterial Other,MORELAND,-37.778294,144.97069,3057.0,True,Preston HS,5177.1
T20250000069,2025-01-01,18:01:00,2,Struck Pedestrian,3,Wednesday,103,PED PLAYING/LYING/WORKING/STANDING ON CARRIAGEWAY.,1,815152,1,0,2,0,0,2,1,5,Not at intersection,2,50,Local Road,WHITTLESEA,-37.611713,145.03354,3750.0,True,William Ruthven SC,9808.3
T20230023638,2023-10-10,15:16:00,1,Collision with vehicle,3,Tuesday,152,PULLING OUT (OVERTAKING),1,795060,2,0,0,1,1,2,1,5,Not at intersection,3,50,Local Road,BALLARAT,-37.57583,143.82416,3356.0,True,William Ruthven SC,104666.2
T20240023605,2024-08-09,11:30:00,8,No collision and no object struck,1,Sunday,180,OFF CARRIAGEWAY ON RIGHT BEND,1,809734,1,0,0,1,0,1,2,5,Not at intersection,3,888,Local Road,TOWONG,-36.499844,147.59068,3701.0,True,Reservoir HS,264679.3
T20230006370,2023-08-02,19:10:00,1,Collision with vehicle,4,Wednesday,163,VEHICLE STRIKES DOOR OF PARKED/STATIONARY VEHICLE,2,775627,2,0,0,1,1,2,2,5,Not at intersection,3,50,Arterial Other,STONNINGTON,-37.85232,144.99681,3181.0,True,Preston HS,12333.6
T20250012417,2025-09-05,16:28:00,2,Struck Pedestrian,6,Friday,102,FAR SIDE. PED HIT BY VEHICLE FROM THE LEFT,1,818221,1,0,0,1,2,3,1,5,Not at intersection,3,60,Arterial Other,MANNINGHAM,-37.781223,145.1634,3109.0,True,Reservoir HS,13475.0
T20250017919,2025-05-07,19:13:00,1,Collision with vehicle,6,Saturday,121,RIGHT THROUGH,4,819985,3,0,2,0,1,3,1,5,Not at intersection,2,50,Local Road,WYNDHAM,-37.835068,144.65515,3029.0,True,Preston HS,32623.7
T20240032587,2024-07-11,12:25:00,1,Collision with vehicle,5,Thursday,116,LEFT NEAR (INTERSECTIONS ONLY),1,262754,2,0,0,1,1,2,1,1,Cross intersection,3,50,Local Road,GEELONG,-38.16706,144.56749,3222.0,True,Preston HS,61013.9
T20250006268,2025-07-03,16:00:00,2,Struck Pedestrian,6,Friday,102,FAR SIDE. PED HIT BY VEHICLE FROM THE LEFT,1,816029,1,0,1,0,1,2,1,5,Not at intersection,2,50,Local Road,YARRA RANGES,-37.785503,145.33238,3138.0,True,Reservoir HS,27545.5
T20220010796,2022-03-05,10:00:00,2,Struck Pedestrian,3,Tuesday,106,VEH STRIKES PED ON FOOTPATH/MEDIAN/TRAFFIC ISLAND.,1,727212,1,0,0,1,1,2,2,5,Not at intersection,3,60,Arterial Other,BAYSIDE,-37.90467,144.98825,3186.0,True,Preston HS,18196.9
T20230017987,2023-02-08,07:00:00,1,Collision with vehicle,4,Wednesday,113,RIGHT NEAR (INTERSECTIONS ONLY),2,254695,2,0,0,1,1,2,2,1,Cross intersection,3,50,Local Road,WODONGA,-36.155357,146.88226,3691.0,True,William Ruthven SC,239308.1
T20240009405,2024-02-04,08:00:00,6,Vehicle overturned (no collision),3,Tuesday,174,OUT OF CONTROL ON CARRIAGEWAY (ON STRAIGHT),1,356140,1,0,0,1,0,1,9,4,Multiple intersection,3,999,Freeway,BRIMBANK,-37.794624,144.78981,3020.0,True,Preston HS,19985.6
T20210007673,2021-06-04,13:58:00,1,Collision with vehicle,3,Tuesday,136,RIGHT TURN SIDESWIPE,1,48246,2,0,1,0,1,2,1,2,T intersection,2,60,Local Road,WYNDHAM,-37.89393,144.62924,3024.0,True,Preston HS,37258.4
T20220027466,2022-03-12,21:00:00,2,Struck Pedestrian,7,Saturday,103,PED PLAYING/LYING/WORKING/STANDING ON CARRIAGEWAY.,2,751714,1,0,1,0,1,2,1,5,Not at intersection,2,60,Local Road,MELTON,-37.671078,144.57083,3337.0,True,William Ruthven SC,38135.0
T20220022360,2022-04-10,16:20:00,1,Collision with vehicle,2,Tuesday,113,RIGHT NEAR (INTERSECTIONS ONLY),1,43132,2,0,0,1,1,2,1,2,T intersection,3,60,Local Road,CASEY,-37.966618,145.24344,3802.0,True,Preston HS,32496.8
T20220015016,2022-03-07,14:00:00,6,Vehicle overturned (no collision),1,Sunday,180,OFF CARRIAGEWAY ON RIGHT BEND,1,718561,1,0,0,1,0,1,2,5,Not at intersection,3,999,Local Road,YARRA RANGES,-37.900635,145.61693,3139.0,True,Reservoir HS,55287.2
T20240028461,2024-03-11,09:40:00,8,No collision and no object struck,1,Sunday,184,OUT OF CONTROL ON CARRIAGEWAY (ON BEND),1,810998,1,0,1,0,0,1,1,5,Not at intersection,2,60,Arterial Other,MOONEE VALLEY,-37.73998,144.85364,3033.0,True,Preston HS,13495.3
T20230017876,2023-01-08,06:00:00,1,Collision with vehicle,3,Tuesday,110,CROSS TRAFFIC(INTERSECTIONS ONLY),2,43831,2,0,1,0,2,3,1,1,Cross intersection,2,50,Local Road,DAREBIN,-37.707897,144.99791,3073.0,True,William Ruthven SC,1339.6
T20220008897,2022-10-04,12:12:00,1,Collision with vehicle,1,Sunday,130,REAR END(VEHICLES IN SAME LANE),1,57118,2,0,0,1,1,2,2,1,Cross intersection,3,888,Local Road,MACEDON RANGES,-37.250103,144.61963,3435.0,True,William Ruthven SC,60073.2
T20230002968,2023-06-02,16:48:00,1,Collision with vehicle,2,Monday,152,PULLING OUT (OVERTAKING),2,760223,2,0,0,1,1,2,1,5,Not at intersection,3,100,Arterial Other,SOUTH GIPPSLAND,-38.5113,146.07236,3956.0,True,Preston HS,126511.7
T20220011208,2022-12-04,11:00:00,1,Collision with vehicle,3,Tuesday,159,OTHER OVERTAKING MANOEUVRES NOT INCLUDED IN DCAs 150-154,1,714002,2,0,0,2,0,2,2,5,Not at intersection,3,100,Local Road,NILLUMBIK,-37.535435,145.26762,3099.0,True,William Ruthven SC,29397.3
T20230002700,2023-03-02,06:10:00,2,Struck Pedestrian,6,Friday,100,PED NEAR SIDE. PED HIT BY VEHICLE FROM THE RIGHT.,2,43199,1,0,1,0,1,2,1,5,Not at intersection,2,60,Arterial Highway,KINGSTON,-38.02776,145.10214,3195.0,True,Preston HS,32883.8
T20210018948,2021-09-09,19:50:00,4,Collision with a fixed object,4,Thursday,181,OFF RIGHT BEND INTO OBJECT/PARKED VEHICLE,5,741535,1,0,1,0,0,1,1,5,Not at intersection,2,80,Local Road,WYNDHAM,-37.92761,144.74269,3030.0,True,Preston HS,31089.1
T20210019104,2021-12-09,10:45:00,8,No collision and no object struck,1,Sunday,180,OFF CARRIAGEWAY ON RIGHT BEND,1,692620,1,0,1,0,0,1,1,5,Not at intersection,2,50,Local Road,BANYULE,-37.740536,145.0821,3084.0,True,Reservoir HS,5054.3
T20230020425,2023-01-09,11:38:00,1,Collision with vehicle,6,Friday,131,LEFT REAR,1,782174,2,0,1,0,1,2,1,2,T intersection,2,50,Local Road,STONNINGTON,-37.84989,145.04292,3146.0,True,Preston HS,12435.1
T20250003133,2025-06-02,08:30:00,1,Collision with vehicle,5,Thursday,113,RIGHT NEAR (INTERSECTIONS ONLY),1,814833,2,0,1,0,1,2,1,2,T intersection,2,60,Arterial Other,WYNDHAM,-37.82247,144.71901,3029.0,True,Preston HS,26863.9
T20210003050,2021-09-02,07:10:00,8,No collision and no object struck,3,Tuesday,172,OFF CARRIAGEWAY TO RIGHT,1,43447,1,0,0,1,0,1,2,1,Cross intersection,3,60,Local Road,FRANKSTON,-38.148556,145.12068,3199.0,True,Preston HS,46323.6
T20230010374,2023-03-05,19:20:00,2,Struck Pedestrian,4,Wednesday,102,FAR SIDE. PED HIT BY VEHICLE FROM THE LEFT,3,773572,1,0,0,1,1,2,1,5,Not at intersection,3,40,Local Road,MELBOURNE,-37.818943,144.95459,3000.0,True,Preston HS,9750.3
T20220010027,2022-01-05,16:00:00,6,Vehicle overturned (no collision),0,Sunday,184,OUT OF CONTROL ON CARRIAGEWAY (ON BEND),1,716312,1,0,0,1,0,1,2,5,Not at intersection,3,999,Local Road,MANSFIELD,-37.10018,146.22005,3723.0,True,Reservoir HS,125877.5
T20230020804,2023-05-09,16:02:00,2,Struck Pedestrian,2,Tuesday,101,PED EMERGES FROM IN FRONT OF PARKED OR STATIONARY VEHICLE,1,46654,1,0,0,2,0,2,1,3,Y intersection,3,60,Arterial Other,YARRA RANGES,-37.78963,145.31004,3138.0,True,Reservoir HS,25779.7
T20210015096,2021-09-07,11:50:00,2,Struck Pedestrian,6,Friday,109,ANY MANOEUVRE INVOLVING PED NOT INCLUDED IN DCAs 100-108.,1,693563,1,0,1,0,1,2,1,5,Not at intersection,2,40,Local Road,BOROONDARA,-37.820084,145.04286,3122.0,True,Preston HS,9265.2
T20220020204,2022-07-09,15:40:00,2,Struck Pedestrian,3,Wednesday,100,PED NEAR SIDE. PED HIT BY VEHICLE FROM THE RIGHT.,1,782592,1,0,0,1,2,3,1,5,Not at intersection,3,50,Local Road,CASEY,-38.03175,145.27429,3976.0,True,Preston HS,39874.9
T20230013188,2023-05-06,17:49:00,1,Collision with vehicle,2,Monday,113,RIGHT NEAR (INTERSECTIONS ONLY),2,806623,2,0,0,1,1,2,1,2,T intersection,3,60,Local Road,FRANKSTON,-38.087738,145.19794,3977.0,True,Preston HS,41961.9
T20250005904,2025-04-03,17:50:00,1,Collision with vehicle,3,Tuesday,148,VEHICLE OFF FOOTPATH STRIKES VEH ON CARRIAGEWAY,1,226933,2,0,1,0,1,2,1,1,Cross intersection,2,60,Local Road,DAREBIN,-37.76433,144.9922,3070.0,True,Preston HS,2836.9
T20220000574,2022-10-01,17:49:00,2,Struck Pedestrian,2,Monday,107,PED ON FOOTHPATH STRUCK BY VEHENTERING/LEAVING DRIVEWAY.,1,706769,1,0,1,0,1,2,1,5,Not at intersection,2,50,Local Road,WYNDHAM,-37.889736,144.67798,3030.0,True,Preston HS,33268.4
T20250003365,2025-08-02,10:23:00,1,Collision with vehicle,6,Saturday,147,VEHICLE STRIKES ANOTHER VEH WHILE EMERGING FROM DRIVEWAY,1,814887,2,0,0,1,1,2,1,5,Not at intersection,3,50,Local Road,MAROONDAH,-37.812428,145.28122,3136.0,True,Reservoir HS,24293.4
T20240027878,2024-02-11,15:35:00,2,Struck Pedestrian,7,Saturday,103,PED PLAYING/LYING/WORKING/STANDING ON CARRIAGEWAY.,1,813308,1,0,0,1,1,2,1,5,Not at intersection,3,50,Local Road,WHITEHORSE,-37.83797,145.15312,3130.0,True,Preston HS,16710.3
T20230005906,2023-11-03,22:45:00,1,Collision with vehicle,6,Saturday,113,RIGHT NEAR (INTERSECTIONS ONLY),3,35999,2,0,0,1,1,2,1,2,T intersection,3,60,Local Road,MELBOURNE,-37.785526,144.96953,3054.0,True,Preston HS,5886.9
T20240022456,2024-03-09,17:20:00,1,Collision with vehicle,2,Tuesday,147,VEHICLE STRIKES ANOTHER VEH WHILE EMERGING FROM DRIVEWAY,1,808147,2,0,0,1,3,4,1,5,Not at intersection,3,70,Local Road,YARRA RANGES,-37.779903,145.312,3138.0,True,Reservoir HS,25655.5
T20220010537,2022-10-05,13:22:00,1,Collision with vehicle,3,Tuesday,113,RIGHT NEAR (INTERSECTIONS ONLY),1,767,2,0,1,0,2,3,1,1,Cross intersection,2,60,Local Road,BAYSIDE,-37.95769,145.02919,3191.0,True,Preston HS,24095.2
T20240011962,2024-11-05,11:18:00,1,Collision with vehicle,7,Saturday,148,VEHICLE OFF FOOTPATH STRIKES VEH ON CARRIAGEWAY,1,803090,2,0,0,1,1,2,1,5,Not at intersection,3,40,Arterial Highway,PORT PHILLIP,-37.870106,144.98848,3182.0,True,Preston HS,14371.5
T20250020904,2025-07-08,17:44:00,2,Struck Pedestrian,5,Thursday,100,PED NEAR SIDE. PED HIT BY VEHICLE FROM THE RIGHT.,2,820972,1,0,1,0,1,2,1,5,Not at intersection,2,60,Arterial Other,GLEN EIRA,-37.888863,145.05597,3163.0,True,Preston HS,16917.5
T20250019576,2025-04-07,06:00:00,2,Struck Pedestrian,6,Friday,102,FAR SIDE. PED HIT BY VEHICLE FROM THE LEFT,6,822421,1,0,0,1,1,2,2,2,T intersection,3,40,Local Road,STONNINGTON,-37.857452,145.03609,3144.0,True,Preston HS,13120.6
T20220028151,2022-11-12,12:55:00,1,Collision with vehicle,0,Sunday,116,LEFT NEAR (INTERSECTIONS ONLY),1,783392,2,0,0,1,1,2,1,1,Cross intersection,3,60,Arterial Highway,BANYULE,-37.7589,145.06157,3084.0,True,Reservoir HS,4947.1
T20250014686,2025-01-06,17:33:00,3,Struck animal,1,Sunday,167,STRUCK ANIMAL,5,818854,1,0,0,2,0,2,1,5,Not at intersection,3,60,Arterial Other,NILLUMBIK,-37.684223,145.21925,3097.0,True,Reservoir HS,17233.3
T20240028473,2024-08-11,17:32:00,1,Collision with vehicle,6,Friday,110,CROSS TRAFFIC(INTERSECTIONS ONLY),1,29540,2,0,1,0,1,2,1,1,Cross intersection,2,60,Arterial Other,BOROONDARA,-37.7953,145.03629,3101.0,True,Preston HS,6488.9
T20250001239,2025-11-01,07:59:00,1,Collision with vehicle,7,Saturday,149,OTHER MANOEUVRING NOT INCLUDED IN DCAs 140-148,1,813865,2,0,0,1,1,2,2,5,Not at intersection,3,50,Local Road,BENDIGO,-36.76684,144.29114,3550.0,True,William Ruthven SC,121072.4
T20230018666,2023-10-08,19:11:00,1,Collision with vehicle,4,Thursday,110,CROSS TRAFFIC(INTERSECTIONS ONLY),3,42230,2,0,0,1,1,2,1,1,Cross intersection,3,50,Local Road,MORELAND,-37.727272,144.94656,3044.0,True,Preston HS,5560.3
T20230028979,2023-08-12,07:08:00,6,Vehicle overturned (no collision),6,Friday,179,OTHER ACCIDENTS-OFF STRAIGHT NOT INCLUDED IN DCAs 170-175,2,49281,1,0,1,0,0,1,1,1,Cross intersection,2,50,Arterial Highway,BALLARAT,-37.55937,143.85522,3350.0,True,William Ruthven SC,102222.5
T20230018990,2023-11-08,09:30:00,6,Vehicle overturned (no collision),6,Friday,174,OUT OF CONTROL ON CARRIAGEWAY (ON STRAIGHT),1,60987,1,0,0,1,0,1,2,1,Cross intersection,3,50,Local Road,HUME,-37.587067,144.72772,3429.0,True,William Ruthven SC,27122.4
T20220002723,2022-06-02,13:00:00,6,Vehicle overturned (no collision),1,Sunday,174,OUT OF CONTROL ON CARRIAGEWAY (ON STRAIGHT),1,706998,1,0,0,1,0,1,2,5,Not at intersection,3,999,,BAW BAW,-38.041054,146.07437,3831.0,True,Reservoir HS,98316.7
T20230021527,2023-02-09,13:14:00,6,Vehicle overturned (no collision),7,Saturday,180,OFF CARRIAGEWAY ON RIGHT BEND,1,805556,1,0,1,0,0,1,1,5,Not at intersection,2,100,Arterial Other,BAW BAW,-37.885475,146.09651,3833.0,True,Reservoir HS,95489.5
T20240019488,2024-02-08,06:37:00,1,Collision with vehicle,6,Friday,113,RIGHT NEAR (INTERSECTIONS ONLY),2,805626,2,0,1,0,1,2,1,2,T intersection,2,40,Local Road,MELTON,-37.74634,144.6808,3029.0,True,Preston HS,28695.5
T20220029703,2022-12-12,15:45:00,1,Collision with vehicle,2,Monday,175,OFF END OF ROAD/T-INTERSECTION.,1,744610,2,0,0,1,1,2,2,2,T intersection,3,50,Local Road,MORNINGTON PENINSULA,-38.37274,144.9138,3939.0,True,Preston HS,70642.3
T20230005639,2023-08-02,11:03:00,2,Struck Pedestrian,4,Wednesday,104,PED WALKING WITH TRAFFIC,9,786699,1,0,0,1,1,2,2,5,Not at intersection,3,50,Local Road,WHITEHORSE,-37.818176,145.17285,3131.0,True,Reservoir HS,16504.5
T20230002660,2023-02-02,14:00:00,1,Collision with vehicle,5,Thursday,169,OTHER ON PATH,1,752081,2,0,0,1,0,1,2,2,T intersection,3,50,Local Road,WYNDHAM,-37.88781,144.62836,3024.0,True,Preston HS,37024.8
T20210019003,2021-09-07,17:00:00,6,Vehicle overturned (no collision),5,Friday,174,OUT OF CONTROL ON CARRIAGEWAY (ON STRAIGHT),2,692468,1,0,0,1,0,1,2,1,Cross intersection,3,70,Arterial Other,CASEY,-38.02586,145.25026,3976.0,True,Preston HS,38128.4
T20240031278,2024-06-12,15:25:00,2,Struck Pedestrian,6,Friday,100,PED NEAR SIDE. PED HIT BY VEHICLE FROM THE RIGHT.,1,328191,1,0,1,0,1,2,1,5,Not at intersection,2,60,Arterial Other,FRANKSTON,-38.13841,145.12782,3199.0,True,Preston HS,45364.7
T20230015699,2023-06-07,17:40:00,2,Struck Pedestrian,5,Thursday,100,PED NEAR SIDE. PED HIT BY VEHICLE FROM THE RIGHT.,2,780221,1,0,1,0,1,2,1,2,T intersection,2,50,Local Road,WHITEHORSE,-37.839554,145.1109,3128.0,True,Preston HS,14198.2
T20240017531,2024-11-07,18:20:00,2,Struck Pedestrian,5,Thursday,102,FAR SIDE. PED HIT BY VEHICLE FROM THE LEFT,6,806307,1,0,1,0,1,2,1,2,T intersection,2,50,Local Road,MELTON,-37.67621,144.57578,3337.0,True,William Ruthven SC,37660.7
T20240002662,2024-02-02,15:00:00,4,Collision with a fixed object,6,Friday,173,RIGHT OFF CARRIAGEWAY INTO OBJECT/PARKED VEHICLE,1,765292,1,1,0,0,1,2,1,5,Not at intersection,1,60,Arterial Other,WODONGA,-36.122257,146.86716,3690.0,True,William Ruthven SC,241057.2
T20230015668,2023-06-07,15:25:00,1,Collision with vehicle,5,Thursday,121,RIGHT THROUGH,1,776812,2,0,1,0,1,2,1,2,T intersection,2,60,Arterial Other,BOROONDARA,-37.81506,145.0276,3122.0,True,Preston HS,8353.9