ACCIDENT_NO,ACCIDENT_DATE,ACCIDENT_TIME,ACCIDENT_TYPE,ACCIDENT_TYPE_DESC,DAY_OF_WEEK,DAY_WEEK_DESC,DCA_CODE,DCA_DESC,LIGHT_CONDITION,NODE_ID,NO_OF_VEHICLES,NO_PERSONS_KILLED,NO_PERSONS_INJ_2,NO_PERSONS_INJ_3,NO_PERSONS_NOT_INJ,NO_PERSONS,POLICE_ATTEND,ROAD_GEOMETRY,ROAD_GEOMETRY_DESC,SEVERITY,SPEED_ZONE,RMA,LGA_NAME,LATITUDE,LONGITUDE,POSTCODE_CRASH,PED_OR_CYC,nearest_school,dist_to_gate_m
T20240005832,2024-07-03,17:30:00,2,Struck Pedestrian,5,Thursday,100,PED NEAR SIDE. PED HIT BY VEHICLE FROM THE RIGHT.,1,45877,1,0,0,1,1,2,1,1,Cross intersection,3,60,Arterial Highway,BANYULE,-37.752693,145.05022,3081.0,True,Reservoir HS,3833.8
T20240020462,2024-12-08,08:55:00,1,Collision with vehicle,2,Monday,148,VEHICLE OFF FOOTPATH STRIKES VEH ON CARRIAGEWAY,1,47385,2,0,0,1,1,2,2,1,Cross intersection,3,999,Local Road,MORELAND,-37.721367,144.92255,3046.0,True,William Ruthven SC,7595.7
T20210002702,2021-06-02,10:30:00,1,Collision with vehicle,7,Saturday,110,CROSS TRAFFIC(INTERSECTIONS ONLY),1,50032,2,0,1,0,1,2,1,4,Multiple intersection,2,60,Local Road,GEELONG,-38.159065,144.36948,3219.0,True,Preston HS,72659.6
T20230003464,2023-12-02,22:35:00,7,Fall from or in moving vehicle,1,Sunday,170,OFF CARRIAGEWAY TO LEFT,3,781883,1,0,0,1,0,1,1,5,Not at intersection,3,50,Local Road,CASEY,-37.98622,145.27644,3802.0,True,Preston HS,36031.9
T20240022350,2024-02-09,13:42:00,2,Struck Pedestrian,2,Monday,100,PED NEAR SIDE. PED HIT BY VEHICLE FROM THE RIGHT.,1,808450,1,0,1,0,1,2,1,5,Not at intersection,2,50,Arterial Other,MELBOURNE,-37.79883,144.954,3052.0,True,Preston HS,7882.8
T20240005856,2024-07-03,19:45:00,2,Struck Pedestrian,5,Thursday,100,PED NEAR SIDE. PED HIT BY VEHICLE FROM THE RIGHT.,3,701538,1,0,0,1,1,2,1,2,T intersection,3,70,Arterial Highway,DANDENONG,-37.992825,145.21594,3175.0,True,Preston HS,33403.7
T20240011569,2024-02-05,16:45:00,6,Vehicle overturned (no collision),4,Thursday,149,OTHER MANOEUVRING NOT INCLUDED IN DCAs 140-148,1,45875,1,0,0,1,0,1,2,2,T intersection,3,40,Local Road,CASEY,-38.13164,145.29419,3977.0,True,Preston HS,50139.0
T20220015343,2022-08-07,20:36:00,2,Struck Pedestrian,6,Friday,102,FAR SIDE. PED HIT BY VEHICLE FROM THE LEFT,3,302865,1,0,1,0,1,2,1,4,Multiple intersection,2,60,Arterial Highway,DANDENONG,-37.990112,145.21469,3175.0,True,Preston HS,33091.6
T20220013128,2022-10-06,15:15:00,2,Struck Pedestrian,6,Friday,100,PED NEAR SIDE. PED HIT BY VEHICLE FROM THE RIGHT.,1,754762,1,0,1,0,1,2,1,5,Not at intersection,2,80,Arterial Other,FRANKSTON,-38.155113,145.16551,3199.0,True,Preston HS,48022.1
T20250021369,2025-12-08,16:59:00,8,No collision and no object struck,3,Tuesday,174,OUT OF CONTROL ON CARRIAGEWAY (ON STRAIGHT),2,821216,2,0,1,0,1,2,1,2,T intersection,2,60,Arterial Highway,MELBOURNE,-37.827953,144.98825,3121.0,True,Preston HS,9732.9
T20240003069,2024-07-02,17:45:00,1,Collision with vehicle,4,Wednesday,111,RIGHT FAR (INTERSECTIONS ONLY),1,36107,2,0,1,0,1,2,1,1,Cross intersection,2,60,Arterial Other,MELBOURNE,-37.808464,144.9487,3003.0,True,Preston HS,9025.5
T20250012338,2025-05-05,07:20:00,6,Vehicle overturned (no collision),2,Monday,174,OUT OF CONTROL ON CARRIAGEWAY (ON STRAIGHT),1,818147,1,0,1,0,0,1,1,5,Not at intersection,2,50,Local Road,FRANKSTON,-38.11318,145.19351,3201.0,True,Preston HS,44424.8
T20240028026,2024-04-11,13:40:00,2,Struck Pedestrian,2,Monday,109,ANY MANOEUVRE INVOLVING PED NOT INCLUDED IN DCAs 100-108.,1,815306,2,0,0,1,3,4,1,5,Not at intersection,3,60,Local Road,WHITTLESEA,-37.60008,145.091,3754.0,True,William Ruthven SC,13231.9
T20240011247,2024-03-05,22:00:00,1,Collision with vehicle,6,Friday,130,REAR END(VEHICLES IN SAME LANE),3,803662,2,0,1,0,2,3,1,5,Not at intersection,2,60,Arterial Highway,MELBOURNE,-37.827877,144.96216,3006.0,True,Preston HS,10364.4
T20240008705,2024-07-04,13:05:00,1,Collision with vehicle,1,Sunday,110,CROSS TRAFFIC(INTERSECTIONS ONLY),1,812380,2,0,1,0,2,3,1,1,Cross intersection,2,80,Arterial Other,BAW BAW,-38.100243,145.92207,3821.0,True,Reservoir HS,88870.5
T20230013635,2023-11-06,22:15:00,2,Struck Pedestrian,1,Sunday,109,ANY MANOEUVRE INVOLVING PED NOT INCLUDED IN DCAs 100-108.,4,777156,2,0,2,0,1,3,1,9,Unknown,2,888,Local Road,MURRINDINDI,-37.184635,145.72989,3714.0,True,William Ruthven SC,85781.5
T20220000089,2022-02-01,08:30:00,8,No collision and no object struck,0,Sunday,170,OFF CARRIAGEWAY TO LEFT,1,701924,2,0,0,1,1,2,1,2,T intersection,3,60,Local Road,CARDINIA,-38.06432,145.38766,3809.0,True,Preston HS,49008.1
T20220020837,2022-02-04,09:30:00,3,Struck animal,7,Saturday,167,STRUCK ANIMAL,1,725558,1,0,0,1,0,1,2,5,Not at intersection,3,999,,BAW BAW,-37.997196,146.0391,3831.0,True,Reservoir HS,93759.7
T20250015650,2025-12-06,08:58:00,8,No collision and no object struck,4,Thursday,149,OTHER MANOEUVRING NOT INCLUDED IN DCAs 140-148,1,819394,1,0,0,1,0,1,1,5,Not at intersection,3,60,Arterial Highway,MARIBYRNONG,-37.822063,144.89838,3013.0,True,Preston HS,13082.1
T20220027183,2022-01-07,07:20:00,8,No collision and no object struck,6,Friday,170,OFF CARRIAGEWAY TO LEFT,2,44641,1,0,0,1,0,1,2,1,Cross intersection,3,50,Local Road,BENDIGO,-36.76229,144.28436,3550.0,True,William Ruthven SC,121818.1
T20240011973,2023-04-11,12:00:00,8,No collision and no object struck,7,Saturday,184,OUT OF CONTROL ON CARRIAGEWAY (ON BEND),1,810049,1,0,0,1,0,1,2,5,Not at intersection,3,100,Arterial Other,MANSFIELD,-37.593666,146.23053,3723.0,True,Reservoir HS,106699.0
T20220015481,2022-11-07,09:00:00,1,Collision with vehicle,1,Monday,134,LANE CHANGE RIGHT (NOT OVERTAKING),1,635948,2,0,1,0,1,2,1,2,T intersection,2,60,Arterial Other,DAREBIN,-37.78222,145.0063,3070.0,True,Preston HS,4506.2
T20240006068,2024-10-03,10:55:00,1,Collision with vehicle,1,Sunday,120,HEAD ON (NOT OVERTAKING),1,800877,2,0,1,0,2,3,1,5,Not at intersection,2,100,Local Road,CARDINIA,-38.21367,145.6395,3981.0,True,Preston HS,76332.1
T20210005207,2021-09-03,11:04:00,2,Struck Pedestrian,3,Tuesday,100,PED NEAR SIDE. PED HIT BY VEHICLE FROM THE RIGHT.,1,45175,1,0,1,0,1,2,1,1,Cross intersection,2,60,Arterial Highway,BASS COAST,-38.40758,145.53038,3984.0,True,Preston HS,87064.8
T20250020372,2025-01-08,18:35:00,1,Collision with vehicle,6,Friday,130,REAR END(VEHICLES IN SAME LANE),3,39279,3,0,0,1,3,4,1,1,Cross intersection,3,60,Arterial Other,WHITEHORSE,-37.822285,145.114,3128.0,True,Preston HS,12982.8
T20250000028,2025-01-01,06:20:00,1,Collision with vehicle,4,Wednesday,148,VEHICLE OFF FOOTPATH STRIKES VEH ON CARRIAGEWAY,2,29485,2,0,1,0,3,4,1,4,Multiple intersection,2,60,Arterial Highway,DAREBIN,-37.77652,144.98975,3070.0,True,Preston HS,4161.4
T20220003008,2022-11-02,15:00:00,6,Vehicle overturned (no collision),6,Friday,172,OFF CARRIAGEWAY TO RIGHT,1,731816,1,0,1,0,0,1,1,5,Not at intersection,2,60,Arterial Other,HOBSONS BAY,-37.848713,144.84529,3025.0,True,Preston HS,18540.2
T20210008877,2021-12-04,15:00:00,2,Struck Pedestrian,2,Monday,106,VEH STRIKES PED ON FOOTPATH/MEDIAN/TRAFFIC ISLAND.,1,683061,1,0,0,1,0,1,2,5,Not at intersection,3,999,,WYNDHAM,-37.889343,144.62257,3024.0,True,Preston HS,37556.4
T20240008154,2024-01-04,00:16:00,3,Struck animal,2,Monday,167,STRUCK ANIMAL,5,804104,1,0,1,0,0,1,2,5,Not at intersection,2,100,Arterial Highway,MOYNE,-37.998405,142.70941,3273.0,True,Preston HS,203690.6
T20250008773,2025-01-04,10:40:00,2,Struck Pedestrian,3,Tuesday,104,PED WALKING WITH TRAFFIC,1,817007,1,0,0,1,2,3,2,5,Not at intersection,3,50,Local Road,FRANKSTON,-38.115273,145.19807,3977.0,True,Preston HS,44789.2
T20220012897,2022-03-06,06:00:00,9,Other accident,6,Friday,109,ANY MANOEUVRE INVOLVING PED NOT INCLUDED IN DCAs 100-108.,9,719122,1,0,1,0,1,2,1,5,Not at intersection,2,50,Local Road,LATROBE,-38.219585,146.41656,3840.0,True,Reservoir HS,133570.8
T20250018468,2025-11-07,14:06:00,4,Collision with a fixed object,6,Friday,173,RIGHT OFF CARRIAGEWAY INTO OBJECT/PARKED VEHICLE,1,820582,3,0,1,1,0,2,1,5,Not at intersection,2,60,Arterial Highway,KINGSTON,-38.026455,145.10136,3195.0,True,Preston HS,32726.1
T20240025138,2024-05-10,15:58:00,2,Struck Pedestrian,6,Saturday,102,FAR SIDE. PED HIT BY VEHICLE FROM THE LEFT,1,814221,1,0,0,1,1,2,1,5,Not at intersection,3,50,Arterial Other,PORT PHILLIP,-37.867477,144.98355,3182.0,True,Preston HS,14138.0
T20240028863,2024-12-11,17:43:00,1,Collision with vehicle,2,Tuesday,133,LANE SIDE SWIPE (VEHICLES IN PARALLEL LANES),1,811248,2,0,0,1,1,2,1,5,Not at intersection,3,40,Local Road,MELBOURNE,-37.816547,144.98256,3002.0,True,Preston HS,8597.5
T20230021609,2023-12-08,16:00:00,3,Struck animal,7,Saturday,167,STRUCK ANIMAL,1,780933,1,0,1,0,0,1,2,5,Not at intersection,2,50,Local Road,BENDIGO,-36.699852,144.25667,3556.0,True,William Ruthven SC,129042.1
T20230015415,2023-03-07,21:08:00,2,Struck Pedestrian,2,Monday,100,PED NEAR SIDE. PED HIT BY VEHICLE FROM THE RIGHT.,3,37405,1,0,1,0,1,2,1,1,Cross intersection,2,50,Local Road,PORT PHILLIP,-37.834415,144.94058,3207.0,True,Preston HS,11851.3
T20240003263,2024-06-02,16:33:00,1,Collision with vehicle,3,Tuesday,110,CROSS TRAFFIC(INTERSECTIONS ONLY),1,44642,2,0,1,0,1,2,1,1,Cross intersection,2,40,Local Road,BENDIGO,-36.760162,144.28197,3550.0,True,William Ruthven SC,122130.9
T20210022654,2021-09-11,11:30:00,2,Struck Pedestrian,3,Tuesday,108,PED STRUCK WALKING TO/FROM OR BOARDING/ALIGHTING VEHICLE.,1,697122,2,0,1,0,1,2,1,5,Not at intersection,2,60,Arterial Highway,MARIBYRNONG,-37.81158,144.90128,3011.0,True,Preston HS,12119.2
T20210012165,2021-10-05,22:50:00,6,Vehicle overturned (no collision),1,Monday,174,OUT OF CONTROL ON CARRIAGEWAY (ON STRAIGHT),3,684465,1,0,0,1,0,1,2,5,Not at intersection,3,70,Arterial Highway,GLEN EIRA,-37.863567,145.021,3161.0,True,Preston HS,13605.9
T20230014000,2023-10-06,11:30:00,1,Collision with vehicle,6,Saturday,137,LEFT TURN SIDESWIPE,9,776055,2,0,0,1,1,2,2,5,Not at intersection,3,50,Local Road,BAYSIDE,-37.8977,144.98877,3186.0,True,Preston HS,17421.0
T20250020499,2025-03-08,13:15:00,1,Collision with vehicle,1,Sunday,121,RIGHT THROUGH,1,40004,2,0,0,1,1,2,1,1,Cross intersection,3,50,Arterial Other,HOBSONS BAY,-37.84511,144.89229,3015.0,True,Preston HS,15296.8
T20220017655,2022-06-08,19:04:00,2,Struck Pedestrian,6,Saturday,102,FAR SIDE. PED HIT BY VEHICLE FROM THE LEFT,3,294054,1,0,0,1,1,2,2,1,Cross intersection,3,60,Local Road,BALLARAT,-37.557194,143.85533,3350.0,True,William Ruthven SC,102250.8
T20220005518,2022-11-03,15:30:00,6,Vehicle overturned (no collision),6,Friday,180,OFF CARRIAGEWAY ON RIGHT BEND,1,707243,2,0,1,0,2,3,1,5,Not at intersection,2,100,Freeway,MELTON,-37.79209,144.74959,3023.0,True,Preston HS,23318.5
T20210012784,2021-09-06,17:20:00,2,Struck Pedestrian,4,Wednesday,100,PED NEAR SIDE. PED HIT BY VEHICLE FROM THE RIGHT.,3,29666,1,0,1,0,1,2,1,1,Cross intersection,2,60,Arterial Other,MONASH,-37.90669,145.14195,3168.0,True,Preston HS,21837.2
T20220006066,2022-10-03,16:53:00,2,Struck Pedestrian,5,Thursday,100,PED NEAR SIDE. PED HIT BY VEHICLE FROM THE RIGHT.,1,707352,1,0,0,1,1,2,1,5,Not at intersection,3,40,Arterial Other,MORELAND,-37.74842,144.96536,3058.0,True,Preston HS,3745.3
T20220020769,2022-11-09,11:00:00,7,Fall from or in moving vehicle,1,Sunday,179,OTHER ACCIDENTS-OFF STRAIGHT NOT INCLUDED IN DCAs 170-175,1,782689,1,0,0,1,0,1,2,5,Not at intersection,3,999,,WELLINGTON,-37.367245,147.17688,3862.0,True,Reservoir HS,193400.1
T20210012761,2021-09-06,09:14:00,2,Struck Pedestrian,4,Wednesday,102,FAR SIDE. PED HIT BY VEHICLE FROM THE LEFT,1,685207,1,1,0,1,0,2,1,1,Cross intersection,1,70,Arterial Highway,GLEN EIRA,-37.88406,145.05797,3163.0,True,Preston HS,16448.4
T20240002507,2024-01-02,12:30:00,1,Collision with vehicle,5,Thursday,137,LEFT TURN SIDESWIPE,1,797926,2,0,1,0,1,2,1,2,T intersection,2,80,Local Road,WHITEHORSE,-37.833736,145.16309,3131.0,True,Reservoir HS,17068.1
T20230018098,2023-03-08,15:45:00,8,No collision and no object struck,4,Thursday,179,OTHER ACCIDENTS-OFF STRAIGHT NOT INCLUDED IN DCAs 170-175,1,789231,1,0,0,1,0,1,1,5,Not at intersection,3,888,Local Road,MOONEE VALLEY,-37.787052,144.9226,3031.0,True,Preston HS,8978.0
T20250012081,2025-01-05,17:55:00,1,Collision with vehicle,4,Thursday,121,RIGHT THROUGH,2,38976,2,0,0,1,1,2,2,2,T intersection,3,999,Arterial Other,BOROONDARA,-37.815388,145.04266,3101.0,True,Preston HS,8769.5
T20230026351,2023-10-11,13:30:00,6,Vehicle overturned (no collision),5,Friday,170,OFF CARRIAGEWAY TO LEFT,1,804430,1,0,1,0,0,1,1,5,Not at intersection,2,80,Arterial Highway,COLAC OTWAY,-38.77773,143.43118,3238.0,True,Preston HS,179449.4
T20220029178,2022-01-12,12:00:00,6,Vehicle overturned (no collision),4,Thursday,182,OFF CARRIAGEWAY ON LEFT BEND,1,783325,1,0,0,1,0,1,2,5,Not at intersection,3,100,Local Road,SWAN HILL,-35.287804,143.5332,3586.0,True,William Ruthven SC,298318.9
T20240006373,2024-12-01,19:55:00,5,collision with some other object,6,Friday,166,STRUCK OBJECT ON CARRIAGEWAY,1,799743,1,0,0,1,0,1,2,5,Not at intersection,3,999,Arterial Other,MURRINDINDI,-37.52291,145.3241,3757.0,True,Reservoir HS,34142.3
T20220004147,2022-05-01,16:00:00,2,Struck Pedestrian,4,Wednesday,101,PED EMERGES FROM IN FRONT OF PARKED OR STATIONARY VEHICLE,1,705264,1,0,1,0,1,2,1,2,T intersection,2,40,Local Road,STONNINGTON,-37.845886,144.99434,3141.0,True,Preston HS,11639.1
T20250005993,2025-05-03,15:16:00,2,Struck Pedestrian,4,Wednesday,104,PED WALKING WITH TRAFFIC,1,820458,1,0,0,1,1,2,1,2,T intersection,3,50,Local Road,BOROONDARA,-37.86865,145.09003,3147.0,True,Preston HS,15885.5
T20210012903,2021-11-06,12:17:00,1,Collision with vehicle,6,Friday,136,RIGHT TURN SIDESWIPE,1,686198,2,0,1,0,2,3,1,2,T intersection,2,60,Arterial Highway,MOUNT ALEXANDER,-37.082027,144.20427,3451.0,True,William Ruthven SC,98225.9
T20240030166,2024-11-11,12:30:00,1,Collision with vehicle,2,Monday,143,ENTERING PARKING,1,811656,2,0,0,1,1,2,2,5,Not at intersection,3,40,Arterial Other,DAREBIN,-37.778072,145.01828,3078.0,True,Preston HS,4162.1
T20240020654,2024-12-08,17:20:00,1,Collision with vehicle,2,Monday,121,RIGHT THROUGH,2,287520,2,0,0,1,1,2,1,2,T intersection,3,999,Local Road,MELBOURNE,-37.79342,144.9712,3053.0,True,Preston HS,6559.9
T20240017809,2024-06-07,13:30:00,6,Vehicle overturned (no collision),7,Saturday,174,OUT OF CONTROL ON CARRIAGEWAY (ON STRAIGHT),1,806386,1,0,0,1,0,1,2,2,T intersection,3,999,Local Road,WYNDHAM,-37.89189,144.71368,3030.0,True,Preston HS,30711.9
T20230010395,2023-03-05,18:54:00,1,Collision with vehicle,4,Wednesday,140,U TURN,3,776474,2,0,1,0,1,2,1,5,Not at intersection,2,70,Arterial Other,WYNDHAM,-37.903236,144.65218,3030.0,True,Preston HS,35978.6
T20230028727,2023-05-12,14:40:00,2,Struck Pedestrian,3,Tuesday,102,FAR SIDE. PED HIT BY VEHICLE FROM THE LEFT,1,793049,1,0,1,0,1,2,1,5,Not at intersection,2,50,Local Road,WHITEHORSE,-37.805984,145.10744,3129.0,True,Preston HS,11352.2
T20240000408,2024-03-01,19:50:00,6,Vehicle overturned (no collision),4,Wednesday,174,OUT OF CONTROL ON CARRIAGEWAY (ON STRAIGHT),1,795746,1,0,0,1,0,1,2,5,Not at intersection,3,60,Local Road,STONNINGTON,-37.862827,145.05106,3146.0,True,Preston HS,14011.5
T20230025585,2023-01-11,17:46:00,1,Collision with vehicle,3,Wednesday,121,RIGHT THROUGH,1,36628,2,0,0,1,1,2,1,2,T intersection,3,40,Local Road,YARRA,-37.80102,144.98703,3066.0,True,Preston HS,6827.9
T20240031028,2024-04-12,06:30:00,1,Collision with vehicle,4,Wednesday,134,LANE CHANGE RIGHT (NOT OVERTAKING),1,812068,2,0,1,0,1,2,1,5,Not at intersection,2,100,Freeway,BRIMBANK,-37.68887,144.79153,3036.0,True,William Ruthven SC,18625.6
T20240022781,2024-07-09,10:25:00,1,Collision with vehicle,6,Saturday,110,CROSS TRAFFIC(INTERSECTIONS ONLY),1,45483,2,0,0,1,1,2,1,1,Cross intersection,3,50,Local Road,MOONEE VALLEY,-37.78659,144.93352,3031.0,True,Preston HS,8170.1
T20210020789,2021-11-10,13:00:00,8,No collision and no object struck,2,Monday,174,OUT OF CONTROL ON CARRIAGEWAY (ON STRAIGHT),1,694761,1,0,1,0,0,1,2,5,Not at intersection,2,999,Local Road,MOORABOOL,-37.629498,144.12447,3352.0,True,William Ruthven SC,77689.0
T20230010879,2023-09-05,18:20:00,1,Collision with vehicle,2,Tuesday,163,VEHICLE STRIKES DOOR OF PARKED/STATIONARY VEHICLE,3,775891,2,0,0,1,1,2,1,5,Not at intersection,3,50,Local Road,MELBOURNE,-37.808384,144.96046,3000.0,True,Preston HS,8472.6
T20210007782,2021-07-04,17:25:00,4,Collision with a fixed object,4,Wednesday,171,LEFT OFF CARRIAGEWAY INTO OBJECT/PARKED VEHICLE,1,683031,2,0,1,1,1,3,1,5,Not at intersection,2,100,Arterial Other,CENTRAL GOLDFIELDS,-36.995277,143.76285,3465.0,True,William Ruthven SC,134528.1
T20230009311,2023-10-04,18:45:00,1,Collision with vehicle,2,Monday,116,LEFT NEAR (INTERSECTIONS ONLY),2,38051,2,0,0,1,1,2,2,1,Cross intersection,3,60,Arterial Other,DAREBIN,-37.7834,145.01738,3078.0,True,Preston HS,4724.1
T20230005765,2023-10-03,12:30:00,1,Collision with vehicle,5,Friday,121,RIGHT THROUGH,1,760032,2,0,0,1,1,2,2,5,Not at intersection,3,30,Arterial Other,DAREBIN,-37.722775,145.04463,3083.0,True,Reservoir HS,1340.2
T20240001819,2024-04-01,19:00:00,1,Collision with vehicle,5,Thursday,160,VEHICLE COLLIDES WITH VEHICLE PARKED ON LEFT OF ROAD,1,796793,3,0,0,1,1,2,2,5,Not at intersection,3,60,Local Road,WHITTLESEA,-37.62966,145.03578,3076.0,True,William Ruthven SC,7977.2
T20250009333,2025-06-04,11:46:00,2,Struck Pedestrian,0,Sunday,108,PED STRUCK WALKING TO/FROM OR BOARDING/ALIGHTING VEHICLE.,9,817444,1,0,0,2,0,2,1,5,Not at intersection,3,50,Local Road,MERRI-BEK,-37.73085,144.9515,3058.0,True,Preston HS,5035.9
T20210019020,2021-11-09,11:41:00,2,Struck Pedestrian,7,Saturday,100,PED NEAR SIDE. PED HIT BY VEHICLE FROM THE RIGHT.,1,692619,1,0,1,0,1,2,1,5,Not at intersection,2,60,Arterial Other,MOONEE VALLEY,-37.744823,144.91055,3040.0,True,Preston HS,8496.6
T20240019531,2024-02-08,09:33:00,1,Collision with vehicle,6,Friday,121,RIGHT THROUGH,1,37365,2,0,0,1,1,2,1,2,T intersection,3,60,Arterial Other,YARRA,-37.827236,145.01718,3121.0,True,Preston HS,9552.3
T20230013045,2023-04-06,17:50:00,2,Struck Pedestrian,1,Sunday,101,PED EMERGES FROM IN FRONT OF PARKED OR STATIONARY VEHICLE,3,775949,1,0,1,0,3,4,1,2,T intersection,2,40,Arterial Other,STONNINGTON,-37.838882,144.99078,3141.0,True,Preston HS,10900.9
T20230015866,2023-08-07,16:30:00,1,Collision with vehicle,7,Saturday,163,VEHICLE STRIKES DOOR OF PARKED/STATIONARY VEHICLE,1,777061,2,0,1,0,1,2,1,5,Not at intersection,2,40,Local Road,YARRA,-37.7942,144.97916,3065.0,True,Preston HS,6333.3
T20230018173,2023-04-08,06:35:00,1,Collision with vehicle,6,Friday,110,CROSS TRAFFIC(INTERSECTIONS ONLY),3,50214,2,1,0,0,3,4,1,1,Cross intersection,1,70,Arterial Highway,GEELONG,-38.186886,144.4555,3224.0,True,Preston HS,69201.0
T20210011433,2021-12-05,14:20:00,1,Collision with vehicle,4,Wednesday,163,VEHICLE STRIKES DOOR OF PARKED/STATIONARY VEHICLE,1,730226,2,0,0,1,1,2,2,5,Not at intersection,3,40,Arterial Other,YARRA,-37.825516,144.9964,3121.0,True,Preston HS,9367.2
T20210019695,2021-09-09,16:45:00,8,No collision and no object struck,5,Thursday,179,OTHER ACCIDENTS-OFF STRAIGHT NOT INCLUDED IN DCAs 170-175,1,693492,1,0,0,1,0,1,2,5,Not at intersection,3,888,Local Road,FRANKSTON,-38.114414,145.19455,3977.0,True,Preston HS,44585.9
T20220028663,2022-09-12,17:50:00,1,Collision with vehicle,6,Friday,140,U TURN,1,741935,2,0,1,0,1,2,1,5,Not at intersection,2,60,Arterial Other,MELBOURNE,-37.828007,144.9218,3207.0,True,Preston HS,12177.5
T20240022568,2024-04-09,09:35:00,2,Struck Pedestrian,3,Wednesday,102,FAR SIDE. PED HIT BY VEHICLE FROM THE LEFT,1,39169,1,0,0,1,1,2,2,2,T intersection,3,40,Arterial Other,BOROONDARA,-37.813065,145.08316,3103.0,True,Preston HS,10375.8
T20220005297,2022-03-03,12:11:00,2,Struck Pedestrian,5,Thursday,100,PED NEAR SIDE. PED HIT BY VEHICLE FROM THE RIGHT.,9,934,1,0,1,0,1,2,2,1,Cross intersection,2,40,Arterial Highway,FRANKSTON,-38.142956,145.12123,3199.0,True,Preston HS,45726.3
T20240011052,2024-02-05,09:30:00,1,Collision with vehicle,4,Thursday,130,REAR END(VEHICLES IN SAME LANE),1,802551,2,0,0,1,2,3,1,5,Not at intersection,3,60,Arterial Other,YARRA,-37.790695,144.98595,3068.0,True,Preston HS,5756.5
T20220020564,2022-09-09,18:20:00,2,Struck Pedestrian,5,Friday,106,VEH STRIKES PED ON FOOTPATH/MEDIAN/TRAFFIC ISLAND.,1,725190,2,0,1,0,2,3,1,5,Not at intersection,2,40,Local Road,PORT PHILLIP,-37.840218,144.9637,3206.0,True,Preston HS,11599.5
T20230007896,2023-03-04,22:25:00,4,Collision with a fixed object,2,Monday,171,LEFT OFF CARRIAGEWAY INTO OBJECT/PARKED VEHICLE,3,766972,1,0,1,0,0,1,1,5,Not at intersection,2,70,Arterial Highway,BANYULE,-37.69053,145.06448,3083.0,True,Reservoir HS,4699.2
T20220017605,2022-06-08,19:05:00,2,Struck Pedestrian,7,Saturday,102,FAR SIDE. PED HIT BY VEHICLE FROM THE LEFT,3,721802,1,0,0,1,1,2,1,5,Not at intersection,3,60,Local Road,BALLARAT,-37.56025,143.85658,3350.0,True,William Ruthven SC,102089.0
T20250005888,2025-04-03,15:38:00,2,Struck Pedestrian,2,Tuesday,100,PED NEAR SIDE. PED HIT BY VEHICLE FROM THE RIGHT.,1,815936,1,0,0,1,2,3,1,2,T intersection,3,40,Arterial Other,MOONEE VALLEY,-37.74295,144.92325,3041.0,True,Preston HS,7374.2
T20230014495,2023-05-02,12:00:00,5,collision with some other object,0,Sunday,166,STRUCK OBJECT ON CARRIAGEWAY,1,776257,1,0,0,1,0,1,2,2,T intersection,3,888,Local Road,BAW BAW,-37.975536,145.81448,3833.0,True,Reservoir HS,74457.3
T20210020317,2021-05-10,18:30:00,1,Collision with vehicle,3,Tuesday,173,RIGHT OFF CARRIAGEWAY INTO OBJECT/PARKED VEHICLE,1,694220,2,0,0,1,1,2,1,5,Not at intersection,3,50,Local Road,GEELONG,-38.18899,144.70181,3223.0,True,Preston HS,56479.7
T20230016096,2023-10-07,19:20:00,1,Collision with vehicle,2,Monday,110,CROSS TRAFFIC(INTERSECTIONS ONLY),2,38643,2,0,0,1,1,2,2,1,Cross intersection,3,80,Arterial Highway,MARIBYRNONG,-37.80728,144.87657,3012.0,True,Preston HS,13593.9
T20240008436,2024-02-04,18:30:00,7,Fall from or in moving vehicle,3,Tuesday,190,FELL IN/FROM VEHICLE,2,800963,1,0,1,0,1,2,2,5,Not at intersection,2,60,Local Road,KINGSTON,-37.94909,145.0483,3190.0,True,Preston HS,23342.8
T20220024685,2022-02-11,17:50:00,1,Collision with vehicle,4,Wednesday,147,VEHICLE STRIKES ANOTHER VEH WHILE EMERGING FROM DRIVEWAY,1,733007,2,0,0,1,1,2,1,5,Not at intersection,3,60,Local Road,GLEN EIRA,-37.907818,145.07423,3163.0,True,Preston HS,19389.7
T20240014891,2024-11-06,23:39:00,1,Collision with vehicle,2,Tuesday,116,LEFT NEAR (INTERSECTIONS ONLY),3,36974,2,0,0,1,1,2,1,2,T intersection,3,40,Local Road,MELBOURNE,-37.814472,144.97002,3000.0,True,Preston HS,8723.5
T20240005899,2024-08-03,11:25:00,1,Collision with vehicle,6,Friday,112,LEFT FAR (INTERSECTIONS ONLY),1,61332,3,0,0,1,1,2,1,2,T intersection,3,50,Local Road,HUME,-37.660957,144.91719,3048.0,True,William Ruthven SC,8524.7
T20240031902,2024-12-12,14:58:00,2,Struck Pedestrian,5,Thursday,102,FAR SIDE. PED HIT BY VEHICLE FROM THE LEFT,1,49976,1,0,1,0,1,2,1,1,Cross intersection,2,60,Arterial Other,GEELONG,-38.152603,144.33412,3220.0,True,Preston HS,74631.3
T20210022924,2021-12-11,16:00:00,2,Struck Pedestrian,6,Friday,102,FAR SIDE. PED HIT BY VEHICLE FROM THE LEFT,2,699770,1,0,0,1,1,2,2,5,Not at intersection,3,60,Arterial Other,BANYULE,-37.702587,145.0847,3087.0,True,Reservoir HS,5340.1