ACCIDENT_NO,ACCIDENT_DATE,ACCIDENT_TIME,ACCIDENT_TYPE,ACCIDENT_TYPE_DESC,DAY_OF_WEEK,DAY_WEEK_DESC,DCA_CODE,DCA_DESC,LIGHT_CONDITION,NODE_ID,NO_OF_VEHICLES,NO_PERSONS_KILLED,NO_PERSONS_INJ_2,NO_PERSONS_INJ_3,NO_PERSONS_NOT_INJ,NO_PERSONS,POLICE_ATTEND,ROAD_GEOMETRY,ROAD_GEOMETRY_DESC,SEVERITY,SPEED_ZONE,RMA,LGA_NAME,LATITUDE,LONGITUDE,POSTCODE_CRASH,PED_OR_CYC,nearest_school,dist_to_gate_m
T20230010892,2023-09-05,18:11:00,1,Collision with vehicle,3,Tuesday,121,RIGHT THROUGH,3,36499,2,0,0,1,1,2,1,1,Cross intersection,3,40,Local Road,YARRA,-37.79906,144.97835,3065.0,True,Preston HS,6860.5
T20230006202,2023-09-03,06:45:00,4,Collision with a fixed object,5,Thursday,171,LEFT OFF CARRIAGEWAY INTO OBJECT/PARKED VEHICLE,9,760954,1,0,0,1,0,1,2,5,Not at intersection,3,999,Local Road,DANDENONG,-38.044567,145.24507,3175.0,True,Preston HS,39625.9
T20220002150,2022-01-02,16:46:00,1,Collision with vehicle,2,Tuesday,152,PULLING OUT (OVERTAKING),1,813709,2,0,0,1,1,2,1,2,T intersection,3,60,Local Road,CARDINIA,-38.06145,145.38509,3807.0,True,Preston HS,48621.3
T20230021584,2023-01-09,23:00:00,1,Collision with vehicle,6,Friday,148,VEHICLE OFF FOOTPATH STRIKES VEH ON CARRIAGEWAY,6,291551,2,0,0,1,1,2,2,1,Cross intersection,3,40,Local Road,YARRA,-37.78036,144.98189,3068.0,True,Preston HS,4836.4
T20250004141,2025-10-02,11:00:00,1,Collision with vehicle,2,Monday,163,VEHICLE STRIKES DOOR OF PARKED/STATIONARY VEHICLE,1,818415,2,0,0,1,1,2,2,5,Not at intersection,3,60,Local Road,GLEN EIRA,-37.884487,145.00238,3185.0,True,Preston HS,15882.6
T20230010423,2023-04-05,09:00:00,2,Struck Pedestrian,5,Thursday,101,PED EMERGES FROM IN FRONT OF PARKED OR STATIONARY VEHICLE,1,772863,1,0,1,0,1,2,1,2,T intersection,2,40,Local Road,PORT PHILLIP,-37.869774,144.99008,3182.0,True,Preston HS,14319.5
T20240025380,2024-08-10,12:15:00,2,Struck Pedestrian,2,Tuesday,102,FAR SIDE. PED HIT BY VEHICLE FROM THE LEFT,1,814160,1,0,0,1,2,3,1,5,Not at intersection,3,40,Local Road,STONNINGTON,-37.84591,144.99498,3141.0,True,Preston HS,11636.5
T20230015520,2023-05-07,00:05:00,1,Collision with vehicle,4,Wednesday,130,REAR END(VEHICLES IN SAME LANE),3,777071,2,0,0,1,1,2,1,5,Not at intersection,3,60,Local Road,HOBSONS BAY,-37.864883,144.76985,3028.0,True,Preston HS,24941.8
T20220002167,2022-01-02,15:45:00,2,Struck Pedestrian,3,Tuesday,102,FAR SIDE. PED HIT BY VEHICLE FROM THE LEFT,1,704384,1,0,1,0,1,2,1,5,Not at intersection,2,50,Local Road,HUME,-37.644215,144.92375,3048.0,True,William Ruthven SC,9082.6
T20220002109,2022-01-02,06:41:00,1,Collision with vehicle,3,Tuesday,135,LANE CHANGE LEFT (NOT OVERTAKING),1,703501,2,0,1,0,1,2,1,5,Not at intersection,2,60,,WYNDHAM,-37.82452,144.74896,3029.0,True,Preston HS,24483.6
T20250015345,2025-08-06,14:06:00,1,Collision with vehicle,1,Sunday,110,CROSS TRAFFIC(INTERSECTIONS ONLY),1,278639,2,0,1,0,1,2,2,1,Cross intersection,2,60,Local Road,HUME,-37.584766,144.90659,3064.0,True,William Ruthven SC,15050.6
T20230000492,2023-08-01,12:55:00,1,Collision with vehicle,0,Sunday,134,LANE CHANGE RIGHT (NOT OVERTAKING),1,746714,2,0,1,0,1,2,1,1,Cross intersection,2,60,Arterial Other,PORT PHILLIP,-37.864273,144.98175,3182.0,True,Preston HS,13810.3
T20210026813,2021-11-12,17:00:00,2,Struck Pedestrian,7,Saturday,102,FAR SIDE. PED HIT BY VEHICLE FROM THE LEFT,1,274646,1,0,0,1,1,2,2,5,Not at intersection,3,60,Arterial Other,HUME,-37.665012,144.9329,3048.0,True,William Ruthven SC,7094.8
T20210010190,2021-06-05,18:45:00,2,Struck Pedestrian,4,Thursday,100,PED NEAR SIDE. PED HIT BY VEHICLE FROM THE RIGHT.,3,686883,1,0,0,1,1,2,1,5,Not at intersection,3,80,Arterial Highway,BAYSIDE,-37.89798,145.00566,3186.0,True,Preston HS,17378.0
T20220002113,2022-01-02,08:40:00,1,Collision with vehicle,3,Tuesday,121,RIGHT THROUGH,1,55876,2,0,0,1,1,2,1,2,T intersection,3,80,Local Road,MONASH,-37.896133,145.16298,3150.0,True,Preston HS,21962.7
T20240022861,2024-08-09,15:18:00,4,Collision with a fixed object,1,Sunday,173,RIGHT OFF CARRIAGEWAY INTO OBJECT/PARKED VEHICLE,1,810975,1,0,0,1,0,1,1,2,T intersection,3,60,Local Road,WHITTLESEA,-37.63498,145.00343,3076.0,True,William Ruthven SC,6845.3
T20230010790,2023-08-05,18:35:00,2,Struck Pedestrian,1,Monday,100,PED NEAR SIDE. PED HIT BY VEHICLE FROM THE RIGHT.,3,773679,1,0,0,1,2,3,1,2,T intersection,3,50,Local Road,BANYULE,-37.74037,145.08214,3084.0,True,Reservoir HS,5050.2
T20240028133,2024-03-11,12:30:00,1,Collision with vehicle,1,Sunday,147,VEHICLE STRIKES ANOTHER VEH WHILE EMERGING FROM DRIVEWAY,1,810574,2,0,0,2,0,2,2,5,Not at intersection,3,888,,GLEN EIRA,-37.933987,145.04854,3204.0,True,Preston HS,21688.8
T20240028815,2024-02-11,14:30:00,6,Vehicle overturned (no collision),7,Saturday,180,OFF CARRIAGEWAY ON RIGHT BEND,1,810773,1,0,1,0,0,1,1,5,Not at intersection,2,100,Arterial Other,BAW BAW,-37.93547,146.11232,3825.0,True,Reservoir HS,98015.3
T20220024894,2022-05-11,06:49:00,1,Collision with vehicle,7,Saturday,147,VEHICLE STRIKES ANOTHER VEH WHILE EMERGING FROM DRIVEWAY,1,770591,2,0,1,0,1,2,1,5,Not at intersection,2,60,Arterial Other,BAYSIDE,-37.91922,145.006,3186.0,True,Preston HS,19739.6
T20230020633,2023-03-09,23:30:00,2,Struck Pedestrian,0,Sunday,105,PED WALKING AGAINST TRAFFIC.,3,811633,1,0,0,1,1,2,1,2,T intersection,3,70,Arterial Other,MANNINGHAM,-37.76282,145.17339,3109.0,True,Reservoir HS,13435.0
T20240019607,2024-02-08,15:45:00,6,Vehicle overturned (no collision),5,Friday,170,OFF CARRIAGEWAY TO LEFT,1,807043,1,0,0,1,0,1,2,5,Not at intersection,3,80,Arterial Other,YARRA RANGES,-37.724594,145.69249,3799.0,True,Reservoir HS,58320.6
T20230026542,2023-11-11,09:00:00,1,Collision with vehicle,6,Saturday,121,RIGHT THROUGH,1,65270,2,0,0,1,1,2,2,2,T intersection,3,60,Arterial Other,BOROONDARA,-37.800415,145.05943,3101.0,True,Preston HS,7986.3
T20230010274,2023-02-05,17:00:00,1,Collision with vehicle,3,Tuesday,137,LEFT TURN SIDESWIPE,1,777496,2,0,0,1,1,2,2,5,Not at intersection,3,50,Local Road,BOROONDARA,-37.818745,145.08386,3126.0,True,Preston HS,10904.2
T20240010157,2024-04-04,00:10:00,6,Vehicle overturned (no collision),5,Thursday,170,OFF CARRIAGEWAY TO LEFT,3,801910,1,0,0,1,0,1,2,5,Not at intersection,3,80,Arterial Highway,KNOX,-37.89901,145.23294,3179.0,True,Preston HS,26447.7
T20230005949,2023-12-03,18:00:00,1,Collision with vehicle,1,Sunday,130,REAR END(VEHICLES IN SAME LANE),1,777611,2,0,0,1,1,2,1,1,Cross intersection,3,80,Arterial Other,MANNINGHAM,-37.773964,145.11427,3108.0,True,Reservoir HS,9410.4
T20250006266,2025-07-03,13:50:00,2,Struck Pedestrian,6,Friday,107,PED ON FOOTHPATH STRUCK BY VEHENTERING/LEAVING DRIVEWAY.,1,820453,1,0,0,1,1,2,2,5,Not at intersection,3,999,Local Road,BRIMBANK,-37.700302,144.77458,3038.0,True,William Ruthven SC,20100.3
T20240000841,2024-10-01,11:30:00,6,Vehicle overturned (no collision),4,Wednesday,184,OUT OF CONTROL ON CARRIAGEWAY (ON BEND),1,806451,1,0,0,1,0,1,2,5,Not at intersection,3,100,Local Road,BAW BAW,-37.82322,146.41064,3825.0,True,Reservoir HS,121917.5
T20220022636,2022-02-10,14:00:00,5,collision with some other object,0,Sunday,166,STRUCK OBJECT ON CARRIAGEWAY,1,727607,1,0,0,1,0,1,2,5,Not at intersection,3,60,Arterial Other,YARRA RANGES,-37.889996,145.32242,3785.0,True,Reservoir HS,31780.4
T20250006551,2025-10-03,14:40:00,1,Collision with vehicle,1,Monday,121,RIGHT THROUGH,1,42473,2,0,0,1,1,2,1,2,T intersection,3,50,Local Road,MORELAND,-37.726017,144.95044,3044.0,True,Preston HS,5279.0
T20220020193,2022-07-09,16:04:00,2,Struck Pedestrian,3,Wednesday,107,PED ON FOOTHPATH STRUCK BY VEHENTERING/LEAVING DRIVEWAY.,1,86119,1,0,0,1,1,2,1,5,Not at intersection,3,999,Arterial Other,BOROONDARA,-37.82179,145.02634,3122.0,True,Preston HS,9064.7
T20220027776,2022-07-12,14:50:00,4,Collision with a fixed object,3,Wednesday,164,PERMANENT OBSTRUCTION ON CARRIAGEWAY,1,783453,1,0,0,1,0,1,1,5,Not at intersection,3,999,Local Road,BANYULE,-37.74736,145.0667,3084.0,True,Reservoir HS,4296.8
T20220027949,2022-09-12,11:10:00,2,Struck Pedestrian,5,Friday,100,PED NEAR SIDE. PED HIT BY VEHICLE FROM THE RIGHT.,1,52730,1,0,0,1,1,2,1,1,Cross intersection,3,50,Arterial Highway,PYRENEES,-37.429886,143.38367,3373.0,True,William Ruthven SC,145775.5
T20250015146,2025-06-06,07:08:00,2,Struck Pedestrian,6,Friday,100,PED NEAR SIDE. PED HIT BY VEHICLE FROM THE RIGHT.,2,820166,1,0,0,1,1,2,2,2,T intersection,3,60,Arterial Highway,KNOX,-37.888462,145.29579,3156.0,True,Reservoir HS,29811.0
T20230003015,2023-01-02,10:00:00,1,Collision with vehicle,4,Wednesday,123,RIGHT/LEFT. ONE VEH TURNING RIGHT THE OTHER LEFT.,9,65479,2,0,0,1,1,2,2,2,T intersection,3,999,Local Road,MANNINGHAM,-37.80423,145.20537,3111.0,True,Reservoir HS,17946.3
T20240028174,2024-05-11,01:25:00,1,Collision with vehicle,3,Tuesday,121,RIGHT THROUGH,3,810961,2,0,1,0,1,2,1,1,Cross intersection,2,60,Arterial Other,MELBOURNE,-37.800316,144.94398,3051.0,True,Preston HS,8559.3
T20230026516,2023-07-11,10:55:00,2,Struck Pedestrian,2,Tuesday,102,FAR SIDE. PED HIT BY VEHICLE FROM THE LEFT,1,802911,1,0,0,1,1,2,1,1,Cross intersection,3,50,Arterial Other,MARIBYRNONG,-37.781746,144.87032,3012.0,True,Preston HS,12821.9
T20220005366,2022-09-03,22:50:00,1,Collision with vehicle,4,Wednesday,121,RIGHT THROUGH,3,36813,3,0,1,0,2,3,1,1,Cross intersection,2,60,Arterial Other,PORT PHILLIP,-37.828957,144.94844,3006.0,True,Preston HS,10986.9
T20240003021,2024-03-02,22:20:00,2,Struck Pedestrian,7,Saturday,102,FAR SIDE. PED HIT BY VEHICLE FROM THE LEFT,3,7145,1,0,0,1,2,3,2,1,Cross intersection,3,999,,MELBOURNE,-37.813988,144.96024,3000.0,True,Preston HS,9031.7
T20240008335,2024-03-04,06:21:00,1,Collision with vehicle,4,Wednesday,113,RIGHT NEAR (INTERSECTIONS ONLY),4,37611,2,0,1,0,1,2,1,2,T intersection,2,60,Arterial Other,WHITTLESEA,-37.67469,145.0149,3074.0,True,William Ruthven SC,2646.0
T20250012463,2025-10-05,09:50:00,2,Struck Pedestrian,7,Saturday,102,FAR SIDE. PED HIT BY VEHICLE FROM THE LEFT,1,819142,1,0,1,0,3,4,1,5,Not at intersection,2,60,Local Road,BAYSIDE,-37.965103,145.0532,3192.0,True,Preston HS,25168.9
T20220028147,2022-11-12,12:41:00,1,Collision with vehicle,1,Sunday,119,OTHER ADJACENT (INTERSECTIONS ONLY),1,40105,2,0,1,0,1,2,1,1,Cross intersection,2,60,Arterial Other,PORT PHILLIP,-37.864098,144.98178,3182.0,True,Preston HS,13790.6
T20240000304,2024-05-01,14:07:00,1,Collision with vehicle,6,Friday,137,LEFT TURN SIDESWIPE,1,36721,2,0,0,1,1,2,1,1,Cross intersection,3,50,Local Road,YARRA,-37.80722,144.99643,3067.0,True,Preston HS,7345.6
T20230028490,2023-02-12,22:00:00,2,Struck Pedestrian,7,Saturday,106,VEH STRIKES PED ON FOOTPATH/MEDIAN/TRAFFIC ISLAND.,3,352275,1,0,0,1,1,2,2,5,Not at intersection,3,60,Arterial Highway,DANDENONG,-37.98835,145.2185,3175.0,True,Preston HS,33114.6
T20230003412,2023-12-02,08:54:00,1,Collision with vehicle,1,Sunday,160,VEHICLE COLLIDES WITH VEHICLE PARKED ON LEFT OF ROAD,1,35300,2,0,1,0,0,1,1,2,T intersection,2,50,Arterial Highway,MONASH,-37.921394,145.15825,3170.0,True,Preston HS,23988.7
T20230017312,2023-05-07,09:24:00,5,collision with some other object,3,Wednesday,171,LEFT OFF CARRIAGEWAY INTO OBJECT/PARKED VEHICLE,1,787089,1,0,0,1,0,1,2,5,Not at intersection,3,70,Arterial Other,WHITTLESEA,-37.589813,145.0335,3750.0,True,William Ruthven SC,12167.7
T20240022906,2024-09-09,08:55:00,1,Collision with vehicle,2,Monday,140,U TURN,1,808367,2,0,1,0,1,2,1,2,T intersection,2,60,Arterial Other,STONNINGTON,-37.846256,144.98941,3141.0,True,Preston HS,11729.5
T20240012550,2024-07-04,11:30:00,2,Struck Pedestrian,0,Sunday,100,PED NEAR SIDE. PED HIT BY VEHICLE FROM THE RIGHT.,1,808015,1,0,0,1,1,2,2,1,Cross intersection,3,999,Arterial Other,WYNDHAM,-37.898785,144.67006,3030.0,True,Preston HS,34373.4
T20240019843,2024-06-08,07:50:00,1,Collision with vehicle,2,Tuesday,116,LEFT NEAR (INTERSECTIONS ONLY),1,15509,2,0,0,2,0,2,1,2,T intersection,3,70,Arterial Highway,BASS COAST,-38.58882,145.58092,3995.0,True,Preston HS,106720.6
T20220005853,2022-12-03,18:00:00,1,Collision with vehicle,7,Saturday,121,RIGHT THROUGH,1,471,2,0,0,1,1,2,2,4,Multiple intersection,3,50,Arterial Other,MELBOURNE,-37.78746,144.92131,3031.0,True,Preston HS,9097.3
T20210000541,2021-09-01,14:10:00,1,Collision with vehicle,7,Saturday,110,CROSS TRAFFIC(INTERSECTIONS ONLY),1,676966,2,0,1,0,1,2,1,1,Cross intersection,2,50,Local Road,BAYSIDE,-37.931114,144.99596,3188.0,True,Preston HS,21084.6
T20250012123,2025-05-05,13:00:00,5,collision with some other object,2,Monday,166,STRUCK OBJECT ON CARRIAGEWAY,1,818085,1,0,0,1,0,1,2,5,Not at intersection,3,100,Local Road,MITCHELL,-37.357155,145.09514,3658.0,True,William Ruthven SC,38602.9
T20220012836,2022-06-06,14:25:00,1,Collision with vehicle,2,Monday,110,CROSS TRAFFIC(INTERSECTIONS ONLY),1,58110,2,0,0,1,2,3,1,1,Cross intersection,3,50,Local Road,MILDURA,-34.180897,142.15765,3500.0,True,William Ruthven SC,467312.3
T20220010226,2022-06-05,14:40:00,1,Collision with vehicle,6,Friday,173,RIGHT OFF CARRIAGEWAY INTO OBJECT/PARKED VEHICLE,1,773906,6,0,2,1,3,6,1,1,Cross intersection,2,60,Arterial Highway,BALLARAT,-37.650276,143.88405,3357.0,True,William Ruthven SC,98613.4
T20220000367,2022-06-01,19:22:00,4,Collision with a fixed object,5,Thursday,171,LEFT OFF CARRIAGEWAY INTO OBJECT/PARKED VEHICLE,1,29516,1,1,0,0,0,1,1,2,T intersection,1,60,Arterial Other,HOBSONS BAY,-37.823997,144.84862,3012.0,True,Preston HS,16664.8
T20250014460,2025-01-04,08:00:00,1,Collision with vehicle,2,Tuesday,137,LEFT TURN SIDESWIPE,1,38080,2,0,0,1,1,2,2,1,Cross intersection,3,60,Arterial Other,DAREBIN,-37.782364,145.02269,3078.0,True,Preston HS,4724.8
T20230023893,2023-03-10,20:30:00,2,Struck Pedestrian,2,Tuesday,100,PED NEAR SIDE. PED HIT BY VEHICLE FROM THE RIGHT.,6,782955,1,0,0,1,1,2,2,5,Not at intersection,3,999,Local Road,MELBOURNE,-37.82342,144.96758,3006.0,True,Preston HS,9728.0
T20250009077,2025-03-04,15:33:00,1,Collision with vehicle,5,Thursday,147,VEHICLE STRIKES ANOTHER VEH WHILE EMERGING FROM DRIVEWAY,1,685353,2,0,0,1,1,2,2,5,Not at intersection,3,60,Arterial Highway,BASS COAST,-38.590702,145.58481,3995.0,True,Preston HS,107065.1
T20210015979,2021-06-07,09:45:00,7,Fall from or in moving vehicle,2,Tuesday,190,FELL IN/FROM VEHICLE,1,696295,1,0,0,1,1,2,2,5,Not at intersection,3,50,Local Road,HUME,-37.6555,144.93176,3048.0,True,William Ruthven SC,7753.9
T20220025409,2022-10-11,16:15:00,6,Vehicle overturned (no collision),5,Thursday,182,OFF CARRIAGEWAY ON LEFT BEND,1,773176,1,0,0,1,0,1,1,5,Not at intersection,3,100,Arterial Other,ALPINE,-36.592678,146.86002,3737.0,True,Reservoir HS,205171.7
T20250003604,2025-10-02,20:35:00,2,Struck Pedestrian,2,Monday,100,PED NEAR SIDE. PED HIT BY VEHICLE FROM THE RIGHT.,2,1314,1,0,1,0,1,2,1,2,T intersection,2,999,Arterial Other,HUME,-37.669727,144.95511,3061.0,True,William Ruthven SC,5161.6
T20230005565,2023-08-03,08:46:00,1,Collision with vehicle,4,Wednesday,147,VEHICLE STRIKES ANOTHER VEH WHILE EMERGING FROM DRIVEWAY,1,783879,2,0,0,1,1,2,1,5,Not at intersection,3,999,Local Road,MOONEE VALLEY,-37.765495,144.8571,3034.0,True,Preston HS,13450.3
T20240008621,2024-06-04,11:15:00,6,Vehicle overturned (no collision),7,Saturday,170,OFF CARRIAGEWAY TO LEFT,1,801088,1,0,1,0,0,1,1,2,T intersection,2,60,Local Road,MOORABOOL,-37.690495,144.42407,3340.0,True,William Ruthven SC,50942.2
T20240003478,2024-12-02,12:15:00,6,Vehicle overturned (no collision),2,Monday,170,OFF CARRIAGEWAY TO LEFT,1,803598,1,0,1,0,0,1,2,1,Cross intersection,2,50,Local Road,GEELONG,-38.096294,144.35141,3214.0,True,Preston HS,69733.7
T20240000670,2024-09-01,14:50:00,2,Struck Pedestrian,3,Tuesday,100,PED NEAR SIDE. PED HIT BY VEHICLE FROM THE RIGHT.,1,796774,1,0,0,1,1,2,2,5,Not at intersection,3,60,Local Road,PORT PHILLIP,-37.836105,144.9214,3207.0,True,Preston HS,12919.3
T20230010858,2023-09-05,13:56:00,2,Struck Pedestrian,3,Tuesday,100,PED NEAR SIDE. PED HIT BY VEHICLE FROM THE RIGHT.,1,40161,3,0,1,1,4,6,1,1,Cross intersection,2,40,Arterial Other,GLEN EIRA,-37.866455,145.00003,3183.0,True,Preston HS,13886.0
T20220015059,2022-05-07,10:40:00,2,Struck Pedestrian,3,Tuesday,103,PED PLAYING/LYING/WORKING/STANDING ON CARRIAGEWAY.,1,727219,2,1,0,0,2,3,1,5,Not at intersection,1,100,Local Road,WELLINGTON,-38.027096,146.7346,3857.0,True,Reservoir HS,153453.6
T20240000543,2024-08-01,15:20:00,1,Collision with vehicle,2,Monday,148,VEHICLE OFF FOOTPATH STRIKES VEH ON CARRIAGEWAY,1,795828,2,0,0,1,1,2,1,5,Not at intersection,3,50,Arterial Highway,HORSHAM,-36.716663,142.19525,3400.0,True,William Ruthven SC,271468.0
T20230013282,2023-07-06,19:25:00,2,Struck Pedestrian,4,Wednesday,102,FAR SIDE. PED HIT BY VEHICLE FROM THE LEFT,3,39944,1,0,1,0,1,2,1,1,Cross intersection,2,60,Arterial Other,HOBSONS BAY,-37.831944,144.85513,3025.0,True,Preston HS,16704.5
T20220029287,2022-12-12,16:58:00,1,Collision with vehicle,1,Monday,110,CROSS TRAFFIC(INTERSECTIONS ONLY),1,40195,4,0,0,2,3,5,1,1,Cross intersection,3,70,Arterial Highway,STONNINGTON,-37.8601,145.01054,3143.0,True,Preston HS,13168.9
T20250014546,2025-01-05,17:00:00,2,Struck Pedestrian,5,Thursday,102,FAR SIDE. PED HIT BY VEHICLE FROM THE LEFT,1,38346,1,0,0,1,1,2,2,1,Cross intersection,3,999,Arterial Other,MANNINGHAM,-37.786392,145.13794,3108.0,True,Reservoir HS,11903.3
T20250006193,2025-07-03,10:20:00,1,Collision with vehicle,6,Friday,113,RIGHT NEAR (INTERSECTIONS ONLY),1,305924,2,0,1,0,1,2,1,2,T intersection,2,60,Local Road,MELBOURNE,-37.826843,144.9114,3207.0,True,Preston HS,12663.4
T20230010193,2023-01-05,17:55:00,2,Struck Pedestrian,2,Monday,100,PED NEAR SIDE. PED HIT BY VEHICLE FROM THE RIGHT.,3,775835,1,0,1,0,1,2,1,1,Cross intersection,2,60,Arterial Other,BANYULE,-37.74164,145.04282,3081.0,True,Reservoir HS,2443.3
T20250009615,2025-09-04,19:40:00,1,Collision with vehicle,4,Wednesday,140,U TURN,3,29425,2,0,1,0,1,2,1,1,Cross intersection,2,60,Arterial Highway,MELBOURNE,-37.82272,144.96397,3006.0,True,Preston HS,9773.9
T20240028409,2024-07-11,08:30:00,8,No collision and no object struck,5,Thursday,174,OUT OF CONTROL ON CARRIAGEWAY (ON STRAIGHT),1,812464,1,0,1,0,0,1,2,5,Not at intersection,2,999,Local Road,ALPINE,-37.176987,147.19064,3741.0,True,Reservoir HS,200187.7
T20220022463,2022-05-10,20:35:00,2,Struck Pedestrian,4,Wednesday,100,PED NEAR SIDE. PED HIT BY VEHICLE FROM THE RIGHT.,3,41791,1,0,2,0,1,3,1,1,Cross intersection,2,40,Local Road,MONASH,-37.87954,145.16394,3150.0,True,Preston HS,20609.7
T20250009272,2025-01-04,07:00:00,2,Struck Pedestrian,2,Tuesday,102,FAR SIDE. PED HIT BY VEHICLE FROM THE LEFT,2,817184,1,0,1,0,1,2,2,5,Not at intersection,2,60,Local Road,GEELONG,-38.014664,144.45364,3212.0,True,Preston HS,57279.0
T20250014738,2025-02-06,10:15:00,8,No collision and no object struck,2,Monday,174,OUT OF CONTROL ON CARRIAGEWAY (ON STRAIGHT),1,73735,1,0,1,0,0,1,1,2,T intersection,2,50,Local Road,WARRNAMBOOL,-38.358246,142.46552,3280.0,True,Preston HS,232859.3
T20230011159,2023-12-05,20:49:00,2,Struck Pedestrian,6,Friday,100,PED NEAR SIDE. PED HIT BY VEHICLE FROM THE RIGHT.,3,341828,1,0,1,0,1,2,1,2,T intersection,2,80,Arterial Other,KNOX,-37.883266,145.27563,3156.0,True,Reservoir HS,28070.6
T20220017748,2022-08-08,15:54:00,1,Collision with vehicle,1,Monday,135,LANE CHANGE LEFT (NOT OVERTAKING),1,723823,3,0,1,0,5,6,1,5,Not at intersection,2,100,Freeway,BRIMBANK,-37.79767,144.76292,3026.0,True,Preston HS,22346.9
T20220010701,2022-09-05,17:00:00,1,Collision with vehicle,1,Monday,163,VEHICLE STRIKES DOOR OF PARKED/STATIONARY VEHICLE,9,717399,2,0,0,1,1,2,2,5,Not at intersection,3,50,Local Road,MELBOURNE,-37.818478,144.9562,3000.0,True,Preston HS,9638.3
T20220010596,2022-11-05,07:40:00,2,Struck Pedestrian,4,Wednesday,100,PED NEAR SIDE. PED HIT BY VEHICLE FROM THE RIGHT.,2,808405,1,0,1,0,1,2,1,2,T intersection,2,60,Local Road,MELTON,-37.743786,144.73074,3023.0,True,Preston HS,24301.2
T20230025005,2023-01-10,08:15:00,8,No collision and no object struck,1,Sunday,199,UNKNOWN-NO DETAILS ON MANOEUVRES OF ROAD-USERS IN ACCIDENT,9,43435,1,0,0,1,0,1,2,1,Cross intersection,3,999,Local Road,MORNINGTON PENINSULA,-38.173454,145.10794,3199.0,True,Preston HS,48816.1
T20240031628,2024-10-12,07:10:00,2,Struck Pedestrian,3,Tuesday,102,FAR SIDE. PED HIT BY VEHICLE FROM THE LEFT,1,812254,1,0,1,0,1,2,2,1,Cross intersection,2,60,Local Road,GEELONG,-38.02286,144.39647,3212.0,True,Preston HS,62043.3
T20240022912,2024-09-09,07:10:00,1,Collision with vehicle,1,Monday,121,RIGHT THROUGH,1,221373,2,0,1,0,1,2,1,2,T intersection,2,80,Arterial Other,HUME,-37.61251,144.94661,3064.0,True,William Ruthven SC,10580.2
T20250021267,2025-11-07,15:00:00,1,Collision with vehicle,5,Friday,159,OTHER OVERTAKING MANOEUVRES NOT INCLUDED IN DCAs 150-154,1,823611,2,0,0,1,1,2,2,5,Not at intersection,3,999,Arterial Other,BOROONDARA,-37.824142,145.08217,3126.0,True,Preston HS,11294.3
T20250006313,2025-07-03,21:39:00,3,Struck animal,6,Friday,167,STRUCK ANIMAL,5,816864,1,0,0,1,0,1,1,5,Not at intersection,3,100,Arterial Other,CAMPASPE,-36.3576,144.851,3561.0,True,William Ruthven SC,149493.4
T20210015208,2021-10-07,16:10:00,1,Collision with vehicle,7,Saturday,116,LEFT NEAR (INTERSECTIONS ONLY),2,63338,2,0,1,0,1,2,1,2,T intersection,2,50,Local Road,BANYULE,-37.74991,145.0787,3084.0,True,Reservoir HS,5305.9
T20240014988,2024-10-06,21:45:00,6,Vehicle overturned (no collision),2,Monday,174,OUT OF CONTROL ON CARRIAGEWAY (ON STRAIGHT),3,130948,1,0,1,0,0,1,1,5,Not at intersection,2,80,Arterial Other,CASEY,-38.118317,145.32379,3978.0,True,Preston HS,50251.8
T20220019287,2022-10-08,21:15:00,1,Collision with vehicle,3,Wednesday,121,RIGHT THROUGH,3,724934,2,0,0,1,1,2,1,5,Not at intersection,3,60,Arterial Other,MONASH,-37.8821,145.10907,3149.0,True,Preston HS,17999.1
T20220007068,2022-11-03,15:46:00,2,Struck Pedestrian,6,Friday,100,PED NEAR SIDE. PED HIT BY VEHICLE FROM THE RIGHT.,1,50328,1,0,1,0,1,2,1,1,Cross intersection,2,50,Arterial Highway,SURF COAST,-38.325985,144.31758,3228.0,True,Preston HS,88701.0
T20210005555,2021-12-03,18:50:00,5,collision with some other object,6,Friday,166,STRUCK OBJECT ON CARRIAGEWAY,2,677919,1,0,1,0,0,1,1,5,Not at intersection,2,60,Local Road,SURF COAST,-38.332363,144.12225,3230.0,True,Preston HS,101581.5
T20230020700,2023-02-09,20:30:00,1,Collision with vehicle,6,Saturday,130,REAR END(VEHICLES IN SAME LANE),3,781142,2,0,0,1,1,2,2,5,Not at intersection,3,60,Arterial Other,WYNDHAM,-37.879044,144.6958,3029.0,True,Preston HS,31322.7
T20250012415,2025-09-05,17:30:00,1,Collision with vehicle,6,Friday,121,RIGHT THROUGH,3,37803,2,0,2,1,0,3,1,1,Cross intersection,2,60,Arterial Other,MORELAND,-37.751534,144.97655,3058.0,True,Preston HS,2900.1
T20220029771,2022-08-09,09:00:00,6,Vehicle overturned (no collision),5,Thursday,172,OFF CARRIAGEWAY TO RIGHT,1,745014,1,0,0,1,0,1,1,5,Not at intersection,3,60,Arterial Highway,WHITEHORSE,-37.81617,145.10895,3127.0,True,Preston HS,12194.0