ACCIDENT_NO,ACCIDENT_DATE,ACCIDENT_TIME,ACCIDENT_TYPE,ACCIDENT_TYPE_DESC,DAY_OF_WEEK,DAY_WEEK_DESC,DCA_CODE,DCA_DESC,LIGHT_CONDITION,NODE_ID,NO_OF_VEHICLES,NO_PERSONS_KILLED,NO_PERSONS_INJ_2,NO_PERSONS_INJ_3,NO_PERSONS_NOT_INJ,NO_PERSONS,POLICE_ATTEND,ROAD_GEOMETRY,ROAD_GEOMETRY_DESC,SEVERITY,SPEED_ZONE,RMA,LGA_NAME,LATITUDE,LONGITUDE,POSTCODE_CRASH,PED_OR_CYC,nearest_school,dist_to_gate_m
T20240003595,2024-12-02,21:00:00,1,Collision with vehicle,1,Monday,159,OTHER OVERTAKING MANOEUVRES NOT INCLUDED IN DCAs 150-154,3,36101,2,0,0,1,1,2,2,5,Not at intersection,3,40,Arterial Other,MELBOURNE,-37.800816,144.94852,3051.0,True,Preston HS,8349.9
T20240005918,2024-08-03,14:40:00,2,Struck Pedestrian,6,Friday,102,FAR SIDE. PED HIT BY VEHICLE FROM THE LEFT,1,624196,1,0,0,1,1,2,1,1,Cross intersection,3,60,Arterial Highway,GLEN EIRA,-37.903374,145.03487,3204.0,True,Preston HS,18142.0
T20230003391,2023-11-02,19:32:00,1,Collision with vehicle,7,Saturday,163,VEHICLE STRIKES DOOR OF PARKED/STATIONARY VEHICLE,2,753879,3,0,0,1,2,3,1,5,Not at intersection,3,40,Local Road,MELBOURNE,-37.833317,144.98096,3004.0,True,Preston HS,10443.1
T20250000658,2024-12-12,06:00:00,1,Collision with vehicle,5,Thursday,130,REAR END(VEHICLES IN SAME LANE),2,818374,2,0,0,1,1,2,2,5,Not at intersection,3,50,Local Road,FRANKSTON,-38.12621,145.1306,3198.0,True,Preston HS,44106.1
T20210020373,2021-06-10,17:15:00,6,Vehicle overturned (no collision),4,Wednesday,170,OFF CARRIAGEWAY TO LEFT,1,695772,2,0,1,0,2,3,1,5,Not at intersection,2,50,Local Road,MELTON,-37.68143,144.56982,3337.0,True,William Ruthven SC,38153.0
T20250015855,2025-05-06,18:20:00,2,Struck Pedestrian,5,Thursday,102,FAR SIDE. PED HIT BY VEHICLE FROM THE LEFT,3,819339,1,0,0,1,1,2,2,5,Not at intersection,3,60,Arterial Other,BOROONDARA,-37.808777,145.04729,3101.0,True,Preston HS,8252.8
T20240011591,2024-07-05,15:50:00,1,Collision with vehicle,2,Tuesday,163,VEHICLE STRIKES DOOR OF PARKED/STATIONARY VEHICLE,1,825487,2,0,0,1,1,2,1,5,Not at intersection,3,50,Local Road,DAREBIN,-37.73517,145.00447,3072.0,True,Preston HS,762.0
T20250018054,2025-04-07,10:00:00,1,Collision with vehicle,5,Friday,163,VEHICLE STRIKES DOOR OF PARKED/STATIONARY VEHICLE,1,821043,2,0,0,1,1,2,2,5,Not at intersection,3,999,Arterial Other,MERRI-BEK,-37.77299,144.94931,3055.0,True,Preston HS,6157.6
T20220005402,2022-09-03,17:08:00,1,Collision with vehicle,3,Wednesday,137,LEFT TURN SIDESWIPE,9,47518,2,0,1,0,1,2,2,2,T intersection,2,50,Local Road,PORT PHILLIP,-37.863335,144.99127,3182.0,True,Preston HS,13596.5
T20210015190,2021-10-07,14:00:00,1,Collision with vehicle,7,Saturday,140,U TURN,1,687553,2,0,1,0,1,2,1,5,Not at intersection,2,70,Arterial Other,BRIMBANK,-37.770863,144.79742,3022.0,True,Preston HS,18716.7
T20220017510,2022-03-08,14:45:00,2,Struck Pedestrian,3,Wednesday,109,ANY MANOEUVRE INVOLVING PED NOT INCLUDED IN DCAs 100-108.,1,782464,1,0,0,1,1,2,2,5,Not at intersection,3,50,Local Road,MELBOURNE,-37.793568,144.93018,3031.0,True,Preston HS,8887.0
T20230021360,2023-12-09,08:45:00,6,Vehicle overturned (no collision),3,Tuesday,174,OUT OF CONTROL ON CARRIAGEWAY (ON STRAIGHT),1,780765,1,0,1,0,0,1,1,5,Not at intersection,2,100,Local Road,WHITTLESEA,-37.557873,145.10986,3755.0,True,William Ruthven SC,18064.5
T20240020592,2024-08-08,15:30:00,1,Collision with vehicle,5,Thursday,113,RIGHT NEAR (INTERSECTIONS ONLY),1,807291,2,0,0,1,3,4,2,2,T intersection,3,999,Local Road,WHITTLESEA,-37.647964,145.01988,3076.0,True,William Ruthven SC,5602.2
T20250006797,2025-12-03,21:35:00,2,Struck Pedestrian,4,Wednesday,100,PED NEAR SIDE. PED HIT BY VEHICLE FROM THE RIGHT.,3,816420,1,0,1,0,1,2,1,2,T intersection,2,60,Arterial Highway,MERRI-BEK,-37.74142,144.96722,3058.0,True,Preston HS,3506.8
T20250009900,2025-12-04,16:30:00,1,Collision with vehicle,7,Saturday,133,LANE SIDE SWIPE (VEHICLES IN PARALLEL LANES),1,817314,2,0,0,1,1,2,2,5,Not at intersection,3,40,Arterial Highway,SURF COAST,-38.48325,144.02531,3231.0,True,Preston HS,119065.9
T20230005209,2023-04-03,10:05:00,1,Collision with vehicle,7,Saturday,134,LANE CHANGE RIGHT (NOT OVERTAKING),1,765772,4,0,0,1,3,4,1,5,Not at intersection,3,80,Freeway,HOBSONS BAY,-37.82461,144.85283,3012.0,True,Preston HS,16395.0
T20230008045,2023-02-04,15:19:00,8,No collision and no object struck,0,Sunday,182,OFF CARRIAGEWAY ON LEFT BEND,1,782162,1,0,1,0,0,1,1,3,Y intersection,2,80,Arterial Other,MURRINDINDI,-37.543785,145.67209,3778.0,True,Reservoir HS,59978.5
T20250006348,2025-08-03,18:01:00,1,Collision with vehicle,6,Saturday,137,LEFT TURN SIDESWIPE,1,816035,2,0,0,1,1,2,1,5,Not at intersection,3,60,Local Road,BRIMBANK,-37.781002,144.83276,3020.0,True,Preston HS,15936.6
T20240012072,2024-12-05,14:30:00,4,Collision with a fixed object,0,Sunday,179,OTHER ACCIDENTS-OFF STRAIGHT NOT INCLUDED IN DCAs 170-175,1,808907,1,0,0,1,0,1,1,5,Not at intersection,3,888,Local Road,MITCHELL,-37.35391,145.10767,3658.0,True,William Ruthven SC,39201.2
T20210003193,2021-10-02,23:45:00,2,Struck Pedestrian,4,Wednesday,102,FAR SIDE. PED HIT BY VEHICLE FROM THE LEFT,3,676806,1,0,1,1,0,2,1,1,Cross intersection,2,60,Arterial Other,MELBOURNE,-37.8063,144.95958,3000.0,True,Preston HS,8309.2
T20240000548,2024-01-01,18:40:00,2,Struck Pedestrian,2,Monday,108,PED STRUCK WALKING TO/FROM OR BOARDING/ALIGHTING VEHICLE.,1,298894,1,0,0,1,1,2,2,1,Cross intersection,3,60,Arterial Other,YARRA,-37.783207,144.98393,3068.0,True,Preston HS,5044.8
T20240031847,2024-12-12,10:36:00,1,Collision with vehicle,4,Thursday,131,LEFT REAR,1,49791,2,0,1,0,1,2,1,2,T intersection,2,70,Arterial Highway,GEELONG,-38.115005,144.35463,3215.0,True,Preston HS,70696.1
T20220015132,2022-05-07,06:15:00,1,Collision with vehicle,3,Tuesday,148,VEHICLE OFF FOOTPATH STRIKES VEH ON CARRIAGEWAY,3,719459,2,0,1,0,1,2,1,5,Not at intersection,2,50,Arterial Other,MARIBYRNONG,-37.80373,144.89545,3011.0,True,Preston HS,11994.8
T20210005349,2021-11-03,06:25:00,2,Struck Pedestrian,5,Thursday,100,PED NEAR SIDE. PED HIT BY VEHICLE FROM THE RIGHT.,3,677687,1,0,0,1,1,2,1,1,Cross intersection,3,40,Arterial Other,MELBOURNE,-37.80917,144.95232,3003.0,True,Preston HS,8914.3
T20240030913,2024-03-12,08:30:00,8,No collision and no object struck,3,Tuesday,174,OUT OF CONTROL ON CARRIAGEWAY (ON STRAIGHT),1,811988,2,0,0,1,1,2,1,5,Not at intersection,3,40,Local Road,MELBOURNE,-37.81475,144.94586,3008.0,True,Preston HS,9744.1
T20210010661,2021-12-05,12:51:00,1,Collision with vehicle,4,Wednesday,140,U TURN,1,45805,2,0,1,0,2,3,1,2,T intersection,2,60,Arterial Other,MONASH,-37.911594,145.18819,3150.0,True,Preston HS,24695.2
T20230020611,2023-03-09,15:13:00,1,Collision with vehicle,0,Sunday,111,RIGHT FAR (INTERSECTIONS ONLY),1,47131,2,0,0,2,1,3,1,2,T intersection,3,40,Arterial Other,CASEY,-38.096493,145.29309,3977.0,True,Preston HS,46751.9
T20220013503,2022-08-06,18:55:00,1,Collision with vehicle,3,Wednesday,137,LEFT TURN SIDESWIPE,3,783952,2,0,0,1,1,2,2,1,Cross intersection,3,999,Local Road,MELBOURNE,-37.79774,144.9729,3053.0,True,Preston HS,6918.6
T20240014304,2024-04-06,06:30:00,6,Vehicle overturned (no collision),3,Tuesday,174,OUT OF CONTROL ON CARRIAGEWAY (ON STRAIGHT),3,48992,2,0,0,1,1,2,2,2,T intersection,3,50,Local Road,FRANKSTON,-38.10871,145.1715,3201.0,True,Preston HS,43282.3
T20230009519,2023-07-04,15:00:00,6,Vehicle overturned (no collision),6,Friday,174,OUT OF CONTROL ON CARRIAGEWAY (ON STRAIGHT),1,770472,1,0,0,1,0,1,2,5,Not at intersection,3,60,Arterial Other,WELLINGTON,-38.17768,147.12689,3851.0,True,Reservoir HS,190748.4
T20240032051,2024-11-12,12:45:00,1,Collision with vehicle,4,Wednesday,116,LEFT NEAR (INTERSECTIONS ONLY),1,36331,2,0,0,1,1,2,2,2,T intersection,3,60,Local Road,MELBOURNE,-37.79085,144.96863,3054.0,True,Preston HS,6426.8
T20230021207,2023-10-09,17:15:00,1,Collision with vehicle,1,Sunday,134,LANE CHANGE RIGHT (NOT OVERTAKING),1,783000,3,0,1,1,1,3,1,5,Not at intersection,2,110,Freeway,MELTON,-37.698475,144.61592,3337.0,True,William Ruthven SC,34056.2
T20230023356,2023-01-10,11:05:00,8,No collision and no object struck,1,Sunday,174,OUT OF CONTROL ON CARRIAGEWAY (ON STRAIGHT),1,796256,1,1,0,0,0,1,1,5,Not at intersection,1,70,Arterial Highway,MORNINGTON PENINSULA,-38.35981,144.77444,3942.0,True,Preston HS,71686.3
T20210025819,2021-11-12,12:00:00,8,No collision and no object struck,7,Saturday,199,UNKNOWN-NO DETAILS ON MANOEUVRES OF ROAD-USERS IN ACCIDENT,1,781399,1,0,0,1,0,1,2,5,Not at intersection,3,888,Local Road,BAW BAW,-37.962223,145.9046,3833.0,True,Reservoir HS,81346.8
T20240014373,2024-05-06,13:35:00,2,Struck Pedestrian,4,Wednesday,102,FAR SIDE. PED HIT BY VEHICLE FROM THE LEFT,1,50672,1,1,0,0,1,2,1,1,Cross intersection,1,60,Arterial Highway,WARRNAMBOOL,-38.37365,142.47757,3280.0,True,Preston HS,232341.1
T20240028127,2024-05-11,13:00:00,1,Collision with vehicle,3,Tuesday,148,VEHICLE OFF FOOTPATH STRIKES VEH ON CARRIAGEWAY,1,810546,2,0,0,1,1,2,1,2,T intersection,3,60,Local Road,MANNINGHAM,-37.788067,145.19902,3111.0,True,Reservoir HS,16603.8
T20240005734,2024-06-03,16:36:00,1,Collision with vehicle,4,Wednesday,121,RIGHT THROUGH,1,40333,2,0,0,1,1,2,1,1,Cross intersection,3,60,Arterial Other,GLEN EIRA,-37.874073,145.03596,3161.0,True,Preston HS,14936.0
T20230028799,2023-04-12,11:00:00,6,Vehicle overturned (no collision),2,Monday,174,OUT OF CONTROL ON CARRIAGEWAY (ON STRAIGHT),1,795155,1,0,0,1,0,1,2,5,Not at intersection,3,999,,MITCHELL,-37.195213,145.16353,3659.0,True,William Ruthven SC,57518.4
T20210015228,2021-10-07,16:45:00,2,Struck Pedestrian,7,Saturday,100,PED NEAR SIDE. PED HIT BY VEHICLE FROM THE RIGHT.,1,688043,1,0,1,0,1,2,1,5,Not at intersection,2,40,Local Road,KINGSTON,-37.992428,145.0752,3195.0,True,Preston HS,28513.4
T20210012972,2021-12-06,14:12:00,1,Collision with vehicle,7,Saturday,148,VEHICLE OFF FOOTPATH STRIKES VEH ON CARRIAGEWAY,1,687668,2,0,0,1,2,3,1,2,T intersection,3,60,Arterial Highway,DANDENONG,-37.965176,145.22417,3175.0,True,Preston HS,31316.2
T20220004537,2022-09-01,09:00:00,6,Vehicle overturned (no collision),1,Sunday,174,OUT OF CONTROL ON CARRIAGEWAY (ON STRAIGHT),1,706406,1,0,0,1,0,1,2,5,Not at intersection,3,999,,BAW BAW,-38.00524,146.01994,3831.0,True,Reservoir HS,92467.0
T20240022969,2024-09-09,10:00:00,1,Collision with vehicle,2,Monday,130,REAR END(VEHICLES IN SAME LANE),1,810095,2,0,1,0,1,2,2,5,Not at intersection,2,100,Local Road,WELLINGTON,-37.927254,147.10057,3862.0,True,Reservoir HS,183331.0
T20220025491,2022-05-11,11:00:00,6,Vehicle overturned (no collision),7,Saturday,182,OFF CARRIAGEWAY ON LEFT BEND,1,734697,1,0,1,0,0,1,2,5,Not at intersection,2,999,Local Road,WELLINGTON,-37.619286,147.12074,3862.0,True,Reservoir HS,184421.4
T20230013681,2023-12-06,19:30:00,5,collision with some other object,2,Monday,183,OFF LEFT BEND INTO OBJECT/PARKED VEHICLE,5,775880,1,0,0,1,0,1,1,5,Not at intersection,3,80,Arterial Other,NILLUMBIK,-37.651207,145.11073,3091.0,True,Reservoir HS,10671.7
T20240003389,2024-11-02,08:07:00,1,Collision with vehicle,1,Sunday,110,CROSS TRAFFIC(INTERSECTIONS ONLY),1,41592,2,0,0,1,2,3,1,1,Cross intersection,3,50,Local Road,MONASH,-37.901756,145.09181,3166.0,True,Preston HS,19290.1
T20220007469,2022-03-04,12:30:00,6,Vehicle overturned (no collision),1,Sunday,174,OUT OF CONTROL ON CARRIAGEWAY (ON STRAIGHT),1,708771,1,0,0,1,0,1,2,5,Not at intersection,3,100,Arterial Other,LATROBE,-38.289845,146.5398,3844.0,True,Reservoir HS,146604.4
T20220005596,2022-12-03,13:25:00,1,Collision with vehicle,7,Saturday,120,HEAD ON (NOT OVERTAKING),1,707949,2,0,1,0,1,2,1,5,Not at intersection,2,60,Arterial Other,MORNINGTON PENINSULA,-38.351135,144.95125,3936.0,True,Preston HS,67942.3
T20250032220,2025-12-07,10:00:00,7,Fall from or in moving vehicle,6,Saturday,190,FELL IN/FROM VEHICLE,1,824593,1,0,1,0,0,1,2,5,Not at intersection,2,50,Local Road,WELLINGTON,-38.327274,146.7934,3847.0,True,Reservoir HS,168514.3
T20250006290,2025-07-03,16:15:00,2,Struck Pedestrian,6,Friday,100,PED NEAR SIDE. PED HIT BY VEHICLE FROM THE RIGHT.,1,816588,1,0,0,1,1,2,1,5,Not at intersection,3,30,Local Road,YARRA,-37.808067,144.9827,3066.0,True,Preston HS,7685.0
T20230003334,2023-08-02,08:00:00,1,Collision with vehicle,3,Wednesday,137,LEFT TURN SIDESWIPE,1,812400,2,0,0,1,1,2,2,1,Cross intersection,3,60,Local Road,MELBOURNE,-37.792244,144.9684,3054.0,True,Preston HS,6569.5
T20220005597,2022-12-03,13:40:00,1,Collision with vehicle,7,Saturday,175,OFF END OF ROAD/T-INTERSECTION.,1,711940,3,0,1,0,0,1,1,2,T intersection,2,50,Local Road,FRANKSTON,-38.13619,145.20648,3910.0,True,Preston HS,47221.6
T20240004567,2024-05-02,12:00:00,8,No collision and no object struck,2,Monday,174,OUT OF CONTROL ON CARRIAGEWAY (ON STRAIGHT),1,798747,1,0,0,1,0,1,2,5,Not at intersection,3,100,Local Road,LATROBE,-38.0029,146.60898,3857.0,True,Reservoir HS,142128.6
T20250007390,2025-03-03,13:00:00,6,Vehicle overturned (no collision),1,Monday,174,OUT OF CONTROL ON CARRIAGEWAY (ON STRAIGHT),1,277043,2,0,0,1,1,2,2,2,T intersection,3,60,Freeway,MELBOURNE,-37.829453,144.96405,3006.0,True,Preston HS,10465.4
T20230018531,2023-07-07,16:00:00,6,Vehicle overturned (no collision),6,Friday,180,OFF CARRIAGEWAY ON RIGHT BEND,2,786034,1,0,0,1,0,1,2,5,Not at intersection,3,100,Arterial Other,CORANGAMITE,-38.170185,143.11346,3260.0,True,Preston HS,172723.2
T20240003345,2024-10-02,14:40:00,1,Collision with vehicle,7,Saturday,132,RIGHT REAR.,1,807422,2,0,0,1,1,2,1,2,T intersection,3,100,Arterial Highway,BENALLA,-36.73718,145.99817,3673.0,True,William Ruthven SC,138365.3
T20250001102,2025-11-01,12:00:00,5,collision with some other object,7,Saturday,179,OTHER ACCIDENTS-OFF STRAIGHT NOT INCLUDED IN DCAs 170-175,1,813772,1,0,0,1,0,1,2,5,Not at intersection,3,888,Local Road,WELLINGTON,-38.60431,146.5544,3971.0,True,Reservoir HS,165502.6
T20240019744,2024-04-08,21:05:00,6,Vehicle overturned (no collision),1,Sunday,174,OUT OF CONTROL ON CARRIAGEWAY (ON STRAIGHT),3,809120,1,0,1,0,0,1,2,5,Not at intersection,2,80,Arterial Other,MELTON,-37.761837,144.7539,3023.0,True,Preston HS,22373.3
T20240022311,2024-01-09,17:46:00,8,No collision and no object struck,1,Sunday,174,OUT OF CONTROL ON CARRIAGEWAY (ON STRAIGHT),2,808111,2,0,1,0,1,2,1,2,T intersection,2,60,Local Road,MELTON,-37.714947,144.67601,3336.0,True,William Ruthven SC,28838.2
T20210000492,2021-08-01,14:12:00,2,Struck Pedestrian,6,Friday,108,PED STRUCK WALKING TO/FROM OR BOARDING/ALIGHTING VEHICLE.,1,673139,1,0,1,0,1,2,1,1,Cross intersection,2,40,Local Road,PORT PHILLIP,-37.83519,144.9617,3205.0,True,Preston HS,11134.9
T20240014670,2024-08-06,21:15:00,2,Struck Pedestrian,7,Saturday,102,FAR SIDE. PED HIT BY VEHICLE FROM THE LEFT,3,806122,1,0,1,0,1,2,1,5,Not at intersection,2,80,Arterial Other,CASEY,-38.084366,145.29239,3977.0,True,Preston HS,45587.2
T20210012795,2021-09-06,19:00:00,2,Struck Pedestrian,4,Wednesday,100,PED NEAR SIDE. PED HIT BY VEHICLE FROM THE RIGHT.,3,685346,1,0,1,0,1,2,1,1,Cross intersection,2,70,Arterial Highway,YARRA,-37.804943,144.99214,3067.0,True,Preston HS,7154.2
T20210005512,2021-12-03,15:53:00,2,Struck Pedestrian,6,Friday,108,PED STRUCK WALKING TO/FROM OR BOARDING/ALIGHTING VEHICLE.,1,679766,2,0,1,0,1,2,1,5,Not at intersection,2,40,Arterial Other,BOROONDARA,-37.831474,145.05667,3124.0,True,Preston HS,10891.5
T20240025195,2024-06-10,11:00:00,2,Struck Pedestrian,0,Sunday,100,PED NEAR SIDE. PED HIT BY VEHICLE FROM THE RIGHT.,1,187525,1,0,0,1,1,2,2,1,Cross intersection,3,999,Arterial Highway,PORT PHILLIP,-37.835068,144.97113,3205.0,True,Preston HS,10852.6
T20220024834,2022-04-11,13:30:00,4,Collision with a fixed object,6,Friday,181,OFF RIGHT BEND INTO OBJECT/PARKED VEHICLE,1,771815,1,0,1,0,0,1,1,5,Not at intersection,2,80,Arterial Other,MOORABOOL,-37.54694,144.30241,3458.0,True,William Ruthven SC,63904.9
T20230003441,2023-12-02,11:45:00,8,No collision and no object struck,1,Sunday,182,OFF CARRIAGEWAY ON LEFT BEND,1,754556,1,0,1,0,0,1,1,5,Not at intersection,2,100,Arterial Other,EAST GIPPSLAND,-36.991116,147.49231,3898.0,True,Reservoir HS,232368.3
T20220008189,2022-12-04,10:00:00,2,Struck Pedestrian,3,Tuesday,106,VEH STRIKES PED ON FOOTPATH/MEDIAN/TRAFFIC ISLAND.,1,710125,1,0,1,0,1,2,1,3,Y intersection,2,50,Local Road,MORNINGTON PENINSULA,-38.18407,145.08801,3930.0,True,Preston HS,49698.1
T20210025016,2021-05-12,16:45:00,8,No collision and no object struck,1,Sunday,174,OUT OF CONTROL ON CARRIAGEWAY (ON STRAIGHT),1,723047,1,0,1,0,1,2,1,5,Not at intersection,2,50,Local Road,BALLARAT,-37.588505,143.83778,3356.0,True,William Ruthven SC,103294.9
T20220010982,2021-11-11,05:34:00,2,Struck Pedestrian,4,Thursday,108,PED STRUCK WALKING TO/FROM OR BOARDING/ALIGHTING VEHICLE.,2,718446,1,0,0,1,1,2,2,5,Not at intersection,3,40,Local Road,PORT PHILLIP,-37.830032,144.95782,3006.0,True,Preston HS,10734.4
T20220006067,2022-09-03,19:43:00,8,No collision and no object struck,4,Wednesday,172,OFF CARRIAGEWAY TO RIGHT,3,710219,1,0,0,1,0,1,2,5,Not at intersection,3,50,Local Road,PORT PHILLIP,-37.86317,145.00513,3183.0,True,Preston HS,13508.0
T20250006305,2025-04-03,21:00:00,2,Struck Pedestrian,2,Tuesday,103,PED PLAYING/LYING/WORKING/STANDING ON CARRIAGEWAY.,3,817222,1,0,0,1,1,2,1,5,Not at intersection,3,50,Local Road,WYNDHAM,-37.837875,144.70972,3029.0,True,Preston HS,28235.3
T20240005426,2024-03-03,12:37:00,4,Collision with a fixed object,1,Sunday,179,OTHER ACCIDENTS-OFF STRAIGHT NOT INCLUDED IN DCAs 170-175,1,807590,1,0,0,1,0,1,1,5,Not at intersection,3,50,Local Road,HUME,-37.691376,144.87599,3043.0,True,William Ruthven SC,11189.1
T20250014482,2025-04-03,08:40:00,1,Collision with vehicle,2,Tuesday,148,VEHICLE OFF FOOTPATH STRIKES VEH ON CARRIAGEWAY,9,57990,2,0,0,1,1,2,2,2,T intersection,3,40,Local Road,MARIBYRNONG,-37.801632,144.88869,3011.0,True,Preston HS,12358.4
T20250020414,2025-02-08,11:26:00,1,Collision with vehicle,7,Saturday,121,RIGHT THROUGH,1,40228,2,0,1,0,1,2,1,2,T intersection,2,60,Arterial Other,STONNINGTON,-37.861065,145.01823,3143.0,True,Preston HS,13308.8
T20220010572,2022-10-05,18:20:00,1,Collision with vehicle,3,Tuesday,121,RIGHT THROUGH,3,40496,2,0,0,1,1,2,1,2,T intersection,3,60,Arterial Other,BOROONDARA,-37.833626,145.07625,3124.0,True,Preston HS,11891.5
T20250003587,2025-08-02,11:35:00,1,Collision with vehicle,6,Saturday,121,RIGHT THROUGH,1,37703,2,0,0,1,1,2,2,2,T intersection,3,40,Local Road,STONNINGTON,-37.849033,144.99379,3181.0,True,Preston HS,11992.0
T20220022806,2022-02-10,12:45:00,8,No collision and no object struck,0,Sunday,184,OUT OF CONTROL ON CARRIAGEWAY (ON BEND),1,733911,1,0,1,0,0,1,2,5,Not at intersection,2,80,Local Road,(MOUNT BAW BAW),-37.84168,146.26857,3833.0,True,Reservoir HS,109705.3
T20230005646,2023-09-03,09:44:00,2,Struck Pedestrian,4,Thursday,108,PED STRUCK WALKING TO/FROM OR BOARDING/ALIGHTING VEHICLE.,1,36584,1,0,0,1,1,2,1,2,T intersection,3,40,Local Road,YARRA,-37.79657,144.98468,3066.0,True,Preston HS,6411.6
T20230013818,2023-05-06,13:00:00,2,Struck Pedestrian,2,Monday,100,PED NEAR SIDE. PED HIT BY VEHICLE FROM THE RIGHT.,1,783245,2,0,0,1,1,2,2,5,Not at intersection,3,40,Arterial Other,FRANKSTON,-38.14667,145.13548,3199.0,True,Preston HS,46416.5
T20230007924,2023-04-04,09:45:00,6,Vehicle overturned (no collision),3,Tuesday,174,OUT OF CONTROL ON CARRIAGEWAY (ON STRAIGHT),1,775604,1,0,1,0,0,1,1,5,Not at intersection,2,50,Local Road,SWAN HILL,-35.343834,143.54356,3585.0,True,William Ruthven SC,292303.2
T20220013375,2022-02-06,10:47:00,1,Collision with vehicle,4,Thursday,110,CROSS TRAFFIC(INTERSECTIONS ONLY),1,71575,2,0,0,1,1,2,1,1,Cross intersection,3,60,Local Road,FRANKSTON,-38.111664,145.14185,3198.0,True,Preston HS,42802.2
T20240031470,2024-06-12,23:29:00,1,Collision with vehicle,6,Friday,135,LANE CHANGE LEFT (NOT OVERTAKING),6,812194,2,0,0,1,1,2,1,5,Not at intersection,3,60,Arterial Other,HUME,-37.5981,144.94322,3064.0,True,William Ruthven SC,12145.3
T20220017493,2022-01-08,18:30:00,2,Struck Pedestrian,2,Monday,109,ANY MANOEUVRE INVOLVING PED NOT INCLUDED IN DCAs 100-108.,6,744979,1,0,0,1,0,1,2,2,T intersection,3,60,Arterial Highway,WHITTLESEA,-37.695988,145.05937,3083.0,True,Reservoir HS,3946.7
T20230023722,2023-11-10,17:00:00,8,No collision and no object struck,3,Wednesday,151,OUT OF CONTROL (OVERTAKING),2,786178,2,0,0,1,1,2,2,5,Not at intersection,3,50,Local Road,MELBOURNE,-37.80051,144.96477,3053.0,True,Preston HS,7523.7
T20220019884,2022-03-09,02:21:00,1,Collision with vehicle,7,Saturday,111,RIGHT FAR (INTERSECTIONS ONLY),3,725186,2,0,0,1,1,2,1,2,T intersection,3,50,Arterial Other,MELBOURNE,-37.808434,144.95569,3000.0,True,Preston HS,8687.9
T20220013343,2022-07-06,07:00:00,1,Collision with vehicle,3,Tuesday,113,RIGHT NEAR (INTERSECTIONS ONLY),1,29477,2,0,0,1,1,2,2,2,T intersection,3,60,Arterial Other,STONNINGTON,-37.832005,145.00636,3141.0,True,Preston HS,10041.7
T20220000296,2022-05-01,18:45:00,1,Collision with vehicle,4,Wednesday,113,RIGHT NEAR (INTERSECTIONS ONLY),1,39776,2,1,0,0,1,2,1,1,Cross intersection,1,70,Arterial Other,MAROONDAH,-37.805065,145.28877,3136.0,True,Reservoir HS,24582.9
T20240005733,2024-06-03,17:57:00,1,Collision with vehicle,4,Wednesday,121,RIGHT THROUGH,1,66901,2,0,1,0,1,2,1,2,T intersection,2,60,Arterial Other,STONNINGTON,-37.842094,145.01743,3142.0,True,Preston HS,11200.1
T20220022173,2022-02-10,14:36:00,7,Fall from or in moving vehicle,1,Sunday,179,OTHER ACCIDENTS-OFF STRAIGHT NOT INCLUDED IN DCAs 170-175,1,782975,1,0,0,1,0,1,1,5,Not at intersection,3,100,Local Road,TOWONG,-36.198322,147.26923,3700.0,True,William Ruthven SC,261349.8
T20220019963,2022-04-09,02:14:00,2,Struck Pedestrian,1,Sunday,104,PED WALKING WITH TRAFFIC,5,246210,1,1,0,0,1,2,1,5,Not at intersection,1,80,Arterial Highway,LATROBE,-38.214207,146.48132,3844.0,True,Reservoir HS,138525.2
T20210017382,2021-12-08,07:00:00,1,Collision with vehicle,5,Thursday,121,RIGHT THROUGH,1,48329,2,0,1,0,2,3,1,2,T intersection,2,60,Arterial Other,MAROONDAH,-37.800762,145.27267,3136.0,True,Reservoir HS,23092.1
T20210025203,2021-09-12,15:30:00,2,Struck Pedestrian,5,Thursday,101,PED EMERGES FROM IN FRONT OF PARKED OR STATIONARY VEHICLE,1,699057,1,0,1,0,1,2,1,5,Not at intersection,2,50,Local Road,MELTON,-37.666237,144.5958,3337.0,True,William Ruthven SC,35991.6
T20220007502,2022-04-04,09:57:00,2,Struck Pedestrian,1,Monday,107,PED ON FOOTHPATH STRUCK BY VEHENTERING/LEAVING DRIVEWAY.,1,711579,1,0,1,0,1,2,1,5,Not at intersection,2,60,Arterial Other,NILLUMBIK,-37.71642,145.13696,3095.0,True,Reservoir HS,9484.0
T20250020625,2025-04-08,16:45:00,2,Struck Pedestrian,1,Monday,102,FAR SIDE. PED HIT BY VEHICLE FROM THE LEFT,1,45642,1,0,1,0,2,3,1,2,T intersection,2,40,Arterial Other,MELBOURNE,-37.78472,144.9594,3054.0,True,Preston HS,6361.2
T20240005223,2024-01-03,08:03:00,2,Struck Pedestrian,6,Friday,100,PED NEAR SIDE. PED HIT BY VEHICLE FROM THE RIGHT.,1,798986,1,0,0,1,1,2,1,1,Cross intersection,3,40,Local Road,GLEN EIRA,-37.87719,145.00092,3183.0,True,Preston HS,15075.6
T20240009235,2024-07-04,21:40:00,1,Collision with vehicle,1,Sunday,163,VEHICLE STRIKES DOOR OF PARKED/STATIONARY VEHICLE,3,801420,2,0,0,1,1,2,2,5,Not at intersection,3,60,Arterial Other,PORT PHILLIP,-37.87129,144.97632,3182.0,True,Preston HS,14661.3