ACCIDENT_NO,ACCIDENT_DATE,ACCIDENT_TIME,ACCIDENT_TYPE,ACCIDENT_TYPE_DESC,DAY_OF_WEEK,DAY_WEEK_DESC,DCA_CODE,DCA_DESC,LIGHT_CONDITION,NODE_ID,NO_OF_VEHICLES,NO_PERSONS_KILLED,NO_PERSONS_INJ_2,NO_PERSONS_INJ_3,NO_PERSONS_NOT_INJ,NO_PERSONS,POLICE_ATTEND,ROAD_GEOMETRY,ROAD_GEOMETRY_DESC,SEVERITY,SPEED_ZONE,RMA,LGA_NAME,LATITUDE,LONGITUDE,POSTCODE_CRASH,PED_OR_CYC,nearest_school,dist_to_gate_m
T20220008436,2022-07-03,14:00:00,7,Fall from or in moving vehicle,2,Monday,190,FELL IN/FROM VEHICLE,1,774969,1,0,0,1,0,1,2,1,Cross intersection,3,999,Local Road,MORELAND,-37.77133,144.953,3056.0,True,Preston HS,5785.8
T20230023294,2023-05-10,22:08:00,2,Struck Pedestrian,5,Thursday,100,PED NEAR SIDE. PED HIT BY VEHICLE FROM THE RIGHT.,6,359143,1,0,1,0,1,2,2,2,T intersection,2,60,Arterial Other,STONNINGTON,-37.856102,145.00189,3181.0,True,Preston HS,12729.2
T20250005930,2025-04-03,18:10:00,2,Struck Pedestrian,3,Tuesday,106,VEH STRIKES PED ON FOOTPATH/MEDIAN/TRAFFIC ISLAND.,1,820459,1,0,0,1,1,2,2,5,Not at intersection,3,999,Arterial Other,STONNINGTON,-37.834793,145.00475,3141.0,True,Preston HS,10353.5
T20220020177,2022-07-09,06:30:00,1,Collision with vehicle,4,Wednesday,148,VEHICLE OFF FOOTPATH STRIKES VEH ON CARRIAGEWAY,2,724290,2,0,1,0,1,2,1,5,Not at intersection,2,50,Local Road,YARRA,-37.82806,145.00932,3121.0,True,Preston HS,9604.8
T20210020429,2021-07-10,17:41:00,2,Struck Pedestrian,5,Thursday,100,PED NEAR SIDE. PED HIT BY VEHICLE FROM THE RIGHT.,1,694370,1,0,0,1,1,2,1,5,Not at intersection,3,60,Arterial Other,STONNINGTON,-37.844658,145.03845,3144.0,True,Preston HS,11775.2
T20250006269,2025-07-03,16:45:00,1,Collision with vehicle,6,Friday,121,RIGHT THROUGH,1,36950,2,0,0,1,2,3,1,2,T intersection,3,80,Arterial Other,BRIMBANK,-37.694744,144.76613,3037.0,True,William Ruthven SC,20841.1
T20220017213,2022-01-08,19:20:00,1,Collision with vehicle,2,Monday,133,LANE SIDE SWIPE (VEHICLES IN PARALLEL LANES),5,767771,2,0,2,1,0,3,1,5,Not at intersection,2,100,Arterial Highway,CASEY,-38.21547,145.38658,3980.0,True,Preston HS,62301.9
T20230008053,2023-05-04,08:15:00,1,Collision with vehicle,4,Wednesday,133,LANE SIDE SWIPE (VEHICLES IN PARALLEL LANES),2,36579,2,0,1,0,1,2,1,3,Y intersection,2,60,Arterial Other,YARRA,-37.79081,144.98567,3068.0,True,Preston HS,5776.6
T20220017150,2022-01-08,08:40:00,1,Collision with vehicle,2,Monday,130,REAR END(VEHICLES IN SAME LANE),1,720934,2,0,0,1,1,2,2,5,Not at intersection,3,999,Local Road,MOONEE VALLEY,-37.7103,144.89209,3041.0,True,William Ruthven SC,9875.8
T20210005031,2021-07-03,12:30:00,1,Collision with vehicle,1,Sunday,137,LEFT TURN SIDESWIPE,1,65003,2,0,0,1,1,2,2,1,Cross intersection,3,40,Arterial Highway,YARRA,-37.794052,144.9882,3068.0,True,Preston HS,6053.7
T20240014637,2024-07-06,16:00:00,1,Collision with vehicle,6,Friday,149,OTHER MANOEUVRING NOT INCLUDED IN DCAs 140-148,1,804895,2,0,0,1,1,2,2,5,Not at intersection,3,40,Local Road,MELBOURNE,-37.812733,144.96246,3000.0,True,Preston HS,8819.2
T20220027352,2022-02-12,16:25:00,1,Collision with vehicle,6,Friday,119,OTHER ADJACENT (INTERSECTIONS ONLY),1,36788,5,0,0,1,5,6,1,1,Cross intersection,3,60,Local Road,PORT PHILLIP,-37.827446,144.93938,3207.0,True,Preston HS,11239.4
T20250006228,2025-07-03,11:08:00,1,Collision with vehicle,6,Friday,135,LANE CHANGE LEFT (NOT OVERTAKING),1,54541,2,0,1,0,1,2,1,2,T intersection,2,60,Arterial Other,YARRA,-37.810013,144.99527,3121.0,True,Preston HS,7666.9
T20210017354,2021-11-08,16:04:00,1,Collision with vehicle,4,Wednesday,163,VEHICLE STRIKES DOOR OF PARKED/STATIONARY VEHICLE,2,690626,2,0,0,1,1,2,1,5,Not at intersection,3,40,Arterial Other,BAYSIDE,-37.951874,145.00508,3191.0,True,Preston HS,23371.0
T20210022637,2021-08-11,15:45:00,1,Collision with vehicle,2,Monday,153,CUTTING IN (OVERTAKING),1,697353,2,0,0,1,1,2,1,2,T intersection,3,60,,HOBSONS BAY,-37.878178,144.75766,3028.0,True,Preston HS,26654.9
T20220002174,2022-01-02,22:15:00,1,Collision with vehicle,3,Tuesday,143,ENTERING PARKING,3,704451,2,0,1,0,1,2,1,5,Not at intersection,2,40,Local Road,MELBOURNE,-37.8098,144.97078,3000.0,True,Preston HS,8217.7
T20240022881,2024-08-09,18:45:00,1,Collision with vehicle,0,Sunday,110,CROSS TRAFFIC(INTERSECTIONS ONLY),3,58681,2,0,0,1,1,2,1,1,Cross intersection,3,50,Local Road,WODONGA,-36.1289,146.89062,3690.0,True,William Ruthven SC,241958.1
T20250005894,2025-11-02,07:40:00,1,Collision with vehicle,2,Tuesday,160,VEHICLE COLLIDES WITH VEHICLE PARKED ON LEFT OF ROAD,2,815937,2,0,0,1,0,1,2,5,Not at intersection,3,40,Local Road,MELBOURNE,-37.81062,144.98352,3002.0,True,Preston HS,7938.8
T20240003589,2024-05-02,08:00:00,1,Collision with vehicle,2,Monday,110,CROSS TRAFFIC(INTERSECTIONS ONLY),1,804482,2,0,0,1,1,2,2,1,Cross intersection,3,60,Arterial Other,YARRA,-37.82971,145.01266,3121.0,True,Preston HS,9798.5
T20250011608,2025-01-05,15:35:00,1,Collision with vehicle,5,Thursday,148,VEHICLE OFF FOOTPATH STRIKES VEH ON CARRIAGEWAY,1,818490,2,0,1,0,1,2,1,2,T intersection,2,50,Local Road,GLEN EIRA,-37.89122,145.06876,3163.0,True,Preston HS,17485.9
T20230021269,2023-11-09,11:30:00,1,Collision with vehicle,2,Monday,110,CROSS TRAFFIC(INTERSECTIONS ONLY),1,41124,2,0,1,0,1,2,1,1,Cross intersection,2,50,Arterial Other,BAYSIDE,-37.887703,144.99142,3186.0,True,Preston HS,16293.1
T20240008690,2024-07-04,10:50:00,1,Collision with vehicle,1,Sunday,189,OTHER ACCIDENTS ON CURVE NOT INCLUDED IN DCAs 180-184,1,809416,2,0,1,0,1,2,1,5,Not at intersection,2,60,Local Road,HEPBURN,-37.440414,143.89914,3363.0,True,William Ruthven SC,101370.9
T20220015162,2022-06-07,18:10:00,2,Struck Pedestrian,3,Wednesday,102,FAR SIDE. PED HIT BY VEHICLE FROM THE LEFT,5,782139,1,0,0,1,1,2,1,2,T intersection,3,50,Local Road,BOROONDARA,-37.807907,145.06981,3103.0,True,Preston HS,9196.5
T20230010478,2023-11-03,13:00:00,6,Vehicle overturned (no collision),7,Saturday,184,OUT OF CONTROL ON CARRIAGEWAY (ON BEND),1,773575,1,0,0,1,0,1,2,5,Not at intersection,3,100,,BAW BAW,-37.911034,146.02547,3833.0,True,Reservoir HS,89974.6
T20220000276,2022-05-01,13:20:00,1,Collision with vehicle,4,Wednesday,134,LANE CHANGE RIGHT (NOT OVERTAKING),1,701275,2,0,1,0,1,2,1,2,T intersection,2,60,Arterial Other,HUME,-37.575684,144.72873,3429.0,True,William Ruthven SC,27637.4
T20230025627,2023-02-11,12:20:00,1,Collision with vehicle,5,Thursday,136,RIGHT TURN SIDESWIPE,1,786208,2,0,0,1,1,2,2,5,Not at intersection,3,50,Local Road,MELTON,-37.65975,144.5917,3337.0,True,William Ruthven SC,36426.4
T20210022705,2021-07-11,11:30:00,7,Fall from or in moving vehicle,1,Sunday,190,FELL IN/FROM VEHICLE,1,781314,1,0,0,1,0,1,2,5,Not at intersection,3,888,Local Road,CAMPASPE,-36.64934,145.00887,3612.0,True,William Ruthven SC,116444.5
T20230017047,2023-04-07,12:00:00,6,Vehicle overturned (no collision),2,Tuesday,179,OTHER ACCIDENTS-OFF STRAIGHT NOT INCLUDED IN DCAs 170-175,1,777593,1,0,0,1,0,1,2,5,Not at intersection,3,60,Arterial Other,MOONEE VALLEY,-37.77251,144.92342,3039.0,True,Preston HS,8115.1
T20240005624,2024-05-03,14:45:00,1,Collision with vehicle,3,Tuesday,121,RIGHT THROUGH,1,36208,2,0,1,0,1,2,1,2,T intersection,2,60,Arterial Other,MELBOURNE,-37.797115,144.95789,3052.0,True,Preston HS,7528.5
T20250012164,2025-06-05,14:40:00,8,No collision and no object struck,2,Tuesday,184,OUT OF CONTROL ON CARRIAGEWAY (ON BEND),1,818131,1,0,0,1,0,1,2,5,Not at intersection,3,60,Local Road,CARDINIA,-37.956547,145.38237,3804.0,True,Reservoir HS,40479.7
T20230020712,2023-03-09,14:30:00,1,Collision with vehicle,1,Sunday,130,REAR END(VEHICLES IN SAME LANE),1,239553,2,0,0,1,1,2,1,1,Cross intersection,3,50,Local Road,HUME,-37.58565,144.91827,3064.0,True,William Ruthven SC,14411.3
T20210005255,2021-10-03,08:14:00,1,Collision with vehicle,3,Wednesday,148,VEHICLE OFF FOOTPATH STRIKES VEH ON CARRIAGEWAY,1,783152,2,0,0,1,1,2,1,1,Cross intersection,3,70,Local Road,CAMPASPE,-36.14042,144.74664,3564.0,True,William Ruthven SC,174526.7
T20220011701,2022-10-05,09:30:00,1,Collision with vehicle,3,Tuesday,137,LEFT TURN SIDESWIPE,1,36622,2,0,1,0,1,2,1,1,Cross intersection,2,30,Local Road,YARRA,-37.797195,144.9877,3066.0,True,Preston HS,6402.0
T20240008549,2024-12-03,08:50:00,1,Collision with vehicle,3,Tuesday,163,VEHICLE STRIKES DOOR OF PARKED/STATIONARY VEHICLE,1,802623,2,0,0,1,1,2,2,5,Not at intersection,3,50,Local Road,YARRA,-37.805614,144.97586,3065.0,True,Preston HS,7618.9
T20250005941,2025-05-03,02:29:00,1,Collision with vehicle,4,Wednesday,136,RIGHT TURN SIDESWIPE,3,35355,2,0,1,0,3,4,1,1,Cross intersection,2,40,Local Road,MELBOURNE,-37.812283,144.96227,3000.0,True,Preston HS,8781.9
T20240009039,2024-11-04,08:26:00,1,Collision with vehicle,5,Thursday,121,RIGHT THROUGH,1,65831,2,0,1,0,1,2,1,1,Cross intersection,2,40,Arterial Other,MELBOURNE,-37.812466,144.95392,3003.0,True,Preston HS,9152.3
T20240001465,2024-12-01,15:10:00,1,Collision with vehicle,5,Friday,163,VEHICLE STRIKES DOOR OF PARKED/STATIONARY VEHICLE,1,344097,2,0,0,2,0,2,2,2,T intersection,3,40,Local Road,STONNINGTON,-37.85003,144.99364,3181.0,True,Preston HS,12103.7
T20250012818,2025-08-05,15:00:00,1,Collision with vehicle,4,Thursday,137,LEFT TURN SIDESWIPE,1,36432,2,0,1,0,1,2,2,1,Cross intersection,2,60,Arterial Other,MELBOURNE,-37.801224,144.97432,3065.0,True,Preston HS,7218.7
T20230015813,2023-08-07,10:20:00,1,Collision with vehicle,7,Saturday,134,LANE CHANGE RIGHT (NOT OVERTAKING),1,776985,3,0,1,0,3,4,1,5,Not at intersection,2,40,Local Road,STONNINGTON,-37.842487,144.99501,3141.0,True,Preston HS,11257.2
T20210014802,2021-06-07,06:13:00,8,No collision and no object struck,3,Tuesday,199,UNKNOWN-NO DETAILS ON MANOEUVRES OF ROAD-USERS IN ACCIDENT,3,689100,3,0,1,0,2,3,1,5,Not at intersection,2,80,Freeway,MELBOURNE,-37.82557,144.93753,3207.0,True,Preston HS,11151.3
T20230002647,2023-02-02,17:27:00,1,Collision with vehicle,5,Thursday,110,CROSS TRAFFIC(INTERSECTIONS ONLY),2,64490,2,0,1,0,1,2,2,1,Cross intersection,2,40,Local Road,YARRA,-37.78277,144.96684,3054.0,True,Preston HS,5777.6
T20230029164,2023-07-12,10:35:00,1,Collision with vehicle,4,Thursday,130,REAR END(VEHICLES IN SAME LANE),1,67259,2,0,0,1,1,2,1,2,T intersection,3,70,Arterial Highway,WHITEHORSE,-37.851326,145.12534,3125.0,True,Preston HS,16016.5
T20220003330,2022-09-02,18:45:00,2,Struck Pedestrian,3,Wednesday,105,PED WALKING AGAINST TRAFFIC.,1,40224,1,0,0,1,1,2,2,1,Cross intersection,3,60,Arterial Other,STONNINGTON,-37.861263,145.01971,3143.0,True,Preston HS,13340.9
T20230027451,2023-11-11,12:15:00,8,No collision and no object struck,7,Saturday,151,OUT OF CONTROL (OVERTAKING),1,794433,1,0,0,1,0,1,2,5,Not at intersection,3,80,Arterial Other,YARRA RANGES,-37.70595,145.82417,3799.0,True,Reservoir HS,69934.2
T20220004440,2022-05-02,14:45:00,1,Collision with vehicle,7,Saturday,133,LANE SIDE SWIPE (VEHICLES IN PARALLEL LANES),1,708191,2,0,0,1,1,2,2,5,Not at intersection,3,60,Arterial Highway,PORT PHILLIP,-37.877766,144.99318,3184.0,True,Preston HS,15179.2
T20240024908,2024-03-10,09:02:00,2,Struck Pedestrian,5,Thursday,100,PED NEAR SIDE. PED HIT BY VEHICLE FROM THE RIGHT.,1,40291,1,0,0,1,1,2,1,1,Cross intersection,3,60,Arterial Other,STONNINGTON,-37.84379,145.03154,3144.0,True,Preston HS,11553.2
T20220010072,2022-03-05,15:05:00,1,Collision with vehicle,3,Tuesday,148,VEHICLE OFF FOOTPATH STRIKES VEH ON CARRIAGEWAY,1,675822,2,0,0,1,1,2,2,5,Not at intersection,3,888,Local Road,YARRA,-37.783493,144.98557,3068.0,True,Preston HS,5017.8
T20210016673,2021-08-05,18:00:00,8,No collision and no object struck,6,Saturday,174,OUT OF CONTROL ON CARRIAGEWAY (ON STRAIGHT),6,689373,1,0,0,1,0,1,2,5,Not at intersection,3,999,Local Road,MORELAND,-37.76205,144.97522,3057.0,True,Preston HS,3602.3
T20240002701,2024-03-02,11:09:00,4,Collision with a fixed object,7,Saturday,181,OFF RIGHT BEND INTO OBJECT/PARKED VEHICLE,1,797737,1,0,1,0,0,1,1,5,Not at intersection,2,60,,GOLDEN PLAINS,-37.86094,144.13086,3333.0,True,Preston HS,78119.2
T20220003845,2022-09-02,17:00:00,2,Struck Pedestrian,4,Wednesday,100,PED NEAR SIDE. PED HIT BY VEHICLE FROM THE RIGHT.,1,781522,1,0,0,1,1,2,2,1,Cross intersection,3,40,Local Road,MELBOURNE,-37.81106,144.9701,3000.0,True,Preston HS,8370.0
T20240025409,2024-08-10,13:30:00,2,Struck Pedestrian,3,Tuesday,100,PED NEAR SIDE. PED HIT BY VEHICLE FROM THE RIGHT.,1,809799,1,0,0,1,1,2,2,1,Cross intersection,3,999,Arterial Other,KNOX,-37.847557,145.22725,3152.0,True,Reservoir HS,22270.6
T20210010658,2021-12-05,11:00:00,1,Collision with vehicle,3,Wednesday,116,LEFT NEAR (INTERSECTIONS ONLY),1,683322,2,0,0,1,1,2,1,4,Multiple intersection,3,60,Local Road,GLEN EIRA,-37.898384,145.07603,3166.0,True,Preston HS,18444.5
T20220010432,2022-09-05,12:30:00,1,Collision with vehicle,2,Monday,121,RIGHT THROUGH,1,352890,2,0,1,0,2,3,1,2,T intersection,2,50,Local Road,BANYULE,-37.753338,145.05907,3084.0,True,Reservoir HS,4317.6
T20240014401,2024-05-06,17:45:00,1,Collision with vehicle,4,Wednesday,130,REAR END(VEHICLES IN SAME LANE),2,814648,2,0,1,0,1,2,1,5,Not at intersection,2,60,Local Road,MELTON,-37.70788,144.74115,3023.0,True,William Ruthven SC,23070.5
T20240019583,2024-03-08,04:56:00,2,Struck Pedestrian,7,Saturday,103,PED PLAYING/LYING/WORKING/STANDING ON CARRIAGEWAY.,3,807219,1,0,1,0,1,2,2,5,Not at intersection,2,50,Local Road,DAREBIN,-37.733234,144.9834,3058.0,True,Preston HS,2286.8
T20230030219,2023-04-12,22:28:00,3,Struck animal,1,Monday,167,STRUCK ANIMAL,6,794107,1,0,0,1,0,1,2,5,Not at intersection,3,80,Local Road,CASEY,-38.218185,145.32452,3980.0,True,Preston HS,59842.7
T20240005811,2024-07-03,12:39:00,2,Struck Pedestrian,4,Thursday,100,PED NEAR SIDE. PED HIT BY VEHICLE FROM THE RIGHT.,1,804198,1,0,0,1,1,2,1,1,Cross intersection,3,50,Local Road,HUME,-37.596428,144.93767,3064.0,True,William Ruthven SC,12529.7
T20220000586,2022-06-01,12:45:00,2,Struck Pedestrian,5,Thursday,100,PED NEAR SIDE. PED HIT BY VEHICLE FROM THE RIGHT.,1,704415,1,0,1,0,1,2,2,5,Not at intersection,2,40,Arterial Other,MELBOURNE,-37.799465,144.95511,3000.0,True,Preston HS,7882.9
T20220013847,2022-11-06,16:30:00,1,Collision with vehicle,6,Saturday,133,LANE SIDE SWIPE (VEHICLES IN PARALLEL LANES),2,718196,2,0,0,1,1,2,2,5,Not at intersection,3,50,Local Road,WARRNAMBOOL,-38.376373,142.46083,3280.0,True,Preston HS,233825.6
T20210024814,2021-05-12,11:05:00,1,Collision with vehicle,1,Sunday,137,LEFT TURN SIDESWIPE,1,699355,2,0,1,0,1,2,1,5,Not at intersection,2,60,Arterial Other,BOROONDARA,-37.796158,145.03084,3101.0,True,Preston HS,6404.9
T20230002581,2023-01-02,14:00:00,4,Collision with a fixed object,4,Wednesday,173,RIGHT OFF CARRIAGEWAY INTO OBJECT/PARKED VEHICLE,1,798959,1,0,0,1,0,1,1,5,Not at intersection,3,60,Arterial Other,KINGSTON,-38.07342,145.13081,3197.0,True,Preston HS,38449.2
T20210014742,2021-09-02,06:00:00,8,No collision and no object struck,3,Tuesday,174,OUT OF CONTROL ON CARRIAGEWAY (ON STRAIGHT),6,687152,1,0,0,1,0,1,2,1,Cross intersection,3,50,Local Road,MITCHELL,-37.416035,144.9762,3756.0,True,William Ruthven SC,31280.0
T20220027358,2022-04-11,12:30:00,2,Struck Pedestrian,6,Friday,106,VEH STRIKES PED ON FOOTPATH/MEDIAN/TRAFFIC ISLAND.,1,744622,1,0,1,0,1,2,2,5,Not at intersection,2,40,Local Road,MELBOURNE,-37.810165,144.96568,3000.0,True,Preston HS,8438.6
T20230024915,2023-11-10,12:30:00,6,Vehicle overturned (no collision),4,Wednesday,174,OUT OF CONTROL ON CARRIAGEWAY (ON STRAIGHT),1,791029,1,0,0,1,0,1,2,5,Not at intersection,3,60,Local Road,CARDINIA,-38.087307,145.65929,3814.0,True,Reservoir HS,68560.1
T20240009132,2024-11-04,18:32:00,1,Collision with vehicle,5,Thursday,147,VEHICLE STRIKES ANOTHER VEH WHILE EMERGING FROM DRIVEWAY,3,801711,2,0,1,0,1,2,1,5,Not at intersection,2,999,Arterial Other,HOBSONS BAY,-37.832012,144.89511,3015.0,True,Preston HS,14060.5
T20230003414,2023-12-02,07:43:00,4,Collision with a fixed object,1,Sunday,175,OFF END OF ROAD/T-INTERSECTION.,1,46355,1,1,0,0,0,1,1,2,T intersection,1,60,Freeway,BOROONDARA,-37.78404,145.06279,3104.0,True,Preston HS,6792.0
T20230028445,2023-02-12,10:39:00,2,Struck Pedestrian,6,Saturday,102,FAR SIDE. PED HIT BY VEHICLE FROM THE LEFT,1,800265,1,0,0,1,1,2,1,5,Not at intersection,3,50,Local Road,DANDENONG,-37.95106,145.15117,3171.0,True,Preston HS,26494.8
T20240003410,2024-11-02,13:30:00,1,Collision with vehicle,1,Sunday,147,VEHICLE STRIKES ANOTHER VEH WHILE EMERGING FROM DRIVEWAY,1,797920,2,0,0,1,1,2,2,5,Not at intersection,3,999,Local Road,BRIMBANK,-37.740593,144.7989,3021.0,True,Preston HS,18307.7
T20250010673,2025-12-04,11:00:00,8,No collision and no object struck,6,Saturday,149,OTHER MANOEUVRING NOT INCLUDED IN DCAs 140-148,9,817857,1,0,0,1,0,1,2,5,Not at intersection,3,999,Local Road,MURRINDINDI,-37.561085,145.64471,3778.0,True,Reservoir HS,57069.6
T20230007949,2023-04-04,12:17:00,8,No collision and no object struck,3,Tuesday,179,OTHER ACCIDENTS-OFF STRAIGHT NOT INCLUDED IN DCAs 170-175,1,766017,1,0,1,0,0,1,1,2,T intersection,2,60,,MITCHELL,-37.301098,145.08098,3658.0,True,William Ruthven SC,44506.1
T20240003113,2024-08-02,11:10:00,2,Struck Pedestrian,5,Thursday,100,PED NEAR SIDE. PED HIT BY VEHICLE FROM THE RIGHT.,1,64703,1,0,1,0,1,2,1,2,T intersection,2,50,Arterial Other,MANNINGHAM,-37.78743,145.12991,3108.0,True,Reservoir HS,11417.9
T20230026549,2023-12-11,15:30:00,1,Collision with vehicle,1,Sunday,136,RIGHT TURN SIDESWIPE,1,64728,2,0,0,1,1,2,1,2,T intersection,3,60,Local Road,BRIMBANK,-37.78793,144.84573,3020.0,True,Preston HS,15087.6
T20220022216,2022-03-10,07:25:00,1,Collision with vehicle,2,Monday,121,RIGHT THROUGH,1,38131,2,0,1,1,0,2,1,2,T intersection,2,60,Arterial Other,BANYULE,-37.776646,145.03812,3079.0,True,Preston HS,4747.2
T20220006094,2022-09-02,18:35:00,1,Collision with vehicle,4,Wednesday,121,RIGHT THROUGH,9,39971,2,0,0,1,1,2,2,1,Cross intersection,3,999,Local Road,HOBSONS BAY,-37.844883,144.86902,3015.0,True,Preston HS,16698.8
T20230003260,2023-06-02,10:00:00,6,Vehicle overturned (no collision),2,Monday,174,OUT OF CONTROL ON CARRIAGEWAY (ON STRAIGHT),1,764327,1,0,0,1,0,1,2,5,Not at intersection,3,100,Local Road,LATROBE,-38.23343,146.32631,3840.0,True,Reservoir HS,127083.0
T20230017528,2023-08-07,18:40:00,1,Collision with vehicle,6,Saturday,135,LANE CHANGE LEFT (NOT OVERTAKING),2,257301,2,0,0,1,1,2,2,1,Cross intersection,3,50,Arterial Other,MOONEE VALLEY,-37.77306,144.92706,3032.0,True,Preston HS,7853.1
T20210012885,2021-11-06,12:05:00,1,Collision with vehicle,6,Friday,147,VEHICLE STRIKES ANOTHER VEH WHILE EMERGING FROM DRIVEWAY,1,688719,2,0,0,1,1,2,1,5,Not at intersection,3,50,Local Road,BRIMBANK,-37.694492,144.77483,3038.0,True,William Ruthven SC,20076.0
T20230021045,2023-08-09,09:58:00,1,Collision with vehicle,6,Friday,160,VEHICLE COLLIDES WITH VEHICLE PARKED ON LEFT OF ROAD,1,783883,2,0,0,1,0,1,1,5,Not at intersection,3,50,Local Road,HUME,-37.642433,144.96393,3062.0,True,William Ruthven SC,6929.4
T20210013900,2021-11-01,19:15:00,6,Vehicle overturned (no collision),2,Monday,170,OFF CARRIAGEWAY TO LEFT,1,686353,1,0,0,1,0,1,2,5,Not at intersection,3,60,Arterial Other,STONNINGTON,-37.843822,145.03174,3144.0,True,Preston HS,11560.0
T20230010976,2023-10-05,20:05:00,1,Collision with vehicle,4,Wednesday,142,LEAVING PARKING,3,773815,2,0,0,1,1,2,1,5,Not at intersection,3,40,Arterial Other,BRIMBANK,-37.74388,144.79686,3021.0,True,Preston HS,18487.8
T20240005836,2024-07-03,18:00:00,2,Struck Pedestrian,4,Thursday,102,FAR SIDE. PED HIT BY VEHICLE FROM THE LEFT,9,29543,1,0,0,1,1,2,2,1,Cross intersection,3,999,Arterial Other,BOROONDARA,-37.82874,145.03421,3122.0,True,Preston HS,9967.3
T20250009543,2025-09-04,07:18:00,2,Struck Pedestrian,4,Wednesday,100,PED NEAR SIDE. PED HIT BY VEHICLE FROM THE RIGHT.,1,128616,1,0,1,0,1,2,1,1,Cross intersection,2,50,Arterial Highway,YARRA RANGES,-37.756626,145.34595,3140.0,True,Reservoir HS,28094.2
T20240005414,2024-03-03,08:35:00,1,Collision with vehicle,0,Sunday,121,RIGHT THROUGH,1,40996,2,0,0,1,2,3,1,2,T intersection,3,60,Arterial Other,KNOX,-37.837994,145.28018,3153.0,True,Reservoir HS,25513.9
T20220022840,2022-11-10,08:30:00,1,Collision with vehicle,2,Tuesday,163,VEHICLE STRIKES DOOR OF PARKED/STATIONARY VEHICLE,1,228167,3,0,1,0,2,3,1,5,Not at intersection,2,40,Local Road,STONNINGTON,-37.84734,144.99405,3181.0,True,Preston HS,11802.5
T20230008452,2023-11-04,05:45:00,1,Collision with vehicle,2,Tuesday,121,RIGHT THROUGH,3,803171,2,1,0,0,1,2,1,2,T intersection,1,80,Arterial Other,CASEY,-38.093395,145.33221,3978.0,True,Preston HS,48401.1
T20210003117,2021-11-02,00:31:00,1,Collision with vehicle,5,Thursday,152,PULLING OUT (OVERTAKING),3,287749,2,0,2,0,1,3,1,2,T intersection,2,50,Local Road,HUME,-37.567997,144.9268,3064.0,True,William Ruthven SC,15789.7
T20250012354,2025-03-05,14:30:00,8,No collision and no object struck,7,Saturday,174,OUT OF CONTROL ON CARRIAGEWAY (ON STRAIGHT),1,818172,1,0,0,1,0,1,2,5,Not at intersection,3,999,Local Road,MOONEE VALLEY,-37.763317,144.93195,3039.0,True,Preston HS,7030.7
T20250015714,2025-12-06,20:02:00,2,Struck Pedestrian,5,Thursday,102,FAR SIDE. PED HIT BY VEHICLE FROM THE LEFT,3,819241,1,0,1,0,1,2,1,5,Not at intersection,2,60,Arterial Other,PORT PHILLIP,-37.831696,144.94199,3207.0,True,Preston HS,11527.3
T20220007833,2022-07-04,15:29:00,2,Struck Pedestrian,5,Thursday,100,PED NEAR SIDE. PED HIT BY VEHICLE FROM THE RIGHT.,1,709099,1,0,1,0,1,2,1,2,T intersection,2,50,Local Road,BALLARAT,-37.560192,143.8611,3350.0,True,William Ruthven SC,101696.3
T20250012769,2025-10-05,23:29:00,2,Struck Pedestrian,7,Saturday,109,ANY MANOEUVRE INVOLVING PED NOT INCLUDED IN DCAs 100-108.,3,820691,1,0,1,0,3,4,2,5,Not at intersection,2,50,Local Road,FRANKSTON,-38.136997,145.20471,3910.0,True,Preston HS,47247.8
T20250021296,2025-11-08,20:00:00,2,Struck Pedestrian,1,Monday,106,VEH STRIKES PED ON FOOTPATH/MEDIAN/TRAFFIC ISLAND.,5,821627,1,0,0,1,1,2,1,5,Not at intersection,3,888,Local Road,CASEY,-38.035625,145.26675,3976.0,True,Preston HS,39841.7
T20220027410,2022-03-12,09:15:00,4,Collision with a fixed object,7,Saturday,183,OFF LEFT BEND INTO OBJECT/PARKED VEHICLE,1,764044,1,0,1,0,0,1,1,5,Not at intersection,2,80,Arterial Other,YARRA RANGES,-37.769253,145.53584,3139.0,True,Reservoir HS,44832.7
T20210003271,2021-12-02,16:35:00,1,Collision with vehicle,6,Friday,147,VEHICLE STRIKES ANOTHER VEH WHILE EMERGING FROM DRIVEWAY,1,780802,2,0,0,1,1,2,1,5,Not at intersection,3,50,Local Road,DANDENONG,-37.98262,145.20985,3175.0,True,Preston HS,32162.9
T20240005499,2024-04-03,13:40:00,4,Collision with a fixed object,2,Monday,181,OFF RIGHT BEND INTO OBJECT/PARKED VEHICLE,1,799671,1,0,0,1,0,1,1,5,Not at intersection,3,100,Arterial Other,MITCHELL,-37.338802,144.98701,3762.0,True,William Ruthven SC,39803.6
T20210000673,2021-11-01,13:40:00,2,Struck Pedestrian,2,Monday,100,PED NEAR SIDE. PED HIT BY VEHICLE FROM THE RIGHT.,1,224040,1,0,0,1,1,2,1,5,Not at intersection,3,60,Arterial Other,MELBOURNE,-37.82871,144.97112,3006.0,True,Preston HS,10178.6