ACCIDENT_NO,ACCIDENT_DATE,ACCIDENT_TIME,ACCIDENT_TYPE,ACCIDENT_TYPE_DESC,DAY_OF_WEEK,DAY_WEEK_DESC,DCA_CODE,DCA_DESC,LIGHT_CONDITION,NODE_ID,NO_OF_VEHICLES,NO_PERSONS_KILLED,NO_PERSONS_INJ_2,NO_PERSONS_INJ_3,NO_PERSONS_NOT_INJ,NO_PERSONS,POLICE_ATTEND,ROAD_GEOMETRY,ROAD_GEOMETRY_DESC,SEVERITY,SPEED_ZONE,RMA,LGA_NAME,LATITUDE,LONGITUDE,POSTCODE_CRASH,PED_OR_CYC,nearest_school,dist_to_gate_m
T20230028121,2023-02-06,16:00:00,1,Collision with vehicle,5,Friday,129,OTHER OPPOSING MANOEUVRES NOT INCLUDED IN DCAs 120-125.,2,47032,2,0,0,1,1,2,2,3,Y intersection,3,50,Local Road,BAYSIDE,-37.91164,144.99178,3186.0,True,Preston HS,18944.3
T20240014043,2024-01-06,23:19:00,2,Struck Pedestrian,7,Saturday,101,PED EMERGES FROM IN FRONT OF PARKED OR STATIONARY VEHICLE,3,254267,1,0,1,0,1,2,1,5,Not at intersection,2,60,Arterial Other,WHITTLESEA,-37.688248,145.01634,3074.0,True,William Ruthven SC,1493.3
T20250015172,2025-03-06,09:30:00,6,Vehicle overturned (no collision),3,Tuesday,174,OUT OF CONTROL ON CARRIAGEWAY (ON STRAIGHT),1,819146,1,0,1,0,0,1,2,5,Not at intersection,2,100,Freeway,CASEY,-38.01803,145.30809,3805.0,True,Preston HS,40521.1
T20220017220,2022-02-08,07:43:00,2,Struck Pedestrian,3,Tuesday,100,PED NEAR SIDE. PED HIT BY VEHICLE FROM THE RIGHT.,1,38922,1,0,0,1,1,2,1,5,Not at intersection,3,60,Arterial Other,BOROONDARA,-37.805557,145.03421,3101.0,True,Preston HS,7489.7
T20220025523,2022-11-11,20:30:00,6,Vehicle overturned (no collision),6,Friday,174,OUT OF CONTROL ON CARRIAGEWAY (ON STRAIGHT),6,783389,1,0,0,1,2,3,2,5,Not at intersection,3,50,Local Road,CENTRAL GOLDFIELDS,-37.038486,143.72942,3465.0,True,William Ruthven SC,134242.2
T20230003870,2023-11-02,10:00:00,6,Vehicle overturned (no collision),7,Saturday,174,OUT OF CONTROL ON CARRIAGEWAY (ON STRAIGHT),1,758261,1,0,0,1,0,1,2,5,Not at intersection,3,50,Local Road,MAROONDAH,-37.817486,145.27118,3136.0,True,Reservoir HS,23736.6
T20240014451,2024-06-06,08:04:00,1,Collision with vehicle,5,Thursday,121,RIGHT THROUGH,1,36815,2,0,1,0,1,2,1,1,Cross intersection,2,50,Arterial Other,MELBOURNE,-37.809277,144.94939,3003.0,True,Preston HS,9065.9
T20250009705,2025-10-04,15:55:00,2,Struck Pedestrian,4,Thursday,102,FAR SIDE. PED HIT BY VEHICLE FROM THE LEFT,1,817221,1,1,0,0,1,2,1,5,Not at intersection,1,70,Arterial Highway,HORSHAM,-36.73558,142.20805,3400.0,True,William Ruthven SC,269561.4
T20210000651,2021-09-01,14:15:00,2,Struck Pedestrian,7,Saturday,101,PED EMERGES FROM IN FRONT OF PARKED OR STATIONARY VEHICLE,1,675922,1,0,1,0,1,2,1,5,Not at intersection,2,40,Arterial Other,MOIRA,-36.01424,146.00458,3730.0,True,William Ruthven SC,207201.4
T20220008638,2022-05-04,19:30:00,2,Struck Pedestrian,3,Tuesday,102,FAR SIDE. PED HIT BY VEHICLE FROM THE LEFT,5,715324,1,0,0,1,1,2,2,1,Cross intersection,3,50,Local Road,CAMPASPE,-36.12666,144.74754,3564.0,True,William Ruthven SC,176033.7
T20230000064,2023-02-01,08:00:00,8,No collision and no object struck,1,Monday,149,OTHER MANOEUVRING NOT INCLUDED IN DCAs 140-148,1,746499,1,0,0,2,0,2,1,5,Not at intersection,3,50,Local Road,GLENELG,-38.35056,141.60594,3305.0,True,Preston HS,305409.5
T20250011750,2025-02-05,15:59:00,1,Collision with vehicle,6,Friday,110,CROSS TRAFFIC(INTERSECTIONS ONLY),1,1208,2,0,0,1,1,2,1,1,Cross intersection,3,50,Local Road,DAREBIN,-37.714333,145.03873,3083.0,True,Reservoir HS,1215.8
T20240017434,2024-07-07,10:00:00,6,Vehicle overturned (no collision),0,Sunday,174,OUT OF CONTROL ON CARRIAGEWAY (ON STRAIGHT),1,806330,1,0,0,1,0,1,2,5,Not at intersection,3,888,Local Road,MURRINDINDI,-37.282207,145.55208,3717.0,True,William Ruthven SC,66854.9
T20240017180,2024-07-07,15:15:00,4,Collision with a fixed object,1,Sunday,183,OFF LEFT BEND INTO OBJECT/PARKED VEHICLE,1,807576,1,0,1,0,0,1,1,5,Not at intersection,2,100,Local Road,MOORABOOL,-37.581,144.07675,3352.0,True,William Ruthven SC,82563.2
T20210002863,2021-08-02,12:37:00,1,Collision with vehicle,2,Monday,116,LEFT NEAR (INTERSECTIONS ONLY),1,36192,2,0,0,1,1,2,1,1,Cross intersection,3,40,Local Road,MELBOURNE,-37.803707,144.95552,3051.0,True,Preston HS,8251.8
T20230020957,2023-07-09,16:23:00,1,Collision with vehicle,4,Thursday,110,CROSS TRAFFIC(INTERSECTIONS ONLY),1,805288,2,0,1,0,1,2,1,1,Cross intersection,2,50,Local Road,CASEY,-38.125168,145.31664,3978.0,True,Preston HS,50548.1
T20250017929,2025-05-07,20:27:00,4,Collision with a fixed object,7,Saturday,171,LEFT OFF CARRIAGEWAY INTO OBJECT/PARKED VEHICLE,3,823451,2,1,0,0,5,6,1,5,Not at intersection,1,80,Arterial Highway,CASEY,-38.079845,145.27486,3977.0,True,Preston HS,44334.6
T20230011131,2023-12-05,15:21:00,1,Collision with vehicle,6,Friday,121,RIGHT THROUGH,1,774069,3,0,1,0,2,3,1,2,T intersection,2,80,Local Road,MONASH,-37.919827,145.1358,3168.0,True,Preston HS,22805.0
T20250006056,2025-06-03,03:06:00,4,Collision with a fixed object,5,Thursday,171,LEFT OFF CARRIAGEWAY INTO OBJECT/PARKED VEHICLE,5,817851,1,1,0,0,0,1,1,5,Not at intersection,1,40,Arterial Other,WHITTLESEA,-37.618103,145.02965,3750.0,True,William Ruthven SC,9032.0
T20240026736,2024-05-09,17:15:00,1,Collision with vehicle,4,Thursday,113,RIGHT NEAR (INTERSECTIONS ONLY),2,44033,2,0,0,1,1,2,2,2,T intersection,3,999,Local Road,DAREBIN,-37.71614,145.00435,3073.0,True,William Ruthven SC,2182.7
T20240009652,2024-03-04,17:45:00,1,Collision with vehicle,3,Wednesday,133,LANE SIDE SWIPE (VEHICLES IN PARALLEL LANES),1,122312,2,0,0,1,1,2,2,5,Not at intersection,3,999,Arterial Other,YARRA,-37.79293,144.97939,3068.0,True,Preston HS,6195.4
T20240008986,2024-10-04,14:36:00,1,Collision with vehicle,4,Wednesday,121,RIGHT THROUGH,1,801682,2,0,0,1,2,3,1,1,Cross intersection,3,80,Arterial Other,NILLUMBIK,-37.689194,145.11382,3088.0,True,Reservoir HS,8293.9
T20240013175,2024-06-05,17:15:00,1,Collision with vehicle,2,Monday,163,VEHICLE STRIKES DOOR OF PARKED/STATIONARY VEHICLE,3,804033,2,0,1,0,0,1,2,5,Not at intersection,2,50,Local Road,STONNINGTON,-37.85679,144.99243,3181.0,True,Preston HS,12862.2
T20240000467,2024-07-01,15:28:00,1,Collision with vehicle,1,Sunday,189,OTHER ACCIDENTS ON CURVE NOT INCLUDED IN DCAs 180-184,1,795942,2,0,1,0,2,3,1,5,Not at intersection,2,100,Local Road,BAW BAW,-37.982162,146.06746,3831.0,True,Reservoir HS,95607.5
T20240020321,2024-10-08,13:30:00,1,Collision with vehicle,7,Saturday,120,HEAD ON (NOT OVERTAKING),1,808544,2,0,1,0,1,2,1,5,Not at intersection,2,80,Arterial Highway,YARRA RANGES,-37.60356,145.63028,3778.0,True,Reservoir HS,54517.5
T20240020474,2024-10-08,17:28:00,1,Collision with vehicle,6,Saturday,110,CROSS TRAFFIC(INTERSECTIONS ONLY),1,19424,2,0,0,1,1,2,2,1,Cross intersection,3,60,Arterial Other,BENDIGO,-36.74357,144.27423,3550.0,True,William Ruthven SC,124066.1
T20230018288,2023-06-08,02:20:00,5,collision with some other object,1,Sunday,166,STRUCK OBJECT ON CARRIAGEWAY,3,780920,1,0,2,0,0,2,1,5,Not at intersection,2,40,Arterial Other,YARRA,-37.81792,144.9933,3121.0,True,Preston HS,8561.6
T20230026448,2023-10-11,09:02:00,1,Collision with vehicle,6,Friday,163,VEHICLE STRIKES DOOR OF PARKED/STATIONARY VEHICLE,1,804040,2,0,0,1,0,1,2,5,Not at intersection,3,999,Local Road,MELBOURNE,-37.818207,144.96779,3000.0,True,Preston HS,9181.9
T20250013097,2025-04-05,13:50:00,8,No collision and no object struck,1,Sunday,174,OUT OF CONTROL ON CARRIAGEWAY (ON STRAIGHT),1,326209,1,0,1,0,0,1,2,1,Cross intersection,2,50,Arterial Other,CASEY,-38.053555,145.30138,3805.0,True,Preston HS,43234.5
T20220023011,2022-12-10,15:45:00,6,Vehicle overturned (no collision),4,Wednesday,180,OFF CARRIAGEWAY ON RIGHT BEND,1,742912,1,0,1,0,0,1,1,5,Not at intersection,2,100,Arterial Other,CENTRAL GOLDFIELDS,-37.025383,143.68134,3465.0,True,William Ruthven SC,138611.4
T20230018409,2023-06-08,10:30:00,1,Collision with vehicle,0,Sunday,130,REAR END(VEHICLES IN SAME LANE),1,778404,2,0,0,1,1,2,2,5,Not at intersection,3,40,Arterial Other,YARRA,-37.799908,144.99364,3067.0,True,Preston HS,6579.7
T20240020514,2024-12-08,22:00:00,1,Collision with vehicle,1,Monday,113,RIGHT NEAR (INTERSECTIONS ONLY),3,37816,2,0,0,1,1,2,1,1,Cross intersection,3,40,Arterial Other,MORELAND,-37.776253,144.97873,3068.0,True,Preston HS,4580.6
T20230023191,2023-03-10,08:05:00,7,Fall from or in moving vehicle,3,Tuesday,190,FELL IN/FROM VEHICLE,1,782837,1,0,1,0,0,1,2,5,Not at intersection,2,60,Arterial Other,WHITEHORSE,-37.836887,145.10437,3127.0,True,Preston HS,13604.7
T20210018897,2021-09-09,05:20:00,1,Collision with vehicle,5,Thursday,147,VEHICLE STRIKES ANOTHER VEH WHILE EMERGING FROM DRIVEWAY,3,781191,2,0,0,1,1,2,1,5,Not at intersection,3,60,Arterial Highway,KINGSTON,-38.016907,145.09453,3195.0,True,Preston HS,31549.0
T20220010752,2022-12-05,20:58:00,2,Struck Pedestrian,4,Thursday,101,PED EMERGES FROM IN FRONT OF PARKED OR STATIONARY VEHICLE,3,712303,1,0,0,1,1,2,1,2,T intersection,3,60,Arterial Other,BALLARAT,-37.560455,143.84613,3350.0,True,William Ruthven SC,102995.6
T20230010543,2023-03-05,15:20:00,1,Collision with vehicle,3,Wednesday,121,RIGHT THROUGH,1,773580,2,0,0,1,1,2,2,2,T intersection,3,40,Arterial Other,STONNINGTON,-37.848583,145.00688,3181.0,True,Preston HS,11884.9
T20250003691,2025-11-02,17:23:00,1,Collision with vehicle,2,Tuesday,110,CROSS TRAFFIC(INTERSECTIONS ONLY),1,36106,2,0,0,1,1,2,1,1,Cross intersection,3,50,Arterial Other,MELBOURNE,-37.807728,144.94789,3003.0,True,Preston HS,8999.3
T20240006013,2024-09-03,15:00:00,1,Collision with vehicle,6,Saturday,163,VEHICLE STRIKES DOOR OF PARKED/STATIONARY VEHICLE,1,799589,3,0,0,1,2,3,1,5,Not at intersection,3,40,Local Road,YARRA,-37.80259,144.97774,3065.0,True,Preston HS,7245.8
T20210015185,2021-10-07,11:00:00,1,Collision with vehicle,6,Saturday,160,VEHICLE COLLIDES WITH VEHICLE PARKED ON LEFT OF ROAD,1,688988,2,0,0,1,0,1,1,5,Not at intersection,3,50,Local Road,HOBSONS BAY,-37.871216,144.83464,3018.0,True,Preston HS,20903.7
T20240019498,2024-02-08,06:30:00,1,Collision with vehicle,5,Friday,137,LEFT TURN SIDESWIPE,3,42027,2,0,0,1,1,2,1,2,T intersection,3,60,Arterial Other,BAYSIDE,-37.93921,144.99931,3188.0,True,Preston HS,21972.8
T20240017300,2024-07-07,12:00:00,8,No collision and no object struck,1,Sunday,174,OUT OF CONTROL ON CARRIAGEWAY (ON STRAIGHT),1,806146,1,0,0,1,0,1,2,5,Not at intersection,3,999,Local Road,BALLARAT,-37.52371,143.9251,3352.0,True,William Ruthven SC,96872.4
T20210018593,2021-07-07,18:24:00,2,Struck Pedestrian,3,Wednesday,100,PED NEAR SIDE. PED HIT BY VEHICLE FROM THE RIGHT.,5,64042,1,0,1,0,1,2,1,1,Cross intersection,2,50,Local Road,MOONEE VALLEY,-37.770298,144.86237,3034.0,True,Preston HS,13115.1
T20230005531,2023-07-03,16:30:00,1,Collision with vehicle,3,Tuesday,110,CROSS TRAFFIC(INTERSECTIONS ONLY),1,358222,2,0,0,1,1,2,2,1,Cross intersection,3,100,Arterial Highway,CASEY,-38.03685,145.24771,3975.0,True,Preston HS,39024.7
T20240014086,2024-02-06,15:14:00,1,Collision with vehicle,1,Sunday,121,RIGHT THROUGH,1,46490,2,0,1,0,1,2,1,2,T intersection,2,60,Local Road,CASEY,-38.00041,145.26381,3803.0,True,Preston HS,36541.7
T20230029070,2023-04-11,16:45:00,1,Collision with vehicle,6,Saturday,130,REAR END(VEHICLES IN SAME LANE),1,793077,2,0,0,1,1,2,2,5,Not at intersection,3,60,Arterial Other,MORELAND,-37.739902,144.94559,3044.0,True,Preston HS,5412.4
T20240017358,2024-09-07,17:08:00,2,Struck Pedestrian,3,Tuesday,102,FAR SIDE. PED HIT BY VEHICLE FROM THE LEFT,3,806305,1,0,1,1,0,2,1,5,Not at intersection,2,999,Arterial Other,CASEY,-38.11851,145.32535,3978.0,True,Preston HS,50345.4
T20230028599,2023-04-12,11:15:00,2,Struck Pedestrian,2,Monday,106,VEH STRIKES PED ON FOOTPATH/MEDIAN/TRAFFIC ISLAND.,1,797068,1,0,1,0,1,2,1,5,Not at intersection,2,888,Arterial Highway,KNOX,-37.893627,145.31093,3156.0,True,Reservoir HS,31212.5
T20220001891,2022-04-01,12:30:00,1,Collision with vehicle,3,Tuesday,130,REAR END(VEHICLES IN SAME LANE),1,36287,2,0,1,0,1,2,2,1,Cross intersection,2,999,Arterial Other,MELBOURNE,-37.806816,144.96437,3053.0,True,Preston HS,8156.6
T20220004958,2022-05-03,15:40:00,1,Collision with vehicle,7,Saturday,140,U TURN,1,706777,2,0,0,1,1,2,1,5,Not at intersection,3,60,Arterial Highway,WHITEHORSE,-37.816498,145.11171,3127.0,True,Preston HS,12397.6
T20220021099,2022-06-07,11:00:00,5,collision with some other object,3,Wednesday,166,STRUCK OBJECT ON CARRIAGEWAY,9,318046,1,0,0,1,0,1,2,1,Cross intersection,3,999,Local Road,SURF COAST,-38.389446,144.18733,3230.0,True,Preston HS,101675.8
T20220027461,2022-03-12,23:40:00,2,Struck Pedestrian,6,Saturday,102,FAR SIDE. PED HIT BY VEHICLE FROM THE LEFT,3,37837,1,0,1,0,1,2,1,1,Cross intersection,2,60,Arterial Other,YARRA,-37.784092,144.98317,3068.0,True,Preston HS,5161.9
T20220002882,2022-09-02,19:23:00,1,Collision with vehicle,3,Wednesday,147,VEHICLE STRIKES ANOTHER VEH WHILE EMERGING FROM DRIVEWAY,1,731368,2,0,0,1,1,2,2,5,Not at intersection,3,50,Local Road,WELLINGTON,-38.544254,146.70222,3971.0,True,Reservoir HS,172500.7
T20220018917,2022-08-07,22:55:00,2,Struck Pedestrian,5,Friday,104,PED WALKING WITH TRAFFIC,3,782097,1,0,0,1,1,2,1,5,Not at intersection,3,999,Arterial Other,YARRA,-37.830128,144.99713,3121.0,True,Preston HS,9871.7
T20220028110,2022-11-12,01:12:00,1,Collision with vehicle,1,Sunday,136,RIGHT TURN SIDESWIPE,3,754545,2,0,0,1,2,3,1,5,Not at intersection,3,50,Local Road,WHITEHORSE,-37.81734,145.19484,3132.0,True,Reservoir HS,17969.6
T20250012593,2025-11-05,11:49:00,1,Collision with vehicle,0,Sunday,137,LEFT TURN SIDESWIPE,1,29397,2,0,0,1,1,2,1,1,Cross intersection,3,40,Arterial Other,MELBOURNE,-37.807293,144.96884,3053.0,True,Preston HS,8031.5
T20240000705,2024-10-01,17:55:00,1,Collision with vehicle,4,Wednesday,120,HEAD ON (NOT OVERTAKING),1,796240,2,0,1,0,1,2,1,5,Not at intersection,2,50,Local Road,YARRA RANGES,-37.85948,145.34546,3787.0,True,Reservoir HS,31680.7
T20240024895,2024-02-10,14:40:00,2,Struck Pedestrian,4,Wednesday,102,FAR SIDE. PED HIT BY VEHICLE FROM THE LEFT,1,809512,1,0,0,1,1,2,1,5,Not at intersection,3,40,Arterial Other,WHITEHORSE,-37.818798,145.12367,3128.0,True,Preston HS,13358.5
T20220017343,2022-02-08,16:45:00,2,Struck Pedestrian,2,Tuesday,104,PED WALKING WITH TRAFFIC,1,782458,1,0,0,1,1,2,2,5,Not at intersection,3,999,Arterial Other,GEELONG,-38.16233,144.35638,3220.0,True,Preston HS,73775.7
T20250012416,2025-09-05,18:11:00,1,Collision with vehicle,6,Friday,135,LANE CHANGE LEFT (NOT OVERTAKING),3,818193,2,0,0,1,1,2,1,5,Not at intersection,3,100,Freeway,STONNINGTON,-37.872612,145.0656,3145.0,True,Preston HS,15437.4
T20220002119,2022-01-02,11:30:00,2,Struck Pedestrian,3,Tuesday,102,FAR SIDE. PED HIT BY VEHICLE FROM THE LEFT,1,703590,1,0,0,1,1,2,1,5,Not at intersection,3,50,Arterial Highway,MOUNT ALEXANDER,-37.066895,144.21754,3450.0,True,William Ruthven SC,98579.9
T20220019031,2022-04-07,11:00:00,6,Vehicle overturned (no collision),1,Monday,180,OFF CARRIAGEWAY ON RIGHT BEND,1,722971,1,0,0,1,0,1,2,5,Not at intersection,3,999,Local Road,CAMPASPE,-36.63625,145.13002,3612.0,True,William Ruthven SC,118434.9
T20230023026,2023-02-10,18:00:00,1,Collision with vehicle,2,Monday,121,RIGHT THROUGH,1,278871,2,0,1,0,2,3,1,2,T intersection,2,50,Local Road,CARDINIA,-38.065777,145.4923,3810.0,True,Reservoir HS,55747.1
T20250003653,2025-10-02,20:03:00,2,Struck Pedestrian,1,Monday,102,FAR SIDE. PED HIT BY VEHICLE FROM THE LEFT,2,816842,1,0,1,0,1,2,1,5,Not at intersection,2,60,Arterial Other,WYNDHAM,-37.876858,144.67592,3030.0,True,Preston HS,32746.6
T20220019885,2022-03-09,03:20:00,6,Vehicle overturned (no collision),7,Saturday,182,OFF CARRIAGEWAY ON LEFT BEND,3,740411,1,0,1,0,0,1,1,5,Not at intersection,2,60,Local Road,FRANKSTON,-38.124603,145.15762,3200.0,True,Preston HS,44576.4
T20220000385,2022-04-01,12:15:00,6,Vehicle overturned (no collision),3,Tuesday,174,OUT OF CONTROL ON CARRIAGEWAY (ON STRAIGHT),1,44092,1,0,1,0,0,1,1,1,Cross intersection,2,80,Arterial Other,MORNINGTON PENINSULA,-38.338818,145.1456,3926.0,True,Preston HS,67495.2
T20240032452,2024-07-12,11:00:00,8,No collision and no object struck,7,Saturday,174,OUT OF CONTROL ON CARRIAGEWAY (ON STRAIGHT),1,814487,1,0,0,1,0,1,2,5,Not at intersection,3,999,Local Road,GLENELG,-37.562695,141.24051,3311.0,True,William Ruthven SC,331648.9
T20220003379,2022-10-02,10:30:00,1,Collision with vehicle,4,Thursday,133,LANE SIDE SWIPE (VEHICLES IN PARALLEL LANES),1,705710,3,0,0,1,2,3,1,5,Not at intersection,3,40,Local Road,MELBOURNE,-37.811604,144.9646,3000.0,True,Preston HS,8623.9
T20240025707,2024-11-10,08:10:00,1,Collision with vehicle,5,Friday,110,CROSS TRAFFIC(INTERSECTIONS ONLY),1,36385,2,0,0,1,1,2,2,1,Cross intersection,3,40,Local Road,YARRA,-37.78883,144.972,3054.0,True,Preston HS,6081.4
T20220002840,2022-09-02,16:35:00,1,Collision with vehicle,4,Wednesday,148,VEHICLE OFF FOOTPATH STRIKES VEH ON CARRIAGEWAY,1,704650,2,0,0,1,1,2,1,5,Not at intersection,3,50,Local Road,WHITEHORSE,-37.818295,145.16373,3130.0,True,Reservoir HS,15909.4
T20240011322,2024-04-05,15:00:00,6,Vehicle overturned (no collision),7,Saturday,179,OTHER ACCIDENTS-OFF STRAIGHT NOT INCLUDED IN DCAs 170-175,1,802778,1,0,0,1,0,1,1,5,Not at intersection,3,50,Local Road,BANYULE,-37.744568,145.09036,3084.0,True,Reservoir HS,5900.4
T20210005789,2021-08-03,13:00:00,1,Collision with vehicle,2,Monday,163,VEHICLE STRIKES DOOR OF PARKED/STATIONARY VEHICLE,1,679616,2,0,0,1,1,2,2,5,Not at intersection,3,50,Local Road,MORELAND,-37.775745,144.96994,3056.0,True,Preston HS,5000.3
T20220022100,2022-01-10,12:00:00,1,Collision with vehicle,7,Saturday,163,VEHICLE STRIKES DOOR OF PARKED/STATIONARY VEHICLE,1,727015,2,0,1,0,1,2,1,5,Not at intersection,2,40,Arterial Other,YARRA,-37.810345,144.99846,3121.0,True,Preston HS,7670.7
T20220028498,2022-10-12,19:30:00,8,No collision and no object struck,7,Saturday,179,OTHER ACCIDENTS-OFF STRAIGHT NOT INCLUDED IN DCAs 170-175,2,652052,1,0,1,0,0,1,2,2,T intersection,2,60,Local Road,MANNINGHAM,-37.7758,145.1908,3114.0,True,Reservoir HS,15382.8
T20230024103,2023-11-10,15:30:00,6,Vehicle overturned (no collision),4,Wednesday,184,OUT OF CONTROL ON CARRIAGEWAY (ON BEND),1,784096,1,0,1,0,0,1,2,5,Not at intersection,2,100,Local Road,TOWONG,-36.74371,147.41772,3701.0,True,Reservoir HS,237791.8
T20220022209,2022-02-10,10:23:00,1,Collision with vehicle,1,Sunday,160,VEHICLE COLLIDES WITH VEHICLE PARKED ON LEFT OF ROAD,1,727281,2,0,0,1,0,1,1,5,Not at intersection,3,50,Local Road,MORELAND,-37.704212,144.91837,3046.0,True,William Ruthven SC,7493.6
T20240014009,2024-01-06,10:30:00,1,Collision with vehicle,7,Saturday,121,RIGHT THROUGH,1,805150,2,0,1,0,1,2,1,5,Not at intersection,2,50,Local Road,WELLINGTON,-38.108788,147.0885,3850.0,True,Reservoir HS,185666.4
T20210014842,2021-06-07,13:12:00,1,Collision with vehicle,3,Tuesday,120,HEAD ON (NOT OVERTAKING),1,687266,2,0,0,1,2,3,1,5,Not at intersection,3,100,Arterial Other,WELLINGTON,-37.99,147.19339,3862.0,True,Reservoir HS,192297.5
T20230009945,2023-03-04,12:00:00,1,Collision with vehicle,1,Monday,130,REAR END(VEHICLES IN SAME LANE),1,775352,2,0,0,1,1,2,2,1,Cross intersection,3,60,Local Road,MELBOURNE,-37.80528,144.9692,3053.0,True,Preston HS,7815.3
T20210010632,2021-09-02,08:30:00,2,Struck Pedestrian,3,Tuesday,100,PED NEAR SIDE. PED HIT BY VEHICLE FROM THE RIGHT.,9,683359,1,0,0,1,1,2,2,5,Not at intersection,3,80,Local Road,BENDIGO,-36.80188,144.33423,3551.0,True,William Ruthven SC,115759.5
T20210023176,2021-05-10,04:15:00,3,Struck animal,3,Tuesday,167,STRUCK ANIMAL,3,697215,1,0,0,1,0,1,2,5,Not at intersection,3,80,Arterial Highway,BENDIGO,-36.87367,144.19655,3453.0,True,William Ruthven SC,116026.0
T20230023162,2023-04-10,13:00:00,1,Collision with vehicle,4,Wednesday,152,PULLING OUT (OVERTAKING),1,815550,2,0,1,0,1,2,1,2,T intersection,2,50,Local Road,WYNDHAM,-37.8906,144.6662,3030.0,True,Preston HS,34217.7
T20210000553,2021-09-01,15:14:00,2,Struck Pedestrian,7,Saturday,107,PED ON FOOTHPATH STRUCK BY VEHENTERING/LEAVING DRIVEWAY.,1,674737,1,0,1,0,1,2,1,5,Not at intersection,2,888,Local Road,KINGSTON,-37.931183,145.1137,3169.0,True,Preston HS,23055.6
T20210012798,2021-09-06,19:00:00,1,Collision with vehicle,4,Wednesday,110,CROSS TRAFFIC(INTERSECTIONS ONLY),3,49941,2,0,1,0,1,2,1,1,Cross intersection,2,50,Local Road,GEELONG,-38.147926,144.34691,3220.0,True,Preston HS,73428.1
T20240009665,2024-07-04,10:30:00,6,Vehicle overturned (no collision),1,Sunday,174,OUT OF CONTROL ON CARRIAGEWAY (ON STRAIGHT),1,801699,1,0,0,1,0,1,2,5,Not at intersection,3,60,Local Road,MELTON,-37.70351,144.56812,3338.0,True,William Ruthven SC,38267.7
T20230025660,2023-02-11,18:30:00,1,Collision with vehicle,5,Thursday,133,LANE SIDE SWIPE (VEHICLES IN PARALLEL LANES),1,660218,2,0,0,1,1,2,1,2,T intersection,3,50,Arterial Other,HUME,-37.63997,144.88094,3059.0,True,William Ruthven SC,12448.7
T20220010579,2022-10-04,12:00:00,7,Fall from or in moving vehicle,0,Sunday,190,FELL IN/FROM VEHICLE,9,782084,1,0,0,1,2,3,2,5,Not at intersection,3,50,Arterial Other,KINGSTON,-37.95544,145.09592,3202.0,True,Preston HS,25013.6
T20230000068,2023-02-01,09:30:00,1,Collision with vehicle,1,Monday,135,LANE CHANGE LEFT (NOT OVERTAKING),1,773544,2,0,0,1,2,3,2,5,Not at intersection,3,50,Arterial Highway,COLAC OTWAY,-38.339745,143.5857,3250.0,True,Preston HS,141124.9
T20230000410,2023-07-01,07:10:00,1,Collision with vehicle,7,Saturday,130,REAR END(VEHICLES IN SAME LANE),1,777739,3,0,0,2,1,3,1,5,Not at intersection,3,80,Arterial Other,KNOX,-37.856285,145.25444,3153.0,True,Reservoir HS,24752.5
T20220015042,2022-05-07,10:03:00,2,Struck Pedestrian,3,Tuesday,107,PED ON FOOTHPATH STRUCK BY VEHENTERING/LEAVING DRIVEWAY.,1,718564,1,0,1,0,1,2,1,5,Not at intersection,2,60,Local Road,DANDENONG,-37.985237,145.2175,3175.0,True,Preston HS,32779.2
T20240020193,2024-09-08,06:14:00,2,Struck Pedestrian,5,Friday,100,PED NEAR SIDE. PED HIT BY VEHICLE FROM THE RIGHT.,1,809140,1,0,1,0,1,2,1,1,Cross intersection,2,70,Arterial Other,WYNDHAM,-37.852493,144.72685,3029.0,True,Preston HS,27533.9
T20250010557,2025-12-04,13:30:00,8,No collision and no object struck,7,Saturday,180,OFF CARRIAGEWAY ON RIGHT BEND,1,817514,1,0,1,0,0,1,2,4,Multiple intersection,2,80,Arterial Other,NILLUMBIK,-37.622757,145.21829,3099.0,True,Reservoir HS,19978.5
T20230005560,2023-08-03,09:24:00,2,Struck Pedestrian,4,Wednesday,102,FAR SIDE. PED HIT BY VEHICLE FROM THE LEFT,1,779284,1,1,0,0,1,2,1,5,Not at intersection,1,80,Arterial Highway,MONASH,-37.91472,145.1288,3168.0,True,Preston HS,22008.7
T20240011824,2024-09-05,18:48:00,1,Collision with vehicle,5,Thursday,147,VEHICLE STRIKES ANOTHER VEH WHILE EMERGING FROM DRIVEWAY,3,803218,2,0,0,1,1,2,1,5,Not at intersection,3,50,Local Road,MELTON,-37.73907,144.7381,3023.0,True,Preston HS,23655.5
T20230016191,2023-12-07,20:27:00,1,Collision with vehicle,3,Wednesday,130,REAR END(VEHICLES IN SAME LANE),3,788179,2,0,0,1,1,2,1,5,Not at intersection,3,60,Arterial Other,MARIBYRNONG,-37.779778,144.85268,3019.0,True,Preston HS,14219.7
T20230000581,2023-09-01,08:57:00,1,Collision with vehicle,1,Monday,153,CUTTING IN (OVERTAKING),1,756825,2,0,0,1,1,2,2,5,Not at intersection,3,80,Local Road,YARRA RANGES,-37.75011,145.28712,3115.0,True,Reservoir HS,22871.6