ACCIDENT_NO,ACCIDENT_DATE,ACCIDENT_TIME,ACCIDENT_TYPE,ACCIDENT_TYPE_DESC,DAY_OF_WEEK,DAY_WEEK_DESC,DCA_CODE,DCA_DESC,LIGHT_CONDITION,NODE_ID,NO_OF_VEHICLES,NO_PERSONS_KILLED,NO_PERSONS_INJ_2,NO_PERSONS_INJ_3,NO_PERSONS_NOT_INJ,NO_PERSONS,POLICE_ATTEND,ROAD_GEOMETRY,ROAD_GEOMETRY_DESC,SEVERITY,SPEED_ZONE,RMA,LGA_NAME,LATITUDE,LONGITUDE,POSTCODE_CRASH,PED_OR_CYC,nearest_school,dist_to_gate_m
T20230002986,2023-02-02,17:30:00,1,Collision with vehicle,5,Thursday,163,VEHICLE STRIKES DOOR OF PARKED/STATIONARY VEHICLE,1,752957,2,0,1,0,1,2,2,5,Not at intersection,2,40,Local Road,MELBOURNE,-37.797714,144.96596,3053.0,True,Preston HS,7202.1
T20220015451,2022-10-07,17:46:00,1,Collision with vehicle,1,Sunday,120,HEAD ON (NOT OVERTAKING),5,719801,2,0,1,0,2,3,1,5,Not at intersection,2,100,Local Road,MOORABOOL,-37.59735,143.91359,3352.0,True,William Ruthven SC,96545.5
T20250006465,2025-09-03,21:20:00,2,Struck Pedestrian,1,Sunday,102,FAR SIDE. PED HIT BY VEHICLE FROM THE LEFT,3,1081,1,0,1,0,1,2,1,1,Cross intersection,2,50,Arterial Highway,MORNINGTON PENINSULA,-38.33246,144.96535,3936.0,True,Preston HS,65791.2
T20250001288,2025-08-01,14:45:00,6,Vehicle overturned (no collision),4,Wednesday,180,OFF CARRIAGEWAY ON RIGHT BEND,1,815879,1,0,1,0,0,1,2,5,Not at intersection,2,80,Local Road,BENDIGO,-36.816906,144.26291,3555.0,True,William Ruthven SC,117715.4
T20240000149,2024-02-01,12:00:00,1,Collision with vehicle,3,Tuesday,163,VEHICLE STRIKES DOOR OF PARKED/STATIONARY VEHICLE,1,795747,2,0,0,1,1,2,2,5,Not at intersection,3,60,Local Road,MELBOURNE,-37.82883,144.96574,3006.0,True,Preston HS,10347.8
T20250000777,2025-10-01,17:58:00,1,Collision with vehicle,6,Friday,130,REAR END(VEHICLES IN SAME LANE),1,814192,2,0,1,0,1,2,1,2,T intersection,2,60,Arterial Other,STONNINGTON,-37.833466,144.99115,3141.0,True,Preston HS,10299.7
T20250020246,2024-07-09,09:45:00,8,No collision and no object struck,6,Saturday,184,OUT OF CONTROL ON CARRIAGEWAY (ON BEND),1,820788,1,0,1,0,1,2,2,2,T intersection,2,80,Arterial Highway,WELLINGTON,-38.619373,146.6682,3971.0,True,Reservoir HS,174556.1
T20250014739,2025-02-04,14:05:00,1,Collision with vehicle,3,Wednesday,110,CROSS TRAFFIC(INTERSECTIONS ONLY),1,815626,2,0,0,1,1,2,2,1,Cross intersection,3,50,Local Road,HOBSONS BAY,-37.863842,144.77399,3028.0,True,Preston HS,24574.6
T20210014948,2021-07-07,14:16:00,4,Collision with a fixed object,4,Wednesday,171,LEFT OFF CARRIAGEWAY INTO OBJECT/PARKED VEHICLE,1,687425,1,0,0,1,0,1,1,2,T intersection,3,60,Local Road,MORNINGTON PENINSULA,-38.316036,145.19054,3915.0,True,Preston HS,65853.3
T20220014933,2022-04-07,06:39:00,2,Struck Pedestrian,1,Monday,100,PED NEAR SIDE. PED HIT BY VEHICLE FROM THE RIGHT.,3,723129,1,0,0,1,1,2,1,2,T intersection,3,60,Arterial Other,CASEY,-38.031387,145.26828,3976.0,True,Preston HS,39534.2
T20250009785,2025-11-04,11:24:00,1,Collision with vehicle,6,Friday,113,RIGHT NEAR (INTERSECTIONS ONLY),1,246986,2,1,0,0,1,2,1,2,T intersection,1,100,Arterial Other,YARRA RANGES,-37.958115,145.3788,3804.0,True,Reservoir HS,40352.9
T20230028625,2023-04-12,13:00:00,2,Struck Pedestrian,1,Monday,100,PED NEAR SIDE. PED HIT BY VEHICLE FROM THE RIGHT.,1,42504,1,0,0,1,1,2,2,2,T intersection,3,999,Local Road,DANDENONG,-37.95437,145.15187,3171.0,True,Preston HS,26847.7
T20210015710,2021-10-06,08:32:00,1,Collision with vehicle,5,Thursday,113,RIGHT NEAR (INTERSECTIONS ONLY),1,29793,2,0,0,1,1,2,1,2,T intersection,3,50,Arterial Other,HOBSONS BAY,-37.87463,144.79128,3028.0,True,Preston HS,24041.0
T20210007967,2021-09-04,18:11:00,2,Struck Pedestrian,6,Friday,101,PED EMERGES FROM IN FRONT OF PARKED OR STATIONARY VEHICLE,2,680818,1,0,1,0,1,2,1,5,Not at intersection,2,50,Local Road,SHEPPARTON,-36.402927,145.41713,3630.0,True,William Ruthven SC,148463.9
T20220015379,2022-07-07,17:35:00,1,Collision with vehicle,4,Thursday,137,LEFT TURN SIDESWIPE,9,38051,2,0,0,1,1,2,2,1,Cross intersection,3,60,Arterial Other,DAREBIN,-37.7834,145.01738,3078.0,True,Preston HS,4724.1
T20230023172,2023-04-10,08:20:00,1,Collision with vehicle,4,Wednesday,110,CROSS TRAFFIC(INTERSECTIONS ONLY),1,300857,2,0,1,0,1,2,1,1,Cross intersection,2,50,Local Road,MOONEE VALLEY,-37.76807,144.90852,3039.0,True,Preston HS,9149.2
T20220027404,2022-03-12,10:30:00,1,Collision with vehicle,7,Saturday,120,HEAD ON (NOT OVERTAKING),1,743149,2,0,1,0,1,2,1,5,Not at intersection,2,60,Arterial Other,NILLUMBIK,-37.559536,145.32368,3763.0,True,Reservoir HS,31612.6
T20220000534,2022-07-01,22:30:00,1,Collision with vehicle,6,Friday,119,OTHER ADJACENT (INTERSECTIONS ONLY),3,57645,2,0,0,2,0,2,1,2,T intersection,3,50,Local Road,GEELONG,-38.14416,144.36218,3220.0,True,Preston HS,72117.7
T20210023599,2021-10-11,04:00:00,1,Collision with vehicle,4,Wednesday,160,VEHICLE COLLIDES WITH VEHICLE PARKED ON LEFT OF ROAD,6,697601,2,0,0,1,0,1,2,5,Not at intersection,3,40,Local Road,MELBOURNE,-37.798306,144.97034,3053.0,True,Preston HS,7075.2
T20230008192,2023-06-04,19:15:00,4,Collision with a fixed object,5,Thursday,181,OFF RIGHT BEND INTO OBJECT/PARKED VEHICLE,5,775630,1,0,1,0,0,1,2,5,Not at intersection,2,100,Local Road,INDIGO,-36.3041,146.63513,3746.0,True,William Ruthven SC,212078.8
T20240003964,2024-03-02,13:45:00,1,Collision with vehicle,6,Saturday,130,REAR END(VEHICLES IN SAME LANE),1,798244,3,0,0,1,2,3,2,5,Not at intersection,3,60,Arterial Other,BANYULE,-37.729362,145.12842,3094.0,True,Reservoir HS,8743.1
T20230006184,2023-11-03,11:50:00,1,Collision with vehicle,7,Saturday,113,RIGHT NEAR (INTERSECTIONS ONLY),1,776651,2,1,3,1,1,6,1,1,Cross intersection,1,40,Local Road,MELBOURNE,-37.797165,144.96762,3053.0,True,Preston HS,7076.7
T20250006427,2025-09-03,12:46:00,6,Vehicle overturned (no collision),1,Sunday,180,OFF CARRIAGEWAY ON RIGHT BEND,1,816790,1,0,0,1,0,1,1,2,T intersection,3,50,Local Road,WARRNAMBOOL,-38.383736,142.50912,3280.0,True,Preston HS,230041.0
T20240014730,2024-07-06,18:00:00,1,Collision with vehicle,6,Friday,134,LANE CHANGE RIGHT (NOT OVERTAKING),2,805581,2,0,1,0,1,2,2,5,Not at intersection,2,100,Freeway,CASEY,-38.01232,145.30298,3805.0,True,Preston HS,39748.0
T20240003419,2024-11-02,15:00:00,6,Vehicle overturned (no collision),1,Sunday,172,OFF CARRIAGEWAY TO RIGHT,1,803611,1,0,0,1,0,1,1,5,Not at intersection,3,100,Local Road,MURRINDINDI,-37.37762,146.05176,3713.0,True,Reservoir HS,97943.2
T20220015519,2022-03-07,16:00:00,8,No collision and no object struck,1,Sunday,174,OUT OF CONTROL ON CARRIAGEWAY (ON STRAIGHT),1,754474,1,0,1,0,0,1,2,5,Not at intersection,2,999,,GLENELG,-38.217606,141.73477,3285.0,True,Preston HS,291634.5
T20220020252,2022-08-09,07:55:00,2,Struck Pedestrian,5,Thursday,100,PED NEAR SIDE. PED HIT BY VEHICLE FROM THE RIGHT.,1,728396,1,0,1,0,1,2,1,1,Cross intersection,2,50,Local Road,MOONEE VALLEY,-37.713436,144.88998,3042.0,True,William Ruthven SC,10117.9
T20240024814,2024-01-10,17:20:00,1,Collision with vehicle,2,Tuesday,121,RIGHT THROUGH,1,825059,2,0,1,0,1,2,1,1,Cross intersection,2,50,Arterial Highway,DAREBIN,-37.749393,144.99593,3072.0,True,Preston HS,1302.4
T20230015841,2023-07-07,17:10:00,1,Collision with vehicle,6,Friday,121,RIGHT THROUGH,2,787390,2,0,1,0,1,2,1,2,T intersection,2,60,Local Road,WYNDHAM,-37.866035,144.68478,3029.0,True,Preston HS,31512.6
T20240027312,2024-12-10,15:50:00,1,Collision with vehicle,7,Saturday,135,LANE CHANGE LEFT (NOT OVERTAKING),1,810222,2,0,1,0,1,2,1,1,Cross intersection,2,60,Arterial Other,HUME,-37.663784,144.92216,3048.0,True,William Ruthven SC,7991.6
T20240006064,2024-10-03,09:21:00,1,Collision with vehicle,1,Sunday,137,LEFT TURN SIDESWIPE,1,29634,2,0,1,0,1,2,1,2,T intersection,2,60,Arterial Other,PORT PHILLIP,-37.87534,144.97688,3184.0,True,Preston HS,15095.4
T20220028388,2022-03-12,00:30:00,1,Collision with vehicle,7,Saturday,140,U TURN,6,741594,2,0,0,1,1,2,2,5,Not at intersection,3,999,Arterial Other,NILLUMBIK,-37.689934,145.21588,3097.0,True,Reservoir HS,16797.7
T20220014786,2022-01-07,21:20:00,6,Vehicle overturned (no collision),6,Friday,174,OUT OF CONTROL ON CARRIAGEWAY (ON STRAIGHT),3,718759,1,0,0,1,1,2,1,2,T intersection,3,60,Arterial Highway,SOUTH GIPPSLAND,-38.466995,145.9615,3953.0,True,Preston HS,116092.9
T20240014016,2024-01-06,10:35:00,1,Collision with vehicle,7,Saturday,121,RIGHT THROUGH,1,43671,2,0,0,1,1,2,2,1,Cross intersection,3,50,Local Road,WYNDHAM,-37.900948,144.66203,3030.0,True,Preston HS,35103.0
T20240025199,2024-06-10,10:33:00,1,Collision with vehicle,1,Sunday,189,OTHER ACCIDENTS ON CURVE NOT INCLUDED IN DCAs 180-184,1,810370,3,0,1,1,1,3,1,5,Not at intersection,2,100,Arterial Other,MOORABOOL,-37.50124,144.15579,3461.0,True,William Ruthven SC,77733.0
T20210008754,2021-08-03,10:20:00,6,Vehicle overturned (no collision),2,Monday,174,OUT OF CONTROL ON CARRIAGEWAY (ON STRAIGHT),1,35534,1,0,0,1,0,1,1,2,T intersection,3,60,Arterial Other,KNOX,-37.86288,145.29161,3155.0,True,Reservoir HS,27836.4
T20230010715,2023-07-05,21:05:00,9,Other accident,1,Sunday,179,OTHER ACCIDENTS-OFF STRAIGHT NOT INCLUDED IN DCAs 170-175,5,49529,1,0,1,0,0,1,1,1,Cross intersection,2,80,Arterial Other,MOORABOOL,-37.607754,144.31853,3341.0,True,William Ruthven SC,61060.9
T20240031687,2024-10-12,16:40:00,1,Collision with vehicle,3,Tuesday,134,LANE CHANGE RIGHT (NOT OVERTAKING),1,812518,5,0,0,2,3,5,1,5,Not at intersection,3,80,Freeway,HUME,-37.7013,144.8935,3043.0,True,William Ruthven SC,9647.6
T20220028080,2022-10-12,15:55:00,4,Collision with a fixed object,7,Saturday,175,OFF END OF ROAD/T-INTERSECTION.,1,747575,1,0,1,0,0,1,1,2,T intersection,2,50,Local Road,LATROBE,-38.187607,146.25095,3825.0,True,Reservoir HS,118937.8
T20240005367,2024-02-03,16:00:00,1,Collision with vehicle,7,Saturday,112,LEFT FAR (INTERSECTIONS ONLY),1,29738,2,0,1,0,1,2,1,1,Cross intersection,2,60,Arterial Other,MORELAND,-37.735954,144.98291,3058.0,True,Preston HS,2221.0
T20240018073,2024-06-07,12:30:00,6,Vehicle overturned (no collision),7,Saturday,174,OUT OF CONTROL ON CARRIAGEWAY (ON STRAIGHT),1,806442,1,0,0,1,0,1,2,2,T intersection,3,50,Local Road,CASEY,-38.08132,145.29875,3977.0,True,Preston HS,45615.3
T20250021903,2025-11-08,19:05:00,1,Collision with vehicle,1,Monday,112,LEFT FAR (INTERSECTIONS ONLY),3,821363,2,0,0,1,1,2,2,2,T intersection,3,40,Local Road,MELBOURNE,-37.817436,144.98883,3002.0,True,Preston HS,8573.2
T20240025159,2024-05-10,20:00:00,1,Collision with vehicle,7,Saturday,179,OTHER ACCIDENTS-OFF STRAIGHT NOT INCLUDED IN DCAs 170-175,3,45331,3,0,0,1,2,3,1,1,Cross intersection,3,50,Arterial Other,MOONEE VALLEY,-37.776733,144.91107,3032.0,True,Preston HS,9297.4
T20240017537,2024-11-07,17:45:00,2,Struck Pedestrian,5,Thursday,103,PED PLAYING/LYING/WORKING/STANDING ON CARRIAGEWAY.,2,806243,1,0,0,1,1,2,1,5,Not at intersection,3,70,Arterial Other,CASEY,-38.0295,145.27652,3976.0,True,Preston HS,39789.0
T20230022935,2023-01-10,19:21:00,6,Vehicle overturned (no collision),1,Sunday,174,OUT OF CONTROL ON CARRIAGEWAY (ON STRAIGHT),1,256274,1,0,0,1,0,1,1,5,Not at intersection,3,60,Arterial Other,BAYSIDE,-37.92559,144.98718,3186.0,True,Preston HS,20522.3
T20250002898,2025-03-02,17:05:00,4,Collision with a fixed object,2,Monday,173,RIGHT OFF CARRIAGEWAY INTO OBJECT/PARKED VEHICLE,1,818022,2,0,1,0,1,2,1,5,Not at intersection,2,100,Freeway,MORNINGTON PENINSULA,-38.27387,145.06311,3934.0,True,Preston HS,59377.7
T20250003817,2025-12-02,19:01:00,1,Collision with vehicle,4,Wednesday,116,LEFT NEAR (INTERSECTIONS ONLY),1,37550,2,0,1,0,1,2,1,1,Cross intersection,2,60,Arterial Other,PORT PHILLIP,-37.840477,144.9612,3206.0,True,Preston HS,11700.6
T20230006248,2023-11-03,10:00:00,3,Struck animal,7,Saturday,167,STRUCK ANIMAL,1,762227,1,0,0,1,0,1,2,5,Not at intersection,3,999,Local Road,MURRINDINDI,-37.506172,145.30511,3757.0,True,William Ruthven SC,34007.1
T20240012218,2024-11-05,16:15:00,1,Collision with vehicle,7,Saturday,148,VEHICLE OFF FOOTPATH STRIKES VEH ON CARRIAGEWAY,1,803537,2,0,0,1,1,2,2,1,Cross intersection,3,999,Arterial Highway,DAREBIN,-37.744717,144.9974,3072.0,True,Preston HS,916.5
T20230005219,2023-02-03,17:52:00,2,Struck Pedestrian,5,Thursday,101,PED EMERGES FROM IN FRONT OF PARKED OR STATIONARY VEHICLE,2,29841,1,0,0,1,1,2,1,2,T intersection,3,40,Arterial Other,MORELAND,-37.774258,144.9609,3056.0,True,Preston HS,5440.8
T20250006611,2025-11-03,08:45:00,6,Vehicle overturned (no collision),2,Tuesday,184,OUT OF CONTROL ON CARRIAGEWAY (ON BEND),1,817716,1,0,1,0,0,1,2,5,Not at intersection,2,80,Arterial Highway,ALPINE,-36.99365,147.0634,3737.0,True,Reservoir HS,197186.6
T20220007375,2022-02-04,12:30:00,1,Collision with vehicle,6,Saturday,135,LANE CHANGE LEFT (NOT OVERTAKING),1,711388,2,0,0,1,5,6,1,5,Not at intersection,3,60,Arterial Other,MELBOURNE,-37.78796,144.9406,3052.0,True,Preston HS,7786.5
T20250017599,2025-02-07,18:16:00,1,Collision with vehicle,4,Wednesday,114,TWO RIGHT TURNING (INTERSECTIONS ONLY),3,819886,2,0,0,1,1,2,1,2,T intersection,3,80,Local Road,KNOX,-37.92645,145.23334,3178.0,True,Preston HS,28579.4
T20230013604,2023-11-06,21:50:00,2,Struck Pedestrian,1,Sunday,100,PED NEAR SIDE. PED HIT BY VEHICLE FROM THE RIGHT.,3,44195,1,0,2,0,0,2,1,2,T intersection,2,60,Arterial Other,DAREBIN,-37.716393,145.00671,3073.0,True,Reservoir HS,2104.6
T20240008754,2024-08-04,07:42:00,1,Collision with vehicle,2,Monday,134,LANE CHANGE RIGHT (NOT OVERTAKING),1,803912,2,0,0,1,1,2,1,5,Not at intersection,3,80,Arterial Highway,WHITEHORSE,-37.82924,145.17398,3131.0,True,Reservoir HS,17395.6
T20230023027,2023-02-10,20:49:00,4,Collision with a fixed object,2,Monday,181,OFF RIGHT BEND INTO OBJECT/PARKED VEHICLE,3,805618,1,0,1,0,0,1,1,5,Not at intersection,2,50,Local Road,MOORABOOL,-37.693108,144.41847,3340.0,True,William Ruthven SC,51431.0
T20250003033,2025-05-02,06:37:00,1,Collision with vehicle,4,Wednesday,137,LEFT TURN SIDESWIPE,1,57498,2,0,0,1,1,2,2,4,Multiple intersection,3,60,Arterial Other,HOBSONS BAY,-37.844803,144.88474,3015.0,True,Preston HS,15717.3
T20240022447,2024-03-09,15:46:00,1,Collision with vehicle,3,Tuesday,119,OTHER ADJACENT (INTERSECTIONS ONLY),1,277767,2,0,1,0,1,2,1,2,T intersection,2,40,Arterial Other,GEELONG,-38.02579,144.39586,3212.0,True,Preston HS,62253.3
T20250020435,2025-02-08,14:39:00,1,Collision with vehicle,6,Saturday,120,HEAD ON (NOT OVERTAKING),1,54048,2,0,0,1,1,2,1,2,T intersection,3,777,Arterial Other,MELBOURNE,-37.80127,144.91293,3003.0,True,Preston HS,10601.2
T20230023871,2023-05-10,06:55:00,6,Vehicle overturned (no collision),5,Thursday,174,OUT OF CONTROL ON CARRIAGEWAY (ON STRAIGHT),1,782940,1,0,0,1,0,1,2,5,Not at intersection,3,50,Local Road,MOORABOOL,-37.68444,144.43594,3340.0,True,William Ruthven SC,49913.5
T20210025151,2021-06-12,08:30:00,1,Collision with vehicle,2,Monday,147,VEHICLE STRIKES ANOTHER VEH WHILE EMERGING FROM DRIVEWAY,1,703381,2,0,0,1,1,2,2,5,Not at intersection,3,999,Local Road,MORELAND,-37.70415,144.95691,3046.0,True,William Ruthven SC,4141.5
T20230020870,2023-06-09,13:30:00,1,Collision with vehicle,4,Wednesday,110,CROSS TRAFFIC(INTERSECTIONS ONLY),1,270353,2,0,1,0,1,2,1,1,Cross intersection,2,50,Local Road,EAST GIPPSLAND,-37.82567,147.62643,3875.0,True,Reservoir HS,228539.7
T20230003001,2023-07-02,09:39:00,2,Struck Pedestrian,3,Tuesday,100,PED NEAR SIDE. PED HIT BY VEHICLE FROM THE RIGHT.,1,754440,1,0,1,0,2,3,1,1,Cross intersection,2,60,Arterial Highway,HORSHAM,-36.71044,142.19633,3400.0,True,William Ruthven SC,271668.2
T20220005367,2022-09-03,19:55:00,1,Collision with vehicle,4,Wednesday,110,CROSS TRAFFIC(INTERSECTIONS ONLY),2,706262,2,1,0,1,0,2,1,1,Cross intersection,1,100,Arterial Other,BENDIGO,-36.80863,144.15126,3551.0,True,William Ruthven SC,124219.2
T20220022591,2022-02-10,09:45:00,8,No collision and no object struck,0,Sunday,184,OUT OF CONTROL ON CARRIAGEWAY (ON BEND),1,751276,1,0,1,0,0,1,2,5,Not at intersection,2,999,Arterial Other,SURF COAST,-38.463074,143.93872,3235.0,True,Preston HS,123178.3
T20230010373,2023-03-05,18:10:00,1,Collision with vehicle,4,Wednesday,137,LEFT TURN SIDESWIPE,3,42746,2,0,1,0,1,2,1,4,Multiple intersection,2,60,Arterial Highway,KINGSTON,-37.9633,145.05609,3192.0,True,Preston HS,25013.4
T20230028629,2023-04-12,15:44:00,1,Collision with vehicle,1,Monday,121,RIGHT THROUGH,1,797512,2,0,0,1,1,2,1,2,T intersection,3,80,Arterial Other,MAROONDAH,-37.821026,145.30656,3137.0,True,Reservoir HS,26715.6
T20250015214,2025-06-06,07:00:00,2,Struck Pedestrian,5,Friday,103,PED PLAYING/LYING/WORKING/STANDING ON CARRIAGEWAY.,2,820031,1,0,0,1,1,2,2,5,Not at intersection,3,40,Arterial Other,HUME,-37.637135,144.8034,3428.0,True,William Ruthven SC,18768.6
T20250000893,2025-12-01,01:37:00,4,Collision with a fixed object,0,Sunday,151,OUT OF CONTROL (OVERTAKING),3,824599,1,0,1,0,1,2,1,5,Not at intersection,2,80,Freeway,HOBSONS BAY,-37.825714,144.82861,3025.0,True,Preston HS,18256.9
T20220013046,2022-04-06,18:00:00,2,Struck Pedestrian,6,Saturday,100,PED NEAR SIDE. PED HIT BY VEHICLE FROM THE RIGHT.,4,781968,1,0,0,1,2,3,2,5,Not at intersection,3,40,Arterial Other,HUME,-37.598278,144.93513,3064.0,True,William Ruthven SC,12453.0
T20240020217,2024-09-08,15:15:00,2,Struck Pedestrian,6,Friday,109,ANY MANOEUVRE INVOLVING PED NOT INCLUDED IN DCAs 100-108.,1,808859,1,0,1,0,1,2,1,5,Not at intersection,2,50,Local Road,GEELONG,-38.013588,144.38577,3212.0,True,Preston HS,62352.8
T20220000379,2022-07-01,04:30:00,1,Collision with vehicle,6,Friday,130,REAR END(VEHICLES IN SAME LANE),3,701360,2,0,0,1,1,2,1,1,Cross intersection,3,60,Arterial Highway,MORELAND,-37.74094,144.96265,3058.0,True,Preston HS,3909.4
T20240027453,2024-07-03,16:50:00,1,Collision with vehicle,4,Thursday,121,RIGHT THROUGH,1,35319,2,0,0,1,1,2,2,1,Cross intersection,3,999,Arterial Other,MELBOURNE,-37.806973,144.96585,3053.0,True,Preston HS,8113.2
T20250012318,2025-08-05,21:04:00,4,Collision with a fixed object,4,Thursday,179,OTHER ACCIDENTS-OFF STRAIGHT NOT INCLUDED IN DCAs 170-175,3,645939,1,0,1,0,0,1,1,5,Not at intersection,2,60,Arterial Other,WHITTLESEA,-37.689766,145.02742,3074.0,True,William Ruthven SC,2277.7
T20240019404,2024-01-08,10:35:00,1,Collision with vehicle,5,Thursday,137,LEFT TURN SIDESWIPE,1,29369,2,0,0,1,1,2,2,1,Cross intersection,3,60,Arterial Other,MELBOURNE,-37.795433,144.93887,3051.0,True,Preston HS,8465.6
T20220016533,2022-07-07,19:30:00,1,Collision with vehicle,4,Thursday,163,VEHICLE STRIKES DOOR OF PARKED/STATIONARY VEHICLE,2,676975,2,0,0,1,1,2,2,5,Not at intersection,3,40,Arterial Other,STONNINGTON,-37.84217,145.01807,3142.0,True,Preston HS,11213.3
T20240002856,2024-05-02,09:30:00,1,Collision with vehicle,2,Monday,121,RIGHT THROUGH,1,29483,2,0,0,1,1,2,1,1,Cross intersection,3,50,Local Road,YARRA,-37.779354,144.98082,3068.0,True,Preston HS,4782.0
T20220009953,2022-03-05,18:20:00,1,Collision with vehicle,3,Tuesday,121,RIGHT THROUGH,3,64880,2,0,1,0,1,2,1,2,T intersection,2,40,Local Road,MARIBYRNONG,-37.79103,144.89256,3011.0,True,Preston HS,11465.5
T20240019795,2024-05-08,16:20:00,2,Struck Pedestrian,1,Monday,100,PED NEAR SIDE. PED HIT BY VEHICLE FROM THE RIGHT.,1,42790,1,0,0,1,1,2,1,1,Cross intersection,3,60,Arterial Highway,KINGSTON,-37.974846,145.07275,3194.0,True,Preston HS,26557.6
T20210017181,2021-08-08,13:30:00,1,Collision with vehicle,0,Sunday,113,RIGHT NEAR (INTERSECTIONS ONLY),1,55410,2,0,1,0,1,2,1,1,Cross intersection,2,50,Arterial Other,BALLARAT,-37.56129,143.85338,3350.0,True,William Ruthven SC,102349.9
T20240023466,2024-06-09,17:15:00,6,Vehicle overturned (no collision),6,Friday,184,OUT OF CONTROL ON CARRIAGEWAY (ON BEND),1,1237,1,0,0,1,0,1,1,2,T intersection,3,60,Arterial Other,NILLUMBIK,-37.70366,145.17914,3095.0,True,Reservoir HS,13335.6
T20240030790,2024-01-12,18:45:00,2,Struck Pedestrian,1,Sunday,100,PED NEAR SIDE. PED HIT BY VEHICLE FROM THE RIGHT.,1,814300,1,1,0,0,1,2,1,5,Not at intersection,1,70,Arterial Other,BAYSIDE,-37.93277,145.0319,3188.0,True,Preston HS,21357.3
T20240005716,2024-02-03,12:30:00,8,No collision and no object struck,7,Saturday,174,OUT OF CONTROL ON CARRIAGEWAY (ON STRAIGHT),1,49642,1,0,1,0,0,1,2,5,Not at intersection,2,60,Local Road,GEELONG,-38.06441,144.34052,3213.0,True,Preston HS,68615.3
T20250009890,2025-12-04,08:30:00,8,No collision and no object struck,7,Saturday,184,OUT OF CONTROL ON CARRIAGEWAY (ON BEND),1,817341,1,0,1,0,0,1,1,5,Not at intersection,2,80,Arterial Other,EAST GIPPSLAND,-37.1982,148.72586,3888.0,True,Reservoir HS,331405.6
T20230002891,2023-05-02,15:45:00,1,Collision with vehicle,1,Sunday,163,VEHICLE STRIKES DOOR OF PARKED/STATIONARY VEHICLE,1,753388,2,0,0,1,1,2,1,5,Not at intersection,3,60,Local Road,MARIBYRNONG,-37.816597,144.8901,3013.0,True,Preston HS,13232.2
T20220008264,2022-12-04,12:30:00,2,Struck Pedestrian,2,Tuesday,108,PED STRUCK WALKING TO/FROM OR BOARDING/ALIGHTING VEHICLE.,1,779499,1,0,0,1,1,2,2,5,Not at intersection,3,999,Local Road,HUME,-37.67431,144.85185,3045.0,True,William Ruthven SC,13527.7
T20250012493,2025-10-05,13:34:00,1,Collision with vehicle,6,Saturday,136,RIGHT TURN SIDESWIPE,1,819706,2,0,1,0,3,4,1,5,Not at intersection,2,60,Arterial Other,MELBOURNE,-37.794086,144.94804,3052.0,True,Preston HS,7802.6
T20210026755,2021-05-12,14:00:00,4,Collision with a fixed object,1,Sunday,171,LEFT OFF CARRIAGEWAY INTO OBJECT/PARKED VEHICLE,1,701610,1,0,0,1,0,1,2,6,Dead end,3,50,Local Road,MELTON,-37.676727,144.75493,3037.0,True,William Ruthven SC,21939.2
T20250006150,2025-06-03,20:52:00,2,Struck Pedestrian,5,Thursday,100,PED NEAR SIDE. PED HIT BY VEHICLE FROM THE RIGHT.,3,221659,1,0,1,0,1,2,1,2,T intersection,2,70,Arterial Other,MORELAND,-37.701042,144.9598,3060.0,True,William Ruthven SC,3832.8
T20250006399,2025-09-03,10:07:00,1,Collision with vehicle,1,Sunday,113,RIGHT NEAR (INTERSECTIONS ONLY),1,16806,2,0,1,0,3,4,1,2,T intersection,2,60,Arterial Highway,WARRNAMBOOL,-38.367058,142.49364,3280.0,True,Preston HS,230788.1
T20250009093,2025-04-04,08:45:00,1,Collision with vehicle,5,Friday,133,LANE SIDE SWIPE (VEHICLES IN PARALLEL LANES),1,817031,2,0,0,1,1,2,1,5,Not at intersection,3,60,Arterial Other,MELBOURNE,-37.787987,144.959,3054.0,True,Preston HS,6660.9
T20250009592,2025-09-04,07:30:00,2,Struck Pedestrian,3,Wednesday,100,PED NEAR SIDE. PED HIT BY VEHICLE FROM THE RIGHT.,1,330097,1,0,0,1,1,2,2,2,T intersection,3,999,Arterial Other,BRIMBANK,-37.804646,144.77016,3026.0,True,Preston HS,21970.1
T20250021320,2025-12-08,09:59:00,1,Collision with vehicle,3,Tuesday,113,RIGHT NEAR (INTERSECTIONS ONLY),1,54766,2,0,0,1,1,2,1,1,Cross intersection,3,50,Local Road,BAYSIDE,-37.94955,145.01668,3191.0,True,Preston HS,23127.2
T20210025202,2021-09-12,15:45:00,1,Collision with vehicle,5,Thursday,148,VEHICLE OFF FOOTPATH STRIKES VEH ON CARRIAGEWAY,1,76067,2,0,1,0,1,2,1,5,Not at intersection,2,60,Arterial Highway,MELBOURNE,-37.823143,144.97633,3004.0,True,Preston HS,9451.2
T20240011811,2024-09-05,17:25:00,1,Collision with vehicle,5,Thursday,137,LEFT TURN SIDESWIPE,3,237656,2,0,1,0,1,2,1,1,Cross intersection,2,40,Arterial Other,MELBOURNE,-37.826122,144.97108,3006.0,True,Preston HS,9906.6
T20210002956,2021-09-02,08:45:00,1,Collision with vehicle,3,Tuesday,136,RIGHT TURN SIDESWIPE,1,36889,2,0,1,0,1,2,1,1,Cross intersection,2,40,Local Road,MELBOURNE,-37.816933,144.96158,3000.0,True,Preston HS,9272.9