ACCIDENT_NO,ACCIDENT_DATE,ACCIDENT_TIME,ACCIDENT_TYPE,ACCIDENT_TYPE_DESC,DAY_OF_WEEK,DAY_WEEK_DESC,DCA_CODE,DCA_DESC,LIGHT_CONDITION,NODE_ID,NO_OF_VEHICLES,NO_PERSONS_KILLED,NO_PERSONS_INJ_2,NO_PERSONS_INJ_3,NO_PERSONS_NOT_INJ,NO_PERSONS,POLICE_ATTEND,ROAD_GEOMETRY,ROAD_GEOMETRY_DESC,SEVERITY,SPEED_ZONE,RMA,LGA_NAME,LATITUDE,LONGITUDE,POSTCODE_CRASH,PED_OR_CYC,nearest_school,dist_to_gate_m
T20230025887,2023-05-11,10:01:00,6,Vehicle overturned (no collision),1,Sunday,174,OUT OF CONTROL ON CARRIAGEWAY (ON STRAIGHT),1,52149,2,0,0,1,1,2,1,2,T intersection,3,50,Local Road,LATROBE,-38.17685,146.25829,3825.0,True,Reservoir HS,119011.9
T20250003557,2025-10-02,07:00:00,4,Collision with a fixed object,2,Monday,181,OFF RIGHT BEND INTO OBJECT/PARKED VEHICLE,2,814890,1,1,0,0,0,1,1,5,Not at intersection,1,100,Arterial Other,BULOKE,-36.052696,142.72421,3482.0,True,William Ruthven SC,272925.4
T20210005393,2021-11-03,11:44:00,2,Struck Pedestrian,5,Thursday,106,VEH STRIKES PED ON FOOTPATH/MEDIAN/TRAFFIC ISLAND.,1,690622,1,0,0,1,1,2,1,5,Not at intersection,3,50,Local Road,MOONEE VALLEY,-37.779266,144.92178,3032.0,True,Preston HS,8585.1
T20240001017,2024-09-01,13:50:00,4,Collision with a fixed object,2,Tuesday,171,LEFT OFF CARRIAGEWAY INTO OBJECT/PARKED VEHICLE,1,796247,1,0,0,1,0,1,2,2,T intersection,3,40,Local Road,MORELAND,-37.759304,144.95023,3055.0,True,Preston HS,5369.5
T20220014990,2022-04-07,12:30:00,2,Struck Pedestrian,1,Monday,100,PED NEAR SIDE. PED HIT BY VEHICLE FROM THE RIGHT.,1,722304,1,0,0,1,1,2,2,5,Not at intersection,3,40,Local Road,HUME,-37.57177,144.90924,3064.0,True,William Ruthven SC,16144.2
T20240004161,2024-04-01,16:00:00,2,Struck Pedestrian,5,Thursday,103,PED PLAYING/LYING/WORKING/STANDING ON CARRIAGEWAY.,1,798462,1,0,0,1,1,2,2,5,Not at intersection,3,60,Arterial Other,BOROONDARA,-37.810837,145.08173,3103.0,True,Preston HS,10105.6
T20220025511,2022-11-11,14:30:00,2,Struck Pedestrian,5,Friday,106,VEH STRIKES PED ON FOOTPATH/MEDIAN/TRAFFIC ISLAND.,1,743952,1,0,0,1,1,2,2,5,Not at intersection,3,50,Local Road,HUME,-37.581573,144.728,3429.0,True,William Ruthven SC,27381.0
T20230018114,2023-03-08,16:30:00,1,Collision with vehicle,4,Thursday,110,CROSS TRAFFIC(INTERSECTIONS ONLY),1,44000,2,0,1,0,1,2,1,1,Cross intersection,2,60,Local Road,MORNINGTON PENINSULA,-38.238506,145.17226,3912.0,True,Preston HS,57106.9
T20240031931,2024-12-12,22:26:00,1,Collision with vehicle,4,Thursday,110,CROSS TRAFFIC(INTERSECTIONS ONLY),3,35761,2,0,0,1,1,2,1,1,Cross intersection,3,60,Arterial Highway,DAREBIN,-37.72549,145.02321,3073.0,True,Reservoir HS,643.8
T20230028829,2023-06-12,14:20:00,1,Collision with vehicle,3,Wednesday,110,CROSS TRAFFIC(INTERSECTIONS ONLY),1,804475,2,0,0,1,1,2,2,1,Cross intersection,3,60,Arterial Highway,WELLINGTON,-38.1114,147.06857,3850.0,True,Reservoir HS,184031.1
T20210017369,2021-12-08,04:50:00,1,Collision with vehicle,5,Thursday,116,LEFT NEAR (INTERSECTIONS ONLY),3,690288,2,0,0,1,1,2,1,2,T intersection,3,60,Local Road,COLAC OTWAY,-38.332592,143.60712,3250.0,True,Preston HS,139101.0
T20240029505,2024-11-11,09:10:00,1,Collision with vehicle,1,Monday,110,CROSS TRAFFIC(INTERSECTIONS ONLY),1,1029,2,0,0,1,1,2,2,1,Cross intersection,3,40,Arterial Other,MORNINGTON PENINSULA,-38.30778,145.18364,3915.0,True,Preston HS,64816.8
T20220009827,2022-01-05,22:00:00,8,No collision and no object struck,1,Sunday,149,OTHER MANOEUVRING NOT INCLUDED IN DCAs 140-148,6,716302,1,0,0,1,0,1,2,5,Not at intersection,3,50,Local Road,MORELAND,-37.708256,144.9457,3046.0,True,William Ruthven SC,5205.9
T20220003669,2022-12-02,08:30:00,8,No collision and no object struck,7,Saturday,174,OUT OF CONTROL ON CARRIAGEWAY (ON STRAIGHT),1,704835,1,0,0,1,0,1,2,5,Not at intersection,3,60,Local Road,SURF COAST,-38.22382,144.24377,3240.0,True,Preston HS,85729.7
T20230010689,2023-12-04,13:30:00,1,Collision with vehicle,3,Wednesday,199,UNKNOWN-NO DETAILS ON MANOEUVRES OF ROAD-USERS IN ACCIDENT,1,777275,2,0,0,1,2,3,2,2,T intersection,3,40,Local Road,YARRA,-37.804203,144.98337,3066.0,True,Preston HS,7256.2
T20210003139,2021-11-02,09:30:00,1,Collision with vehicle,5,Thursday,137,LEFT TURN SIDESWIPE,1,675817,2,0,1,0,1,2,1,1,Cross intersection,2,60,Local Road,BALLARAT,-37.57268,143.83664,3350.0,True,William Ruthven SC,103624.6
T20210012555,2021-06-06,00:50:00,6,Vehicle overturned (no collision),1,Sunday,170,OFF CARRIAGEWAY TO LEFT,3,126,1,0,0,1,0,1,1,2,T intersection,3,60,Arterial Highway,FRANKSTON,-38.11836,145.14908,3200.0,True,Preston HS,43694.7
T20230024056,2023-02-09,12:50:00,1,Collision with vehicle,7,Saturday,133,LANE SIDE SWIPE (VEHICLES IN PARALLEL LANES),1,691622,2,0,0,1,1,2,1,5,Not at intersection,3,60,Local Road,KINGSTON,-37.939682,145.13354,3169.0,True,Preston HS,24656.0
T20240020388,2024-05-08,12:00:00,5,collision with some other object,1,Monday,166,STRUCK OBJECT ON CARRIAGEWAY,1,808128,1,0,0,1,0,1,2,5,Not at intersection,3,100,Local Road,BAW BAW,-38.008713,146.4987,3825.0,True,Reservoir HS,132849.3
T20210015203,2021-10-07,11:45:00,1,Collision with vehicle,7,Saturday,139,OTHER SAME DIRECTION-MANOUEVRES NOT INCLUDED IN DCAs 130-137,1,693365,2,0,0,1,1,2,2,5,Not at intersection,3,40,Arterial Highway,KINGSTON,-38.05607,145.1176,3196.0,True,Preston HS,36276.0
T20220020702,2022-09-09,18:40:00,1,Collision with vehicle,5,Friday,148,VEHICLE OFF FOOTPATH STRIKES VEH ON CARRIAGEWAY,9,343697,2,0,0,1,1,2,1,1,Cross intersection,3,50,Arterial Highway,GEELONG,-38.225777,144.33656,3217.0,True,Preston HS,79692.5
T20250000869,2025-11-01,19:50:00,2,Struck Pedestrian,7,Saturday,194,PARKED CAR RUN AWAY,2,813656,1,0,1,0,0,1,1,5,Not at intersection,2,888,Local Road,BASS COAST,-38.547573,145.47733,3995.0,True,Preston HS,98593.4
T20210017239,2021-09-08,17:26:00,1,Collision with vehicle,2,Monday,148,VEHICLE OFF FOOTPATH STRIKES VEH ON CARRIAGEWAY,1,44242,2,0,0,1,1,2,1,1,Cross intersection,3,60,Arterial Other,WHITTLESEA,-37.651222,145.08803,3752.0,True,William Ruthven SC,9022.7
T20210007945,2021-09-04,13:50:00,1,Collision with vehicle,5,Friday,147,VEHICLE STRIKES ANOTHER VEH WHILE EMERGING FROM DRIVEWAY,1,680304,2,0,0,1,1,2,1,5,Not at intersection,3,50,Local Road,MELBOURNE,-37.813095,144.93668,3008.0,True,Preston HS,10066.2
T20240009110,2024-11-04,18:30:00,1,Collision with vehicle,5,Thursday,121,RIGHT THROUGH,3,44818,2,0,0,1,1,2,2,2,T intersection,3,50,Local Road,NILLUMBIK,-37.703228,145.14,3095.0,True,Reservoir HS,9959.7
T20220025175,2022-08-11,08:30:00,1,Collision with vehicle,3,Tuesday,147,VEHICLE STRIKES ANOTHER VEH WHILE EMERGING FROM DRIVEWAY,1,769186,2,0,0,1,1,2,2,5,Not at intersection,3,999,,GLENELG,-38.340332,141.5987,3305.0,True,Preston HS,305798.5
T20210005465,2021-12-03,07:45:00,1,Collision with vehicle,6,Friday,148,VEHICLE OFF FOOTPATH STRIKES VEH ON CARRIAGEWAY,1,60834,2,0,0,1,1,2,2,4,Multiple intersection,3,40,Arterial Other,BALLARAT,-37.55977,143.83723,3350.0,True,William Ruthven SC,103782.5
T20250005660,2025-02-03,13:05:00,5,collision with some other object,1,Sunday,181,OFF RIGHT BEND INTO OBJECT/PARKED VEHICLE,1,815929,1,0,1,0,0,1,1,5,Not at intersection,2,60,Arterial Other,YARRA RANGES,-37.836132,145.35228,3767.0,True,Reservoir HS,31067.0
T20210008430,2021-11-04,09:30:00,8,No collision and no object struck,0,Sunday,174,OUT OF CONTROL ON CARRIAGEWAY (ON STRAIGHT),1,809537,1,0,0,1,0,1,2,2,T intersection,3,50,Local Road,YARRA,-37.79629,144.9956,3067.0,True,Preston HS,6153.7
T20240011089,2024-01-05,18:10:00,1,Collision with vehicle,3,Wednesday,121,RIGHT THROUGH,3,810813,3,0,0,1,2,3,1,5,Not at intersection,3,60,Local Road,GEELONG,-38.17307,144.32312,3216.0,True,Preston HS,76790.2
T20240003452,2024-06-02,06:30:00,1,Collision with vehicle,3,Tuesday,116,LEFT NEAR (INTERSECTIONS ONLY),2,287772,2,0,0,1,1,2,1,1,Cross intersection,3,80,Arterial Other,WYNDHAM,-37.862244,144.74794,3027.0,True,Preston HS,26421.8
T20240023217,2024-12-09,20:55:00,9,Other accident,5,Thursday,139,OTHER SAME DIRECTION-MANOUEVRES NOT INCLUDED IN DCAs 130-137,2,809041,2,0,0,1,1,2,2,5,Not at intersection,3,50,Local Road,MOONEE VALLEY,-37.783066,144.9253,3031.0,True,Preston HS,8536.0
T20230005376,2023-06-03,11:50:00,2,Struck Pedestrian,2,Monday,106,VEH STRIKES PED ON FOOTPATH/MEDIAN/TRAFFIC ISLAND.,1,783750,1,0,0,1,1,2,2,5,Not at intersection,3,999,Local Road,MANNINGHAM,-37.77266,145.11244,3107.0,True,Reservoir HS,9194.6
T20220017693,2022-07-08,21:10:00,4,Collision with a fixed object,0,Sunday,173,RIGHT OFF CARRIAGEWAY INTO OBJECT/PARKED VEHICLE,3,344392,3,0,1,0,0,1,1,5,Not at intersection,2,60,Arterial Other,DANDENONG,-37.970898,145.22209,3175.0,True,Preston HS,31714.0
T20220010632,2022-11-05,12:15:00,8,No collision and no object struck,4,Wednesday,182,OFF CARRIAGEWAY ON LEFT BEND,1,713443,1,0,0,1,0,1,1,5,Not at intersection,3,100,Arterial Other,LATROBE,-38.132195,146.47214,3844.0,True,Reservoir HS,134494.5
T20230026723,2023-07-11,12:30:00,8,No collision and no object struck,2,Tuesday,198,OTHER ACCIDENTS NOT CLASSIFIABLE ELSEWHERE,1,789687,1,0,0,1,0,1,2,5,Not at intersection,3,60,Arterial Highway,YARRA RANGES,-37.669205,145.51154,3777.0,True,Reservoir HS,42831.4
T20240005255,2024-01-03,12:00:00,4,Collision with a fixed object,5,Friday,183,OFF LEFT BEND INTO OBJECT/PARKED VEHICLE,1,815377,1,0,1,0,0,1,1,5,Not at intersection,2,100,Local Road,WELLINGTON,-37.38547,147.21176,3862.0,True,Reservoir HS,195990.9
T20240028709,2024-11-11,08:53:00,2,Struck Pedestrian,2,Monday,101,PED EMERGES FROM IN FRONT OF PARKED OR STATIONARY VEHICLE,1,813035,1,0,1,0,1,2,1,2,T intersection,2,40,Local Road,DANDENONG,-37.97875,145.2077,3175.0,True,Preston HS,31700.4
T20230003342,2023-10-02,12:45:00,1,Collision with vehicle,6,Friday,163,VEHICLE STRIKES DOOR OF PARKED/STATIONARY VEHICLE,1,754305,2,0,0,1,1,2,2,5,Not at intersection,3,40,Local Road,MELBOURNE,-37.814114,144.97124,3000.0,True,Preston HS,8646.9
T20230005479,2023-07-03,13:10:00,4,Collision with a fixed object,3,Tuesday,173,RIGHT OFF CARRIAGEWAY INTO OBJECT/PARKED VEHICLE,1,760384,1,1,0,0,0,1,1,5,Not at intersection,1,110,Arterial Highway,BAW BAW,-38.208668,146.12386,3824.0,True,Reservoir HS,110130.6
T20230028765,2023-06-12,06:05:00,1,Collision with vehicle,4,Wednesday,137,LEFT TURN SIDESWIPE,1,805027,2,0,1,0,1,2,1,5,Not at intersection,2,80,Arterial Highway,STONNINGTON,-37.886013,145.07564,3145.0,True,Preston HS,17139.2
T20220004957,2022-05-03,12:50:00,1,Collision with vehicle,6,Saturday,137,LEFT TURN SIDESWIPE,1,57411,2,0,0,1,1,2,1,1,Cross intersection,3,70,Arterial Highway,DAREBIN,-37.76063,144.99275,3071.0,True,Preston HS,2454.1
T20230002715,2023-03-02,08:30:00,2,Struck Pedestrian,6,Friday,102,FAR SIDE. PED HIT BY VEHICLE FROM THE LEFT,1,757882,1,0,0,1,1,2,1,5,Not at intersection,3,40,Local Road,DAREBIN,-37.769108,144.99706,3070.0,True,Preston HS,3172.9
T20220022224,2022-03-10,09:59:00,2,Struck Pedestrian,1,Monday,100,PED NEAR SIDE. PED HIT BY VEHICLE FROM THE RIGHT.,1,735074,1,0,1,0,1,2,1,5,Not at intersection,2,50,Local Road,BRIMBANK,-37.739864,144.79747,3021.0,True,Preston HS,18434.2
T20250018574,2025-12-07,14:25:00,2,Struck Pedestrian,6,Saturday,100,PED NEAR SIDE. PED HIT BY VEHICLE FROM THE RIGHT.,1,821960,1,0,0,1,1,2,1,5,Not at intersection,3,999,Local Road,MARIBYRNONG,-37.813084,144.88387,3013.0,True,Preston HS,13427.7
T20250018033,2025-07-07,08:00:00,1,Collision with vehicle,1,Monday,121,RIGHT THROUGH,1,29364,2,0,0,1,1,2,2,2,T intersection,3,40,Arterial Highway,MOONEE VALLEY,-37.788567,144.93436,3031.0,True,Preston HS,8248.8
T20240027942,2024-03-11,16:00:00,2,Struck Pedestrian,1,Sunday,102,FAR SIDE. PED HIT BY VEHICLE FROM THE LEFT,1,810909,1,0,1,0,2,3,1,5,Not at intersection,2,40,Local Road,MELBOURNE,-37.814342,144.97046,3000.0,True,Preston HS,8695.7
T20240002824,2024-04-02,23:40:00,1,Collision with vehicle,1,Sunday,146,REVERSING INTO FIXED OBJECT/PARKED VEHICLE,3,798513,3,0,1,0,2,3,1,5,Not at intersection,2,40,Local Road,MELBOURNE,-37.813656,144.96898,3000.0,True,Preston HS,8674.3
T20250001377,2025-05-01,14:00:00,2,Struck Pedestrian,1,Sunday,107,PED ON FOOTHPATH STRUCK BY VEHENTERING/LEAVING DRIVEWAY.,1,813962,1,0,0,1,1,2,2,5,Not at intersection,3,777,Local Road,MELTON,-37.724052,144.75143,3023.0,True,William Ruthven SC,22339.6
T20240006905,2024-06-02,21:45:00,1,Collision with vehicle,2,Tuesday,115,RIGHT/LEFT FAR (INTERSECTIONS ONLY),6,800031,2,0,1,0,1,2,2,2,T intersection,2,50,Local Road,MORNINGTON PENINSULA,-38.366543,144.86975,3940.0,True,Preston HS,70512.5
T20230008735,2023-09-04,16:00:00,8,No collision and no object struck,1,Sunday,180,OFF CARRIAGEWAY ON RIGHT BEND,1,774381,1,0,0,1,0,1,2,5,Not at intersection,3,888,Local Road,ALPINE,-36.734608,146.94417,3741.0,True,Reservoir HS,201992.2
T20230010510,2023-05-05,08:20:00,2,Struck Pedestrian,5,Friday,102,FAR SIDE. PED HIT BY VEHICLE FROM THE LEFT,1,773577,1,0,0,1,2,3,1,5,Not at intersection,3,60,Arterial Other,KNOX,-37.898235,145.29462,3156.0,True,Reservoir HS,30416.0
T20230023699,2023-11-10,08:30:00,1,Collision with vehicle,3,Wednesday,110,CROSS TRAFFIC(INTERSECTIONS ONLY),1,45638,2,0,0,1,1,2,1,1,Cross intersection,3,40,Arterial Other,MORELAND,-37.777096,144.96043,3056.0,True,Preston HS,5685.4
T20230026206,2023-08-11,21:52:00,2,Struck Pedestrian,4,Wednesday,100,PED NEAR SIDE. PED HIT BY VEHICLE FROM THE RIGHT.,3,806641,1,0,1,0,1,2,1,5,Not at intersection,2,50,Arterial Other,MELTON,-37.68327,144.58224,3337.0,True,William Ruthven SC,37052.0
T20220002338,2022-05-01,10:30:00,8,No collision and no object struck,4,Wednesday,174,OUT OF CONTROL ON CARRIAGEWAY (ON STRAIGHT),1,703724,1,0,0,1,0,1,2,5,Not at intersection,3,100,Local Road,MITCHELL,-37.125893,145.19795,3660.0,True,William Ruthven SC,65747.9
T20240031651,2024-07-12,13:00:00,4,Collision with a fixed object,7,Saturday,183,OFF LEFT BEND INTO OBJECT/PARKED VEHICLE,1,812298,1,0,0,1,0,1,2,5,Not at intersection,3,100,Arterial Other,YARRA RANGES,-37.739433,145.52545,3139.0,True,Reservoir HS,43665.3
T20220010097,2022-01-05,14:15:00,1,Collision with vehicle,1,Sunday,133,LANE SIDE SWIPE (VEHICLES IN PARALLEL LANES),1,716305,2,0,1,0,1,2,2,5,Not at intersection,2,999,,MURRINDINDI,-37.43887,145.31644,3757.0,True,William Ruthven SC,39801.2
T20250018980,2025-07-02,12:06:00,1,Collision with vehicle,6,Friday,134,LANE CHANGE RIGHT (NOT OVERTAKING),1,820470,2,0,1,1,0,2,1,5,Not at intersection,2,60,Arterial Other,PORT PHILLIP,-37.88267,144.98679,3184.0,True,Preston HS,15776.4
T20210005445,2021-11-03,20:40:00,6,Vehicle overturned (no collision),5,Thursday,174,OUT OF CONTROL ON CARRIAGEWAY (ON STRAIGHT),5,677847,1,0,1,0,0,1,1,5,Not at intersection,2,100,Arterial Highway,SOUTH GIPPSLAND,-38.45955,145.97052,3953.0,True,Preston HS,116094.2
T20220024862,2022-04-11,15:30:00,6,Vehicle overturned (no collision),6,Friday,182,OFF CARRIAGEWAY ON LEFT BEND,1,734001,1,1,0,0,0,1,1,5,Not at intersection,1,100,Arterial Other,TOWONG,-36.77015,147.45395,3701.0,True,Reservoir HS,239299.2
T20250003445,2025-09-02,11:05:00,1,Collision with vehicle,0,Sunday,113,RIGHT NEAR (INTERSECTIONS ONLY),1,150,2,0,0,1,1,2,1,2,T intersection,3,40,Local Road,YARRA,-37.803707,144.98657,3066.0,True,Preston HS,7127.1
T20230000439,2023-07-01,15:41:00,1,Collision with vehicle,7,Saturday,130,REAR END(VEHICLES IN SAME LANE),1,752065,3,0,1,0,2,3,1,5,Not at intersection,2,100,Local Road,LATROBE,-38.13721,146.2938,3825.0,True,Reservoir HS,120104.7
T20210026235,2021-06-11,13:30:00,1,Collision with vehicle,6,Saturday,137,LEFT TURN SIDESWIPE,1,700224,2,0,0,1,1,2,2,2,T intersection,3,40,Local Road,YARRA,-37.801968,144.98375,3066.0,True,Preston HS,7008.7
T20240009173,2024-11-04,16:00:00,3,Struck animal,5,Thursday,167,STRUCK ANIMAL,1,801544,1,0,0,1,0,1,2,5,Not at intersection,3,80,Arterial Other,YARRA RANGES,-37.70072,145.57704,3777.0,True,Reservoir HS,48234.1
T20220002814,2022-09-02,10:00:00,8,No collision and no object struck,4,Wednesday,189,OTHER ACCIDENTS ON CURVE NOT INCLUDED IN DCAs 180-184,1,710473,1,0,0,1,0,1,1,5,Not at intersection,3,100,Local Road,EAST GIPPSLAND,-37.193806,147.79541,3896.0,True,Reservoir HS,251110.2
T20250020469,2025-02-08,20:28:00,1,Collision with vehicle,6,Saturday,136,RIGHT TURN SIDESWIPE,3,821241,2,0,1,0,1,2,1,5,Not at intersection,2,60,Arterial Other,MERRI-BEK,-37.751183,144.97661,3058.0,True,Preston HS,2880.8
T20240022585,2024-05-09,12:43:00,1,Collision with vehicle,5,Thursday,121,RIGHT THROUGH,1,64581,2,0,2,0,1,3,2,2,T intersection,2,60,Local Road,BRIMBANK,-37.784805,144.82198,3020.0,True,Preston HS,16964.2
T20220007415,2022-01-04,20:35:00,8,No collision and no object struck,6,Friday,174,OUT OF CONTROL ON CARRIAGEWAY (ON STRAIGHT),3,727799,1,0,0,1,0,1,1,6,Dead end,3,40,Local Road,CAMPASPE,-36.139957,144.77066,3564.0,True,William Ruthven SC,174311.9
T20230012893,2023-02-06,15:06:00,2,Struck Pedestrian,6,Friday,100,PED NEAR SIDE. PED HIT BY VEHICLE FROM THE RIGHT.,1,57311,1,1,0,1,0,2,1,1,Cross intersection,1,60,Arterial Highway,MITCHELL,-37.02518,145.1351,3660.0,True,William Ruthven SC,75559.4
T20230003493,2023-12-02,11:00:00,6,Vehicle overturned (no collision),1,Sunday,174,OUT OF CONTROL ON CARRIAGEWAY (ON STRAIGHT),1,759596,1,0,0,1,0,1,2,2,T intersection,3,60,Arterial Other,YARRA RANGES,-37.649654,145.37212,3775.0,True,Reservoir HS,31224.1
T20240019898,2024-06-08,15:02:00,1,Collision with vehicle,2,Tuesday,121,RIGHT THROUGH,1,632,2,0,1,0,1,2,1,5,Not at intersection,2,80,Arterial Other,KNOX,-37.84732,145.23093,3152.0,True,Reservoir HS,22507.8
T20220008193,2022-12-04,15:26:00,1,Collision with vehicle,3,Tuesday,116,LEFT NEAR (INTERSECTIONS ONLY),1,774243,2,0,0,1,1,2,1,2,T intersection,3,60,Arterial Highway,WHITEHORSE,-37.819702,145.13908,3130.0,True,Preston HS,14483.2
T20230013613,2023-07-06,15:45:00,1,Collision with vehicle,4,Wednesday,121,RIGHT THROUGH,1,37243,2,0,0,1,1,2,2,2,T intersection,3,60,Arterial Other,YARRA,-37.825943,145.00026,3121.0,True,Preston HS,9386.7
T20230025872,2023-05-11,03:40:00,4,Collision with a fixed object,1,Sunday,173,RIGHT OFF CARRIAGEWAY INTO OBJECT/PARKED VEHICLE,5,802907,1,0,1,0,0,1,1,5,Not at intersection,2,60,,FRANKSTON,-38.137413,145.15846,3199.0,True,Preston HS,45959.7
T20240028256,2024-06-11,13:30:00,2,Struck Pedestrian,3,Wednesday,100,PED NEAR SIDE. PED HIT BY VEHICLE FROM THE RIGHT.,1,814117,1,0,1,0,2,3,1,2,T intersection,2,50,Local Road,MELTON,-37.618073,144.70499,3427.0,True,William Ruthven SC,27646.1
T20220025354,2022-10-11,07:20:00,1,Collision with vehicle,5,Thursday,148,VEHICLE OFF FOOTPATH STRIKES VEH ON CARRIAGEWAY,1,773175,2,0,0,1,1,2,1,2,T intersection,3,50,Local Road,BAW BAW,-38.13025,145.8496,3818.0,True,Reservoir HS,85041.3
T20230013021,2023-04-06,04:20:00,4,Collision with a fixed object,1,Sunday,175,OFF END OF ROAD/T-INTERSECTION.,3,778081,1,1,0,0,0,1,1,4,Multiple intersection,1,60,Arterial Other,MONASH,-37.938927,145.20819,3175.0,True,Preston HS,28156.2
T20240020479,2024-11-08,11:00:00,4,Collision with a fixed object,1,Sunday,164,PERMANENT OBSTRUCTION ON CARRIAGEWAY,1,807345,1,0,1,0,0,1,2,5,Not at intersection,2,888,Local Road,WELLINGTON,-38.53353,146.96289,3874.0,True,Reservoir HS,191662.9
T20220025187,2022-08-11,11:19:00,1,Collision with vehicle,3,Tuesday,198,OTHER ACCIDENTS NOT CLASSIFIABLE ELSEWHERE,1,737115,2,0,0,1,2,3,1,5,Not at intersection,3,50,Local Road,DANDENONG,-37.947018,145.1492,3171.0,True,Preston HS,26017.6
T20220004566,2022-01-03,15:03:00,2,Struck Pedestrian,3,Tuesday,102,FAR SIDE. PED HIT BY VEHICLE FROM THE LEFT,1,706846,1,0,0,1,1,2,1,5,Not at intersection,3,60,Arterial Other,MOONEE VALLEY,-37.757305,144.90706,3040.0,True,Preston HS,8965.2
T20220017262,2022-02-08,11:10:00,1,Collision with vehicle,3,Tuesday,136,RIGHT TURN SIDESWIPE,1,723461,2,0,0,2,0,2,1,2,T intersection,3,100,Local Road,LATROBE,-38.107193,146.36136,3825.0,True,Reservoir HS,124431.6
T20220012523,2022-02-06,11:15:00,1,Collision with vehicle,5,Thursday,133,LANE SIDE SWIPE (VEHICLES IN PARALLEL LANES),1,345441,2,0,1,0,1,2,2,2,T intersection,2,60,Arterial Highway,MELBOURNE,-37.821777,144.96579,3006.0,True,Preston HS,9615.8
T20230002794,2023-04-02,13:40:00,2,Struck Pedestrian,7,Saturday,105,PED WALKING AGAINST TRAFFIC.,1,760221,1,0,1,0,1,2,1,5,Not at intersection,2,50,Local Road,FRANKSTON,-38.165154,145.1353,3199.0,True,Preston HS,48409.0
T20240014411,2024-10-04,07:50:00,1,Collision with vehicle,4,Wednesday,135,LANE CHANGE LEFT (NOT OVERTAKING),1,29497,2,0,0,1,1,2,2,2,T intersection,3,999,Arterial Other,DAREBIN,-37.78384,145.01454,3078.0,True,Preston HS,4731.2
T20220022534,2022-06-10,17:11:00,7,Fall from or in moving vehicle,5,Thursday,179,OTHER ACCIDENTS-OFF STRAIGHT NOT INCLUDED IN DCAs 170-175,1,730377,1,1,0,0,0,1,2,5,Not at intersection,1,50,Local Road,MORNINGTON PENINSULA,-38.35515,144.75197,3943.0,True,Preston HS,71777.6
T20250017843,2024-11-07,13:52:00,2,Struck Pedestrian,4,Thursday,102,FAR SIDE. PED HIT BY VEHICLE FROM THE LEFT,1,820531,1,0,0,1,1,2,1,5,Not at intersection,3,50,Local Road,WHITEHORSE,-37.837734,145.18346,3131.0,True,Reservoir HS,18649.1
T20250017562,2025-02-07,13:00:00,2,Struck Pedestrian,3,Wednesday,102,FAR SIDE. PED HIT BY VEHICLE FROM THE LEFT,1,36889,1,0,0,2,0,2,1,1,Cross intersection,3,30,Local Road,MELBOURNE,-37.816933,144.96158,3000.0,True,Preston HS,9272.9
T20220000368,2022-05-01,16:20:00,6,Vehicle overturned (no collision),4,Wednesday,174,OUT OF CONTROL ON CARRIAGEWAY (ON STRAIGHT),1,19418,2,0,0,1,1,2,2,2,T intersection,3,60,Arterial Highway,BENDIGO,-36.73569,144.13298,3515.0,True,William Ruthven SC,131719.2
T20220015527,2022-11-07,16:08:00,4,Collision with a fixed object,2,Monday,183,OFF LEFT BEND INTO OBJECT/PARKED VEHICLE,1,721055,1,0,1,0,0,1,1,5,Not at intersection,2,50,Local Road,HUME,-37.608913,144.94066,3064.0,True,William Ruthven SC,11182.6
T20240027545,2024-04-10,11:00:00,6,Vehicle overturned (no collision),6,Friday,184,OUT OF CONTROL ON CARRIAGEWAY (ON BEND),1,810341,1,0,0,1,0,1,2,5,Not at intersection,3,100,Local Road,MURRINDINDI,-37.343987,145.56635,3717.0,True,William Ruthven SC,63287.5
T20230008501,2023-11-04,05:30:00,2,Struck Pedestrian,2,Tuesday,103,PED PLAYING/LYING/WORKING/STANDING ON CARRIAGEWAY.,2,776422,1,0,0,1,1,2,2,5,Not at intersection,3,50,Local Road,CARDINIA,-38.058254,145.46048,3810.0,True,Preston HS,53117.4
T20250001248,2025-10-01,18:30:00,1,Collision with vehicle,5,Friday,137,LEFT TURN SIDESWIPE,1,399,2,0,0,1,1,2,2,2,T intersection,3,40,Arterial Other,YARRA,-37.781937,144.98502,3068.0,True,Preston HS,4877.0
T20230001003,2023-09-01,16:30:00,1,Collision with vehicle,2,Monday,137,LEFT TURN SIDESWIPE,1,36489,2,0,0,1,1,2,2,1,Cross intersection,3,40,Local Road,YARRA,-37.794735,144.97908,3065.0,True,Preston HS,6390.9
T20220012475,2022-09-03,17:30:00,4,Collision with a fixed object,3,Wednesday,171,LEFT OFF CARRIAGEWAY INTO OBJECT/PARKED VEHICLE,1,713910,1,0,0,1,0,1,2,5,Not at intersection,3,50,,MOORABOOL,-37.52652,144.27469,3458.0,True,William Ruthven SC,66879.7