ACCIDENT_NO,ACCIDENT_DATE,ACCIDENT_TIME,ACCIDENT_TYPE,ACCIDENT_TYPE_DESC,DAY_OF_WEEK,DAY_WEEK_DESC,DCA_CODE,DCA_DESC,LIGHT_CONDITION,NODE_ID,NO_OF_VEHICLES,NO_PERSONS_KILLED,NO_PERSONS_INJ_2,NO_PERSONS_INJ_3,NO_PERSONS_NOT_INJ,NO_PERSONS,POLICE_ATTEND,ROAD_GEOMETRY,ROAD_GEOMETRY_DESC,SEVERITY,SPEED_ZONE,RMA,LGA_NAME,LATITUDE,LONGITUDE,POSTCODE_CRASH,PED_OR_CYC,nearest_school,dist_to_gate_m
T20230005584,2023-08-03,15:03:00,2,Struck Pedestrian,4,Wednesday,100,PED NEAR SIDE. PED HIT BY VEHICLE FROM THE RIGHT.,1,759475,1,0,0,1,1,2,1,5,Not at intersection,3,40,Arterial Other,DAREBIN,-37.7378,145.00229,3072.0,True,Preston HS,605.8
T20210008193,2021-08-04,14:00:00,8,No collision and no object struck,4,Thursday,174,OUT OF CONTROL ON CARRIAGEWAY (ON STRAIGHT),1,681662,1,0,0,1,0,1,2,5,Not at intersection,3,100,,WELLINGTON,-37.54398,147.16968,3862.0,True,Reservoir HS,189508.5
T20220002667,2022-07-02,09:05:00,1,Collision with vehicle,2,Monday,148,VEHICLE OFF FOOTPATH STRIKES VEH ON CARRIAGEWAY,1,720033,2,0,0,1,1,2,2,2,T intersection,3,999,Local Road,WYNDHAM,-37.90971,144.77527,3030.0,True,Preston HS,27633.5
T20210010424,2021-09-05,08:55:00,2,Struck Pedestrian,1,Sunday,102,FAR SIDE. PED HIT BY VEHICLE FROM THE LEFT,1,683319,1,0,1,0,1,2,1,5,Not at intersection,2,50,Local Road,CARDINIA,-38.06593,145.49179,3810.0,True,Reservoir HS,55726.2
T20240003330,2024-08-02,21:30:00,2,Struck Pedestrian,5,Thursday,104,PED WALKING WITH TRAFFIC,5,799729,1,0,0,1,1,2,2,1,Cross intersection,3,80,Arterial Other,MACEDON RANGES,-37.369118,144.52667,3442.0,True,William Ruthven SC,55584.0
T20220020242,2022-06-09,15:40:00,1,Collision with vehicle,3,Tuesday,148,VEHICLE OFF FOOTPATH STRIKES VEH ON CARRIAGEWAY,1,59180,2,0,0,1,1,2,1,2,T intersection,3,40,Local Road,SHEPPARTON,-36.399033,145.40958,3630.0,True,William Ruthven SC,148719.7
T20230008535,2023-06-04,21:50:00,2,Struck Pedestrian,5,Thursday,102,FAR SIDE. PED HIT BY VEHICLE FROM THE LEFT,3,801366,1,0,1,0,1,2,1,1,Cross intersection,2,40,Local Road,MELBOURNE,-37.82668,144.9576,3006.0,True,Preston HS,10402.6
T20250015565,2025-11-06,10:11:00,5,collision with some other object,4,Wednesday,166,STRUCK OBJECT ON CARRIAGEWAY,1,819555,1,0,1,0,0,1,1,5,Not at intersection,2,80,Arterial Highway,KINGSTON,-37.93952,145.08553,3202.0,True,Preston HS,23049.6
T20230001348,2023-09-01,01:00:00,8,No collision and no object struck,1,Monday,179,OTHER ACCIDENTS-OFF STRAIGHT NOT INCLUDED IN DCAs 170-175,3,354705,1,0,0,1,0,1,2,2,T intersection,3,40,Local Road,MELBOURNE,-37.80109,144.96687,3053.0,True,Preston HS,7491.0
T20220010302,2022-07-05,12:00:00,8,No collision and no object struck,7,Saturday,170,OFF CARRIAGEWAY TO LEFT,1,712081,1,0,0,1,0,1,1,5,Not at intersection,3,100,Local Road,BAW BAW,-38.018406,146.10242,3831.0,True,Reservoir HS,99771.6
T20240021094,2024-10-08,13:00:00,8,No collision and no object struck,7,Saturday,174,OUT OF CONTROL ON CARRIAGEWAY (ON STRAIGHT),1,807569,1,0,0,1,0,1,2,5,Not at intersection,3,999,Local Road,MURRINDINDI,-37.46847,145.42358,3777.0,True,Reservoir HS,44758.7
T20220024901,2022-05-11,10:15:00,6,Vehicle overturned (no collision),7,Saturday,174,OUT OF CONTROL ON CARRIAGEWAY (ON STRAIGHT),1,734294,1,0,0,1,0,1,2,5,Not at intersection,3,888,Local Road,MURRINDINDI,-37.52026,145.58762,3778.0,True,Reservoir HS,54058.5
T20220028216,2022-01-10,17:15:00,5,collision with some other object,6,Saturday,166,STRUCK OBJECT ON CARRIAGEWAY,9,782971,1,0,0,1,0,1,2,5,Not at intersection,3,999,Freeway,WYNDHAM,-37.935635,144.61739,3030.0,True,Preston HS,40450.0
T20240012263,2024-05-05,11:00:00,8,No collision and no object struck,1,Sunday,174,OUT OF CONTROL ON CARRIAGEWAY (ON STRAIGHT),1,804085,2,0,0,1,0,1,2,5,Not at intersection,3,50,Local Road,PORT PHILLIP,-37.862087,144.99646,3183.0,True,Preston HS,13419.0
T20210015122,2021-07-07,14:00:00,8,No collision and no object struck,4,Wednesday,184,OUT OF CONTROL ON CARRIAGEWAY (ON BEND),1,814341,1,0,0,1,0,1,2,4,Multiple intersection,3,60,Freeway,MELBOURNE,-37.826324,144.94716,3008.0,True,Preston HS,10783.8
T20250012751,2025-12-05,19:45:00,2,Struck Pedestrian,1,Monday,101,PED EMERGES FROM IN FRONT OF PARKED OR STATIONARY VEHICLE,5,819038,3,0,0,2,1,3,1,5,Not at intersection,3,110,Freeway,MITCHELL,-37.38275,145.02559,3758.0,True,William Ruthven SC,34948.7
T20220002330,2022-03-02,20:05:00,4,Collision with a fixed object,5,Thursday,173,RIGHT OFF CARRIAGEWAY INTO OBJECT/PARKED VEHICLE,2,703811,0,0,0,1,0,1,1,2,T intersection,3,40,Local Road,MELBOURNE,-37.799873,144.96858,3053.0,True,Preston HS,7301.1
T20220015664,2022-07-07,16:10:00,1,Collision with vehicle,5,Thursday,130,REAR END(VEHICLES IN SAME LANE),1,776032,2,0,2,0,1,3,1,5,Not at intersection,2,60,Local Road,BALLARAT,-37.52846,143.84242,3355.0,True,William Ruthven SC,103921.1
T20210015062,2021-08-07,18:50:00,1,Collision with vehicle,5,Thursday,160,VEHICLE COLLIDES WITH VEHICLE PARKED ON LEFT OF ROAD,3,687706,2,0,1,0,0,1,1,5,Not at intersection,2,60,Arterial Other,FRANKSTON,-38.121506,145.13515,3198.0,True,Preston HS,43700.2
T20240000661,2024-10-01,10:33:00,1,Collision with vehicle,4,Wednesday,133,LANE SIDE SWIPE (VEHICLES IN PARALLEL LANES),1,795972,3,0,1,0,2,3,1,2,T intersection,2,60,Arterial Highway,GEELONG,-38.136387,144.35208,3218.0,True,Preston HS,72288.7
T20240022634,2024-05-09,17:38:00,8,No collision and no object struck,5,Thursday,174,OUT OF CONTROL ON CARRIAGEWAY (ON STRAIGHT),3,36827,2,0,0,1,1,2,1,2,T intersection,3,40,Arterial Other,MELBOURNE,-37.810345,144.95293,3003.0,True,Preston HS,8996.1
T20250006003,2025-05-03,13:30:00,8,No collision and no object struck,4,Wednesday,184,OUT OF CONTROL ON CARRIAGEWAY (ON BEND),1,816273,1,0,0,1,0,1,2,5,Not at intersection,3,100,Local Road,BAW BAW,-38.000336,146.54889,3856.0,True,Reservoir HS,136924.8
T20220022946,2022-12-10,07:30:00,1,Collision with vehicle,3,Wednesday,110,CROSS TRAFFIC(INTERSECTIONS ONLY),2,287450,2,0,1,0,2,3,1,1,Cross intersection,2,50,Local Road,BOROONDARA,-37.819347,145.02231,3122.0,True,Preston HS,8736.8
T20250008378,2024-07-09,14:30:00,6,Vehicle overturned (no collision),7,Saturday,149,OTHER MANOEUVRING NOT INCLUDED IN DCAs 140-148,1,816778,1,0,0,1,0,1,2,5,Not at intersection,3,999,Arterial Other,WELLINGTON,-37.966843,146.92917,3859.0,True,Reservoir HS,169012.0
T20250007038,2025-06-02,15:50:00,1,Collision with vehicle,5,Thursday,130,REAR END(VEHICLES IN SAME LANE),1,816361,2,0,0,2,0,2,2,5,Not at intersection,3,60,Arterial Other,MOONEE VALLEY,-37.72969,144.92395,3041.0,True,Preston HS,7433.0
T20220008013,2022-02-04,11:00:00,6,Vehicle overturned (no collision),7,Saturday,184,OUT OF CONTROL ON CARRIAGEWAY (ON BEND),1,709223,1,0,0,1,0,1,2,5,Not at intersection,3,999,Local Road,MACEDON RANGES,-37.489754,144.4729,3437.0,True,William Ruthven SC,52057.7
T20250009435,2025-03-04,21:15:00,1,Collision with vehicle,5,Thursday,130,REAR END(VEHICLES IN SAME LANE),3,817377,3,0,0,1,2,3,2,5,Not at intersection,3,80,Arterial Highway,WHITEHORSE,-37.850063,145.11629,3125.0,True,Preston HS,15402.4
T20250015585,2025-11-06,11:55:00,1,Collision with vehicle,4,Wednesday,130,REAR END(VEHICLES IN SAME LANE),1,819222,2,0,0,1,1,2,1,5,Not at intersection,3,60,Arterial Highway,WHITEHORSE,-37.817554,145.17628,3131.0,True,Reservoir HS,16692.1
T20230000707,2023-11-01,09:15:00,2,Struck Pedestrian,4,Wednesday,104,PED WALKING WITH TRAFFIC,1,784373,1,0,0,1,1,2,1,5,Not at intersection,3,50,Local Road,GEELONG,-38.105816,144.34932,3215.0,True,Preston HS,70484.7
T20240009206,2024-12-04,16:37:00,4,Collision with a fixed object,6,Friday,171,LEFT OFF CARRIAGEWAY INTO OBJECT/PARKED VEHICLE,1,803906,1,0,1,0,0,1,1,5,Not at intersection,2,60,Local Road,MELTON,-37.69577,144.74368,3037.0,True,William Ruthven SC,22815.4
T20240003196,2024-09-02,08:22:00,2,Struck Pedestrian,6,Friday,100,PED NEAR SIDE. PED HIT BY VEHICLE FROM THE RIGHT.,1,65503,1,0,1,0,1,2,1,2,T intersection,2,50,Arterial Other,BOROONDARA,-37.80467,145.09206,3103.0,True,Preston HS,10236.7
T20230003119,2023-08-02,16:15:00,1,Collision with vehicle,4,Wednesday,160,VEHICLE COLLIDES WITH VEHICLE PARKED ON LEFT OF ROAD,1,759215,2,0,1,0,0,1,1,5,Not at intersection,2,30,Local Road,YARRA,-37.79849,144.98923,3066.0,True,Preston HS,6507.2
T20220027907,2022-08-12,19:28:00,1,Collision with vehicle,4,Thursday,148,VEHICLE OFF FOOTPATH STRIKES VEH ON CARRIAGEWAY,1,745313,2,0,1,0,1,2,1,2,T intersection,2,60,Local Road,WHITTLESEA,-37.685337,145.02931,3074.0,True,William Ruthven SC,2629.7
T20240019742,2024-04-08,14:45:00,1,Collision with vehicle,1,Sunday,140,U TURN,1,808492,2,0,1,0,1,2,2,2,T intersection,2,50,Local Road,SURF COAST,-38.311687,144.34843,3228.0,True,Preston HS,85705.5
T20210003336,2021-12-02,20:05:00,1,Collision with vehicle,6,Friday,111,RIGHT FAR (INTERSECTIONS ONLY),1,35833,2,0,1,0,1,2,1,1,Cross intersection,2,80,Arterial Other,MOORABOOL,-37.52267,143.96796,3352.0,True,William Ruthven SC,93199.7
T20240003202,2024-08-02,12:30:00,2,Struck Pedestrian,5,Thursday,107,PED ON FOOTHPATH STRUCK BY VEHENTERING/LEAVING DRIVEWAY.,1,799118,1,0,0,1,1,2,2,5,Not at intersection,3,999,Local Road,DAREBIN,-37.76921,144.99794,3070.0,True,Preston HS,3163.2
T20220005574,2022-12-03,10:15:00,4,Collision with a fixed object,7,Saturday,181,OFF RIGHT BEND INTO OBJECT/PARKED VEHICLE,1,30411,1,0,1,0,0,1,1,2,T intersection,2,60,Arterial Other,NILLUMBIK,-37.70231,145.21219,3097.0,True,Reservoir HS,16233.6
T20250020317,2025-01-08,07:07:00,2,Struck Pedestrian,6,Friday,107,PED ON FOOTHPATH STRUCK BY VEHENTERING/LEAVING DRIVEWAY.,2,822241,1,0,1,0,1,2,1,5,Not at intersection,2,888,Arterial Other,DANDENONG,-37.96341,145.16032,3172.0,True,Preston HS,28084.5
T20240011127,2024-02-05,16:47:00,1,Collision with vehicle,5,Thursday,130,REAR END(VEHICLES IN SAME LANE),1,807866,2,0,1,0,1,2,1,1,Cross intersection,2,100,Arterial Other,KINGSTON,-38.00953,145.12256,3195.0,True,Preston HS,31458.3
T20240003133,2024-02-02,17:57:00,1,Collision with vehicle,5,Friday,121,RIGHT THROUGH,1,37684,2,0,0,1,1,2,2,2,T intersection,3,40,Local Road,STONNINGTON,-37.84107,144.9953,3141.0,True,Preston HS,11098.0
T20240028797,2024-10-11,14:30:00,6,Vehicle overturned (no collision),0,Sunday,149,OTHER MANOEUVRING NOT INCLUDED IN DCAs 140-148,1,810863,1,0,0,1,0,1,2,5,Not at intersection,3,999,Local Road,NILLUMBIK,-37.645264,145.25851,3759.0,True,Reservoir HS,21910.1
T20250015386,2025-08-06,23:21:00,1,Collision with vehicle,0,Sunday,140,U TURN,3,821397,2,0,0,1,1,2,1,5,Not at intersection,3,60,Arterial Highway,PORT PHILLIP,-37.87974,144.99443,3184.0,True,Preston HS,15389.7
T20240022377,2024-02-09,17:38:00,2,Struck Pedestrian,2,Monday,102,FAR SIDE. PED HIT BY VEHICLE FROM THE LEFT,1,808071,1,1,0,0,1,2,1,5,Not at intersection,1,50,Local Road,WODONGA,-36.11502,146.86986,3690.0,True,William Ruthven SC,241812.2
T20230000334,2023-04-01,07:35:00,6,Vehicle overturned (no collision),4,Wednesday,174,OUT OF CONTROL ON CARRIAGEWAY (ON STRAIGHT),1,777090,1,0,1,0,0,1,2,1,Cross intersection,2,60,Local Road,GOLDEN PLAINS,-37.5907,143.71928,3351.0,True,William Ruthven SC,113636.8
T20250000603,2025-08-01,15:05:00,2,Struck Pedestrian,4,Wednesday,102,FAR SIDE. PED HIT BY VEHICLE FROM THE LEFT,1,813437,1,0,0,1,1,2,1,1,Cross intersection,3,50,Local Road,EAST GIPPSLAND,-37.82388,147.62302,3875.0,True,Reservoir HS,228233.2
T20220000467,2022-08-01,15:00:00,1,Collision with vehicle,7,Saturday,121,RIGHT THROUGH,1,44822,2,0,0,1,1,2,1,1,Cross intersection,3,60,Arterial Other,NILLUMBIK,-37.718468,145.14168,3095.0,True,Reservoir HS,9885.3
T20240000157,2024-03-01,15:42:00,1,Collision with vehicle,3,Wednesday,163,VEHICLE STRIKES DOOR OF PARKED/STATIONARY VEHICLE,1,36494,2,0,1,0,1,2,1,1,Cross intersection,2,40,Local Road,YARRA,-37.79595,144.97887,3065.0,True,Preston HS,6522.7
T20220025817,2022-09-11,19:28:00,1,Collision with vehicle,4,Wednesday,137,LEFT TURN SIDESWIPE,1,735495,2,0,0,1,1,2,2,2,T intersection,3,60,Arterial Other,PORT PHILLIP,-37.866493,144.9742,3182.0,True,Preston HS,14174.2
T20230002690,2023-02-02,05:50:00,2,Struck Pedestrian,5,Thursday,102,FAR SIDE. PED HIT BY VEHICLE FROM THE LEFT,3,44312,1,0,0,1,1,2,2,1,Cross intersection,3,70,Arterial Other,WYNDHAM,-37.83944,144.74709,3029.0,True,Preston HS,25300.9
T20210007684,2021-06-04,14:35:00,6,Vehicle overturned (no collision),3,Tuesday,180,OFF CARRIAGEWAY ON RIGHT BEND,1,683588,1,0,1,0,0,1,1,5,Not at intersection,2,80,Arterial Other,WANGARATTA,-36.87502,146.32353,3723.0,True,Reservoir HS,148260.0
T20230019539,2023-03-07,09:50:00,2,Struck Pedestrian,2,Monday,100,PED NEAR SIDE. PED HIT BY VEHICLE FROM THE RIGHT.,1,36106,1,0,0,1,1,2,2,1,Cross intersection,3,999,Arterial Other,MELBOURNE,-37.807728,144.94789,3003.0,True,Preston HS,8999.3
T20250000611,2024-10-12,08:48:00,2,Struck Pedestrian,3,Tuesday,100,PED NEAR SIDE. PED HIT BY VEHICLE FROM THE RIGHT.,1,813513,1,0,0,1,1,2,1,5,Not at intersection,3,40,Local Road,CASEY,-38.04885,145.32384,3806.0,True,Preston HS,44033.2
T20230021024,2023-08-09,11:00:00,6,Vehicle overturned (no collision),6,Friday,174,OUT OF CONTROL ON CARRIAGEWAY (ON STRAIGHT),1,795916,2,1,0,0,1,2,1,5,Not at intersection,1,100,Arterial Highway,GLENELG,-38.096947,141.60898,3304.0,True,Preston HS,300668.3
T20220020589,2022-12-09,12:00:00,2,Struck Pedestrian,2,Monday,103,PED PLAYING/LYING/WORKING/STANDING ON CARRIAGEWAY.,1,725417,1,0,0,1,1,2,1,5,Not at intersection,3,60,Arterial Highway,CASEY,-38.109837,145.28351,3977.0,True,Preston HS,47575.8
T20210000659,2021-08-01,20:20:00,1,Collision with vehicle,6,Friday,113,RIGHT NEAR (INTERSECTIONS ONLY),2,40438,2,0,0,1,1,2,2,2,T intersection,3,60,Arterial Highway,BOROONDARA,-37.846016,145.05676,3124.0,True,Preston HS,12393.0
T20240011289,2024-04-05,11:55:00,2,Struck Pedestrian,7,Saturday,109,ANY MANOEUVRE INVOLVING PED NOT INCLUDED IN DCAs 100-108.,1,802687,1,0,0,1,1,2,1,2,T intersection,3,40,,PORT PHILLIP,-37.841763,144.93884,3207.0,True,Preston HS,12640.2
T20240014449,2024-06-06,08:00:00,1,Collision with vehicle,5,Thursday,139,OTHER SAME DIRECTION-MANOUEVRES NOT INCLUDED IN DCAs 130-137,1,812275,2,0,0,1,1,2,2,2,T intersection,3,50,Arterial Other,MELBOURNE,-37.844807,144.97867,3004.0,True,Preston HS,11734.0
T20230000905,2023-10-01,13:30:00,6,Vehicle overturned (no collision),3,Tuesday,184,OUT OF CONTROL ON CARRIAGEWAY (ON BEND),1,44178,1,0,1,0,0,1,2,2,T intersection,2,999,Local Road,MORNINGTON PENINSULA,-38.378414,144.90884,3939.0,True,Preston HS,71320.1
T20240003314,2024-08-02,16:40:00,2,Struck Pedestrian,4,Thursday,100,PED NEAR SIDE. PED HIT BY VEHICLE FROM THE RIGHT.,1,262657,1,0,0,1,1,2,2,5,Not at intersection,3,40,Local Road,MELBOURNE,-37.8225,144.96976,3006.0,True,Preston HS,9565.1
T20230008128,2023-06-04,08:30:00,2,Struck Pedestrian,4,Thursday,107,PED ON FOOTHPATH STRUCK BY VEHENTERING/LEAVING DRIVEWAY.,1,788198,1,0,1,0,1,2,2,5,Not at intersection,2,999,Local Road,GEELONG,-38.185368,144.47049,3224.0,True,Preston HS,68167.3
T20250020798,2025-03-08,16:30:00,4,Collision with a fixed object,0,Sunday,181,OFF RIGHT BEND INTO OBJECT/PARKED VEHICLE,1,820948,1,0,0,2,0,2,2,5,Not at intersection,3,100,Local Road,MOUNT ALEXANDER,-36.99689,144.47675,3444.0,True,William Ruthven SC,90644.0
T20210002888,2021-08-02,11:50:00,6,Vehicle overturned (no collision),2,Monday,172,OFF CARRIAGEWAY TO RIGHT,1,674987,1,1,0,0,0,1,1,5,Not at intersection,1,90,Freeway,MELTON,-37.73182,144.66536,3335.0,True,William Ruthven SC,29957.0
T20210026600,2021-06-12,08:59:00,2,Struck Pedestrian,2,Monday,108,PED STRUCK WALKING TO/FROM OR BOARDING/ALIGHTING VEHICLE.,1,45696,1,0,0,1,1,2,1,2,T intersection,3,60,Arterial Other,MORELAND,-37.74613,144.97743,3058.0,True,Preston HS,2654.9
T20230019127,2023-09-08,10:20:00,1,Collision with vehicle,4,Wednesday,133,LANE SIDE SWIPE (VEHICLES IN PARALLEL LANES),1,677845,2,0,0,1,1,2,2,5,Not at intersection,3,80,Freeway,MELBOURNE,-37.82731,144.9626,3006.0,True,Preston HS,10291.4
T20210005324,2021-10-03,18:00:00,1,Collision with vehicle,3,Wednesday,130,REAR END(VEHICLES IN SAME LANE),2,677602,2,0,0,1,1,2,1,5,Not at intersection,3,60,Arterial Other,BANYULE,-37.70361,145.09384,3088.0,True,Reservoir HS,6041.2
T20230023407,2023-07-10,11:55:00,2,Struck Pedestrian,7,Saturday,102,FAR SIDE. PED HIT BY VEHICLE FROM THE LEFT,1,796258,1,0,1,0,1,2,1,5,Not at intersection,2,80,Arterial Other,MANNINGHAM,-37.750465,145.13525,3106.0,True,Reservoir HS,9817.3
T20210005239,2021-09-03,10:25:00,1,Collision with vehicle,3,Tuesday,137,LEFT TURN SIDESWIPE,1,42779,2,0,1,0,1,2,2,2,T intersection,2,60,Arterial Other,KINGSTON,-37.99423,145.06908,3195.0,True,Preston HS,28602.3
T20230016016,2023-10-07,18:20:00,1,Collision with vehicle,2,Monday,121,RIGHT THROUGH,5,791069,2,0,1,1,0,2,1,2,T intersection,2,100,Arterial Highway,SWAN HILL,-35.282555,143.53123,3586.0,True,William Ruthven SC,298922.4
T20250017760,2025-04-07,12:00:00,6,Vehicle overturned (no collision),6,Friday,184,OUT OF CONTROL ON CARRIAGEWAY (ON BEND),1,821027,1,0,1,0,0,1,1,5,Not at intersection,2,60,Arterial Other,YARRA RANGES,-37.878094,145.39197,3788.0,True,Reservoir HS,36256.1
T20220004572,2022-01-03,17:10:00,1,Collision with vehicle,2,Tuesday,160,VEHICLE COLLIDES WITH VEHICLE PARKED ON LEFT OF ROAD,1,779978,2,0,0,1,0,1,1,5,Not at intersection,3,40,Local Road,YARRA,-37.801937,144.98119,3065.0,True,Preston HS,7074.6
T20240012019,2024-10-05,17:41:00,2,Struck Pedestrian,5,Friday,100,PED NEAR SIDE. PED HIT BY VEHICLE FROM THE RIGHT.,3,38895,1,0,0,1,1,2,1,2,T intersection,3,60,Arterial Other,BOROONDARA,-37.792965,145.03152,3101.0,True,Preston HS,6091.2
T20240031753,2024-06-12,10:00:00,4,Collision with a fixed object,6,Friday,181,OFF RIGHT BEND INTO OBJECT/PARKED VEHICLE,1,814903,1,0,0,1,0,1,1,5,Not at intersection,3,100,Arterial Other,TOWONG,-36.12763,147.32321,3701.0,True,William Ruthven SC,270144.5
T20220022903,2022-10-10,17:00:00,2,Struck Pedestrian,1,Monday,106,VEH STRIKES PED ON FOOTPATH/MEDIAN/TRAFFIC ISLAND.,1,730355,1,0,0,1,1,2,2,5,Not at intersection,3,999,Local Road,MORNINGTON PENINSULA,-38.24201,145.05885,3931.0,True,Preston HS,55816.5
T20250013151,2025-04-04,19:00:00,8,No collision and no object struck,6,Friday,179,OTHER ACCIDENTS-OFF STRAIGHT NOT INCLUDED IN DCAs 170-175,9,818361,1,0,1,0,0,1,2,5,Not at intersection,2,999,Arterial Other,GEELONG,-38.243767,144.53836,3226.0,True,Preston HS,69310.3
T20210022610,2021-09-11,00:39:00,8,No collision and no object struck,3,Tuesday,174,OUT OF CONTROL ON CARRIAGEWAY (ON STRAIGHT),3,700337,1,0,1,0,0,1,1,5,Not at intersection,2,999,Arterial Highway,PORT PHILLIP,-37.84377,144.97589,3004.0,True,Preston HS,11676.3
T20230026371,2023-10-11,16:52:00,1,Collision with vehicle,6,Friday,130,REAR END(VEHICLES IN SAME LANE),1,49425,2,0,1,0,2,3,1,2,T intersection,2,60,Arterial Highway,WARRNAMBOOL,-38.38666,142.50392,3280.0,True,Preston HS,230570.5
T20230019035,2023-09-08,18:00:00,1,Collision with vehicle,4,Wednesday,130,REAR END(VEHICLES IN SAME LANE),9,778928,2,0,0,1,1,2,2,5,Not at intersection,3,60,Local Road,CASEY,-37.987858,145.2408,3177.0,True,Preston HS,34206.3
T20240003475,2024-12-02,08:50:00,1,Collision with vehicle,2,Monday,121,RIGHT THROUGH,1,698211,2,0,1,0,1,2,1,5,Not at intersection,2,60,Arterial Other,BRIMBANK,-37.772102,144.82964,3020.0,True,Preston HS,15963.0
T20250005585,2025-01-03,19:35:00,2,Struck Pedestrian,7,Saturday,100,PED NEAR SIDE. PED HIT BY VEHICLE FROM THE RIGHT.,1,132125,1,0,0,2,0,2,1,5,Not at intersection,3,40,Local Road,STONNINGTON,-37.84803,144.99394,3181.0,True,Preston HS,11879.8
T20230005412,2023-08-01,16:00:00,2,Struck Pedestrian,1,Sunday,100,PED NEAR SIDE. PED HIT BY VEHICLE FROM THE RIGHT.,1,788442,1,0,0,1,1,2,2,5,Not at intersection,3,40,Local Road,BASS COAST,-38.63518,145.73111,3996.0,True,Preston HS,117788.6
T20220005492,2022-09-03,19:50:00,1,Collision with vehicle,4,Wednesday,147,VEHICLE STRIKES ANOTHER VEH WHILE EMERGING FROM DRIVEWAY,2,709553,2,0,0,1,1,2,2,5,Not at intersection,3,50,Local Road,BENALLA,-36.55015,145.98546,3672.0,True,William Ruthven SC,154389.0
T20210003600,2021-12-02,10:50:00,1,Collision with vehicle,6,Friday,137,LEFT TURN SIDESWIPE,1,677502,2,0,1,0,1,2,2,5,Not at intersection,2,60,Local Road,PORT PHILLIP,-37.834072,144.94026,3207.0,True,Preston HS,11832.1
T20220022952,2022-04-10,12:10:00,2,Struck Pedestrian,2,Tuesday,107,PED ON FOOTHPATH STRUCK BY VEHENTERING/LEAVING DRIVEWAY.,1,782912,1,0,0,3,0,3,2,5,Not at intersection,3,40,Arterial Other,YARRA,-37.8116,145.01143,3121.0,True,Preston HS,7781.8
T20210010279,2021-07-05,16:30:00,2,Struck Pedestrian,6,Friday,100,PED NEAR SIDE. PED HIT BY VEHICLE FROM THE RIGHT.,1,44939,1,0,1,0,1,2,1,1,Cross intersection,2,60,Arterial Other,BRIMBANK,-37.744232,144.79994,3021.0,True,Preston HS,18217.5
T20240029779,2024-07-11,05:35:00,1,Collision with vehicle,4,Thursday,113,RIGHT NEAR (INTERSECTIONS ONLY),2,233297,2,0,0,1,1,2,1,4,Multiple intersection,3,60,Freeway,MELTON,-37.742485,144.70091,3336.0,True,Preston HS,26923.4
T20250009860,2025-12-04,08:33:00,2,Struck Pedestrian,7,Saturday,103,PED PLAYING/LYING/WORKING/STANDING ON CARRIAGEWAY.,1,817323,2,0,1,1,1,3,1,5,Not at intersection,2,60,Arterial Highway,BENDIGO,-36.718468,144.25342,3556.0,True,William Ruthven SC,127414.2
T20220008148,2022-11-04,19:20:00,1,Collision with vehicle,2,Monday,113,RIGHT NEAR (INTERSECTIONS ONLY),5,44183,2,0,1,0,1,2,1,2,T intersection,2,80,Local Road,MORNINGTON PENINSULA,-38.396545,144.92213,3939.0,True,Preston HS,73194.4
T20220000699,2022-12-01,16:52:00,2,Struck Pedestrian,4,Wednesday,100,PED NEAR SIDE. PED HIT BY VEHICLE FROM THE RIGHT.,1,701882,1,1,0,0,1,2,1,2,T intersection,1,60,Local Road,WHITEHORSE,-37.81036,145.1517,3130.0,True,Reservoir HS,14533.8
T20240020938,2024-09-08,09:05:00,1,Collision with vehicle,6,Friday,116,LEFT NEAR (INTERSECTIONS ONLY),1,60119,2,0,0,1,1,2,1,2,T intersection,3,60,Arterial Highway,MOUNT ALEXANDER,-37.07291,144.20695,3450.0,True,William Ruthven SC,98768.1
T20220010681,2022-11-05,20:50:00,8,No collision and no object struck,3,Wednesday,179,OTHER ACCIDENTS-OFF STRAIGHT NOT INCLUDED IN DCAs 170-175,3,717487,1,0,0,1,0,1,1,5,Not at intersection,3,80,Arterial Highway,MARIBYRNONG,-37.812206,144.8656,3013.0,True,Preston HS,14701.2
T20230008288,2023-08-04,11:40:00,1,Collision with vehicle,7,Saturday,130,REAR END(VEHICLES IN SAME LANE),1,58615,2,0,0,1,1,2,1,2,T intersection,3,60,Local Road,WODONGA,-36.125298,146.85881,3690.0,True,William Ruthven SC,240299.3
T20220026267,2022-11-11,13:20:00,2,Struck Pedestrian,6,Friday,102,FAR SIDE. PED HIT BY VEHICLE FROM THE LEFT,1,67764,1,0,0,1,1,2,2,2,T intersection,3,50,Local Road,PORT PHILLIP,-37.864277,144.97878,3182.0,True,Preston HS,13855.2
T20250009645,2025-10-04,09:45:00,1,Collision with vehicle,5,Thursday,137,LEFT TURN SIDESWIPE,1,42734,2,0,0,1,1,2,1,1,Cross intersection,3,40,Local Road,KINGSTON,-37.96618,145.05556,3192.0,True,Preston HS,25321.0
T20230026342,2023-05-11,13:00:00,6,Vehicle overturned (no collision),1,Sunday,180,OFF CARRIAGEWAY ON RIGHT BEND,1,787611,1,0,1,0,0,1,2,5,Not at intersection,2,888,,MOORABOOL,-37.47708,144.32547,3458.0,True,William Ruthven SC,64493.9