ACCIDENT_NO,ACCIDENT_DATE,ACCIDENT_TIME,ACCIDENT_TYPE,ACCIDENT_TYPE_DESC,DAY_OF_WEEK,DAY_WEEK_DESC,DCA_CODE,DCA_DESC,LIGHT_CONDITION,NODE_ID,NO_OF_VEHICLES,NO_PERSONS_KILLED,NO_PERSONS_INJ_2,NO_PERSONS_INJ_3,NO_PERSONS_NOT_INJ,NO_PERSONS,POLICE_ATTEND,ROAD_GEOMETRY,ROAD_GEOMETRY_DESC,SEVERITY,SPEED_ZONE,RMA,LGA_NAME,LATITUDE,LONGITUDE,POSTCODE_CRASH,PED_OR_CYC,nearest_school,dist_to_gate_m
T20220019739,2022-01-09,12:45:00,2,Struck Pedestrian,5,Thursday,102,FAR SIDE. PED HIT BY VEHICLE FROM THE LEFT,1,727275,1,0,1,0,1,2,1,5,Not at intersection,2,50,Arterial Highway,CORANGAMITE,-38.23254,143.14677,3260.0,True,Preston HS,171925.1
T20210002926,2021-08-02,15:20:00,1,Collision with vehicle,2,Monday,142,LEAVING PARKING,1,36742,2,0,0,1,1,2,2,2,T intersection,3,40,Local Road,YARRA,-37.80551,144.99802,3067.0,True,Preston HS,7140.1
T20240000121,2024-03-01,08:13:00,2,Struck Pedestrian,3,Wednesday,108,PED STRUCK WALKING TO/FROM OR BOARDING/ALIGHTING VEHICLE.,1,794970,2,0,0,1,2,3,1,5,Not at intersection,3,40,Arterial Other,MELBOURNE,-37.79937,144.95499,3052.0,True,Preston HS,7880.4
T20230006384,2023-11-03,15:00:00,6,Vehicle overturned (no collision),7,Saturday,174,OUT OF CONTROL ON CARRIAGEWAY (ON STRAIGHT),1,38708,1,0,0,1,0,1,2,2,T intersection,3,999,Arterial Other,MARIBYRNONG,-37.78742,144.89021,3011.0,True,Preston HS,11463.9
T20230013909,2023-12-06,17:30:00,6,Vehicle overturned (no collision),1,Monday,151,OUT OF CONTROL (OVERTAKING),2,776014,1,0,0,1,0,1,2,5,Not at intersection,3,100,Freeway,FRANKSTON,-38.101,145.14177,3198.0,True,Preston HS,41662.1
T20220006017,2022-12-03,09:30:00,8,No collision and no object struck,7,Saturday,184,OUT OF CONTROL ON CARRIAGEWAY (ON BEND),1,707372,1,0,0,1,0,1,2,5,Not at intersection,3,999,,MANSFIELD,-37.135536,145.97276,3713.0,True,Reservoir HS,105815.6
T20220010555,2022-10-05,15:10:00,1,Collision with vehicle,3,Tuesday,135,LANE CHANGE LEFT (NOT OVERTAKING),1,715092,2,0,1,0,1,2,1,5,Not at intersection,2,80,Arterial Highway,WHITEHORSE,-37.851467,145.14395,3151.0,True,Preston HS,17133.6
T20250015114,2025-05-06,19:00:00,1,Collision with vehicle,5,Thursday,113,RIGHT NEAR (INTERSECTIONS ONLY),3,720553,2,0,1,0,2,3,1,1,Cross intersection,2,60,Local Road,CASEY,-38.10229,145.3194,3977.0,True,Preston HS,48560.0
T20210017514,2021-12-08,15:40:00,1,Collision with vehicle,5,Thursday,163,VEHICLE STRIKES DOOR OF PARKED/STATIONARY VEHICLE,9,781233,2,0,0,1,1,2,2,5,Not at intersection,3,999,Arterial Other,MELBOURNE,-37.837856,144.97638,3004.0,True,Preston HS,11027.6
T20210002904,2021-08-02,14:15:00,1,Collision with vehicle,2,Monday,120,HEAD ON (NOT OVERTAKING),1,675945,2,0,0,1,1,2,1,5,Not at intersection,3,50,Local Road,WYNDHAM,-37.90885,144.73067,3030.0,True,Preston HS,30576.5
T20240000258,2024-04-01,16:34:00,1,Collision with vehicle,5,Thursday,148,VEHICLE OFF FOOTPATH STRIKES VEH ON CARRIAGEWAY,1,806200,2,0,1,0,1,2,1,5,Not at intersection,2,80,Arterial Other,BRIMBANK,-37.70365,144.80148,3038.0,True,William Ruthven SC,17746.5
T20240005609,2024-05-03,13:03:00,1,Collision with vehicle,3,Tuesday,163,VEHICLE STRIKES DOOR OF PARKED/STATIONARY VEHICLE,1,799343,2,0,0,1,1,2,1,5,Not at intersection,3,40,Local Road,STONNINGTON,-37.856453,144.9925,3181.0,True,Preston HS,12824.3
T20240005582,2023-04-11,10:00:00,8,No collision and no object struck,6,Saturday,149,OTHER MANOEUVRING NOT INCLUDED IN DCAs 140-148,1,804422,1,0,0,1,0,1,2,5,Not at intersection,3,999,Local Road,CAMPASPE,-36.001606,144.54002,3562.0,True,William Ruthven SC,192916.9
T20240031758,2024-01-12,13:45:00,1,Collision with vehicle,1,Sunday,163,VEHICLE STRIKES DOOR OF PARKED/STATIONARY VEHICLE,1,813622,2,0,1,0,1,2,2,5,Not at intersection,2,40,Local Road,MELBOURNE,-37.8229,144.96971,3006.0,True,Preston HS,9608.4
T20220014804,2022-02-07,10:34:00,1,Collision with vehicle,6,Saturday,163,VEHICLE STRIKES DOOR OF PARKED/STATIONARY VEHICLE,1,779511,3,0,0,1,2,3,1,5,Not at intersection,3,60,Arterial Other,STONNINGTON,-37.853165,145.04167,3144.0,True,Preston HS,12761.1
T20220022663,2022-07-10,15:00:00,2,Struck Pedestrian,6,Friday,101,PED EMERGES FROM IN FRONT OF PARKED OR STATIONARY VEHICLE,1,734284,1,0,0,1,2,3,2,2,T intersection,3,60,Arterial Other,MORELAND,-37.73344,144.95946,3058.0,True,Preston HS,4288.7
T20250012346,2025-09-05,09:38:00,2,Struck Pedestrian,5,Friday,108,PED STRUCK WALKING TO/FROM OR BOARDING/ALIGHTING VEHICLE.,1,818236,2,0,0,1,2,3,1,5,Not at intersection,3,60,Arterial Other,BOROONDARA,-37.809067,145.04977,3101.0,True,Preston HS,8377.2
T20210017075,2021-06-08,06:10:00,2,Struck Pedestrian,6,Friday,100,PED NEAR SIDE. PED HIT BY VEHICLE FROM THE RIGHT.,3,693878,1,0,1,0,1,2,1,5,Not at intersection,2,70,Arterial Other,HUME,-37.69005,144.96198,3060.0,True,William Ruthven SC,3679.8
T20240003205,2024-09-02,08:36:00,2,Struck Pedestrian,6,Friday,108,PED STRUCK WALKING TO/FROM OR BOARDING/ALIGHTING VEHICLE.,1,804476,1,0,0,1,1,2,1,5,Not at intersection,3,40,Local Road,MELTON,-37.7247,144.75975,3037.0,True,William Ruthven SC,21625.1
T20240019941,2024-06-08,05:45:00,6,Vehicle overturned (no collision),3,Tuesday,174,OUT OF CONTROL ON CARRIAGEWAY (ON STRAIGHT),3,43940,1,0,1,0,0,1,1,1,Cross intersection,2,100,Arterial Highway,FRANKSTON,-38.18493,145.21873,3911.0,True,Preston HS,52661.3
T20220015152,2022-06-07,15:58:00,2,Struck Pedestrian,3,Wednesday,104,PED WALKING WITH TRAFFIC,1,782226,1,0,0,1,0,1,1,5,Not at intersection,3,999,Local Road,MONASH,-37.92716,145.12338,3168.0,True,Preston HS,23012.1
T20230010389,2023-03-05,20:10:00,1,Collision with vehicle,3,Wednesday,110,CROSS TRAFFIC(INTERSECTIONS ONLY),3,787784,2,0,0,1,1,2,1,1,Cross intersection,3,50,Local Road,DAREBIN,-37.775406,145.02396,3078.0,True,Preston HS,4030.4
T20240011655,2024-11-03,04:15:00,2,Struck Pedestrian,1,Monday,102,FAR SIDE. PED HIT BY VEHICLE FROM THE LEFT,5,803192,1,0,0,1,1,2,2,2,T intersection,3,50,Local Road,WYNDHAM,-37.83981,144.72673,3029.0,True,Preston HS,26944.0
T20220005482,2022-11-03,08:47:00,1,Collision with vehicle,6,Friday,137,LEFT TURN SIDESWIPE,1,706862,2,0,1,0,1,2,1,5,Not at intersection,2,60,Arterial Other,STONNINGTON,-37.84198,145.01646,3142.0,True,Preston HS,11180.9
T20230026253,2023-09-11,09:00:00,1,Collision with vehicle,4,Thursday,116,LEFT NEAR (INTERSECTIONS ONLY),1,66797,2,0,0,1,1,2,2,2,T intersection,3,40,Arterial Other,STONNINGTON,-37.838505,144.99582,3141.0,True,Preston HS,10809.8
T20240005981,2024-09-03,07:51:00,1,Collision with vehicle,7,Saturday,133,LANE SIDE SWIPE (VEHICLES IN PARALLEL LANES),1,799734,2,0,1,0,1,2,1,5,Not at intersection,2,60,Arterial Highway,MORNINGTON PENINSULA,-38.36268,144.78702,3942.0,True,Preston HS,71688.3
T20250021279,2025-11-08,17:29:00,1,Collision with vehicle,2,Monday,121,RIGHT THROUGH,2,45835,2,0,1,0,1,2,1,1,Cross intersection,2,60,Arterial Other,MELBOURNE,-37.807133,144.96735,3053.0,True,Preston HS,8071.1
T20250003861,2025-11-02,08:17:00,2,Struck Pedestrian,3,Tuesday,108,PED STRUCK WALKING TO/FROM OR BOARDING/ALIGHTING VEHICLE.,1,815055,1,0,0,1,1,2,2,5,Not at intersection,3,60,Local Road,CASEY,-38.05003,145.35951,3806.0,True,Preston HS,46169.9
T20230020605,2023-03-09,13:10:00,4,Collision with a fixed object,1,Sunday,171,LEFT OFF CARRIAGEWAY INTO OBJECT/PARKED VEHICLE,1,789698,1,0,0,1,0,1,1,5,Not at intersection,3,100,Arterial Other,MURRINDINDI,-37.48248,145.75302,3779.0,True,Reservoir HS,69104.7
T20220021102,2022-04-09,20:05:00,2,Struck Pedestrian,0,Sunday,102,FAR SIDE. PED HIT BY VEHICLE FROM THE LEFT,3,732817,1,0,1,0,1,2,1,1,Cross intersection,2,50,Local Road,GLEN EIRA,-37.87156,145.01492,3161.0,True,Preston HS,14456.1
T20240026584,2024-02-10,20:45:00,6,Vehicle overturned (no collision),4,Wednesday,174,OUT OF CONTROL ON CARRIAGEWAY (ON STRAIGHT),6,70732,1,0,0,1,0,1,2,1,Cross intersection,3,50,Local Road,CASEY,-37.990963,145.24486,3177.0,True,Preston HS,34696.1
T20240014310,2024-04-06,13:20:00,2,Struck Pedestrian,3,Tuesday,106,VEH STRIKES PED ON FOOTPATH/MEDIAN/TRAFFIC ISLAND.,1,804853,1,0,0,1,1,2,2,5,Not at intersection,3,60,Local Road,DAREBIN,-37.71546,144.99802,3073.0,True,William Ruthven SC,2148.8
T20240022549,2024-04-09,22:09:00,1,Collision with vehicle,3,Wednesday,121,RIGHT THROUGH,3,42418,2,0,0,1,1,2,1,2,T intersection,3,999,Local Road,MONASH,-37.92844,145.12604,3168.0,True,Preston HS,23243.7
T20210000534,2021-09-01,12:10:00,1,Collision with vehicle,7,Saturday,148,VEHICLE OFF FOOTPATH STRIKES VEH ON CARRIAGEWAY,1,673934,2,0,0,1,2,3,1,5,Not at intersection,3,50,Local Road,MORNINGTON PENINSULA,-38.37039,144.77344,3942.0,True,Preston HS,72839.1
T20240019594,2024-01-08,08:35:00,1,Collision with vehicle,4,Thursday,121,RIGHT THROUGH,1,621118,2,0,0,1,1,2,2,1,Cross intersection,3,70,Arterial Other,KINGSTON,-37.935852,145.05626,3189.0,True,Preston HS,22016.1
T20230018702,2023-11-08,10:50:00,1,Collision with vehicle,6,Friday,130,REAR END(VEHICLES IN SAME LANE),1,779130,2,0,1,0,1,2,1,5,Not at intersection,2,60,Arterial Other,MOONEE VALLEY,-37.746937,144.91164,3040.0,True,Preston HS,8413.7
T20210023958,2021-08-11,09:30:00,8,No collision and no object struck,1,Monday,174,OUT OF CONTROL ON CARRIAGEWAY (ON STRAIGHT),1,42451,1,0,0,1,0,1,2,2,T intersection,3,70,Arterial Highway,MONASH,-37.92176,145.13911,3168.0,True,Preston HS,23136.2
T20240002658,2024-02-02,15:10:00,1,Collision with vehicle,6,Friday,148,VEHICLE OFF FOOTPATH STRIKES VEH ON CARRIAGEWAY,1,797351,2,0,1,0,1,2,1,2,T intersection,2,60,Arterial Other,GEELONG,-38.0889,144.37349,3214.0,True,Preston HS,67674.9
T20230011308,2023-11-05,17:30:00,1,Collision with vehicle,4,Thursday,163,VEHICLE STRIKES DOOR OF PARKED/STATIONARY VEHICLE,2,774013,2,0,0,1,2,3,2,5,Not at intersection,3,40,Local Road,STONNINGTON,-37.84864,144.99385,3181.0,True,Preston HS,11948.0
T20240023050,2024-10-09,07:30:00,1,Collision with vehicle,3,Tuesday,121,RIGHT THROUGH,1,809976,2,0,1,0,1,2,2,1,Cross intersection,2,80,Arterial Other,DANDENONG,-38.01091,145.18213,3173.0,True,Preston HS,33646.6
T20220002763,2022-08-02,21:10:00,5,collision with some other object,3,Tuesday,166,STRUCK OBJECT ON CARRIAGEWAY,3,704406,1,0,1,0,0,1,1,2,T intersection,2,80,Arterial Highway,KNOX,-37.885983,145.28412,3156.0,True,Reservoir HS,28838.7
T20230015612,2023-05-07,21:40:00,2,Struck Pedestrian,4,Wednesday,103,PED PLAYING/LYING/WORKING/STANDING ON CARRIAGEWAY.,6,777015,1,0,1,0,1,2,1,6,Dead end,2,60,Local Road,DANDENONG,-37.963615,145.1636,3174.0,True,Preston HS,28243.5
T20210022505,2021-07-11,13:00:00,1,Collision with vehicle,1,Sunday,120,HEAD ON (NOT OVERTAKING),1,698162,2,0,1,0,1,2,1,5,Not at intersection,2,80,Arterial Highway,COLAC OTWAY,-38.587143,143.93387,3234.0,True,Preston HS,132818.9
T20230018123,2023-03-08,15:17:00,1,Collision with vehicle,4,Thursday,121,RIGHT THROUGH,1,804945,2,0,0,1,1,2,1,1,Cross intersection,3,80,Arterial Other,MELTON,-37.762012,144.75429,3023.0,True,Preston HS,22341.1
T20210003256,2021-06-02,15:00:00,6,Vehicle overturned (no collision),6,Saturday,184,OUT OF CONTROL ON CARRIAGEWAY (ON BEND),1,675465,1,0,1,0,0,1,2,5,Not at intersection,2,80,Arterial Other,SURF COAST,-38.501488,143.95937,3232.0,True,Preston HS,124649.1
T20250012806,2025-09-05,14:20:00,7,Fall from or in moving vehicle,5,Friday,190,FELL IN/FROM VEHICLE,1,819182,1,0,0,1,1,2,2,5,Not at intersection,3,999,Local Road,MOONEE VALLEY,-37.764957,144.9195,3039.0,True,Preston HS,8124.1
T20230008029,2023-02-04,17:30:00,6,Vehicle overturned (no collision),0,Sunday,174,OUT OF CONTROL ON CARRIAGEWAY (ON STRAIGHT),2,769032,1,0,0,1,0,1,2,1,Cross intersection,3,80,Arterial Highway,WHITEHORSE,-37.856525,145.1836,3133.0,True,Preston HS,20087.5
T20220012584,2022-03-06,14:35:00,1,Collision with vehicle,6,Friday,110,CROSS TRAFFIC(INTERSECTIONS ONLY),1,719389,3,0,1,0,2,3,1,1,Cross intersection,2,60,Arterial Highway,PORT PHILLIP,-37.83522,144.9711,3004.0,True,Preston HS,10869.5
T20250005716,2025-02-03,10:30:00,6,Vehicle overturned (no collision),1,Sunday,184,OUT OF CONTROL ON CARRIAGEWAY (ON BEND),1,815843,1,0,0,1,0,1,2,5,Not at intersection,3,100,Arterial Other,MANSFIELD,-36.933422,146.21701,3723.0,True,Reservoir HS,136831.0
T20240014258,2024-04-06,08:35:00,1,Collision with vehicle,3,Tuesday,163,VEHICLE STRIKES DOOR OF PARKED/STATIONARY VEHICLE,1,804735,2,0,0,1,1,2,2,5,Not at intersection,3,40,Local Road,BAYSIDE,-37.919666,144.9948,3186.0,True,Preston HS,19818.4
T20250020496,2025-03-08,13:20:00,2,Struck Pedestrian,0,Sunday,105,PED WALKING AGAINST TRAFFIC.,1,40593,1,0,0,1,2,3,1,2,T intersection,3,60,Arterial Highway,BOROONDARA,-37.870617,145.09206,3147.0,True,Preston HS,16161.7
T20250006682,2025-11-03,21:59:00,1,Collision with vehicle,2,Tuesday,110,CROSS TRAFFIC(INTERSECTIONS ONLY),3,825215,2,0,1,0,1,2,1,1,Cross intersection,2,999,Arterial Other,FRANKSTON,-38.15641,145.17061,3910.0,True,Preston HS,48291.0
T20230022987,2023-01-10,16:45:00,2,Struck Pedestrian,1,Sunday,194,PARKED CAR RUN AWAY,1,781984,1,1,0,0,0,1,1,5,Not at intersection,1,100,,MANSFIELD,-36.924587,146.14545,3723.0,True,William Ruthven SC,132576.2
T20210003006,2021-10-01,17:30:00,6,Vehicle overturned (no collision),1,Sunday,174,OUT OF CONTROL ON CARRIAGEWAY (ON STRAIGHT),9,675459,1,0,1,0,0,1,2,5,Not at intersection,2,50,Local Road,WHITTLESEA,-37.62208,144.99399,3076.0,True,William Ruthven SC,8317.4
T20230020968,2023-07-09,15:32:00,1,Collision with vehicle,5,Thursday,148,VEHICLE OFF FOOTPATH STRIKES VEH ON CARRIAGEWAY,1,805289,2,0,0,1,1,2,1,5,Not at intersection,3,50,Local Road,MELTON,-37.748524,144.73283,3023.0,True,Preston HS,24127.5
T20250000825,2025-02-01,15:45:00,6,Vehicle overturned (no collision),5,Thursday,184,OUT OF CONTROL ON CARRIAGEWAY (ON BEND),1,813644,1,0,0,1,0,1,2,5,Not at intersection,3,999,Local Road,WELLINGTON,-37.4432,147.03886,3862.0,True,Reservoir HS,179768.7
T20230029198,2023-10-12,08:00:00,2,Struck Pedestrian,1,Sunday,100,PED NEAR SIDE. PED HIT BY VEHICLE FROM THE RIGHT.,1,795552,1,0,1,0,1,2,1,5,Not at intersection,2,888,Local Road,MONASH,-37.90002,145.09212,3166.0,True,Preston HS,19122.8
T20240027948,2024-03-11,17:58:00,1,Collision with vehicle,1,Sunday,130,REAR END(VEHICLES IN SAME LANE),1,814171,2,0,1,0,1,2,1,3,Y intersection,2,60,Arterial Other,PORT PHILLIP,-37.855663,144.96454,3206.0,True,Preston HS,13212.3
T20230020414,2023-01-09,09:15:00,1,Collision with vehicle,6,Friday,160,VEHICLE COLLIDES WITH VEHICLE PARKED ON LEFT OF ROAD,1,780006,2,0,0,1,1,2,1,5,Not at intersection,3,40,Local Road,BENDIGO,-36.75936,144.28305,3550.0,True,William Ruthven SC,122157.1
T20220020772,2022-04-09,12:00:00,8,No collision and no object struck,0,Sunday,199,UNKNOWN-NO DETAILS ON MANOEUVRES OF ROAD-USERS IN ACCIDENT,1,782649,1,0,0,1,0,1,2,5,Not at intersection,3,888,Local Road,MANSFIELD,-37.174583,146.05368,3723.0,True,Reservoir HS,109024.3
T20230016893,2023-01-07,19:32:00,1,Collision with vehicle,6,Saturday,163,VEHICLE STRIKES DOOR OF PARKED/STATIONARY VEHICLE,3,779424,2,0,0,1,1,2,2,5,Not at intersection,3,60,Arterial Other,PORT PHILLIP,-37.834618,144.94728,3207.0,True,Preston HS,11592.4
T20240017416,2024-10-07,12:16:00,2,Struck Pedestrian,4,Wednesday,100,PED NEAR SIDE. PED HIT BY VEHICLE FROM THE RIGHT.,1,354208,1,0,1,0,1,2,1,1,Cross intersection,2,50,Arterial Highway,DANDENONG,-37.985607,145.22076,3175.0,True,Preston HS,32975.1
T20250000915,2025-12-01,10:57:00,1,Collision with vehicle,1,Sunday,120,HEAD ON (NOT OVERTAKING),1,813635,2,0,1,0,2,3,1,5,Not at intersection,2,60,Arterial Highway,SURF COAST,-38.485905,144.0289,3231.0,True,Preston HS,119043.5
T20250005795,2025-03-03,16:07:00,1,Collision with vehicle,2,Monday,133,LANE SIDE SWIPE (VEHICLES IN PARALLEL LANES),1,815847,2,0,0,1,1,2,1,5,Not at intersection,3,60,Local Road,GLEN EIRA,-37.870525,145.00864,3183.0,True,Preston HS,14325.3
T20250012802,2025-11-05,10:00:00,1,Collision with vehicle,1,Sunday,124,RIGHT/RIGHT BOTH VEHs FROM OPPOSITE DIRECTIONS TURNING RIGHT,1,36128,2,0,1,0,1,2,2,1,Cross intersection,2,999,Local Road,MELBOURNE,-37.80529,144.95073,3051.0,True,Preston HS,8633.9
T20240000359,2024-05-01,20:27:00,6,Vehicle overturned (no collision),6,Friday,174,OUT OF CONTROL ON CARRIAGEWAY (ON STRAIGHT),2,281411,1,0,1,0,0,1,1,2,T intersection,2,60,Local Road,MOONEE VALLEY,-37.78843,144.93318,3031.0,True,Preston HS,8319.9
T20250000730,2025-06-01,21:15:00,8,No collision and no object struck,2,Monday,174,OUT OF CONTROL ON CARRIAGEWAY (ON STRAIGHT),5,813832,1,0,1,0,0,1,2,5,Not at intersection,2,50,Local Road,MURRINDINDI,-37.51333,145.35294,3763.0,True,Reservoir HS,36776.3
T20240009038,2024-08-04,11:17:00,2,Struck Pedestrian,2,Monday,104,PED WALKING WITH TRAFFIC,1,801363,1,0,0,1,1,2,2,5,Not at intersection,3,777,Local Road,SURF COAST,-38.46743,144.10492,3231.0,True,Preston HS,112885.4
T20230016033,2023-11-07,07:30:00,6,Vehicle overturned (no collision),3,Tuesday,174,OUT OF CONTROL ON CARRIAGEWAY (ON STRAIGHT),2,777479,1,0,0,1,0,1,2,5,Not at intersection,3,100,,GEELONG,-38.21145,144.24803,3216.0,True,Preston HS,84586.8
T20210003064,2021-10-02,10:45:00,6,Vehicle overturned (no collision),4,Wednesday,182,OFF CARRIAGEWAY ON LEFT BEND,1,675462,1,0,0,1,0,1,2,5,Not at intersection,3,100,,WANGARATTA,-36.81625,146.59937,3678.0,True,Reservoir HS,171612.7
T20210005587,2021-12-03,05:15:00,2,Struck Pedestrian,5,Friday,102,FAR SIDE. PED HIT BY VEHICLE FROM THE LEFT,1,653832,1,0,0,1,1,2,2,5,Not at intersection,3,40,Local Road,YARRA,-37.78349,144.98553,3068.0,True,Preston HS,5018.8
T20240022367,2024-02-09,15:56:00,6,Vehicle overturned (no collision),1,Monday,174,OUT OF CONTROL ON CARRIAGEWAY (ON STRAIGHT),1,808109,1,0,0,1,0,1,1,5,Not at intersection,3,110,Freeway,MELTON,-37.70327,144.62202,3335.0,True,William Ruthven SC,33526.1
T20230024748,2023-06-08,14:00:00,2,Struck Pedestrian,1,Sunday,100,PED NEAR SIDE. PED HIT BY VEHICLE FROM THE RIGHT.,9,44030,1,0,0,1,1,2,2,2,T intersection,3,999,Local Road,MORNINGTON PENINSULA,-38.307716,145.1851,3915.0,True,Preston HS,64840.6
T20220003067,2022-12-02,13:35:00,1,Collision with vehicle,6,Saturday,132,RIGHT REAR.,1,4235,2,0,0,1,1,2,2,4,Multiple intersection,3,60,Arterial Other,MOONEE VALLEY,-37.74442,144.90999,3041.0,True,Preston HS,8544.1
T20230020752,2023-05-09,09:40:00,1,Collision with vehicle,3,Tuesday,110,CROSS TRAFFIC(INTERSECTIONS ONLY),1,38167,2,0,1,0,1,2,1,1,Cross intersection,2,60,Arterial Other,BANYULE,-37.74272,145.05386,3081.0,True,Reservoir HS,3119.7
T20250000358,2025-05-01,19:14:00,1,Collision with vehicle,1,Sunday,130,REAR END(VEHICLES IN SAME LANE),1,815965,2,0,1,0,2,3,1,5,Not at intersection,2,50,Arterial Other,MITCHELL,-37.203762,145.04877,3658.0,True,William Ruthven SC,54943.2
T20230018040,2023-02-08,18:15:00,1,Collision with vehicle,4,Wednesday,113,RIGHT NEAR (INTERSECTIONS ONLY),3,775152,2,1,0,0,1,2,1,2,T intersection,1,80,Arterial Other,MONASH,-37.90466,145.17114,3150.0,True,Preston HS,23150.4
T20210022803,2021-11-11,08:31:00,1,Collision with vehicle,5,Thursday,154,PULLING OUT -REAR END,1,734302,2,1,0,0,2,3,1,5,Not at intersection,1,100,Freeway,MELTON,-37.791206,144.74944,3023.0,True,Preston HS,23308.0
T20230008606,2023-12-04,16:10:00,2,Struck Pedestrian,4,Wednesday,109,ANY MANOEUVRE INVOLVING PED NOT INCLUDED IN DCAs 100-108.,1,62109,1,0,0,1,1,2,1,1,Cross intersection,3,50,Local Road,DAREBIN,-37.70497,145.02826,3073.0,True,Reservoir HS,1940.7
T20230007801,2023-03-04,03:10:00,1,Collision with vehicle,2,Monday,130,REAR END(VEHICLES IN SAME LANE),3,775612,3,0,0,1,1,2,1,5,Not at intersection,3,60,Arterial Other,YARRA,-37.78885,144.98007,3068.0,True,Preston HS,5756.1
T20220005216,2022-03-03,13:10:00,1,Collision with vehicle,5,Thursday,137,LEFT TURN SIDESWIPE,1,709609,3,0,0,1,1,2,1,2,T intersection,3,40,Local Road,PORT PHILLIP,-37.832336,144.95853,3205.0,True,Preston HS,10944.8
T20230025950,2023-06-11,08:32:00,1,Collision with vehicle,2,Monday,133,LANE SIDE SWIPE (VEHICLES IN PARALLEL LANES),1,29418,2,0,1,0,1,2,1,1,Cross intersection,2,40,Local Road,MELBOURNE,-37.813004,144.9598,3000.0,True,Preston HS,8952.4
T20240031276,2024-06-12,14:00:00,2,Struck Pedestrian,6,Friday,106,VEH STRIKES PED ON FOOTPATH/MEDIAN/TRAFFIC ISLAND.,1,814224,1,0,0,1,1,2,2,5,Not at intersection,3,999,Local Road,BALLARAT,-37.542526,143.86787,3350.0,True,William Ruthven SC,101431.7
T20250015037,2025-03-06,15:30:00,2,Struck Pedestrian,2,Tuesday,102,FAR SIDE. PED HIT BY VEHICLE FROM THE LEFT,1,821014,1,0,0,1,1,2,2,5,Not at intersection,3,50,Local Road,MOIRA,-35.91897,145.65112,3644.0,True,William Ruthven SC,205905.3
T20240031732,2024-02-11,09:30:00,5,collision with some other object,6,Saturday,166,STRUCK OBJECT ON CARRIAGEWAY,1,812699,1,0,0,1,0,1,2,5,Not at intersection,3,999,Local Road,TOWONG,-36.32436,147.53162,3691.0,True,Reservoir HS,271113.7
T20220008459,2022-10-04,11:00:00,1,Collision with vehicle,1,Sunday,139,OTHER SAME DIRECTION-MANOUEVRES NOT INCLUDED IN DCAs 130-137,1,713142,2,0,0,1,1,2,2,5,Not at intersection,3,80,Local Road,NILLUMBIK,-37.627487,145.16736,3091.0,True,Reservoir HS,16087.5
T20230020455,2023-01-09,16:10:00,1,Collision with vehicle,6,Friday,111,RIGHT FAR (INTERSECTIONS ONLY),1,46493,2,0,0,1,1,2,1,2,T intersection,3,40,Local Road,FRANKSTON,-38.154163,145.14798,3199.0,True,Preston HS,47498.2
T20250001027,2025-06-01,13:00:00,8,No collision and no object struck,2,Monday,184,OUT OF CONTROL ON CARRIAGEWAY (ON BEND),1,814066,1,0,0,1,0,1,2,5,Not at intersection,3,999,Arterial Other,EAST GIPPSLAND,-36.842484,147.5214,3898.0,True,Reservoir HS,241199.2
T20220017669,2022-07-08,15:20:00,1,Collision with vehicle,0,Sunday,160,VEHICLE COLLIDES WITH VEHICLE PARKED ON LEFT OF ROAD,1,720853,2,0,1,0,1,2,1,5,Not at intersection,2,50,Local Road,YARRA RANGES,-37.73065,145.37894,3770.0,True,Reservoir HS,30755.2
T20220027329,2022-02-12,15:40:00,2,Struck Pedestrian,6,Friday,101,PED EMERGES FROM IN FRONT OF PARKED OR STATIONARY VEHICLE,1,764221,1,0,0,1,1,2,1,5,Not at intersection,3,60,Arterial Other,BOROONDARA,-37.80404,145.09584,3104.0,True,Preston HS,10434.8
T20250009065,2025-03-04,20:08:00,2,Struck Pedestrian,5,Thursday,100,PED NEAR SIDE. PED HIT BY VEHICLE FROM THE RIGHT.,5,817090,1,0,1,0,1,2,1,5,Not at intersection,2,50,Arterial Other,YARRA RANGES,-37.872036,145.34492,3787.0,True,Reservoir HS,32332.8
T20230007950,2023-02-04,09:30:00,6,Vehicle overturned (no collision),0,Sunday,174,OUT OF CONTROL ON CARRIAGEWAY (ON STRAIGHT),1,765546,1,0,0,1,0,1,2,5,Not at intersection,3,999,Freeway,CASEY,-37.99364,145.25374,3177.0,True,Preston HS,35405.4
T20220005073,2022-06-03,22:00:00,6,Vehicle overturned (no collision),1,Sunday,174,OUT OF CONTROL ON CARRIAGEWAY (ON STRAIGHT),3,708386,1,0,0,1,0,1,1,5,Not at intersection,3,80,Arterial Other,HUME,-37.66388,144.92215,3047.0,True,William Ruthven SC,7987.5
T20220015492,2022-09-07,14:00:00,2,Struck Pedestrian,6,Saturday,100,PED NEAR SIDE. PED HIT BY VEHICLE FROM THE RIGHT.,1,812612,1,0,0,1,1,2,2,2,T intersection,3,50,Local Road,BOROONDARA,-37.82873,145.05855,3124.0,True,Preston HS,10681.4
T20240019687,2024-04-08,12:30:00,1,Collision with vehicle,0,Sunday,113,RIGHT NEAR (INTERSECTIONS ONLY),1,57599,2,0,0,1,2,3,1,2,T intersection,3,60,Arterial Other,BAYSIDE,-37.975494,145.01591,3193.0,True,Preston HS,26008.2