ACCIDENT_NO,ACCIDENT_DATE,ACCIDENT_TIME,ACCIDENT_TYPE,ACCIDENT_TYPE_DESC,DAY_OF_WEEK,DAY_WEEK_DESC,DCA_CODE,DCA_DESC,LIGHT_CONDITION,NODE_ID,NO_OF_VEHICLES,NO_PERSONS_KILLED,NO_PERSONS_INJ_2,NO_PERSONS_INJ_3,NO_PERSONS_NOT_INJ,NO_PERSONS,POLICE_ATTEND,ROAD_GEOMETRY,ROAD_GEOMETRY_DESC,SEVERITY,SPEED_ZONE,RMA,LGA_NAME,LATITUDE,LONGITUDE,POSTCODE_CRASH,PED_OR_CYC,nearest_school,dist_to_gate_m
T20210005387,2021-10-03,16:10:00,1,Collision with vehicle,3,Wednesday,148,VEHICLE OFF FOOTPATH STRIKES VEH ON CARRIAGEWAY,1,681081,2,0,0,1,1,2,1,5,Not at intersection,3,60,Arterial Other,DAREBIN,-37.712814,145.00826,3073.0,True,William Ruthven SC,1868.0
T20220013261,2022-12-05,10:55:00,8,No collision and no object struck,5,Thursday,174,OUT OF CONTROL ON CARRIAGEWAY (ON STRAIGHT),1,715048,1,0,0,1,0,1,1,5,Not at intersection,3,100,Freeway,FRANKSTON,-38.104687,145.13991,3198.0,True,Preston HS,42009.8
T20210024813,2021-05-12,05:52:00,3,Struck animal,1,Sunday,167,STRUCK ANIMAL,2,698687,1,0,0,1,0,1,1,5,Not at intersection,3,80,Arterial Highway,BALLARAT,-37.64469,143.86566,3357.0,True,William Ruthven SC,100267.3
T20220000242,2022-04-01,08:00:00,1,Collision with vehicle,3,Tuesday,137,LEFT TURN SIDESWIPE,1,72326,2,0,1,0,1,2,1,2,T intersection,2,60,Local Road,MORNINGTON PENINSULA,-38.168243,145.09671,3930.0,True,Preston HS,48075.7
T20230018406,2023-06-08,21:57:00,2,Struck Pedestrian,1,Sunday,101,PED EMERGES FROM IN FRONT OF PARKED OR STATIONARY VEHICLE,3,778403,1,0,0,1,1,2,1,5,Not at intersection,3,50,Local Road,MELBOURNE,-37.806526,144.94272,3003.0,True,Preston HS,9164.0
T20220020597,2022-12-09,08:25:00,1,Collision with vehicle,1,Monday,160,VEHICLE COLLIDES WITH VEHICLE PARKED ON LEFT OF ROAD,1,808296,2,0,1,1,0,2,1,5,Not at intersection,2,100,Arterial Other,KINGSTON,-37.970024,145.11646,3172.0,True,Preston HS,27143.3
T20210005449,2021-06-03,10:30:00,3,Struck animal,6,Saturday,167,STRUCK ANIMAL,1,677956,1,0,1,0,0,1,2,5,Not at intersection,2,999,Local Road,LATROBE,-38.076332,146.5451,3854.0,True,Reservoir HS,138690.9
T20240005969,2024-09-03,05:30:00,3,Struck animal,7,Saturday,167,STRUCK ANIMAL,5,805218,1,0,1,0,0,1,1,5,Not at intersection,2,110,Freeway,MITCHELL,-37.45488,144.97594,3753.0,True,William Ruthven SC,26976.9
T20240031523,2024-06-12,16:20:00,8,No collision and no object struck,6,Friday,184,OUT OF CONTROL ON CARRIAGEWAY (ON BEND),1,812680,1,0,0,1,0,1,2,5,Not at intersection,3,100,Local Road,MOORABOOL,-37.750175,144.28873,3340.0,True,William Ruthven SC,63103.1
T20220022362,2022-04-10,16:50:00,6,Vehicle overturned (no collision),2,Tuesday,180,OFF CARRIAGEWAY ON RIGHT BEND,1,732540,1,0,1,0,0,1,1,5,Not at intersection,2,50,,WHITEHORSE,-37.847176,145.13615,3151.0,True,Preston HS,16313.7
T20240011020,2024-01-05,19:20:00,4,Collision with a fixed object,4,Wednesday,181,OFF RIGHT BEND INTO OBJECT/PARKED VEHICLE,3,807254,1,0,1,0,0,1,1,5,Not at intersection,2,50,Local Road,WHITTLESEA,-37.542114,144.99007,3064.0,True,William Ruthven SC,17209.1
T20220019895,2022-09-08,08:45:00,1,Collision with vehicle,3,Tuesday,147,VEHICLE STRIKES ANOTHER VEH WHILE EMERGING FROM DRIVEWAY,1,782659,2,0,0,1,1,2,2,5,Not at intersection,3,50,Local Road,KINGSTON,-38.019424,145.09952,3195.0,True,Preston HS,31929.0
T20250018504,2025-11-07,15:50:00,1,Collision with vehicle,5,Friday,121,RIGHT THROUGH,1,821662,2,0,0,1,1,2,1,5,Not at intersection,3,40,Local Road,MERRI-BEK,-37.772526,144.96297,3056.0,True,Preston HS,5176.9
T20230010906,2023-03-05,18:00:00,3,Struck animal,3,Wednesday,167,STRUCK ANIMAL,1,773857,1,0,0,1,0,1,2,5,Not at intersection,3,50,Local Road,BENDIGO,-36.669415,144.26031,3556.0,True,William Ruthven SC,131805.5
T20240031201,2024-05-12,19:00:00,2,Struck Pedestrian,5,Thursday,100,PED NEAR SIDE. PED HIT BY VEHICLE FROM THE RIGHT.,1,812199,1,0,1,1,1,3,1,2,T intersection,2,999,Arterial Other,MELBOURNE,-37.8085,144.95486,3003.0,True,Preston HS,8732.3
T20220004685,2022-03-03,00:17:00,2,Struck Pedestrian,5,Thursday,107,PED ON FOOTHPATH STRUCK BY VEHENTERING/LEAVING DRIVEWAY.,4,705921,1,0,0,1,1,2,1,5,Not at intersection,3,999,Local Road,MORELAND,-37.759262,144.96269,3056.0,True,Preston HS,4365.6
T20240019945,2024-06-08,21:30:00,2,Struck Pedestrian,3,Tuesday,102,FAR SIDE. PED HIT BY VEHICLE FROM THE LEFT,3,49905,1,0,2,0,1,3,1,2,T intersection,2,50,Local Road,GEELONG,-38.14376,144.34769,3218.0,True,Preston HS,73091.3
T20230018167,2023-01-08,07:00:00,1,Collision with vehicle,3,Tuesday,116,LEFT NEAR (INTERSECTIONS ONLY),2,778676,3,0,0,1,1,2,2,2,T intersection,3,80,Arterial Other,FRANKSTON,-38.149296,145.19666,3910.0,True,Preston HS,48274.5
T20230023358,2023-06-10,15:40:00,2,Struck Pedestrian,6,Friday,100,PED NEAR SIDE. PED HIT BY VEHICLE FROM THE RIGHT.,1,68455,1,0,1,0,1,2,1,2,T intersection,2,60,Arterial Other,GLEN EIRA,-37.88348,145.02263,3162.0,True,Preston HS,15824.1
T20210015469,2021-11-07,01:40:00,2,Struck Pedestrian,1,Sunday,109,ANY MANOEUVRE INVOLVING PED NOT INCLUDED IN DCAs 100-108.,6,696208,1,0,0,2,2,4,2,5,Not at intersection,3,999,Local Road,GEELONG,-38.21986,144.33376,3217.0,True,Preston HS,79433.5
T20210002934,2021-09-02,08:20:00,1,Collision with vehicle,3,Tuesday,121,RIGHT THROUGH,1,36382,2,0,1,0,1,2,1,1,Cross intersection,2,40,Local Road,YARRA,-37.78761,144.97221,3054.0,True,Preston HS,5955.4
T20230005769,2023-10-03,14:00:00,1,Collision with vehicle,6,Friday,113,RIGHT NEAR (INTERSECTIONS ONLY),1,609054,2,0,1,0,6,7,1,2,T intersection,2,80,Arterial Other,BRIMBANK,-37.734383,144.84999,3033.0,True,Preston HS,13839.4
T20220027436,2022-03-12,17:09:00,1,Collision with vehicle,7,Saturday,130,REAR END(VEHICLES IN SAME LANE),1,743964,4,0,1,2,4,7,1,5,Not at intersection,2,100,Freeway,BRIMBANK,-37.70984,144.88301,3043.0,True,William Ruthven SC,10658.5
T20220010445,2022-09-05,17:17:00,2,Struck Pedestrian,2,Monday,102,FAR SIDE. PED HIT BY VEHICLE FROM THE LEFT,3,717320,1,0,0,1,1,2,2,1,Cross intersection,3,80,Arterial Other,MONASH,-37.88888,145.1641,3150.0,True,Preston HS,21401.8
T20250012091,2025-06-05,17:50:00,2,Struck Pedestrian,2,Tuesday,101,PED EMERGES FROM IN FRONT OF PARKED OR STATIONARY VEHICLE,2,818569,1,0,0,1,1,2,2,2,T intersection,3,50,Arterial Highway,WHITEHORSE,-37.85039,145.1022,3125.0,True,Preston HS,14693.2
T20220005363,2022-09-03,15:58:00,4,Collision with a fixed object,4,Wednesday,183,OFF LEFT BEND INTO OBJECT/PARKED VEHICLE,1,706951,1,0,1,0,0,1,1,5,Not at intersection,2,60,Arterial Other,YARRA RANGES,-37.810932,145.36754,3765.0,True,Reservoir HS,31310.6
T20240005956,2024-08-03,20:45:00,3,Struck animal,6,Friday,167,STRUCK ANIMAL,5,808782,2,0,0,1,1,2,1,5,Not at intersection,3,100,Arterial Highway,SOUTH GIPPSLAND,-38.649708,146.21007,3960.0,True,Preston HS,145755.6
T20230029862,2023-12-12,11:38:00,1,Collision with vehicle,3,Tuesday,132,RIGHT REAR.,1,798998,2,0,0,1,1,2,2,5,Not at intersection,3,100,Arterial Other,INDIGO,-36.375015,146.73125,3747.0,True,William Ruthven SC,212421.4
T20240020308,2024-10-08,14:50:00,2,Struck Pedestrian,6,Saturday,102,FAR SIDE. PED HIT BY VEHICLE FROM THE LEFT,1,811387,1,0,0,1,1,2,1,5,Not at intersection,3,60,Arterial Highway,MONASH,-37.909416,145.08437,3165.0,True,Preston HS,19845.7
T20240002707,2024-03-02,13:59:00,1,Collision with vehicle,7,Saturday,120,HEAD ON (NOT OVERTAKING),1,802296,2,0,1,0,1,2,1,5,Not at intersection,2,100,,MACEDON RANGES,-37.476425,144.48846,3437.0,True,William Ruthven SC,51522.3
T20220027994,2022-09-12,18:34:00,1,Collision with vehicle,5,Friday,121,RIGHT THROUGH,1,37766,2,0,0,1,1,2,1,2,T intersection,3,40,Arterial Other,STONNINGTON,-37.848568,145.00679,3181.0,True,Preston HS,11883.2
T20250004072,2025-12-02,16:20:00,1,Collision with vehicle,4,Wednesday,140,U TURN,1,41364,2,0,0,1,1,2,2,2,T intersection,3,999,Arterial Highway,GLEN EIRA,-37.90403,145.04114,3204.0,True,Preston HS,18296.2
T20210023105,2021-06-11,18:00:00,6,Vehicle overturned (no collision),7,Saturday,174,OUT OF CONTROL ON CARRIAGEWAY (ON STRAIGHT),2,701736,1,0,0,1,0,1,2,5,Not at intersection,3,999,Local Road,DANDENONG,-38.021076,145.23897,3175.0,True,Preston HS,37137.1
T20240011233,2024-03-05,16:00:00,1,Collision with vehicle,6,Friday,111,RIGHT FAR (INTERSECTIONS ONLY),1,45205,2,0,0,1,1,2,2,2,T intersection,3,60,Arterial Other,MARIBYRNONG,-37.769596,144.88213,3032.0,True,Preston HS,11416.1
T20250009837,2025-11-04,21:00:00,8,No collision and no object struck,5,Friday,174,OUT OF CONTROL ON CARRIAGEWAY (ON STRAIGHT),3,820008,1,0,0,1,0,1,1,5,Not at intersection,3,70,Arterial Other,HUME,-37.69462,144.88107,3043.0,True,William Ruthven SC,10729.3
T20220017483,2022-03-08,07:50:00,1,Collision with vehicle,4,Wednesday,110,CROSS TRAFFIC(INTERSECTIONS ONLY),1,43481,2,0,1,0,1,2,2,1,Cross intersection,2,40,Local Road,FRANKSTON,-38.161358,145.12903,3199.0,True,Preston HS,47872.8
T20240014338,2024-05-06,09:40:00,2,Struck Pedestrian,4,Wednesday,102,FAR SIDE. PED HIT BY VEHICLE FROM THE LEFT,1,29487,1,0,1,0,1,2,1,1,Cross intersection,2,50,Arterial Other,DAREBIN,-37.759087,144.99638,3071.0,True,Preston HS,2150.8
T20250006011,2025-05-03,16:38:00,1,Collision with vehicle,4,Wednesday,116,LEFT NEAR (INTERSECTIONS ONLY),1,662417,2,0,0,1,1,2,1,2,T intersection,3,60,Local Road,SHEPPARTON,-36.3633,145.37451,3630.0,True,William Ruthven SC,151873.1
T20240027459,2024-03-09,15:00:00,2,Struck Pedestrian,3,Tuesday,107,PED ON FOOTHPATH STRUCK BY VEHENTERING/LEAVING DRIVEWAY.,1,188201,1,0,0,1,1,2,2,5,Not at intersection,3,999,Arterial Highway,STONNINGTON,-37.8773,145.09126,3148.0,True,Preston HS,16793.2
T20250018266,2025-09-07,09:32:00,1,Collision with vehicle,4,Wednesday,147,VEHICLE STRIKES ANOTHER VEH WHILE EMERGING FROM DRIVEWAY,1,820078,2,0,1,0,1,2,1,5,Not at intersection,2,60,Arterial Other,HOBSONS BAY,-37.832058,144.88171,3015.0,True,Preston HS,14911.9
T20230018789,2023-11-08,11:26:00,1,Collision with vehicle,6,Friday,113,RIGHT NEAR (INTERSECTIONS ONLY),1,37014,2,0,0,1,1,2,1,2,T intersection,3,40,Local Road,MELBOURNE,-37.810127,144.98094,3002.0,True,Preston HS,7948.5
T20240017217,2024-06-07,10:30:00,1,Collision with vehicle,7,Saturday,163,VEHICLE STRIKES DOOR OF PARKED/STATIONARY VEHICLE,1,39989,2,0,1,0,1,2,2,2,T intersection,2,40,Local Road,HOBSONS BAY,-37.842262,144.881,3015.0,True,Preston HS,15742.1
T20220022448,2022-05-10,16:19:00,2,Struck Pedestrian,4,Wednesday,100,PED NEAR SIDE. PED HIT BY VEHICLE FROM THE RIGHT.,1,135150,1,0,1,0,1,2,1,1,Cross intersection,2,80,Arterial Other,MONASH,-37.90108,145.14297,3150.0,True,Preston HS,21366.0
T20220017329,2022-03-08,08:45:00,2,Struck Pedestrian,4,Wednesday,107,PED ON FOOTHPATH STRUCK BY VEHENTERING/LEAVING DRIVEWAY.,1,720252,1,0,1,0,1,2,1,5,Not at intersection,2,50,Local Road,WYNDHAM,-37.895412,144.75096,3030.0,True,Preston HS,28255.0
T20230025733,2023-03-11,17:16:00,1,Collision with vehicle,5,Friday,110,CROSS TRAFFIC(INTERSECTIONS ONLY),1,45835,3,0,0,1,3,4,1,1,Cross intersection,3,60,Arterial Other,MELBOURNE,-37.807133,144.96735,3053.0,True,Preston HS,8071.1
T20220015025,2022-05-07,11:54:00,1,Collision with vehicle,3,Tuesday,130,REAR END(VEHICLES IN SAME LANE),1,774682,2,0,0,1,2,3,1,5,Not at intersection,3,60,Arterial Highway,MORNINGTON PENINSULA,-38.361794,144.88324,3940.0,True,Preston HS,69799.0
T20240028076,2024-04-11,22:49:00,1,Collision with vehicle,2,Monday,121,RIGHT THROUGH,3,810494,2,0,0,1,1,2,1,5,Not at intersection,3,60,Arterial Other,KINGSTON,-37.94407,145.11607,3169.0,True,Preston HS,24452.5
T20230026323,2023-04-11,15:00:00,6,Vehicle overturned (no collision),7,Saturday,182,OFF CARRIAGEWAY ON LEFT BEND,1,786402,1,0,1,0,0,1,2,2,T intersection,2,50,,GEELONG,-38.163223,144.32349,3216.0,True,Preston HS,76088.7
T20250020916,2025-07-08,16:43:00,2,Struck Pedestrian,5,Thursday,109,ANY MANOEUVRE INVOLVING PED NOT INCLUDED IN DCAs 100-108.,1,218797,3,0,1,0,1,2,1,5,Not at intersection,2,50,Arterial Other,GLEN EIRA,-37.90139,145.06433,3163.0,True,Preston HS,18454.5
T20250021426,2025-01-08,08:50:00,2,Struck Pedestrian,5,Friday,100,PED NEAR SIDE. PED HIT BY VEHICLE FROM THE RIGHT.,1,821198,1,0,0,1,1,2,1,5,Not at intersection,3,50,Local Road,KINGSTON,-37.96058,145.05608,3192.0,True,Preston HS,24715.4
T20250021157,2025-10-08,14:12:00,1,Collision with vehicle,1,Sunday,131,LEFT REAR,1,821530,2,0,1,1,2,4,1,5,Not at intersection,2,60,Arterial Other,MELTON,-37.687035,144.56766,3337.0,True,William Ruthven SC,38319.1
T20220012865,2022-07-06,07:45:00,1,Collision with vehicle,3,Tuesday,137,LEFT TURN SIDESWIPE,2,48012,2,0,0,1,1,2,2,2,T intersection,3,60,Local Road,MELBOURNE,-37.78572,144.9695,3054.0,True,Preston HS,5906.2
T20250003526,2025-09-02,11:30:00,8,No collision and no object struck,1,Sunday,184,OUT OF CONTROL ON CARRIAGEWAY (ON BEND),1,814895,1,0,1,0,0,1,2,5,Not at intersection,2,999,Local Road,MURRINDINDI,-37.4602,145.43028,3717.0,True,Reservoir HS,45799.6
T20230001839,2023-10-01,15:00:00,6,Vehicle overturned (no collision),3,Tuesday,179,OTHER ACCIDENTS-OFF STRAIGHT NOT INCLUDED IN DCAs 170-175,1,784351,1,0,0,1,0,1,2,5,Not at intersection,3,999,Local Road,YARRA RANGES,-37.658913,145.50844,3777.0,True,Reservoir HS,42738.3
T20250000657,2025-09-01,09:39:00,1,Collision with vehicle,5,Thursday,145,REVERSING IN STREAM OF TRAFFIC,1,57005,3,0,0,1,3,4,1,1,Cross intersection,3,60,Arterial Other,WYNDHAM,-37.87579,144.73735,3030.0,True,Preston HS,27998.1
T20230020567,2023-03-09,01:22:00,4,Collision with a fixed object,1,Sunday,171,LEFT OFF CARRIAGEWAY INTO OBJECT/PARKED VEHICLE,5,793815,1,1,0,0,0,1,1,2,T intersection,1,80,Local Road,MACEDON RANGES,-37.322083,144.49944,3442.0,True,William Ruthven SC,60880.7
T20240003539,2024-12-02,20:54:00,1,Collision with vehicle,2,Monday,112,LEFT FAR (INTERSECTIONS ONLY),3,44360,2,0,0,1,1,2,1,2,T intersection,3,60,Local Road,WYNDHAM,-37.893906,144.67355,3030.0,True,Preston HS,33836.0
T20250014812,2025-02-06,19:45:00,2,Struck Pedestrian,2,Monday,102,FAR SIDE. PED HIT BY VEHICLE FROM THE LEFT,3,818934,1,0,1,0,1,2,1,5,Not at intersection,2,60,Arterial Other,BOROONDARA,-37.800385,145.0592,3101.0,True,Preston HS,7972.0
T20210010461,2021-10-05,05:50:00,1,Collision with vehicle,2,Monday,113,RIGHT NEAR (INTERSECTIONS ONLY),3,37097,2,0,1,0,4,5,1,1,Cross intersection,2,50,Local Road,CASEY,-38.007545,145.25604,3803.0,True,Preston HS,36759.4
T20220020518,2022-11-09,14:45:00,2,Struck Pedestrian,0,Sunday,108,PED STRUCK WALKING TO/FROM OR BOARDING/ALIGHTING VEHICLE.,1,785871,1,0,1,0,2,3,1,5,Not at intersection,2,40,Local Road,GLEN EIRA,-37.88827,145.05725,3163.0,True,Preston HS,16882.7
T20230018822,2023-10-08,16:05:00,1,Collision with vehicle,4,Thursday,111,RIGHT FAR (INTERSECTIONS ONLY),1,40182,2,0,0,1,1,2,2,2,T intersection,3,50,Local Road,PORT PHILLIP,-37.866955,145.00407,3183.0,True,Preston HS,13930.3
T20230021540,2023-12-09,09:30:00,1,Collision with vehicle,2,Tuesday,116,LEFT NEAR (INTERSECTIONS ONLY),1,40123,2,0,0,2,0,2,2,2,T intersection,3,60,Arterial Highway,PORT PHILLIP,-37.869675,144.98811,3182.0,True,Preston HS,14327.6
T20250009205,2025-05-04,11:10:00,6,Vehicle overturned (no collision),6,Saturday,179,OTHER ACCIDENTS-OFF STRAIGHT NOT INCLUDED IN DCAs 170-175,1,825302,1,0,1,0,0,1,1,5,Not at intersection,2,60,Arterial Highway,MOIRA,-36.027527,146.15756,3730.0,True,William Ruthven SC,212109.9
T20250011940,2025-05-05,06:30:00,1,Collision with vehicle,2,Monday,119,OTHER ADJACENT (INTERSECTIONS ONLY),3,66517,2,0,1,0,1,2,1,2,T intersection,2,60,Arterial Other,HOBSONS BAY,-37.829796,144.83557,3025.0,True,Preston HS,17977.1
T20230025532,2023-01-11,10:37:00,1,Collision with vehicle,4,Wednesday,147,VEHICLE STRIKES ANOTHER VEH WHILE EMERGING FROM DRIVEWAY,1,785283,2,0,0,1,1,2,1,5,Not at intersection,3,50,Local Road,HOBSONS BAY,-37.850773,144.86201,3016.0,True,Preston HS,17596.0
T20220025689,2022-11-11,21:00:00,6,Vehicle overturned (no collision),6,Friday,174,OUT OF CONTROL ON CARRIAGEWAY (ON STRAIGHT),6,783393,1,0,0,1,0,1,2,5,Not at intersection,3,50,Local Road,CASEY,-38.12325,145.29207,3977.0,True,Preston HS,49240.6
T20210003003,2021-09-02,20:40:00,1,Collision with vehicle,3,Tuesday,110,CROSS TRAFFIC(INTERSECTIONS ONLY),3,36108,2,0,0,1,1,2,1,4,Multiple intersection,3,40,Local Road,MELBOURNE,-37.798916,144.95036,3051.0,True,Preston HS,8083.9
T20230000396,2023-06-01,14:25:00,1,Collision with vehicle,6,Friday,121,RIGHT THROUGH,1,32014,2,1,1,0,0,2,1,1,Cross intersection,1,70,Arterial Highway,WHITEHORSE,-37.85212,145.13235,3151.0,True,Preston HS,16488.3
T20220009546,2022-09-04,15:00:00,8,No collision and no object struck,7,Saturday,174,OUT OF CONTROL ON CARRIAGEWAY (ON STRAIGHT),1,712160,1,0,0,1,0,1,2,2,T intersection,3,50,Local Road,YARRA RANGES,-37.883865,145.60689,3139.0,True,Reservoir HS,53819.7
T20220009966,2022-03-05,12:44:00,1,Collision with vehicle,2,Tuesday,120,HEAD ON (NOT OVERTAKING),1,711527,2,0,1,0,1,2,1,3,Y intersection,2,60,Local Road,MOUNT ALEXANDER,-37.12961,144.17857,3451.0,True,William Ruthven SC,96309.4
T20240017348,2024-02-05,17:20:00,1,Collision with vehicle,5,Thursday,142,LEAVING PARKING,1,806967,2,0,0,1,1,2,2,5,Not at intersection,3,999,Local Road,MELBOURNE,-37.78307,144.9639,3054.0,True,Preston HS,5965.1
T20220015207,2022-07-07,11:20:00,7,Fall from or in moving vehicle,4,Thursday,190,FELL IN/FROM VEHICLE,1,782243,1,0,0,1,0,1,1,2,T intersection,3,50,Arterial Other,GEELONG,-38.168236,144.37306,3219.0,True,Preston HS,73073.4
T20240017464,2024-10-07,22:22:00,4,Collision with a fixed object,4,Wednesday,181,OFF RIGHT BEND INTO OBJECT/PARKED VEHICLE,3,806887,1,1,0,0,0,1,1,5,Not at intersection,1,70,Arterial Other,BRIMBANK,-37.717518,144.78162,3037.0,True,William Ruthven SC,19613.5
T20250021430,2025-02-08,13:30:00,6,Vehicle overturned (no collision),6,Saturday,179,OTHER ACCIDENTS-OFF STRAIGHT NOT INCLUDED IN DCAs 170-175,9,823276,1,0,0,1,0,1,2,5,Not at intersection,3,999,Local Road,MURRINDINDI,-37.41998,145.52975,3717.0,True,Reservoir HS,55455.9
T20250012588,2025-11-05,10:50:00,6,Vehicle overturned (no collision),1,Sunday,180,OFF CARRIAGEWAY ON RIGHT BEND,1,818679,1,0,1,0,0,1,1,5,Not at intersection,2,100,Arterial Other,TOWONG,-36.60842,147.4333,3701.0,True,Reservoir HS,246395.9
T20230000954,2023-10-01,15:49:00,2,Struck Pedestrian,2,Tuesday,102,FAR SIDE. PED HIT BY VEHICLE FROM THE LEFT,1,788408,1,0,1,0,1,2,1,5,Not at intersection,2,60,Arterial Highway,YARRA,-37.802204,144.99258,3067.0,True,Preston HS,6847.7
T20250003982,2025-01-02,11:30:00,8,No collision and no object struck,7,Saturday,174,OUT OF CONTROL ON CARRIAGEWAY (ON STRAIGHT),1,815135,1,0,0,1,0,1,2,5,Not at intersection,3,888,Local Road,HEPBURN,-37.309822,144.27129,3461.0,True,William Ruthven SC,77557.4
T20230026484,2023-11-11,12:30:00,9,Other accident,7,Saturday,179,OTHER ACCIDENTS-OFF STRAIGHT NOT INCLUDED IN DCAs 170-175,1,44805,1,0,1,0,0,1,1,2,T intersection,2,50,Arterial Other,CARDINIA,-38.199432,145.4906,3981.0,True,Preston HS,66233.0
T20240028836,2024-09-10,17:10:00,1,Collision with vehicle,4,Wednesday,179,OTHER ACCIDENTS-OFF STRAIGHT NOT INCLUDED IN DCAs 170-175,1,810872,2,0,1,0,1,2,2,5,Not at intersection,2,40,Local Road,GEELONG,-38.093445,144.29102,3213.0,True,Preston HS,73996.5
T20230029169,2023-09-12,18:50:00,1,Collision with vehicle,6,Saturday,130,REAR END(VEHICLES IN SAME LANE),2,37174,2,0,0,1,1,2,1,2,T intersection,3,40,Arterial Other,YARRA,-37.825527,144.99652,3121.0,True,Preston HS,9367.4
T20230004961,2023-01-03,13:10:00,2,Struck Pedestrian,4,Wednesday,100,PED NEAR SIDE. PED HIT BY VEHICLE FROM THE RIGHT.,1,765770,1,0,0,2,1,3,1,5,Not at intersection,3,40,Arterial Other,BANYULE,-37.767128,145.04446,3079.0,True,Preston HS,4333.9
T20240017614,2024-11-07,17:50:00,2,Struck Pedestrian,4,Thursday,102,FAR SIDE. PED HIT BY VEHICLE FROM THE LEFT,2,806309,1,0,0,1,1,2,2,5,Not at intersection,3,70,Local Road,DAREBIN,-37.745827,145.00758,3072.0,True,Preston HS,460.8
T20210003277,2021-11-02,13:57:00,1,Collision with vehicle,5,Thursday,147,VEHICLE STRIKES ANOTHER VEH WHILE EMERGING FROM DRIVEWAY,1,680075,2,0,0,1,1,2,1,5,Not at intersection,3,50,Arterial Other,SOUTH GIPPSLAND,-38.438637,145.8136,3950.0,True,Preston HS,104819.1
T20230016120,2023-12-07,08:37:00,1,Collision with vehicle,4,Wednesday,121,RIGHT THROUGH,1,777115,2,0,1,0,1,2,1,2,T intersection,2,50,Arterial Highway,HORSHAM,-36.711647,142.20554,3400.0,True,William Ruthven SC,270866.2
T20240031296,2024-06-12,15:10:00,2,Struck Pedestrian,6,Friday,100,PED NEAR SIDE. PED HIT BY VEHICLE FROM THE RIGHT.,1,812109,1,0,0,1,1,2,1,5,Not at intersection,3,50,Local Road,KNOX,-37.858307,145.2345,3152.0,True,Reservoir HS,23520.1
T20250009920,2025-12-04,18:27:00,2,Struck Pedestrian,6,Saturday,106,VEH STRIKES PED ON FOOTPATH/MEDIAN/TRAFFIC ISLAND.,3,825308,1,0,1,0,1,2,1,5,Not at intersection,2,888,Local Road,WHITTLESEA,-37.612015,145.12851,3754.0,True,William Ruthven SC,14506.6
T20240008767,2024-06-04,09:30:00,6,Vehicle overturned (no collision),7,Saturday,174,OUT OF CONTROL ON CARRIAGEWAY (ON STRAIGHT),1,801195,1,0,0,1,0,1,2,2,T intersection,3,999,Local Road,BALLARAT,-37.518112,143.9089,3352.0,True,William Ruthven SC,98398.6
T20240009092,2024-09-04,09:20:00,6,Vehicle overturned (no collision),3,Tuesday,174,OUT OF CONTROL ON CARRIAGEWAY (ON STRAIGHT),1,801427,1,0,0,1,0,1,1,5,Not at intersection,3,60,Local Road,DAREBIN,-37.743416,144.98923,3072.0,True,Preston HS,1582.8
T20210018878,2021-06-09,15:55:00,1,Collision with vehicle,2,Monday,163,VEHICLE STRIKES DOOR OF PARKED/STATIONARY VEHICLE,1,704253,2,0,0,1,1,2,2,5,Not at intersection,3,60,Arterial Other,MELBOURNE,-37.79695,144.95139,3051.0,True,Preston HS,7856.3
T20230005473,2023-07-03,15:55:00,2,Struck Pedestrian,3,Tuesday,102,FAR SIDE. PED HIT BY VEHICLE FROM THE LEFT,1,767114,1,0,0,1,1,2,1,5,Not at intersection,3,50,Local Road,DANDENONG,-37.98514,145.21666,3175.0,True,Preston HS,32728.8
T20220024633,2022-02-11,00:45:00,2,Struck Pedestrian,4,Wednesday,100,PED NEAR SIDE. PED HIT BY VEHICLE FROM THE RIGHT.,3,733534,1,0,1,0,1,2,1,5,Not at intersection,2,60,Arterial Other,WYNDHAM,-37.898754,144.64278,3030.0,True,Preston HS,36455.8
T20250005589,2025-01-03,20:20:00,2,Struck Pedestrian,7,Saturday,102,FAR SIDE. PED HIT BY VEHICLE FROM THE LEFT,3,390,1,0,0,1,1,2,1,1,Cross intersection,3,40,Arterial Other,STONNINGTON,-37.84059,145.0047,3142.0,True,Preston HS,10998.1
T20240017284,2024-09-07,05:59:00,2,Struck Pedestrian,3,Tuesday,102,FAR SIDE. PED HIT BY VEHICLE FROM THE LEFT,3,37667,1,0,0,1,1,2,2,2,T intersection,3,999,Arterial Other,STONNINGTON,-37.83895,144.99132,3141.0,True,Preston HS,10902.2
T20240022920,2024-09-09,10:20:00,1,Collision with vehicle,2,Monday,130,REAR END(VEHICLES IN SAME LANE),1,811512,2,0,0,1,1,2,1,5,Not at intersection,3,999,Arterial Other,WYNDHAM,-37.91904,144.69455,3030.0,True,Preston HS,33798.5
T20230000140,2023-03-01,13:30:00,1,Collision with vehicle,2,Tuesday,163,VEHICLE STRIKES DOOR OF PARKED/STATIONARY VEHICLE,1,778358,2,0,0,1,1,2,1,5,Not at intersection,3,40,Arterial Other,PORT PHILLIP,-37.833485,144.9608,3205.0,True,Preston HS,10987.1