ACCIDENT_NO,ACCIDENT_DATE,ACCIDENT_TIME,ACCIDENT_TYPE,ACCIDENT_TYPE_DESC,DAY_OF_WEEK,DAY_WEEK_DESC,DCA_CODE,DCA_DESC,LIGHT_CONDITION,NODE_ID,NO_OF_VEHICLES,NO_PERSONS_KILLED,NO_PERSONS_INJ_2,NO_PERSONS_INJ_3,NO_PERSONS_NOT_INJ,NO_PERSONS,POLICE_ATTEND,ROAD_GEOMETRY,ROAD_GEOMETRY_DESC,SEVERITY,SPEED_ZONE,RMA,LGA_NAME,LATITUDE,LONGITUDE,POSTCODE_CRASH,PED_OR_CYC,nearest_school,dist_to_gate_m
T20230002921,2023-05-02,12:30:00,6,Vehicle overturned (no collision),1,Sunday,184,OUT OF CONTROL ON CARRIAGEWAY (ON BEND),1,752737,1,0,0,1,0,1,2,5,Not at intersection,3,100,,TOWONG,-36.56611,147.51015,3701.0,True,Reservoir HS,254700.2
T20220009311,2022-06-04,18:05:00,1,Collision with vehicle,3,Wednesday,130,REAR END(VEHICLES IN SAME LANE),2,715603,3,0,0,1,1,2,2,5,Not at intersection,3,60,Local Road,KINGSTON,-37.941093,145.10133,3169.0,True,Preston HS,23665.2
T20230029264,2023-10-12,13:00:00,6,Vehicle overturned (no collision),1,Sunday,180,OFF CARRIAGEWAY ON RIGHT BEND,1,791817,1,0,0,1,0,1,2,5,Not at intersection,3,100,Local Road,LATROBE,-38.344643,146.50284,3840.0,True,Reservoir HS,146423.5
T20230005270,2023-05-03,07:25:00,1,Collision with vehicle,0,Sunday,122,LEFT THROUGH,1,278453,2,0,0,1,1,2,1,1,Cross intersection,3,40,Local Road,MELBOURNE,-37.821014,144.94743,3008.0,True,Preston HS,10260.6
T20230020701,2023-04-09,16:58:00,2,Struck Pedestrian,2,Monday,100,PED NEAR SIDE. PED HIT BY VEHICLE FROM THE RIGHT.,1,41977,1,0,1,0,1,2,1,1,Cross intersection,2,80,Arterial Highway,KNOX,-37.89349,145.3093,3156.0,True,Reservoir HS,31089.8
T20230029221,2023-10-12,13:00:00,2,Struck Pedestrian,1,Sunday,102,FAR SIDE. PED HIT BY VEHICLE FROM THE LEFT,1,795617,1,0,1,0,1,2,1,5,Not at intersection,2,60,Arterial Other,MARIBYRNONG,-37.791206,144.86359,3019.0,True,Preston HS,13763.5
T20240003253,2024-07-02,19:30:00,8,No collision and no object struck,4,Wednesday,184,OUT OF CONTROL ON CARRIAGEWAY (ON BEND),1,797967,1,0,0,1,0,1,2,5,Not at intersection,3,999,Local Road,MOORABOOL,-37.53116,144.24684,3342.0,True,William Ruthven SC,69095.2
T20250002926,2025-04-02,08:35:00,1,Collision with vehicle,3,Tuesday,110,CROSS TRAFFIC(INTERSECTIONS ONLY),1,815043,2,0,0,1,1,2,1,1,Cross intersection,3,50,Local Road,GLENELG,-38.342064,141.6013,3305.0,True,Preston HS,305614.9
T20240011550,2024-07-05,09:44:00,2,Struck Pedestrian,3,Tuesday,102,FAR SIDE. PED HIT BY VEHICLE FROM THE LEFT,1,44634,1,0,1,0,1,2,1,2,T intersection,2,40,Arterial Other,BANYULE,-37.742104,145.06639,3084.0,True,Reservoir HS,3922.0
T20220010334,2022-08-05,14:15:00,5,collision with some other object,1,Sunday,166,STRUCK OBJECT ON CARRIAGEWAY,1,711944,1,0,1,0,0,1,1,5,Not at intersection,2,100,Local Road,BENALLA,-36.7954,145.88187,3669.0,True,William Ruthven SC,126854.9
T20210012930,2021-11-06,17:39:00,1,Collision with vehicle,6,Friday,130,REAR END(VEHICLES IN SAME LANE),3,685414,2,0,1,0,1,2,1,5,Not at intersection,2,80,Arterial Highway,DANDENONG,-37.991802,145.15175,3173.0,True,Preston HS,30571.7
T20210010430,2021-09-05,08:34:00,1,Collision with vehicle,1,Sunday,110,CROSS TRAFFIC(INTERSECTIONS ONLY),1,39901,2,0,0,1,1,2,1,1,Cross intersection,3,60,Arterial Other,HOBSONS BAY,-37.86315,144.8186,3018.0,True,Preston HS,21369.4
T20220020352,2022-02-09,10:00:00,6,Vehicle overturned (no collision),5,Friday,170,OFF CARRIAGEWAY TO LEFT,1,728508,1,0,0,1,0,1,2,5,Not at intersection,3,60,Local Road,KNOX,-37.842827,145.27214,3153.0,True,Reservoir HS,25187.1
T20240024864,2024-02-10,16:35:00,1,Collision with vehicle,4,Wednesday,135,LANE CHANGE LEFT (NOT OVERTAKING),1,815825,2,0,0,1,1,2,1,2,T intersection,3,60,Arterial Highway,MELBOURNE,-37.823036,144.9891,3121.0,True,Preston HS,9181.4
T20250008823,2025-01-04,22:00:00,4,Collision with a fixed object,3,Tuesday,171,LEFT OFF CARRIAGEWAY INTO OBJECT/PARKED VEHICLE,3,138803,1,0,0,1,0,1,1,2,T intersection,3,60,Arterial Highway,BANYULE,-37.734943,145.0789,3084.0,True,Reservoir HS,4571.3
T20240012041,2024-12-05,09:00:00,1,Collision with vehicle,1,Sunday,113,RIGHT NEAR (INTERSECTIONS ONLY),1,803094,2,0,1,0,1,2,1,2,T intersection,2,60,Local Road,MORNINGTON PENINSULA,-38.379837,145.0263,3937.0,True,Preston HS,70977.5
T20250011011,2025-07-04,15:55:00,1,Collision with vehicle,1,Monday,137,LEFT TURN SIDESWIPE,1,35389,2,0,0,1,1,2,2,2,T intersection,3,40,Arterial Other,YARRA,-37.81997,145.01276,3121.0,True,Preston HS,8717.4
T20220019942,2022-03-09,19:55:00,1,Collision with vehicle,6,Saturday,130,REAR END(VEHICLES IN SAME LANE),3,748661,2,0,0,1,1,2,1,5,Not at intersection,3,60,Local Road,WYNDHAM,-37.83058,144.66058,3029.0,True,Preston HS,32015.0
T20230020895,2023-05-09,17:05:00,6,Vehicle overturned (no collision),3,Tuesday,174,OUT OF CONTROL ON CARRIAGEWAY (ON STRAIGHT),1,780528,1,0,1,0,0,1,1,1,Cross intersection,2,60,,WYNDHAM,-37.891544,144.62918,3024.0,True,Preston HS,37143.8
T20210010212,2021-06-05,23:15:00,2,Struck Pedestrian,5,Thursday,109,ANY MANOEUVRE INVOLVING PED NOT INCLUDED IN DCAs 100-108.,3,685337,1,0,0,1,1,2,1,5,Not at intersection,3,40,Local Road,HOBSONS BAY,-37.861443,144.90256,3016.0,True,Preston HS,16175.4
T20250000025,2025-01-01,08:05:00,4,Collision with a fixed object,4,Wednesday,173,RIGHT OFF CARRIAGEWAY INTO OBJECT/PARKED VEHICLE,1,813243,1,0,1,0,0,1,1,2,T intersection,2,100,Arterial Highway,MURRINDINDI,-37.152588,145.65125,3714.0,True,William Ruthven SC,83278.6
T20220022830,2022-10-10,22:36:00,2,Struck Pedestrian,2,Monday,102,FAR SIDE. PED HIT BY VEHICLE FROM THE LEFT,3,786728,1,0,1,0,1,2,1,5,Not at intersection,2,60,Arterial Other,HUME,-37.68611,144.92664,3047.0,True,William Ruthven SC,6817.4
T20240028147,2024-04-11,12:00:00,6,Vehicle overturned (no collision),2,Monday,174,OUT OF CONTROL ON CARRIAGEWAY (ON STRAIGHT),1,810558,1,0,1,0,0,1,2,5,Not at intersection,2,50,Local Road,GOLDEN PLAINS,-37.751877,143.70166,3351.0,True,William Ruthven SC,114618.0
T20230029450,2023-12-12,23:12:00,2,Struck Pedestrian,3,Tuesday,102,FAR SIDE. PED HIT BY VEHICLE FROM THE LEFT,3,29415,1,0,0,1,1,2,1,2,T intersection,3,40,Arterial Other,MELBOURNE,-37.817093,144.95325,3008.0,True,Preston HS,9626.9
T20220012919,2022-07-06,18:30:00,1,Collision with vehicle,3,Tuesday,130,REAR END(VEHICLES IN SAME LANE),3,719126,2,0,1,0,1,2,1,5,Not at intersection,2,60,Arterial Other,GEELONG,-38.163956,144.3854,3219.0,True,Preston HS,71943.5
T20250009299,2025-03-04,09:00:00,2,Struck Pedestrian,5,Thursday,103,PED PLAYING/LYING/WORKING/STANDING ON CARRIAGEWAY.,1,818592,1,0,1,0,1,2,1,5,Not at intersection,2,40,Local Road,BRIMBANK,-37.75538,144.77617,3023.0,True,Preston HS,20360.8
T20230008036,2023-02-04,15:00:00,8,No collision and no object struck,1,Sunday,174,OUT OF CONTROL ON CARRIAGEWAY (ON STRAIGHT),1,767720,1,0,0,1,1,2,2,5,Not at intersection,3,80,Arterial Other,HUME,-37.53632,144.91124,3064.0,True,William Ruthven SC,19562.8
T20240023890,2024-12-09,18:00:00,1,Collision with vehicle,5,Thursday,147,VEHICLE STRIKES ANOTHER VEH WHILE EMERGING FROM DRIVEWAY,1,811828,2,0,1,0,1,2,2,5,Not at intersection,2,60,Arterial Other,BANYULE,-37.74744,145.05782,3084.0,True,Reservoir HS,3741.5
T20250015485,2025-09-06,19:30:00,1,Collision with vehicle,2,Monday,142,LEAVING PARKING,6,821547,2,0,0,1,1,2,2,5,Not at intersection,3,999,Local Road,MELBOURNE,-37.807983,144.96104,3000.0,True,Preston HS,8408.9
T20250015028,2025-05-06,04:07:00,1,Collision with vehicle,5,Thursday,121,RIGHT THROUGH,3,48091,2,0,1,0,1,2,1,2,T intersection,2,60,Arterial Other,MORELAND,-37.73331,144.95804,3058.0,True,Preston HS,4413.8
T20210017441,2021-12-08,23:50:00,8,No collision and no object struck,5,Thursday,170,OFF CARRIAGEWAY TO LEFT,3,690204,2,0,1,0,2,3,1,2,T intersection,2,50,Local Road,MELTON,-37.678673,144.5753,3337.0,True,William Ruthven SC,37686.8
T20240003018,2024-07-02,10:00:00,8,No collision and no object struck,4,Wednesday,184,OUT OF CONTROL ON CARRIAGEWAY (ON BEND),1,797781,1,0,1,0,0,1,1,1,Cross intersection,2,60,Arterial Other,BENDIGO,-36.917606,144.6966,3523.0,True,William Ruthven SC,90753.5
T20230011126,2023-12-05,13:00:00,1,Collision with vehicle,6,Friday,147,VEHICLE STRIKES ANOTHER VEH WHILE EMERGING FROM DRIVEWAY,1,774047,2,0,1,0,2,3,1,5,Not at intersection,2,60,Local Road,BRIMBANK,-37.75226,144.77467,3023.0,True,Preston HS,20469.9
T20250003490,2025-08-02,16:40:00,1,Collision with vehicle,7,Saturday,132,RIGHT REAR.,1,54208,2,0,1,0,2,3,1,2,T intersection,2,100,Arterial Highway,BENDIGO,-36.804207,144.5759,3523.0,True,William Ruthven SC,106179.6
T20220016055,2021-10-12,10:00:00,4,Collision with a fixed object,5,Friday,181,OFF RIGHT BEND INTO OBJECT/PARKED VEHICLE,1,724101,1,0,0,1,0,1,2,5,Not at intersection,3,999,Arterial Other,SURF COAST,-38.16923,144.24342,3221.0,True,Preston HS,82116.1
T20230022892,2023-01-10,01:42:00,6,Vehicle overturned (no collision),1,Sunday,184,OUT OF CONTROL ON CARRIAGEWAY (ON BEND),3,805619,1,0,0,1,0,1,1,2,T intersection,3,50,Local Road,BALLARAT,-37.567417,143.85501,3350.0,True,William Ruthven SC,102105.8
T20210004333,2021-11-02,14:50:00,2,Struck Pedestrian,5,Thursday,101,PED EMERGES FROM IN FRONT OF PARKED OR STATIONARY VEHICLE,1,676751,1,0,1,0,1,2,2,5,Not at intersection,2,999,Arterial Other,YARRA,-37.8196,144.999,3121.0,True,Preston HS,8691.3
T20250018424,2025-10-07,14:53:00,2,Struck Pedestrian,4,Thursday,100,PED NEAR SIDE. PED HIT BY VEHICLE FROM THE RIGHT.,1,40670,1,0,0,1,2,3,2,2,T intersection,3,50,Arterial Other,WHITEHORSE,-37.834805,145.12073,3128.0,True,Preston HS,14383.5
T20250006662,2025-10-03,22:20:00,1,Collision with vehicle,2,Monday,116,LEFT NEAR (INTERSECTIONS ONLY),6,62960,2,0,1,0,1,2,2,2,T intersection,2,999,Local Road,BRIMBANK,-37.73708,144.80312,3021.0,True,Preston HS,17944.0
T20240000825,2024-12-01,00:55:00,2,Struck Pedestrian,5,Friday,103,PED PLAYING/LYING/WORKING/STANDING ON CARRIAGEWAY.,3,804696,1,0,0,1,1,2,1,5,Not at intersection,3,60,Local Road,MELTON,-37.72513,144.76126,3023.0,True,William Ruthven SC,21500.6
T20250006311,2025-08-03,09:05:00,6,Vehicle overturned (no collision),6,Saturday,174,OUT OF CONTROL ON CARRIAGEWAY (ON STRAIGHT),1,816909,1,0,0,1,0,1,1,5,Not at intersection,3,60,Arterial Other,CAMPASPE,-36.35892,144.70708,3561.0,True,William Ruthven SC,151038.1
T20230000080,2023-02-01,13:40:00,1,Collision with vehicle,2,Monday,147,VEHICLE STRIKES ANOTHER VEH WHILE EMERGING FROM DRIVEWAY,1,780934,2,0,0,1,1,2,1,5,Not at intersection,3,50,Local Road,DANDENONG,-37.97072,145.16725,3174.0,True,Preston HS,29089.5
T20230013443,2023-05-06,07:10:00,1,Collision with vehicle,1,Monday,110,CROSS TRAFFIC(INTERSECTIONS ONLY),2,684350,2,0,0,1,1,2,2,1,Cross intersection,3,40,Local Road,DAREBIN,-37.760662,144.99301,3071.0,True,Preston HS,2445.5
T20240031250,2024-06-12,09:57:00,6,Vehicle overturned (no collision),6,Friday,170,OFF CARRIAGEWAY TO LEFT,1,815285,2,0,1,0,1,2,1,2,T intersection,2,50,Local Road,BALLARAT,-37.52373,143.8263,3355.0,True,William Ruthven SC,105416.0
T20230003873,2023-03-02,05:50:00,1,Collision with vehicle,5,Friday,113,RIGHT NEAR (INTERSECTIONS ONLY),9,46644,2,0,1,0,1,2,2,2,T intersection,2,999,Local Road,MORELAND,-37.750504,144.9352,3044.0,True,Preston HS,6397.2
T20230007778,2023-02-04,00:30:00,1,Collision with vehicle,1,Sunday,133,LANE SIDE SWIPE (VEHICLES IN PARALLEL LANES),6,765045,2,0,0,1,1,2,2,5,Not at intersection,3,50,Local Road,MARIBYRNONG,-37.813717,144.89139,3013.0,True,Preston HS,12943.9
T20250003105,2025-05-02,19:40:00,2,Struck Pedestrian,4,Wednesday,103,PED PLAYING/LYING/WORKING/STANDING ON CARRIAGEWAY.,9,819510,1,0,0,1,1,2,2,5,Not at intersection,3,999,Local Road,STONNINGTON,-37.844044,144.99768,3141.0,True,Preston HS,11410.2
T20240012100,2024-12-05,16:00:00,1,Collision with vehicle,1,Sunday,121,RIGHT THROUGH,1,803075,2,1,0,0,1,2,1,2,T intersection,1,60,Arterial Other,NILLUMBIK,-37.71823,145.22499,3113.0,True,Reservoir HS,17209.5
T20220013166,2022-11-06,02:00:00,4,Collision with a fixed object,7,Saturday,151,OUT OF CONTROL (OVERTAKING),5,719131,2,0,1,0,1,2,1,5,Not at intersection,2,100,Arterial Highway,MITCHELL,-37.374493,144.96886,3756.0,True,William Ruthven SC,35936.2
T20250018532,2025-10-07,13:45:00,2,Struck Pedestrian,5,Thursday,100,PED NEAR SIDE. PED HIT BY VEHICLE FROM THE RIGHT.,1,820190,1,0,1,0,1,2,1,1,Cross intersection,2,999,Local Road,WHITTLESEA,-37.62175,145.01587,3750.0,True,William Ruthven SC,8393.2
T20250017705,2025-03-07,20:34:00,2,Struck Pedestrian,5,Thursday,102,FAR SIDE. PED HIT BY VEHICLE FROM THE LEFT,4,36325,1,0,1,0,1,2,1,2,T intersection,2,60,Arterial Other,DAREBIN,-37.728653,145.05014,3081.0,True,Reservoir HS,1952.1
T20220022187,2022-02-10,18:27:00,8,No collision and no object struck,1,Sunday,179,OTHER ACCIDENTS-OFF STRAIGHT NOT INCLUDED IN DCAs 170-175,1,43345,2,0,0,1,1,2,1,2,T intersection,3,60,Arterial Highway,FRANKSTON,-38.100822,145.1259,3198.0,True,Preston HS,41269.8
T20240010144,2024-07-04,18:00:00,2,Struck Pedestrian,1,Sunday,106,VEH STRIKES PED ON FOOTPATH/MEDIAN/TRAFFIC ISLAND.,3,40013,1,0,0,1,1,2,2,1,Cross intersection,3,50,Local Road,HOBSONS BAY,-37.8569,144.89769,3016.0,True,Preston HS,16015.5
T20230008474,2023-08-04,10:00:00,6,Vehicle overturned (no collision),7,Saturday,174,OUT OF CONTROL ON CARRIAGEWAY (ON STRAIGHT),1,273920,1,0,0,1,0,1,2,5,Not at intersection,3,888,Local Road,MURRINDINDI,-37.46268,146.11392,3713.0,True,Reservoir HS,99822.3
T20210024944,2021-06-12,17:00:00,1,Collision with vehicle,2,Monday,116,LEFT NEAR (INTERSECTIONS ONLY),1,698784,3,0,0,1,2,3,1,1,Cross intersection,3,60,Local Road,GEELONG,-38.111248,144.35037,3215.0,True,Preston HS,70756.7
T20220000356,2022-06-01,16:48:00,2,Struck Pedestrian,5,Thursday,100,PED NEAR SIDE. PED HIT BY VEHICLE FROM THE RIGHT.,1,704460,1,0,1,0,3,4,1,5,Not at intersection,2,60,Local Road,GEELONG,-38.168648,144.35054,3216.0,True,Preston HS,74615.5
T20230016083,2023-03-07,11:00:00,8,No collision and no object struck,1,Monday,170,OFF CARRIAGEWAY TO LEFT,1,806281,1,0,0,1,0,1,2,5,Not at intersection,3,100,,WELLINGTON,-38.66307,146.55125,3967.0,True,Reservoir HS,169196.6
T20240032044,2024-11-12,17:00:00,8,No collision and no object struck,4,Wednesday,149,OTHER MANOEUVRING NOT INCLUDED IN DCAs 140-148,1,46517,2,0,0,1,1,2,2,2,T intersection,3,999,Arterial Other,BAYSIDE,-37.972153,145.01335,3193.0,True,Preston HS,25631.1
T20220019916,2022-03-09,09:25:00,6,Vehicle overturned (no collision),7,Saturday,174,OUT OF CONTROL ON CARRIAGEWAY (ON STRAIGHT),1,280236,1,0,1,0,0,1,1,1,Cross intersection,2,80,Freeway,KNOX,-37.846104,145.21637,3152.0,True,Reservoir HS,21428.5
T20210012912,2021-11-06,14:30:00,1,Collision with vehicle,6,Friday,110,CROSS TRAFFIC(INTERSECTIONS ONLY),1,35422,3,0,0,1,2,3,1,1,Cross intersection,3,50,Arterial Other,DAREBIN,-37.765602,145.02151,3078.0,True,Preston HS,2944.3
T20230008107,2023-06-04,08:40:00,1,Collision with vehicle,5,Thursday,147,VEHICLE STRIKES ANOTHER VEH WHILE EMERGING FROM DRIVEWAY,1,790413,2,0,0,1,1,2,2,5,Not at intersection,3,777,Arterial Other,CASEY,-38.111595,145.27043,3977.0,True,Preston HS,47171.7
T20220015569,2022-12-07,11:40:00,2,Struck Pedestrian,2,Tuesday,100,PED NEAR SIDE. PED HIT BY VEHICLE FROM THE RIGHT.,1,37814,1,0,1,0,1,2,1,1,Cross intersection,2,50,Arterial Other,MORELAND,-37.7735,144.9792,3068.0,True,Preston HS,4303.4
T20250009346,2025-07-04,09:50:00,1,Collision with vehicle,1,Monday,147,VEHICLE STRIKES ANOTHER VEH WHILE EMERGING FROM DRIVEWAY,1,817135,2,0,0,1,2,3,1,5,Not at intersection,3,30,Arterial Other,HUME,-37.594135,144.71404,3429.0,True,William Ruthven SC,27872.6
T20230012778,2023-01-06,08:50:00,2,Struck Pedestrian,5,Thursday,102,FAR SIDE. PED HIT BY VEHICLE FROM THE LEFT,1,278545,1,0,1,0,1,2,1,1,Cross intersection,2,60,Arterial Other,WYNDHAM,-37.854046,144.74696,3027.0,True,Preston HS,26047.9
T20220028227,2022-12-12,15:30:00,2,Struck Pedestrian,1,Monday,101,PED EMERGES FROM IN FRONT OF PARKED OR STATIONARY VEHICLE,1,741283,1,0,0,1,1,2,1,5,Not at intersection,3,50,Local Road,DANDENONG,-37.9894,145.22096,3175.0,True,Preston HS,33332.4
T20250009020,2025-03-04,17:40:00,1,Collision with vehicle,5,Thursday,148,VEHICLE OFF FOOTPATH STRIKES VEH ON CARRIAGEWAY,1,63125,2,0,1,0,1,2,1,2,T intersection,2,50,Arterial Highway,DAREBIN,-37.743183,144.98447,3072.0,True,Preston HS,1996.7
T20230000779,2023-12-01,09:05:00,1,Collision with vehicle,5,Thursday,116,LEFT NEAR (INTERSECTIONS ONLY),1,47362,2,0,1,0,1,2,1,3,Y intersection,2,40,Local Road,PORT PHILLIP,-37.83305,144.96542,3205.0,True,Preston HS,10797.8
T20250020972,2025-08-08,13:00:00,8,No collision and no object struck,6,Friday,180,OFF CARRIAGEWAY ON RIGHT BEND,1,821226,1,0,1,0,0,1,1,5,Not at intersection,2,100,Freeway,WHITTLESEA,-37.630936,144.99408,3076.0,True,William Ruthven SC,7336.9
T20250017909,2025-05-07,15:07:00,1,Collision with vehicle,7,Saturday,132,RIGHT REAR.,1,73707,2,0,1,1,0,2,1,2,T intersection,2,70,Local Road,MORNINGTON PENINSULA,-38.379555,144.79008,3941.0,True,Preston HS,73427.0
T20240020380,2024-11-08,13:45:00,1,Collision with vehicle,0,Sunday,113,RIGHT NEAR (INTERSECTIONS ONLY),1,42742,2,0,1,0,1,2,1,2,T intersection,2,999,Arterial Other,KINGSTON,-37.985905,145.05186,3194.0,True,Preston HS,27437.2
T20240032423,2024-05-12,08:40:00,1,Collision with vehicle,5,Thursday,110,CROSS TRAFFIC(INTERSECTIONS ONLY),1,67811,2,0,1,0,1,2,1,1,Cross intersection,2,40,Local Road,KNOX,-37.86521,145.28185,3155.0,True,Reservoir HS,27280.5
T20230010227,2023-02-05,11:00:00,1,Collision with vehicle,3,Tuesday,110,CROSS TRAFFIC(INTERSECTIONS ONLY),1,675825,2,0,1,0,1,2,1,1,Cross intersection,2,50,Local Road,WHITTLESEA,-37.621773,145.01607,3750.0,True,William Ruthven SC,8393.1
T20230026496,2023-11-11,19:39:00,2,Struck Pedestrian,7,Saturday,102,FAR SIDE. PED HIT BY VEHICLE FROM THE LEFT,1,282480,1,0,2,0,4,6,1,1,Cross intersection,2,80,Arterial Highway,DANDENONG,-37.975204,145.2037,3175.0,True,Preston HS,31177.8
T20250001214,2025-09-01,14:30:00,6,Vehicle overturned (no collision),5,Thursday,184,OUT OF CONTROL ON CARRIAGEWAY (ON BEND),1,813864,1,0,0,1,0,1,2,5,Not at intersection,3,80,Arterial Other,YARRA RANGES,-37.641876,145.88434,3799.0,True,Reservoir HS,75766.4
T20220022725,2022-09-10,11:30:00,1,Collision with vehicle,1,Sunday,121,RIGHT THROUGH,1,39295,2,0,1,0,1,2,1,1,Cross intersection,2,50,Local Road,WHITEHORSE,-37.819912,145.11922,3128.0,True,Preston HS,13142.5
T20210022944,2021-12-11,23:22:00,1,Collision with vehicle,6,Friday,162,ACCIDENT OR BROKEN DOWN,5,697128,2,0,0,1,1,2,1,5,Not at intersection,3,100,Local Road,BALLARAT,-37.56374,143.74687,3352.0,True,William Ruthven SC,111597.9
T20240031395,2024-07-12,15:20:00,2,Struck Pedestrian,7,Saturday,107,PED ON FOOTHPATH STRUCK BY VEHENTERING/LEAVING DRIVEWAY.,1,812568,1,0,0,1,1,2,2,5,Not at intersection,3,999,Arterial Other,BANYULE,-37.75646,145.06812,3084.0,True,Reservoir HS,5092.8
T20230005293,2023-01-03,08:20:00,1,Collision with vehicle,4,Wednesday,112,LEFT FAR (INTERSECTIONS ONLY),9,45692,2,0,0,1,1,2,2,1,Cross intersection,3,999,Local Road,YARRA,-37.82706,145.00092,3121.0,True,Preston HS,9507.1
T20220009960,2022-03-05,22:09:00,1,Collision with vehicle,2,Tuesday,134,LANE CHANGE RIGHT (NOT OVERTAKING),5,715698,2,0,1,0,1,2,1,5,Not at intersection,2,80,Freeway,FRANKSTON,-38.0938,145.1533,3201.0,True,Preston HS,41198.7
T20250005557,2025-02-02,09:30:00,8,No collision and no object struck,1,Sunday,184,OUT OF CONTROL ON CARRIAGEWAY (ON BEND),9,815766,1,0,0,1,0,1,2,5,Not at intersection,3,999,Local Road,YARRA RANGES,-37.60085,145.45332,3775.0,True,Reservoir HS,39688.0
T20240008945,2024-04-04,19:15:00,3,Struck animal,4,Thursday,167,STRUCK ANIMAL,5,806996,1,0,1,0,0,1,2,5,Not at intersection,2,80,Local Road,ALPINE,-36.70522,146.93826,3741.0,True,Reservoir HS,203379.6
T20240002654,2024-02-02,20:45:00,1,Collision with vehicle,6,Friday,119,OTHER ADJACENT (INTERSECTIONS ONLY),3,356024,2,0,1,0,2,3,1,1,Cross intersection,2,80,Arterial Other,HUME,-37.53488,144.89865,3064.0,True,William Ruthven SC,20188.8
T20230005564,2023-08-03,06:43:00,1,Collision with vehicle,4,Wednesday,148,VEHICLE OFF FOOTPATH STRIKES VEH ON CARRIAGEWAY,2,714,2,1,0,0,1,2,1,1,Cross intersection,1,60,Arterial Other,MONASH,-37.884705,145.12735,3149.0,True,Preston HS,19090.3
T20250012053,2025-02-05,18:30:00,2,Struck Pedestrian,6,Friday,107,PED ON FOOTHPATH STRUCK BY VEHENTERING/LEAVING DRIVEWAY.,3,697016,1,0,0,1,1,2,2,5,Not at intersection,3,60,Arterial Other,KINGSTON,-38.068497,145.14363,3197.0,True,Preston HS,38261.6
T20220015450,2022-08-07,17:25:00,2,Struck Pedestrian,6,Friday,102,FAR SIDE. PED HIT BY VEHICLE FROM THE LEFT,9,49803,1,0,0,1,1,2,2,1,Cross intersection,3,70,Arterial Highway,GEELONG,-38.118732,144.33252,3215.0,True,Preston HS,72512.4
T20240019437,2024-01-08,14:44:00,2,Struck Pedestrian,4,Thursday,100,PED NEAR SIDE. PED HIT BY VEHICLE FROM THE RIGHT.,1,878,1,0,1,0,1,2,1,1,Cross intersection,2,80,Arterial Highway,CASEY,-38.00422,145.2576,3803.0,True,Preston HS,36545.2
T20220028814,2022-08-12,09:55:00,2,Struck Pedestrian,4,Thursday,194,PARKED CAR RUN AWAY,1,742418,2,0,0,1,0,1,2,5,Not at intersection,3,40,Arterial Other,GEELONG,-38.137867,144.33691,3218.0,True,Preston HS,73448.4
T20240003510,2024-12-02,16:15:00,1,Collision with vehicle,2,Monday,130,REAR END(VEHICLES IN SAME LANE),1,38800,2,0,0,1,1,2,1,1,Cross intersection,3,60,Arterial Highway,MARIBYRNONG,-37.807358,144.90414,3011.0,True,Preston HS,11627.2
T20220002347,2022-04-02,10:36:00,1,Collision with vehicle,6,Friday,148,VEHICLE OFF FOOTPATH STRIKES VEH ON CARRIAGEWAY,1,704323,2,0,1,0,1,2,1,5,Not at intersection,2,60,Arterial Other,STONNINGTON,-37.844658,145.03847,3144.0,True,Preston HS,11775.6
T20250015313,2025-08-06,01:52:00,1,Collision with vehicle,1,Sunday,110,CROSS TRAFFIC(INTERSECTIONS ONLY),3,45434,2,0,1,0,1,2,1,1,Cross intersection,2,60,Arterial Other,MOONEE VALLEY,-37.772564,144.92392,3039.0,True,Preston HS,8077.8
T20230010762,2023-06-05,09:30:00,8,No collision and no object struck,7,Saturday,174,OUT OF CONTROL ON CARRIAGEWAY (ON STRAIGHT),1,773655,1,0,0,1,0,1,2,5,Not at intersection,3,60,Local Road,BAW BAW,-37.955856,146.40631,3825.0,True,Reservoir HS,123666.8
T20230020849,2023-06-09,12:51:00,2,Struck Pedestrian,4,Wednesday,108,PED STRUCK WALKING TO/FROM OR BOARDING/ALIGHTING VEHICLE.,1,791644,1,0,0,1,1,2,1,5,Not at intersection,3,80,Local Road,MILDURA,-34.211544,142.1837,3501.0,True,William Ruthven SC,463151.2
T20220005411,2022-10-03,10:50:00,1,Collision with vehicle,5,Thursday,110,CROSS TRAFFIC(INTERSECTIONS ONLY),1,42840,2,0,0,1,1,2,1,1,Cross intersection,3,60,Arterial Other,KINGSTON,-37.999233,145.09152,3195.0,True,Preston HS,29579.6
T20240009140,2023-09-04,14:25:00,2,Struck Pedestrian,0,Sunday,104,PED WALKING WITH TRAFFIC,1,801412,1,0,0,1,1,2,2,5,Not at intersection,3,50,Local Road,MANNINGHAM,-37.7784,145.16527,3109.0,True,Reservoir HS,13471.2
T20230010868,2023-09-05,14:48:00,2,Struck Pedestrian,3,Tuesday,102,FAR SIDE. PED HIT BY VEHICLE FROM THE LEFT,1,776317,1,0,0,1,1,2,2,5,Not at intersection,3,50,Local Road,BRIMBANK,-37.744373,144.80392,3021.0,True,Preston HS,17867.9