ACCIDENT_NO,ACCIDENT_DATE,ACCIDENT_TIME,ACCIDENT_TYPE,ACCIDENT_TYPE_DESC,DAY_OF_WEEK,DAY_WEEK_DESC,DCA_CODE,DCA_DESC,LIGHT_CONDITION,NODE_ID,NO_OF_VEHICLES,NO_PERSONS_KILLED,NO_PERSONS_INJ_2,NO_PERSONS_INJ_3,NO_PERSONS_NOT_INJ,NO_PERSONS,POLICE_ATTEND,ROAD_GEOMETRY,ROAD_GEOMETRY_DESC,SEVERITY,SPEED_ZONE,RMA,LGA_NAME,LATITUDE,LONGITUDE,POSTCODE_CRASH,PED_OR_CYC,nearest_school,dist_to_gate_m
T20250009302,2025-06-04,14:15:00,1,Collision with vehicle,1,Sunday,120,HEAD ON (NOT OVERTAKING),1,818057,2,0,1,0,3,4,1,5,Not at intersection,2,100,Local Road,MURRINDINDI,-37.37543,146.05821,3713.0,True,Reservoir HS,98563.0
T20250020769,2025-06-08,08:30:00,2,Struck Pedestrian,4,Wednesday,100,PED NEAR SIDE. PED HIT BY VEHICLE FROM THE RIGHT.,1,187525,1,0,0,1,1,2,1,1,Cross intersection,3,60,Arterial Highway,PORT PHILLIP,-37.835068,144.97113,3205.0,True,Preston HS,10852.6
T20250009101,2025-04-04,14:50:00,2,Struck Pedestrian,6,Friday,100,PED NEAR SIDE. PED HIT BY VEHICLE FROM THE RIGHT.,1,817046,1,0,0,1,1,2,1,5,Not at intersection,3,60,Arterial Other,BENDIGO,-36.749264,144.28448,3550.0,True,William Ruthven SC,123052.9
T20230015431,2023-04-07,04:15:00,2,Struck Pedestrian,3,Tuesday,103,PED PLAYING/LYING/WORKING/STANDING ON CARRIAGEWAY.,3,797234,1,0,1,0,1,2,1,5,Not at intersection,2,50,Local Road,MONASH,-37.86447,145.13416,3149.0,True,Preston HS,17634.5
T20240000387,2024-05-01,19:30:00,2,Struck Pedestrian,6,Friday,106,VEH STRIKES PED ON FOOTPATH/MEDIAN/TRAFFIC ISLAND.,1,795825,2,0,1,2,0,3,1,5,Not at intersection,2,40,Local Road,BALLARAT,-37.56194,143.85625,3350.0,True,William Ruthven SC,102088.8
T20220022176,2022-02-10,14:45:00,7,Fall from or in moving vehicle,1,Sunday,184,OUT OF CONTROL ON CARRIAGEWAY (ON BEND),1,756226,1,0,1,0,0,1,1,1,Cross intersection,2,80,Local Road,MOUNT ALEXANDER,-36.998207,144.27663,3453.0,True,William Ruthven SC,100758.1
T20210015372,2021-08-07,15:20:00,8,No collision and no object struck,5,Thursday,174,OUT OF CONTROL ON CARRIAGEWAY (ON STRAIGHT),1,687805,1,0,0,1,0,1,2,5,Not at intersection,3,80,Arterial Highway,DANDENONG,-37.943615,145.16815,3171.0,True,Preston HS,26534.5
T20210010684,2021-12-05,16:45:00,2,Struck Pedestrian,4,Wednesday,100,PED NEAR SIDE. PED HIT BY VEHICLE FROM THE RIGHT.,1,68517,1,0,0,2,1,3,1,2,T intersection,3,50,Arterial Other,MONASH,-37.885674,145.13605,3149.0,True,Preston HS,19611.4
T20250009763,2025-10-04,13:45:00,1,Collision with vehicle,4,Thursday,163,VEHICLE STRIKES DOOR OF PARKED/STATIONARY VEHICLE,9,817274,2,0,0,1,1,2,2,1,Cross intersection,3,999,Arterial Other,YARRA,-37.82529,144.9944,3121.0,True,Preston HS,9361.6
T20250006008,2025-05-03,15:15:00,2,Struck Pedestrian,4,Wednesday,101,PED EMERGES FROM IN FRONT OF PARKED OR STATIONARY VEHICLE,1,816418,1,0,1,0,1,2,1,5,Not at intersection,2,50,Local Road,DAREBIN,-37.697067,145.00346,3073.0,True,William Ruthven SC,71.7
T20250010783,2025-10-01,18:15:00,1,Collision with vehicle,6,Friday,132,RIGHT REAR.,1,53216,2,0,0,1,1,2,9,1,Cross intersection,3,60,Arterial Highway,MELBOURNE,-37.82386,144.96254,3006.0,True,Preston HS,9939.7
T20240020351,2024-09-08,11:45:00,2,Struck Pedestrian,6,Friday,100,PED NEAR SIDE. PED HIT BY VEHICLE FROM THE RIGHT.,1,808066,1,0,0,1,2,3,2,5,Not at intersection,3,40,Local Road,MOONEE VALLEY,-37.765636,144.92041,3039.0,True,Preston HS,8072.8
T20210003237,2021-12-02,11:15:00,8,No collision and no object struck,6,Friday,184,OUT OF CONTROL ON CARRIAGEWAY (ON BEND),1,677192,1,0,1,0,0,1,1,5,Not at intersection,2,50,Local Road,CARDINIA,-37.95681,145.70972,3783.0,True,Reservoir HS,65180.0
T20220002748,2022-08-02,16:59:00,4,Collision with a fixed object,2,Tuesday,171,LEFT OFF CARRIAGEWAY INTO OBJECT/PARKED VEHICLE,1,706061,1,0,1,0,0,1,1,5,Not at intersection,2,70,,NILLUMBIK,-37.665863,145.12422,3090.0,True,Reservoir HS,10446.3
T20250005440,2024-09-06,19:30:00,2,Struck Pedestrian,1,Sunday,106,VEH STRIKES PED ON FOOTPATH/MEDIAN/TRAFFIC ISLAND.,5,820144,1,0,0,1,1,2,1,5,Not at intersection,3,999,,GLENELG,-38.048054,141.0158,3292.0,True,Preston HS,351854.6
T20220020414,2022-09-09,20:00:00,1,Collision with vehicle,5,Friday,132,RIGHT REAR.,6,781813,2,0,0,1,1,2,2,1,Cross intersection,3,999,Arterial Other,YARRA,-37.78056,145.03224,3078.0,True,Preston HS,4853.4
T20230007783,2023-02-04,18:47:00,2,Struck Pedestrian,0,Sunday,108,PED STRUCK WALKING TO/FROM OR BOARDING/ALIGHTING VEHICLE.,6,765785,1,0,0,1,2,3,2,2,T intersection,3,60,Arterial Other,STONNINGTON,-37.839363,145.03233,3144.0,True,Preston HS,11083.6
T20250006808,2025-12-03,10:20:00,2,Struck Pedestrian,3,Wednesday,100,PED NEAR SIDE. PED HIT BY VEHICLE FROM THE RIGHT.,1,825230,1,0,1,0,1,2,1,1,Cross intersection,2,60,Arterial Other,WHITEHORSE,-37.852528,145.15201,3151.0,True,Preston HS,17719.6
T20230016712,2023-07-07,17:45:00,2,Struck Pedestrian,5,Friday,102,FAR SIDE. PED HIT BY VEHICLE FROM THE LEFT,2,777340,1,0,0,1,1,2,2,5,Not at intersection,3,50,Local Road,CASEY,-38.037933,145.35872,3806.0,True,Preston HS,45134.4
T20240003103,2024-08-02,07:41:00,1,Collision with vehicle,4,Thursday,110,CROSS TRAFFIC(INTERSECTIONS ONLY),1,61439,2,0,0,1,1,2,1,1,Cross intersection,3,50,Local Road,WHITTLESEA,-37.671257,145.02008,3075.0,True,William Ruthven SC,3188.3
T20220028087,2022-08-12,14:30:00,2,Struck Pedestrian,5,Thursday,100,PED NEAR SIDE. PED HIT BY VEHICLE FROM THE RIGHT.,1,741382,1,0,1,0,1,2,2,5,Not at intersection,2,999,Arterial Other,BOROONDARA,-37.801426,145.06241,3103.0,True,Preston HS,8230.4
T20250003021,2025-05-02,08:45:00,2,Struck Pedestrian,4,Wednesday,101,PED EMERGES FROM IN FRONT OF PARKED OR STATIONARY VEHICLE,1,814790,1,0,0,1,1,2,1,5,Not at intersection,3,50,Local Road,BAYSIDE,-37.905113,145.01244,3187.0,True,Preston HS,18176.7
T20230008102,2023-06-04,06:11:00,1,Collision with vehicle,5,Thursday,160,VEHICLE COLLIDES WITH VEHICLE PARKED ON LEFT OF ROAD,9,783159,2,0,0,1,1,2,2,5,Not at intersection,3,60,Local Road,BALLARAT,-37.55497,143.88103,3350.0,True,William Ruthven SC,100054.3
T20230020527,2023-02-09,14:26:00,1,Collision with vehicle,7,Saturday,113,RIGHT NEAR (INTERSECTIONS ONLY),1,36737,2,0,1,0,4,5,1,2,T intersection,2,80,Arterial Highway,DANDENONG,-37.941467,145.16606,3171.0,True,Preston HS,26234.7
T20220012411,2022-01-06,16:30:00,2,Struck Pedestrian,4,Wednesday,100,PED NEAR SIDE. PED HIT BY VEHICLE FROM THE RIGHT.,1,715098,1,0,1,0,1,2,1,2,T intersection,2,50,Local Road,WHITEHORSE,-37.831932,145.10483,3127.0,True,Preston HS,13207.0
T20250003567,2025-10-02,08:00:00,2,Struck Pedestrian,2,Monday,100,PED NEAR SIDE. PED HIT BY VEHICLE FROM THE RIGHT.,1,816585,1,0,0,1,1,2,2,2,T intersection,3,40,Local Road,BOROONDARA,-37.796566,145.03969,3101.0,True,Preston HS,6739.9
T20240030788,2024-01-12,20:19:00,6,Vehicle overturned (no collision),0,Sunday,174,OUT OF CONTROL ON CARRIAGEWAY (ON STRAIGHT),3,811815,1,0,1,0,0,1,1,2,T intersection,2,50,Local Road,BAYSIDE,-37.92605,144.99446,3186.0,True,Preston HS,20528.8
T20220014197,2022-11-05,15:13:00,1,Collision with vehicle,3,Wednesday,137,LEFT TURN SIDESWIPE,1,781905,2,0,0,1,1,2,1,1,Cross intersection,3,50,Local Road,MARIBYRNONG,-37.81441,144.89717,3013.0,True,Preston HS,12598.0
T20220010009,2022-04-05,14:30:00,1,Collision with vehicle,4,Wednesday,163,VEHICLE STRIKES DOOR OF PARKED/STATIONARY VEHICLE,1,711529,2,0,0,1,1,2,1,5,Not at intersection,3,50,Local Road,DAREBIN,-37.70441,144.99054,3073.0,True,William Ruthven SC,1402.0
T20250021276,2025-09-08,13:00:00,6,Vehicle overturned (no collision),7,Saturday,151,OUT OF CONTROL (OVERTAKING),9,821156,1,0,0,1,0,1,2,5,Not at intersection,3,999,Local Road,MILDURA,-35.603703,141.3196,3490.0,True,William Ruthven SC,402601.3
T20230029566,2023-08-12,23:00:00,1,Collision with vehicle,6,Friday,111,RIGHT FAR (INTERSECTIONS ONLY),6,37025,2,0,0,1,1,2,2,2,T intersection,3,999,Arterial Other,YARRA,-37.809044,144.98566,3066.0,True,Preston HS,7721.8
T20240023153,2024-10-09,06:00:00,3,Struck animal,3,Tuesday,167,STRUCK ANIMAL,5,808471,1,0,1,0,0,1,2,5,Not at intersection,2,80,Local Road,MELTON,-37.67864,144.53235,3337.0,True,William Ruthven SC,41461.6
T20240033412,2024-10-12,12:30:00,6,Vehicle overturned (no collision),3,Tuesday,174,OUT OF CONTROL ON CARRIAGEWAY (ON STRAIGHT),1,813030,1,0,1,0,0,1,2,5,Not at intersection,2,999,Local Road,GOLDEN PLAINS,-37.69365,143.6918,3351.0,True,William Ruthven SC,115365.7
T20250000818,2025-11-01,08:22:00,1,Collision with vehicle,6,Saturday,147,VEHICLE STRIKES ANOTHER VEH WHILE EMERGING FROM DRIVEWAY,1,813660,2,0,0,1,2,3,1,5,Not at intersection,3,50,Local Road,BAW BAW,-38.1308,145.85349,3818.0,True,Reservoir HS,85362.4
T20230009462,2023-06-04,14:55:00,2,Struck Pedestrian,4,Thursday,100,PED NEAR SIDE. PED HIT BY VEHICLE FROM THE RIGHT.,1,39094,1,0,0,1,1,2,2,1,Cross intersection,3,999,Arterial Other,BOROONDARA,-37.825726,145.06503,3124.0,True,Preston HS,10640.2
T20230026327,2023-10-11,09:30:00,1,Collision with vehicle,6,Friday,121,RIGHT THROUGH,1,64640,2,0,1,0,1,2,1,2,T intersection,2,50,Local Road,MAROONDAH,-37.78546,145.26685,3136.0,True,Reservoir HS,22021.8
T20230005626,2023-09-03,08:33:00,1,Collision with vehicle,5,Thursday,121,RIGHT THROUGH,1,36216,2,0,1,0,1,2,1,1,Cross intersection,2,50,Local Road,MELBOURNE,-37.803925,144.95746,3051.0,True,Preston HS,8179.9
T20230010435,2023-04-05,12:30:00,1,Collision with vehicle,5,Thursday,147,VEHICLE STRIKES ANOTHER VEH WHILE EMERGING FROM DRIVEWAY,1,773918,2,0,1,0,1,2,1,5,Not at intersection,2,40,Local Road,GLEN EIRA,-37.88389,144.99791,3185.0,True,Preston HS,15831.4
T20240008346,2024-03-04,09:05:00,1,Collision with vehicle,4,Wednesday,110,CROSS TRAFFIC(INTERSECTIONS ONLY),1,55512,2,0,0,1,1,2,1,1,Cross intersection,3,60,Local Road,MORNINGTON PENINSULA,-38.246277,145.04597,3934.0,True,Preston HS,56209.7
T20210000547,2021-09-01,12:00:00,2,Struck Pedestrian,7,Saturday,103,PED PLAYING/LYING/WORKING/STANDING ON CARRIAGEWAY.,1,676498,1,0,0,1,3,4,1,5,Not at intersection,3,50,Local Road,MONASH,-37.904297,145.19217,3150.0,True,Preston HS,24313.0
T20250017923,2025-05-07,20:30:00,1,Collision with vehicle,6,Saturday,133,LANE SIDE SWIPE (VEHICLES IN PARALLEL LANES),3,37429,2,0,0,1,1,2,2,2,T intersection,3,60,Arterial Other,PORT PHILLIP,-37.845314,144.94348,3206.0,True,Preston HS,12805.9
T20220013147,2022-10-06,17:56:00,2,Struck Pedestrian,6,Friday,100,PED NEAR SIDE. PED HIT BY VEHICLE FROM THE RIGHT.,3,45556,1,0,1,0,1,2,1,2,T intersection,2,60,Arterial Other,MORELAND,-37.775692,144.94879,3055.0,True,Preston HS,6368.9
T20250014665,2025-01-06,13:00:00,1,Collision with vehicle,0,Sunday,135,LANE CHANGE LEFT (NOT OVERTAKING),1,818928,2,0,0,1,2,3,1,5,Not at intersection,3,50,Local Road,MOIRA,-35.915115,145.64696,3644.0,True,William Ruthven SC,206213.9
T20220027184,2021-12-04,22:20:00,4,Collision with a fixed object,1,Monday,146,REVERSING INTO FIXED OBJECT/PARKED VEHICLE,3,780847,1,0,0,1,1,2,1,5,Not at intersection,3,50,Local Road,WYNDHAM,-37.87751,144.6966,3029.0,True,Preston HS,31178.6
T20240003868,2024-06-02,14:20:00,6,Vehicle overturned (no collision),3,Tuesday,184,OUT OF CONTROL ON CARRIAGEWAY (ON BEND),1,798307,2,0,0,1,1,2,2,5,Not at intersection,3,80,Arterial Other,NILLUMBIK,-37.57902,145.28798,3761.0,True,Reservoir HS,27792.6
T20240002988,2024-06-02,17:45:00,5,collision with some other object,3,Tuesday,166,STRUCK OBJECT ON CARRIAGEWAY,1,797710,1,0,1,0,0,1,1,5,Not at intersection,2,100,Local Road,LODDON,-36.751526,143.93428,3551.0,True,William Ruthven SC,141404.8
T20230029461,2023-05-12,14:35:00,2,Struck Pedestrian,3,Tuesday,107,PED ON FOOTHPATH STRUCK BY VEHENTERING/LEAVING DRIVEWAY.,1,792192,1,0,1,0,1,2,1,5,Not at intersection,2,50,Local Road,STONNINGTON,-37.840164,145.03313,3144.0,True,Preston HS,11185.1
T20240003631,2024-12-02,22:46:00,1,Collision with vehicle,2,Monday,163,VEHICLE STRIKES DOOR OF PARKED/STATIONARY VEHICLE,9,814263,2,0,0,1,1,2,2,5,Not at intersection,3,999,Local Road,YARRA,-37.800014,144.98409,3066.0,True,Preston HS,6792.3
T20250009997,2025-11-04,23:30:00,2,Struck Pedestrian,6,Friday,109,ANY MANOEUVRE INVOLVING PED NOT INCLUDED IN DCAs 100-108.,9,817321,1,0,1,0,1,2,2,5,Not at intersection,2,50,Local Road,BRIMBANK,-37.747875,144.79834,3021.0,True,Preston HS,18368.4
T20230003340,2023-09-02,10:30:00,1,Collision with vehicle,5,Thursday,121,RIGHT THROUGH,1,753784,2,0,1,1,0,2,1,5,Not at intersection,2,50,Local Road,BRIMBANK,-37.75224,144.77449,3023.0,True,Preston HS,20485.6
T20250003536,2025-08-02,13:30:00,6,Vehicle overturned (no collision),7,Saturday,174,OUT OF CONTROL ON CARRIAGEWAY (ON STRAIGHT),1,815010,1,0,1,0,0,1,2,2,T intersection,2,999,Local Road,MURRINDINDI,-37.443638,145.47806,3717.0,True,Reservoir HS,50237.8
T20250017395,2025-05-05,18:00:00,8,No collision and no object struck,2,Monday,174,OUT OF CONTROL ON CARRIAGEWAY (ON STRAIGHT),1,819756,1,0,0,1,0,1,2,2,T intersection,3,50,Local Road,HUME,-37.686485,144.9107,3047.0,True,William Ruthven SC,8197.2
T20250003395,2025-08-02,13:20:00,1,Collision with vehicle,7,Saturday,169,OTHER ON PATH,1,814867,4,0,4,0,0,4,1,5,Not at intersection,2,100,Arterial Highway,MOYNE,-38.591892,142.85385,3270.0,True,Preston HS,210640.8
T20250003391,2025-08-02,14:45:00,1,Collision with vehicle,7,Saturday,148,VEHICLE OFF FOOTPATH STRIKES VEH ON CARRIAGEWAY,1,815046,2,0,0,1,1,2,2,5,Not at intersection,3,40,Arterial Other,MORNINGTON PENINSULA,-38.222767,145.04059,3931.0,True,Preston HS,53572.7
T20230010920,2023-07-05,14:15:00,1,Collision with vehicle,1,Sunday,163,VEHICLE STRIKES DOOR OF PARKED/STATIONARY VEHICLE,1,775837,3,0,0,1,1,2,2,5,Not at intersection,3,40,Local Road,YARRA,-37.802624,144.98364,3066.0,True,Preston HS,7081.3
T20240000398,2024-06-01,14:30:00,1,Collision with vehicle,7,Saturday,121,RIGHT THROUGH,1,795322,3,0,0,1,2,3,1,2,T intersection,3,60,Arterial Highway,KINGSTON,-38.029232,145.10301,3195.0,True,Preston HS,33061.5
T20240012025,2024-07-03,12:45:00,1,Collision with vehicle,5,Thursday,137,LEFT TURN SIDESWIPE,1,804533,2,0,0,1,1,2,2,5,Not at intersection,3,60,Arterial Highway,SHEPPARTON,-36.386536,145.42567,3630.0,True,William Ruthven SC,150418.6
T20240011263,2024-03-05,08:00:00,6,Vehicle overturned (no collision),6,Friday,149,OTHER MANOEUVRING NOT INCLUDED IN DCAs 140-148,1,41244,1,0,0,1,0,1,2,2,T intersection,3,60,Arterial Other,MORELAND,-37.72131,144.92122,3046.0,True,William Ruthven SC,7702.5
T20250001634,2024-03-10,14:30:00,6,Vehicle overturned (no collision),5,Thursday,174,OUT OF CONTROL ON CARRIAGEWAY (ON STRAIGHT),1,814784,1,0,0,1,0,1,2,5,Not at intersection,3,999,Local Road,DAREBIN,-37.75136,145.01047,3072.0,True,Preston HS,1114.3
T20230027457,2023-04-11,15:30:00,8,No collision and no object struck,7,Saturday,189,OTHER ACCIDENTS ON CURVE NOT INCLUDED IN DCAs 180-184,1,788404,1,0,1,0,0,1,2,5,Not at intersection,2,80,Local Road,LODDON,-36.81466,143.83972,3551.0,True,William Ruthven SC,142179.1
T20250006451,2025-09-03,17:35:00,8,No collision and no object struck,1,Sunday,170,OFF CARRIAGEWAY TO LEFT,1,816290,1,0,0,1,0,1,1,5,Not at intersection,3,100,Arterial Other,GLENELG,-37.578457,141.38042,3311.0,True,William Ruthven SC,319232.6
T20250000590,2025-08-01,14:30:00,1,Collision with vehicle,4,Wednesday,130,REAR END(VEHICLES IN SAME LANE),1,813558,2,0,1,0,1,2,1,5,Not at intersection,2,80,Arterial Other,HOBSONS BAY,-37.84591,144.79906,3018.0,True,Preston HS,21643.4
T20240006021,2024-09-03,16:17:00,4,Collision with a fixed object,7,Saturday,189,OTHER ACCIDENTS ON CURVE NOT INCLUDED IN DCAs 180-184,1,29379,1,0,1,0,0,1,1,2,T intersection,2,80,Freeway,BRIMBANK,-37.67635,144.77084,3037.0,True,William Ruthven SC,20551.3
T20250005594,2025-01-03,20:20:00,1,Collision with vehicle,7,Saturday,142,LEAVING PARKING,3,818866,2,0,0,1,1,2,2,5,Not at intersection,3,60,Local Road,STONNINGTON,-37.84932,144.99374,3181.0,True,Preston HS,12024.2
T20240011214,2024-03-05,17:43:00,1,Collision with vehicle,6,Friday,147,VEHICLE STRIKES ANOTHER VEH WHILE EMERGING FROM DRIVEWAY,3,803881,1,0,0,1,1,2,1,5,Not at intersection,3,70,Arterial Highway,MONASH,-37.886192,145.16473,3150.0,True,Preston HS,21210.4
T20250000801,2025-10-01,22:30:00,6,Vehicle overturned (no collision),5,Friday,184,OUT OF CONTROL ON CARRIAGEWAY (ON BEND),6,813618,1,0,0,1,0,1,9,5,Not at intersection,3,999,Local Road,MORNINGTON PENINSULA,-38.18301,145.08821,3930.0,True,Preston HS,49583.9
T20250017632,2025-03-07,08:20:00,1,Collision with vehicle,5,Thursday,110,CROSS TRAFFIC(INTERSECTIONS ONLY),1,659804,2,0,1,0,1,2,1,1,Cross intersection,2,40,Local Road,YARRA,-37.814453,145.00774,3121.0,True,Preston HS,8090.0
T20250021786,2025-11-08,11:00:00,2,Struck Pedestrian,1,Monday,102,FAR SIDE. PED HIT BY VEHICLE FROM THE LEFT,1,822947,1,0,0,1,1,2,2,5,Not at intersection,3,999,Local Road,MARIBYRNONG,-37.77289,144.88692,3032.0,True,Preston HS,11119.9
T20240028151,2024-05-11,16:40:00,1,Collision with vehicle,3,Tuesday,148,VEHICLE OFF FOOTPATH STRIKES VEH ON CARRIAGEWAY,1,810536,2,0,1,0,1,2,2,1,Cross intersection,2,80,Arterial Other,CARDINIA,-38.06298,145.43741,3809.0,True,Preston HS,51977.8
T20230021378,2023-08-09,11:40:00,8,No collision and no object struck,5,Friday,149,OTHER MANOEUVRING NOT INCLUDED IN DCAs 140-148,1,39914,1,0,0,1,0,1,2,1,Cross intersection,3,999,Local Road,HOBSONS BAY,-37.868362,144.83043,3018.0,True,Preston HS,20958.9
T20220006065,2022-10-03,09:15:00,8,No collision and no object struck,4,Thursday,179,OTHER ACCIDENTS-OFF STRAIGHT NOT INCLUDED IN DCAs 170-175,1,731453,2,0,0,1,1,2,1,5,Not at intersection,3,60,Arterial Highway,YARRA,-37.797176,144.99341,3067.0,True,Preston HS,6284.9
T20210003153,2021-11-02,11:18:00,1,Collision with vehicle,4,Thursday,121,RIGHT THROUGH,1,41106,2,0,1,0,1,2,1,1,Cross intersection,2,60,Arterial Other,BAYSIDE,-37.903812,144.98842,3186.0,True,Preston HS,18100.5
T20220008107,2022-10-04,12:30:00,6,Vehicle overturned (no collision),0,Sunday,174,OUT OF CONTROL ON CARRIAGEWAY (ON STRAIGHT),1,709310,1,0,0,1,0,1,2,5,Not at intersection,3,999,,MOORABOOL,-37.678024,144.04842,3352.0,True,William Ruthven SC,84022.4
T20230003581,2023-11-02,07:50:00,1,Collision with vehicle,7,Saturday,147,VEHICLE STRIKES ANOTHER VEH WHILE EMERGING FROM DRIVEWAY,1,754451,2,0,0,1,1,2,2,5,Not at intersection,3,50,Local Road,HOBSONS BAY,-37.87117,144.83441,3018.0,True,Preston HS,20914.8
T20250000007,2025-01-01,01:22:00,2,Struck Pedestrian,3,Wednesday,100,PED NEAR SIDE. PED HIT BY VEHICLE FROM THE RIGHT.,3,813743,1,0,1,0,2,3,1,5,Not at intersection,2,60,Arterial Highway,CAMPASPE,-36.44685,144.98892,3623.0,True,William Ruthven SC,138964.8
T20220010430,2022-09-05,13:45:00,8,No collision and no object struck,2,Monday,174,OUT OF CONTROL ON CARRIAGEWAY (ON STRAIGHT),1,711991,1,0,0,1,0,1,1,5,Not at intersection,3,80,,GEELONG,-38.010555,144.41542,3212.0,True,Preston HS,59922.0
T20220028446,2022-11-12,14:50:00,6,Vehicle overturned (no collision),1,Sunday,174,OUT OF CONTROL ON CARRIAGEWAY (ON STRAIGHT),1,741929,1,0,0,1,0,1,1,5,Not at intersection,3,40,Arterial Other,YARRA,-37.81108,145.00581,3121.0,True,Preston HS,7715.5
T20220024918,2022-05-11,10:16:00,4,Collision with a fixed object,7,Saturday,183,OFF LEFT BEND INTO OBJECT/PARKED VEHICLE,1,269633,1,0,1,0,0,1,1,5,Not at intersection,2,100,Arterial Highway,EAST GIPPSLAND,-37.47456,147.83304,3893.0,True,Reservoir HS,248524.8
T20240022396,2024-03-09,05:34:00,2,Struck Pedestrian,3,Tuesday,102,FAR SIDE. PED HIT BY VEHICLE FROM THE LEFT,3,226511,1,0,1,0,1,2,1,1,Cross intersection,2,70,Arterial Highway,BANYULE,-37.69478,145.0604,3083.0,True,Reservoir HS,4107.2
T20220020639,2022-12-09,18:29:00,2,Struck Pedestrian,2,Monday,102,FAR SIDE. PED HIT BY VEHICLE FROM THE LEFT,3,740286,1,0,1,0,1,2,1,5,Not at intersection,2,60,Local Road,GLEN EIRA,-37.869488,145.02425,3161.0,True,Preston HS,14289.0
T20240003461,2024-09-02,08:20:00,2,Struck Pedestrian,6,Friday,108,PED STRUCK WALKING TO/FROM OR BOARDING/ALIGHTING VEHICLE.,1,798200,2,0,0,1,1,2,2,1,Cross intersection,3,999,Local Road,MORELAND,-37.73592,144.97061,3058.0,True,Preston HS,3272.4
T20220026561,2022-09-01,14:00:00,5,collision with some other object,1,Sunday,199,UNKNOWN-NO DETAILS ON MANOEUVRES OF ROAD-USERS IN ACCIDENT,1,781707,1,0,0,1,0,1,2,5,Not at intersection,3,888,,MANSFIELD,-37.208866,146.55539,3723.0,True,Reservoir HS,146282.8
T20240019401,2023-06-12,00:30:00,1,Collision with vehicle,4,Wednesday,130,REAR END(VEHICLES IN SAME LANE),6,807694,2,0,0,1,1,2,1,2,T intersection,3,50,Local Road,MORNINGTON PENINSULA,-38.37315,144.86879,3940.0,True,Preston HS,71250.6
T20240007381,2024-11-03,11:00:00,1,Collision with vehicle,2,Monday,113,RIGHT NEAR (INTERSECTIONS ONLY),1,51270,2,0,0,1,1,2,2,2,T intersection,3,60,Local Road,SHEPPARTON,-36.366158,145.39832,3630.0,True,William Ruthven SC,152036.6
T20240031747,2024-11-12,11:23:00,1,Collision with vehicle,3,Wednesday,121,RIGHT THROUGH,1,41159,2,0,0,1,1,2,1,1,Cross intersection,3,60,Arterial Other,BAYSIDE,-37.898327,144.99431,3186.0,True,Preston HS,17452.3
T20210022482,2021-07-11,11:55:00,8,No collision and no object struck,1,Sunday,174,OUT OF CONTROL ON CARRIAGEWAY (ON STRAIGHT),1,696536,2,0,1,0,1,2,1,1,Cross intersection,2,60,Arterial Other,YARRA,-37.790627,144.97977,3068.0,True,Preston HS,5947.2
T20240011559,2024-07-05,12:00:00,1,Collision with vehicle,3,Tuesday,147,VEHICLE STRIKES ANOTHER VEH WHILE EMERGING FROM DRIVEWAY,1,313797,2,0,1,0,1,2,1,5,Not at intersection,2,50,Local Road,GLEN EIRA,-37.91838,145.03418,3204.0,True,Preston HS,19789.4
T20210015186,2021-10-07,11:53:00,1,Collision with vehicle,6,Saturday,121,RIGHT THROUGH,1,40443,2,0,0,1,1,2,1,4,Multiple intersection,3,40,Arterial Other,STONNINGTON,-37.860073,145.05707,3146.0,True,Preston HS,13875.4
T20250015562,2025-11-06,09:06:00,2,Struck Pedestrian,3,Wednesday,102,FAR SIDE. PED HIT BY VEHICLE FROM THE LEFT,1,825386,1,0,1,0,1,2,1,1,Cross intersection,2,50,Local Road,MORNINGTON PENINSULA,-38.30771,145.19043,3915.0,True,Preston HS,64953.8
T20210018855,2021-08-09,09:28:00,2,Struck Pedestrian,4,Wednesday,107,PED ON FOOTHPATH STRUCK BY VEHENTERING/LEAVING DRIVEWAY.,1,692312,1,0,0,1,1,2,2,5,Not at intersection,3,999,,DAREBIN,-37.714252,145.00272,3073.0,True,William Ruthven SC,1969.6
T20210010198,2021-06-05,16:35:00,2,Struck Pedestrian,5,Thursday,100,PED NEAR SIDE. PED HIT BY VEHICLE FROM THE RIGHT.,1,683018,1,0,0,1,1,2,1,5,Not at intersection,3,50,Local Road,FRANKSTON,-38.146355,145.16896,3199.0,True,Preston HS,47181.1
T20220002884,2022-09-02,17:45:00,6,Vehicle overturned (no collision),3,Wednesday,174,OUT OF CONTROL ON CARRIAGEWAY (ON STRAIGHT),1,776872,1,0,1,0,0,1,2,2,T intersection,2,60,Arterial Other,MAROONDAH,-37.783524,145.27393,3136.0,True,Reservoir HS,22547.2
T20240003287,2024-05-02,13:10:00,1,Collision with vehicle,2,Monday,147,VEHICLE STRIKES ANOTHER VEH WHILE EMERGING FROM DRIVEWAY,1,798045,2,0,0,1,1,2,1,5,Not at intersection,3,999,Arterial Highway,MARIBYRNONG,-37.808445,144.90303,3011.0,True,Preston HS,11779.0
T20240020234,2024-09-08,17:20:00,1,Collision with vehicle,6,Friday,132,RIGHT REAR.,3,809113,2,0,0,1,1,2,1,2,T intersection,3,60,Arterial Other,MONASH,-37.86925,145.12329,3149.0,True,Preston HS,17474.4