ACCIDENT_NO,ACCIDENT_DATE,ACCIDENT_TIME,ACCIDENT_TYPE,ACCIDENT_TYPE_DESC,DAY_OF_WEEK,DAY_WEEK_DESC,DCA_CODE,DCA_DESC,LIGHT_CONDITION,NODE_ID,NO_OF_VEHICLES,NO_PERSONS_KILLED,NO_PERSONS_INJ_2,NO_PERSONS_INJ_3,NO_PERSONS_NOT_INJ,NO_PERSONS,POLICE_ATTEND,ROAD_GEOMETRY,ROAD_GEOMETRY_DESC,SEVERITY,SPEED_ZONE,RMA,LGA_NAME,LATITUDE,LONGITUDE,POSTCODE_CRASH,PED_OR_CYC,nearest_school,dist_to_gate_m
T20230010654,2023-06-05,18:42:00,2,Struck Pedestrian,6,Saturday,100,PED NEAR SIDE. PED HIT BY VEHICLE FROM THE RIGHT.,3,36987,1,0,0,2,1,3,1,2,T intersection,3,40,Local Road,MELBOURNE,-37.81136,144.97305,3002.0,True,Preston HS,8303.8
T20240022620,2024-05-09,11:30:00,1,Collision with vehicle,5,Thursday,111,RIGHT FAR (INTERSECTIONS ONLY),1,809179,2,1,0,0,1,2,1,2,T intersection,1,50,Local Road,YARRA RANGES,-37.74991,145.67662,3799.0,True,Reservoir HS,56996.7
T20220008053,2022-10-04,23:00:00,4,Collision with a fixed object,0,Sunday,181,OFF RIGHT BEND INTO OBJECT/PARKED VEHICLE,5,755718,1,0,1,0,0,1,1,5,Not at intersection,2,60,Arterial Other,MORNINGTON PENINSULA,-38.288067,144.9904,3934.0,True,Preston HS,60770.9
T20220002890,2022-10-02,13:10:00,8,No collision and no object struck,4,Thursday,170,OFF CARRIAGEWAY TO LEFT,1,705753,2,0,0,1,1,2,1,5,Not at intersection,3,60,Local Road,MONASH,-37.90068,145.09564,3166.0,True,Preston HS,19312.8
T20230025759,2023-03-11,16:20:00,2,Struck Pedestrian,6,Friday,101,PED EMERGES FROM IN FRONT OF PARKED OR STATIONARY VEHICLE,1,785389,1,0,1,0,1,2,1,5,Not at intersection,2,40,Local Road,WHITTLESEA,-37.653267,145.07896,3082.0,True,William Ruthven SC,8237.5
T20220012804,2022-04-06,13:15:00,2,Struck Pedestrian,7,Saturday,100,PED NEAR SIDE. PED HIT BY VEHICLE FROM THE RIGHT.,1,735561,1,0,1,0,1,2,2,1,Cross intersection,2,50,Arterial Other,WHITEHORSE,-37.801693,145.12688,3129.0,True,Reservoir HS,12295.1
T20210000668,2021-10-01,11:30:00,4,Collision with a fixed object,1,Sunday,171,LEFT OFF CARRIAGEWAY INTO OBJECT/PARKED VEHICLE,1,672733,1,0,1,0,0,1,2,5,Not at intersection,2,999,Local Road,MITCHELL,-37.354088,145.10687,3658.0,True,William Ruthven SC,39165.4
T20240031591,2024-09-12,19:35:00,1,Collision with vehicle,2,Monday,148,VEHICLE OFF FOOTPATH STRIKES VEH ON CARRIAGEWAY,1,812804,2,0,0,1,1,2,2,5,Not at intersection,3,60,Arterial Other,YARRA,-37.784798,145.00258,3068.0,True,Preston HS,4808.7
T20240000342,2023-03-12,10:45:00,4,Collision with a fixed object,1,Sunday,183,OFF LEFT BEND INTO OBJECT/PARKED VEHICLE,1,796174,2,0,0,1,1,2,2,5,Not at intersection,3,40,,ALPINE,-36.714355,146.78719,3740.0,True,Reservoir HS,191803.2
T20250012506,2025-10-05,11:52:00,2,Struck Pedestrian,7,Saturday,100,PED NEAR SIDE. PED HIT BY VEHICLE FROM THE RIGHT.,1,818498,1,0,1,0,1,2,1,2,T intersection,2,50,Local Road,WHITTLESEA,-37.636913,145.0297,3076.0,True,William Ruthven SC,7034.7
T20210025364,2021-11-12,13:30:00,4,Collision with a fixed object,7,Saturday,181,OFF RIGHT BEND INTO OBJECT/PARKED VEHICLE,1,735363,1,0,1,0,0,1,1,5,Not at intersection,2,50,,SURF COAST,-38.380146,144.06108,3241.0,True,Preston HS,109084.4
T20240012089,2024-08-05,09:30:00,1,Collision with vehicle,3,Wednesday,110,CROSS TRAFFIC(INTERSECTIONS ONLY),1,43340,2,0,0,1,1,2,2,1,Cross intersection,3,60,Arterial Other,KINGSTON,-38.06797,145.14511,3197.0,True,Preston HS,38246.9
T20240014017,2024-01-06,16:34:00,1,Collision with vehicle,7,Saturday,113,RIGHT NEAR (INTERSECTIONS ONLY),1,42033,2,0,0,1,1,2,1,2,T intersection,3,60,Arterial Other,BAYSIDE,-37.947025,145.00076,3191.0,True,Preston HS,22837.9
T20240028880,2024-12-11,22:17:00,1,Collision with vehicle,2,Tuesday,131,LEFT REAR,3,40030,2,0,0,1,1,2,1,1,Cross intersection,3,60,Arterial Other,MELBOURNE,-37.83243,144.91212,3207.0,True,Preston HS,13093.8
T20220002442,2022-05-02,08:40:00,2,Struck Pedestrian,7,Saturday,100,PED NEAR SIDE. PED HIT BY VEHICLE FROM THE RIGHT.,1,703729,1,0,0,2,1,3,1,2,T intersection,3,40,Arterial Other,GLEN EIRA,-37.91804,145.03534,3204.0,True,Preston HS,19764.3
T20230008023,2023-02-04,12:00:00,4,Collision with a fixed object,1,Sunday,183,OFF LEFT BEND INTO OBJECT/PARKED VEHICLE,1,769381,1,0,1,0,0,1,2,5,Not at intersection,2,999,,MURRINDINDI,-37.313667,145.92706,3713.0,True,Reservoir HS,91287.0
T20230015374,2023-03-07,13:37:00,1,Collision with vehicle,2,Monday,140,U TURN,1,795975,2,0,1,0,1,2,1,2,T intersection,2,60,Arterial Other,YARRA RANGES,-37.6724,145.51054,3777.0,True,Reservoir HS,42695.7
T20240019806,2024-05-08,18:09:00,2,Struck Pedestrian,1,Monday,102,FAR SIDE. PED HIT BY VEHICLE FROM THE LEFT,3,73402,1,0,1,0,1,2,1,1,Cross intersection,2,50,Local Road,SURF COAST,-38.326717,144.32367,3228.0,True,Preston HS,88398.4
T20210002993,2021-09-02,18:00:00,1,Collision with vehicle,3,Tuesday,130,REAR END(VEHICLES IN SAME LANE),1,675360,2,0,0,1,2,3,1,5,Not at intersection,3,60,Arterial Other,BAYSIDE,-37.984715,145.02422,3193.0,True,Preston HS,27063.8
T20210022919,2021-12-11,17:05:00,1,Collision with vehicle,6,Friday,121,RIGHT THROUGH,1,780043,2,0,0,1,2,3,1,2,T intersection,3,80,Local Road,GLENELG,-38.320953,141.56451,3305.0,True,Preston HS,308302.9
T20240019524,2024-02-08,08:03:00,1,Collision with vehicle,6,Friday,159,OTHER OVERTAKING MANOEUVRES NOT INCLUDED IN DCAs 150-154,1,807965,2,0,0,1,1,2,2,5,Not at intersection,3,999,Local Road,MELBOURNE,-37.822803,144.96411,3006.0,True,Preston HS,9777.6
T20210005448,2021-12-03,08:12:00,1,Collision with vehicle,6,Friday,148,VEHICLE OFF FOOTPATH STRIKES VEH ON CARRIAGEWAY,1,680182,2,0,1,0,1,2,1,2,T intersection,2,999,Local Road,MILDURA,-34.205677,142.135,3500.0,True,William Ruthven SC,466113.5
T20210002987,2021-07-02,13:45:00,8,No collision and no object struck,1,Sunday,184,OUT OF CONTROL ON CARRIAGEWAY (ON BEND),1,675359,1,0,0,1,0,1,2,5,Not at intersection,3,60,Local Road,COLAC OTWAY,-38.77302,143.4303,3238.0,True,Preston HS,179176.1
T20240009200,2024-12-04,06:10:00,2,Struck Pedestrian,6,Friday,100,PED NEAR SIDE. PED HIT BY VEHICLE FROM THE RIGHT.,2,42520,1,0,1,0,1,2,1,1,Cross intersection,2,60,Arterial Other,MORELAND,-37.732513,144.94955,3044.0,True,Preston HS,5162.8
T20220022218,2022-03-10,09:12:00,1,Collision with vehicle,2,Monday,147,VEHICLE STRIKES ANOTHER VEH WHILE EMERGING FROM DRIVEWAY,1,727282,2,0,1,0,1,2,1,5,Not at intersection,2,50,Local Road,BAYSIDE,-37.926353,145.01305,3187.0,True,Preston HS,20539.1
T20250021082,2025-09-08,13:00:00,1,Collision with vehicle,7,Saturday,121,RIGHT THROUGH,1,45633,2,0,1,0,3,4,1,2,T intersection,2,40,Arterial Other,MORELAND,-37.77383,144.96098,3056.0,True,Preston HS,5404.0
T20210016549,2021-10-07,11:40:00,1,Collision with vehicle,7,Saturday,132,RIGHT REAR.,1,692846,2,0,1,0,1,2,9,1,Cross intersection,2,80,Arterial Other,WYNDHAM,-37.844086,144.78204,3026.0,True,Preston HS,22818.9
T20230020856,2023-06-09,11:47:00,1,Collision with vehicle,3,Wednesday,163,VEHICLE STRIKES DOOR OF PARKED/STATIONARY VEHICLE,1,80905,2,0,0,1,1,2,1,5,Not at intersection,3,40,Arterial Other,STONNINGTON,-37.84682,144.9938,3141.0,True,Preston HS,11747.1
T20250004340,2025-06-02,13:50:00,1,Collision with vehicle,4,Thursday,163,VEHICLE STRIKES DOOR OF PARKED/STATIONARY VEHICLE,1,818181,3,0,0,1,2,3,1,5,Not at intersection,3,50,Local Road,CARDINIA,-38.07864,145.48282,3810.0,True,Preston HS,56084.7
T20230021368,2023-04-09,17:00:00,1,Collision with vehicle,2,Monday,133,LANE SIDE SWIPE (VEHICLES IN PARALLEL LANES),2,790148,2,0,0,1,1,2,2,5,Not at intersection,3,60,Local Road,BRIMBANK,-37.757973,144.79225,3023.0,True,Preston HS,18976.3
T20240009372,2024-10-04,15:00:00,8,No collision and no object struck,4,Wednesday,184,OUT OF CONTROL ON CARRIAGEWAY (ON BEND),1,804524,1,0,1,0,0,1,2,5,Not at intersection,2,100,Local Road,EAST GIPPSLAND,-37.251907,147.7985,3896.0,True,Reservoir HS,249851.3
T20240029659,2024-04-11,15:00:00,8,No collision and no object struck,2,Monday,184,OUT OF CONTROL ON CARRIAGEWAY (ON BEND),1,811262,1,0,0,1,0,1,2,3,Y intersection,3,999,Local Road,MANSFIELD,-37.21123,146.5089,3723.0,True,Reservoir HS,142407.4
T20210007720,2021-07-04,09:23:00,1,Collision with vehicle,4,Wednesday,160,VEHICLE COLLIDES WITH VEHICLE PARKED ON LEFT OF ROAD,1,680226,2,0,0,2,0,2,1,5,Not at intersection,3,60,,WANGARATTA,-36.36654,146.31183,3677.0,True,William Ruthven SC,188063.0
T20230000750,2023-11-01,12:36:00,1,Collision with vehicle,3,Wednesday,147,VEHICLE STRIKES ANOTHER VEH WHILE EMERGING FROM DRIVEWAY,1,250867,2,0,0,1,1,2,2,2,T intersection,3,999,Local Road,MELBOURNE,-37.815655,144.97221,3000.0,True,Preston HS,8776.5
T20220017444,2022-04-08,16:50:00,1,Collision with vehicle,4,Thursday,135,LANE CHANGE LEFT (NOT OVERTAKING),1,37126,2,0,0,1,2,3,1,1,Cross intersection,3,40,Local Road,YARRA,-37.82083,144.99414,3121.0,True,Preston HS,8872.3
T20220000313,2022-06-01,07:30:00,3,Struck animal,5,Thursday,167,STRUCK ANIMAL,1,701312,1,0,0,1,0,1,2,5,Not at intersection,3,999,,SURF COAST,-38.35703,144.05643,3241.0,True,Preston HS,107753.7
T20220025269,2022-09-11,09:31:00,1,Collision with vehicle,4,Wednesday,145,REVERSING IN STREAM OF TRAFFIC,1,769180,2,0,0,1,1,2,1,5,Not at intersection,3,40,Local Road,PORT PHILLIP,-37.850674,144.96979,3206.0,True,Preston HS,12553.0
T20230011115,2023-11-05,16:15:00,8,No collision and no object struck,4,Thursday,174,OUT OF CONTROL ON CARRIAGEWAY (ON STRAIGHT),9,791639,1,0,1,0,0,1,2,2,T intersection,2,50,Local Road,MORNINGTON PENINSULA,-38.299923,145.17003,3915.0,True,Preston HS,63691.2
T20250011825,2025-03-05,18:15:00,4,Collision with a fixed object,7,Saturday,171,LEFT OFF CARRIAGEWAY INTO OBJECT/PARKED VEHICLE,5,54990,1,0,1,0,0,1,1,1,Cross intersection,2,60,Local Road,MACEDON RANGES,-37.42929,144.56209,3440.0,True,William Ruthven SC,48921.7
T20240008869,2024-08-04,21:00:00,2,Struck Pedestrian,2,Monday,102,FAR SIDE. PED HIT BY VEHICLE FROM THE LEFT,6,801818,1,0,0,1,1,2,1,5,Not at intersection,3,60,Local Road,WYNDHAM,-37.863045,144.68642,3029.0,True,Preston HS,31238.7
T20220002385,2022-04-02,13:40:00,4,Collision with a fixed object,6,Friday,183,OFF LEFT BEND INTO OBJECT/PARKED VEHICLE,1,712546,1,1,0,0,0,1,1,5,Not at intersection,1,100,,STRATHBOGIE,-36.70881,145.7357,3669.0,True,William Ruthven SC,127568.3
T20220012516,2022-02-06,17:35:00,2,Struck Pedestrian,5,Thursday,100,PED NEAR SIDE. PED HIT BY VEHICLE FROM THE RIGHT.,3,169,1,0,1,0,1,2,1,1,Cross intersection,2,70,Arterial Highway,YARRA,-37.804993,144.99213,3067.0,True,Preston HS,7159.8
T20240003691,2024-08-02,15:30:00,1,Collision with vehicle,5,Thursday,142,LEAVING PARKING,1,798139,2,0,0,1,1,2,2,5,Not at intersection,3,40,Arterial Other,BANYULE,-37.77087,145.04085,3079.0,True,Preston HS,4395.9
T20210005199,2021-09-03,11:20:00,2,Struck Pedestrian,2,Tuesday,101,PED EMERGES FROM IN FRONT OF PARKED OR STATIONARY VEHICLE,1,39334,1,0,0,1,1,2,1,2,T intersection,3,60,Arterial Other,MANNINGHAM,-37.787403,145.12932,3108.0,True,Reservoir HS,11375.9
T20220016898,2022-09-07,09:00:00,1,Collision with vehicle,6,Saturday,110,CROSS TRAFFIC(INTERSECTIONS ONLY),9,41106,2,0,0,1,1,2,2,1,Cross intersection,3,60,Arterial Other,BAYSIDE,-37.903812,144.98842,3186.0,True,Preston HS,18100.5
T20230013811,2023-12-06,14:30:00,7,Fall from or in moving vehicle,1,Monday,190,FELL IN/FROM VEHICLE,1,775914,1,0,0,1,0,1,2,5,Not at intersection,3,60,Arterial Highway,YARRA RANGES,-37.75551,145.65297,3799.0,True,Reservoir HS,54956.2
T20240002866,2024-01-02,16:14:00,1,Collision with vehicle,5,Thursday,135,LANE CHANGE LEFT (NOT OVERTAKING),1,37055,2,0,0,1,1,2,1,1,Cross intersection,3,50,Arterial Highway,MELBOURNE,-37.811256,144.99109,3121.0,True,Preston HS,7861.2
T20220001017,2022-08-01,16:30:00,8,No collision and no object struck,7,Saturday,184,OUT OF CONTROL ON CARRIAGEWAY (ON BEND),1,731313,1,0,0,1,0,1,1,5,Not at intersection,3,50,Arterial Other,BOROONDARA,-37.80564,145.0012,3101.0,True,Preston HS,7128.7
T20230013552,2023-10-06,10:22:00,2,Struck Pedestrian,7,Saturday,109,ANY MANOEUVRE INVOLVING PED NOT INCLUDED IN DCAs 100-108.,1,776066,2,0,1,0,1,2,1,5,Not at intersection,2,50,Local Road,EAST GIPPSLAND,-37.892303,147.85251,3904.0,True,Reservoir HS,248726.1
T20220004697,2022-03-03,08:59:00,1,Collision with vehicle,5,Thursday,121,RIGHT THROUGH,1,243891,2,0,1,0,1,2,1,5,Not at intersection,2,40,Local Road,MELBOURNE,-37.80992,144.97037,3000.0,True,Preston HS,8244.1
T20230011001,2022-05-02,00:01:00,6,Vehicle overturned (no collision),7,Saturday,174,OUT OF CONTROL ON CARRIAGEWAY (ON STRAIGHT),3,773954,1,0,0,1,0,1,1,1,Cross intersection,3,80,,WHITTLESEA,-37.600677,145.0957,3754.0,True,William Ruthven SC,13425.6
T20230015410,2023-08-06,18:33:00,2,Struck Pedestrian,4,Thursday,107,PED ON FOOTHPATH STRUCK BY VEHENTERING/LEAVING DRIVEWAY.,2,783252,1,0,0,2,0,2,1,5,Not at intersection,3,999,Local Road,DANDENONG,-37.987396,145.2169,3175.0,True,Preston HS,32948.2
T20250014951,2025-04-06,06:53:00,2,Struck Pedestrian,4,Wednesday,102,FAR SIDE. PED HIT BY VEHICLE FROM THE LEFT,3,29543,1,0,1,0,1,2,1,1,Cross intersection,2,60,Arterial Other,BOROONDARA,-37.82874,145.03421,3122.0,True,Preston HS,9967.3
T20250023005,2025-04-08,16:45:00,6,Vehicle overturned (no collision),1,Monday,175,OFF END OF ROAD/T-INTERSECTION.,1,38455,1,0,0,1,0,1,1,2,T intersection,3,40,Local Road,YARRA RANGES,-37.76631,145.32652,3138.0,True,Reservoir HS,26577.3
T20210000759,2021-12-01,13:35:00,1,Collision with vehicle,3,Tuesday,113,RIGHT NEAR (INTERSECTIONS ONLY),1,44525,2,0,1,0,1,2,1,2,T intersection,2,60,Arterial Other,WHITTLESEA,-37.510994,145.11351,3757.0,True,William Ruthven SC,22813.7
T20220023411,2022-02-10,13:30:00,8,No collision and no object struck,1,Sunday,180,OFF CARRIAGEWAY ON RIGHT BEND,1,731117,1,0,0,1,0,1,2,5,Not at intersection,3,60,Local Road,MORNINGTON PENINSULA,-38.213463,145.04744,3931.0,True,Preston HS,52576.7
T20230023693,2023-04-10,16:42:00,6,Vehicle overturned (no collision),3,Wednesday,172,OFF CARRIAGEWAY TO RIGHT,1,790778,1,0,0,1,0,1,1,5,Not at intersection,3,110,Freeway,MOORABOOL,-37.635868,144.36087,3341.0,True,William Ruthven SC,56920.6
T20210022537,2021-08-11,09:15:00,2,Struck Pedestrian,2,Monday,107,PED ON FOOTHPATH STRUCK BY VEHENTERING/LEAVING DRIVEWAY.,1,696798,1,0,0,1,4,5,1,5,Not at intersection,3,50,Local Road,MORNINGTON PENINSULA,-38.23806,145.04234,3931.0,True,Preston HS,55279.0
T20230017964,2023-02-08,08:30:00,2,Struck Pedestrian,4,Wednesday,102,FAR SIDE. PED HIT BY VEHICLE FROM THE LEFT,1,40644,1,0,0,1,1,2,1,1,Cross intersection,3,60,Arterial Other,WHITEHORSE,-37.837505,145.11137,3128.0,True,Preston HS,14051.3
T20220005459,2022-10-03,20:00:00,1,Collision with vehicle,5,Thursday,129,OTHER OPPOSING MANOEUVRES NOT INCLUDED IN DCAs 120-125.,2,720056,2,0,1,0,1,2,1,2,T intersection,2,60,Arterial Other,BAYSIDE,-37.916992,144.98723,3186.0,True,Preston HS,19569.5
T20240000103,2024-02-01,19:48:00,6,Vehicle overturned (no collision),3,Tuesday,174,OUT OF CONTROL ON CARRIAGEWAY (ON STRAIGHT),1,798414,1,0,1,0,0,1,1,5,Not at intersection,2,60,Arterial Other,STONNINGTON,-37.852036,145.03302,3144.0,True,Preston HS,12478.4
T20230005174,2023-04-03,02:45:00,2,Struck Pedestrian,7,Saturday,100,PED NEAR SIDE. PED HIT BY VEHICLE FROM THE RIGHT.,3,775820,1,0,1,0,1,2,1,5,Not at intersection,2,60,Arterial Other,BRIMBANK,-37.76073,144.81514,3021.0,True,Preston HS,17009.1
T20250005923,2025-04-03,17:51:00,1,Collision with vehicle,3,Tuesday,110,CROSS TRAFFIC(INTERSECTIONS ONLY),1,38305,2,0,0,1,1,2,1,1,Cross intersection,3,60,Arterial Other,MANNINGHAM,-37.75674,145.11874,3107.0,True,Reservoir HS,8734.8
T20240014200,2024-03-06,18:40:00,4,Collision with a fixed object,2,Monday,183,OFF LEFT BEND INTO OBJECT/PARKED VEHICLE,3,807234,1,0,0,1,0,1,1,5,Not at intersection,3,50,Local Road,WODONGA,-36.126526,146.85579,3690.0,True,William Ruthven SC,240014.8
T20240003521,2024-12-02,17:53:00,1,Collision with vehicle,2,Monday,148,VEHICLE OFF FOOTPATH STRIKES VEH ON CARRIAGEWAY,1,801137,2,0,0,1,1,2,1,5,Not at intersection,3,50,Arterial Highway,MILDURA,-34.194595,142.15137,3500.0,True,William Ruthven SC,466337.8
T20220003303,2022-12-02,14:30:00,5,collision with some other object,7,Saturday,166,STRUCK OBJECT ON CARRIAGEWAY,1,707618,1,0,1,0,0,1,2,5,Not at intersection,2,80,,MANSFIELD,-37.27936,146.11145,3723.0,True,Reservoir HS,107415.8
T20220015804,2022-10-07,11:00:00,8,No collision and no object struck,1,Sunday,174,OUT OF CONTROL ON CARRIAGEWAY (ON STRAIGHT),1,783953,1,0,0,1,0,1,2,5,Not at intersection,3,999,,WELLINGTON,-38.426414,146.90097,3851.0,True,Reservoir HS,181563.2
T20240000729,2024-11-01,06:58:00,1,Collision with vehicle,5,Thursday,121,RIGHT THROUGH,9,795951,2,0,1,0,1,2,1,2,T intersection,2,60,Arterial Other,BOROONDARA,-37.815247,145.0415,3122.0,True,Preston HS,8719.0
T20230020635,2023-03-09,18:40:00,1,Collision with vehicle,1,Sunday,120,HEAD ON (NOT OVERTAKING),2,780047,3,2,1,0,0,3,1,5,Not at intersection,1,80,Local Road,MELTON,-37.704388,144.63214,3335.0,True,William Ruthven SC,32638.8
T20230002913,2023-06-02,08:30:00,8,No collision and no object struck,2,Monday,184,OUT OF CONTROL ON CARRIAGEWAY (ON BEND),1,752933,2,0,0,1,1,2,1,5,Not at intersection,3,80,,NILLUMBIK,-37.623474,145.32965,3775.0,True,Reservoir HS,28623.7
T20250021943,2025-11-08,21:10:00,1,Collision with vehicle,2,Monday,113,RIGHT NEAR (INTERSECTIONS ONLY),6,37492,2,0,0,1,1,2,2,1,Cross intersection,3,60,Arterial Other,PORT PHILLIP,-37.83443,144.95563,3205.0,True,Preston HS,11259.5
T20230015326,2023-02-07,17:53:00,1,Collision with vehicle,1,Sunday,163,VEHICLE STRIKES DOOR OF PARKED/STATIONARY VEHICLE,3,776610,2,0,1,0,1,2,1,2,T intersection,2,40,Local Road,STONNINGTON,-37.84113,144.99529,3141.0,True,Preston HS,11104.7
T20230002773,2023-04-02,06:55:00,5,collision with some other object,7,Saturday,166,STRUCK OBJECT ON CARRIAGEWAY,2,753576,1,0,1,0,1,2,1,5,Not at intersection,2,110,Freeway,MOORABOOL,-37.63539,144.35977,3341.0,True,William Ruthven SC,57023.2
T20230015573,2023-04-07,07:30:00,8,No collision and no object struck,2,Tuesday,174,OUT OF CONTROL ON CARRIAGEWAY (ON STRAIGHT),9,776805,1,0,0,1,0,1,2,5,Not at intersection,3,50,Local Road,MORELAND,-37.765064,144.96133,3056.0,True,Preston HS,4789.7
T20210008346,2021-10-04,16:50:00,2,Struck Pedestrian,7,Saturday,107,PED ON FOOTHPATH STRUCK BY VEHENTERING/LEAVING DRIVEWAY.,1,690205,1,0,1,0,1,2,1,5,Not at intersection,2,50,Local Road,KNOX,-37.883263,145.2969,3156.0,True,Reservoir HS,29534.6
T20230011154,2023-12-05,18:24:00,1,Collision with vehicle,6,Friday,113,RIGHT NEAR (INTERSECTIONS ONLY),2,774154,2,0,1,0,1,2,1,2,T intersection,2,50,Local Road,HUME,-37.533752,144.95786,3064.0,True,William Ruthven SC,18532.5
T20240004045,2024-10-02,15:00:00,6,Vehicle overturned (no collision),7,Saturday,184,OUT OF CONTROL ON CARRIAGEWAY (ON BEND),1,803613,1,0,0,1,0,1,2,5,Not at intersection,3,100,Arterial Other,WANGARATTA,-36.772057,146.38968,3733.0,True,William Ruthven SC,160115.9
T20240008601,2024-06-04,00:55:00,2,Struck Pedestrian,6,Saturday,108,PED STRUCK WALKING TO/FROM OR BOARDING/ALIGHTING VEHICLE.,6,806028,1,0,0,1,1,2,2,5,Not at intersection,3,50,Local Road,MONASH,-37.92854,145.20297,3170.0,True,Preston HS,26972.4
T20240017509,2024-11-07,13:43:00,1,Collision with vehicle,5,Thursday,160,VEHICLE COLLIDES WITH VEHICLE PARKED ON LEFT OF ROAD,1,806526,2,0,1,0,1,2,1,5,Not at intersection,2,50,Local Road,FRANKSTON,-38.13591,145.2007,3910.0,True,Preston HS,47007.2
T20210013346,2021-12-06,18:30:00,3,Struck animal,6,Saturday,167,STRUCK ANIMAL,3,685885,1,0,0,1,0,1,2,5,Not at intersection,3,60,Local Road,CASEY,-37.99198,145.30434,3804.0,True,Preston HS,38148.4
T20230000797,2023-12-01,11:46:00,2,Struck Pedestrian,5,Thursday,100,PED NEAR SIDE. PED HIT BY VEHICLE FROM THE RIGHT.,1,292945,1,0,1,0,1,2,1,5,Not at intersection,2,60,Arterial Other,STONNINGTON,-37.863068,145.03365,3144.0,True,Preston HS,13695.6
T20210003356,2021-11-02,16:00:00,1,Collision with vehicle,5,Thursday,137,LEFT TURN SIDESWIPE,1,678409,2,0,0,1,1,2,2,5,Not at intersection,3,60,Arterial Other,KINGSTON,-37.98869,145.05975,3194.0,True,Preston HS,27850.2
T20240020013,2024-07-08,18:00:00,1,Collision with vehicle,4,Wednesday,134,LANE CHANGE RIGHT (NOT OVERTAKING),3,697802,2,0,0,1,1,2,2,5,Not at intersection,3,80,Arterial Other,MELTON,-37.691628,144.74063,3037.0,True,William Ruthven SC,23090.7
T20220000614,2022-11-01,14:20:00,1,Collision with vehicle,3,Tuesday,116,LEFT NEAR (INTERSECTIONS ONLY),1,243933,2,0,0,1,1,2,1,2,T intersection,3,80,Arterial Highway,BENDIGO,-36.76004,144.2277,3551.0,True,William Ruthven SC,124720.8
T20220002934,2022-09-02,13:30:00,1,Collision with vehicle,3,Wednesday,147,VEHICLE STRIKES ANOTHER VEH WHILE EMERGING FROM DRIVEWAY,1,707484,2,0,0,1,1,2,2,5,Not at intersection,3,999,Local Road,BAW BAW,-38.16242,145.93935,3820.0,True,Reservoir HS,93600.4
T20230005243,2023-04-03,18:07:00,1,Collision with vehicle,7,Saturday,113,RIGHT NEAR (INTERSECTIONS ONLY),1,37019,2,0,1,0,1,2,1,2,T intersection,2,80,Arterial Other,CASEY,-38.038742,145.30473,3805.0,True,Preston HS,42108.3
T20220013113,2022-10-06,12:40:00,1,Collision with vehicle,6,Friday,148,VEHICLE OFF FOOTPATH STRIKES VEH ON CARRIAGEWAY,1,714834,2,0,1,0,1,2,1,2,T intersection,2,50,Arterial Other,WHITTLESEA,-37.681973,145.01353,3074.0,True,William Ruthven SC,1866.5
T20240011417,2024-05-05,16:32:00,1,Collision with vehicle,1,Sunday,121,RIGHT THROUGH,1,51716,3,1,0,2,0,3,1,2,T intersection,1,60,Arterial Highway,BENDIGO,-36.788567,144.24524,3555.0,True,William Ruthven SC,121211.6
T20230010635,2023-03-05,18:33:00,1,Collision with vehicle,3,Wednesday,163,VEHICLE STRIKES DOOR OF PARKED/STATIONARY VEHICLE,6,786946,2,0,0,1,1,2,2,2,T intersection,3,60,,MELBOURNE,-37.800793,144.96738,3053.0,True,Preston HS,7440.7
T20240006235,2024-09-02,22:30:00,8,No collision and no object struck,6,Friday,174,OUT OF CONTROL ON CARRIAGEWAY (ON STRAIGHT),6,799667,1,0,0,1,0,1,2,2,T intersection,3,50,Local Road,BRIMBANK,-37.78343,144.7782,3026.0,True,Preston HS,20649.7
T20230000630,2023-07-01,13:30:00,8,No collision and no object struck,7,Saturday,174,OUT OF CONTROL ON CARRIAGEWAY (ON STRAIGHT),1,754549,1,0,0,1,0,1,2,5,Not at intersection,3,999,Local Road,BENALLA,-36.750977,145.82237,3669.0,True,William Ruthven SC,127741.5
T20250006703,2025-12-03,05:50:00,1,Collision with vehicle,4,Wednesday,142,LEAVING PARKING,3,816813,2,0,1,1,0,2,1,5,Not at intersection,2,40,Arterial Other,BRIMBANK,-37.80277,144.77042,3026.0,True,Preston HS,21883.1
T20230015407,2023-03-07,18:00:00,1,Collision with vehicle,1,Monday,137,LEFT TURN SIDESWIPE,2,47091,2,0,0,1,1,2,1,2,T intersection,3,60,Arterial Other,BOROONDARA,-37.838192,145.04628,3123.0,True,Preston HS,11268.3
T20220020029,2022-05-09,10:00:00,2,Struck Pedestrian,1,Monday,105,PED WALKING AGAINST TRAFFIC.,1,44774,1,0,0,2,0,2,1,1,Cross intersection,3,60,Local Road,BANYULE,-37.70948,145.12012,3094.0,True,Reservoir HS,8108.1
T20240023482,2024-06-09,17:00:00,6,Vehicle overturned (no collision),6,Friday,149,OTHER MANOEUVRING NOT INCLUDED IN DCAs 140-148,1,808600,1,0,0,1,0,1,2,5,Not at intersection,3,60,Local Road,ALPINE,-36.69811,146.91713,3740.0,True,Reservoir HS,202277.9