ACCIDENT_NO,ACCIDENT_DATE,ACCIDENT_TIME,ACCIDENT_TYPE,ACCIDENT_TYPE_DESC,DAY_OF_WEEK,DAY_WEEK_DESC,DCA_CODE,DCA_DESC,LIGHT_CONDITION,NODE_ID,NO_OF_VEHICLES,NO_PERSONS_KILLED,NO_PERSONS_INJ_2,NO_PERSONS_INJ_3,NO_PERSONS_NOT_INJ,NO_PERSONS,POLICE_ATTEND,ROAD_GEOMETRY,ROAD_GEOMETRY_DESC,SEVERITY,SPEED_ZONE,RMA,LGA_NAME,LATITUDE,LONGITUDE,POSTCODE_CRASH,PED_OR_CYC,nearest_school,dist_to_gate_m
T20230005390,2023-06-03,16:06:00,1,Collision with vehicle,2,Monday,148,VEHICLE OFF FOOTPATH STRIKES VEH ON CARRIAGEWAY,1,764582,2,0,1,0,1,2,1,5,Not at intersection,2,40,Local Road,MARIBYRNONG,-37.801617,144.89925,3011.0,True,Preston HS,11586.6
T20240003071,2024-07-02,16:05:00,1,Collision with vehicle,3,Wednesday,137,LEFT TURN SIDESWIPE,1,807433,2,0,0,1,1,2,1,5,Not at intersection,3,40,Local Road,MELBOURNE,-37.795753,144.94139,3051.0,True,Preston HS,8335.8
T20250005847,2025-04-03,11:45:00,1,Collision with vehicle,3,Tuesday,147,VEHICLE STRIKES ANOTHER VEH WHILE EMERGING FROM DRIVEWAY,1,815905,2,0,1,0,1,2,1,1,Cross intersection,2,60,Arterial Other,BAYSIDE,-37.915924,145.01833,3187.0,True,Preston HS,19397.9
T20250012472,2025-08-05,06:40:00,1,Collision with vehicle,4,Thursday,130,REAR END(VEHICLES IN SAME LANE),2,818198,2,0,0,1,2,3,2,5,Not at intersection,3,80,Freeway,MELBOURNE,-37.827744,144.96115,3006.0,True,Preston HS,10384.9
T20220027003,2022-12-11,09:00:00,4,Collision with a fixed object,6,Saturday,183,OFF LEFT BEND INTO OBJECT/PARKED VEHICLE,1,14733,1,0,1,0,0,1,2,2,T intersection,2,70,Local Road,CARDINIA,-37.991055,145.4099,3808.0,True,Reservoir HS,44814.3
T20250018407,2025-10-07,15:15:00,2,Struck Pedestrian,5,Thursday,100,PED NEAR SIDE. PED HIT BY VEHICLE FROM THE RIGHT.,1,350211,1,0,1,0,1,2,1,1,Cross intersection,2,80,Arterial Highway,MONASH,-37.911423,145.1223,3166.0,True,Preston HS,21413.5
T20220004060,2022-12-02,14:30:00,8,No collision and no object struck,7,Saturday,179,OTHER ACCIDENTS-OFF STRAIGHT NOT INCLUDED IN DCAs 170-175,1,707121,1,0,0,1,0,1,2,5,Not at intersection,3,50,Local Road,CAMPASPE,-36.126617,144.75508,3564.0,True,William Ruthven SC,175953.2
T20240019541,2024-02-08,08:40:00,2,Struck Pedestrian,6,Friday,100,PED NEAR SIDE. PED HIT BY VEHICLE FROM THE RIGHT.,1,359238,1,0,0,1,2,3,2,1,Cross intersection,3,999,Arterial Highway,CASEY,-38.050503,145.25743,3975.0,True,Preston HS,40762.0
T20230022405,2023-01-09,18:00:00,2,Struck Pedestrian,6,Friday,107,PED ON FOOTHPATH STRUCK BY VEHENTERING/LEAVING DRIVEWAY.,9,789857,1,0,0,1,1,2,2,5,Not at intersection,3,888,Arterial Highway,WHITEHORSE,-37.817356,145.1522,3130.0,True,Reservoir HS,15099.3
T20230005870,2023-11-03,10:50:00,1,Collision with vehicle,7,Saturday,134,LANE CHANGE RIGHT (NOT OVERTAKING),1,778272,2,0,1,0,2,3,1,5,Not at intersection,2,80,Arterial Other,HUME,-37.678352,144.95634,3061.0,True,William Ruthven SC,4576.1
T20210017094,2021-06-08,17:00:00,1,Collision with vehicle,6,Friday,110,CROSS TRAFFIC(INTERSECTIONS ONLY),1,40885,2,0,0,1,1,2,1,1,Cross intersection,3,50,Local Road,MORELAND,-37.705433,144.9115,3046.0,True,William Ruthven SC,8109.7
T20220022097,2022-01-10,10:20:00,1,Collision with vehicle,7,Saturday,113,RIGHT NEAR (INTERSECTIONS ONLY),1,738154,3,0,1,1,1,3,1,2,T intersection,2,80,Arterial Highway,FRANKSTON,-38.11837,145.14906,3200.0,True,Preston HS,43695.2
T20250020157,2025-04-07,12:25:00,1,Collision with vehicle,6,Friday,163,VEHICLE STRIKES DOOR OF PARKED/STATIONARY VEHICLE,1,821208,2,0,0,1,1,2,1,2,T intersection,3,40,Arterial Other,YARRA,-37.825436,144.99568,3121.0,True,Preston HS,9364.9
T20220019644,2022-05-08,10:00:00,6,Vehicle overturned (no collision),5,Friday,189,OTHER ACCIDENTS ON CURVE NOT INCLUDED IN DCAs 180-184,1,723616,1,0,0,1,0,1,2,5,Not at intersection,3,999,Local Road,NILLUMBIK,-37.69159,145.29814,3775.0,True,Reservoir HS,23888.5
T20210026321,2021-08-12,19:20:00,1,Collision with vehicle,4,Wednesday,137,LEFT TURN SIDESWIPE,1,36166,2,0,0,1,1,2,1,1,Cross intersection,3,40,Local Road,STONNINGTON,-37.854706,144.99283,3181.0,True,Preston HS,12628.1
T20220012735,2022-01-06,17:00:00,2,Struck Pedestrian,4,Wednesday,100,PED NEAR SIDE. PED HIT BY VEHICLE FROM THE RIGHT.,2,714627,1,0,1,0,1,2,2,2,T intersection,2,50,Arterial Other,MARIBYRNONG,-37.798126,144.90373,3011.0,True,Preston HS,11041.8
T20250013611,2025-11-04,21:00:00,3,Struck animal,5,Friday,167,STRUCK ANIMAL,5,818616,1,0,1,0,0,1,2,5,Not at intersection,2,80,Arterial Other,MITCHELL,-37.093956,145.20023,3660.0,True,William Ruthven SC,69232.7
T20230021289,2023-06-09,23:26:00,1,Collision with vehicle,4,Wednesday,130,REAR END(VEHICLES IN SAME LANE),3,799636,2,0,0,1,1,2,1,1,Cross intersection,3,60,Arterial Other,MELBOURNE,-37.78989,144.95888,3052.0,True,Preston HS,6832.2
T20240024802,2024-01-10,18:00:00,1,Collision with vehicle,3,Tuesday,140,U TURN,2,62698,2,0,1,0,1,2,1,2,T intersection,2,70,Arterial Other,BANYULE,-37.729042,145.09962,3084.0,True,Reservoir HS,6219.8
T20250016977,2025-11-06,12:30:00,1,Collision with vehicle,3,Wednesday,111,RIGHT FAR (INTERSECTIONS ONLY),1,823110,2,0,0,1,1,2,2,2,T intersection,3,50,Arterial Highway,SOUTH GIPPSLAND,-38.472256,145.94307,3953.0,True,Preston HS,115347.5
T20220027786,2022-07-12,16:43:00,1,Collision with vehicle,4,Wednesday,121,RIGHT THROUGH,1,37480,2,0,1,0,1,2,1,2,T intersection,2,60,Arterial Other,PORT PHILLIP,-37.84843,144.94994,3206.0,True,Preston HS,12886.8
T20230008409,2023-11-03,11:30:00,6,Vehicle overturned (no collision),7,Saturday,174,OUT OF CONTROL ON CARRIAGEWAY (ON STRAIGHT),9,783857,1,0,0,1,0,1,2,2,T intersection,3,888,Local Road,SURF COAST,-38.398853,144.1899,3230.0,True,Preston HS,102258.7
T20240000070,2024-01-01,17:15:00,6,Vehicle overturned (no collision),2,Monday,174,OUT OF CONTROL ON CARRIAGEWAY (ON STRAIGHT),1,794750,1,0,1,0,0,1,1,5,Not at intersection,2,100,Local Road,EAST GIPPSLAND,-37.09949,147.90034,3896.0,True,Reservoir HS,262844.3
T20250004317,2025-06-02,18:30:00,1,Collision with vehicle,4,Thursday,135,LANE CHANGE LEFT (NOT OVERTAKING),2,816788,2,0,0,1,1,2,1,2,T intersection,3,60,Arterial Other,NILLUMBIK,-37.713264,145.13348,3094.0,True,Reservoir HS,9211.0
T20240031963,2024-12-12,19:30:00,1,Collision with vehicle,5,Thursday,163,VEHICLE STRIKES DOOR OF PARKED/STATIONARY VEHICLE,2,812862,2,0,0,1,1,2,2,5,Not at intersection,3,999,Freeway,HOBSONS BAY,-37.82602,144.88158,3015.0,True,Preston HS,14477.1
T20210006182,2021-07-03,17:00:00,4,Collision with a fixed object,1,Sunday,171,LEFT OFF CARRIAGEWAY INTO OBJECT/PARKED VEHICLE,1,678977,1,0,1,0,0,1,2,5,Not at intersection,2,100,,HINDMARSH,-35.850914,141.91315,3424.0,True,William Ruthven SC,343264.9
T20220025099,2022-07-11,09:30:00,2,Struck Pedestrian,2,Monday,100,PED NEAR SIDE. PED HIT BY VEHICLE FROM THE RIGHT.,1,783267,1,0,0,1,1,2,1,5,Not at intersection,3,50,,MORNINGTON PENINSULA,-38.379314,144.88875,3939.0,True,Preston HS,71652.6
T20220025582,2022-12-11,14:30:00,6,Vehicle overturned (no collision),7,Saturday,174,OUT OF CONTROL ON CARRIAGEWAY (ON STRAIGHT),1,748462,1,0,1,0,0,1,1,5,Not at intersection,2,100,,CAMPASPE,-36.32818,144.89774,3561.0,True,William Ruthven SC,152441.4
T20250017390,2025-08-05,18:20:00,1,Collision with vehicle,5,Thursday,113,RIGHT NEAR (INTERSECTIONS ONLY),3,37718,2,0,0,1,1,2,2,1,Cross intersection,3,50,Local Road,STONNINGTON,-37.837025,144.9977,3141.0,True,Preston HS,10631.8
T20230002978,2023-03-02,13:30:00,1,Collision with vehicle,6,Friday,160,VEHICLE COLLIDES WITH VEHICLE PARKED ON LEFT OF ROAD,1,186315,2,0,1,0,0,1,1,5,Not at intersection,2,50,Arterial Other,MELBOURNE,-37.79772,144.95781,3052.0,True,Preston HS,7587.6
T20230023955,2023-11-10,17:40:00,6,Vehicle overturned (no collision),4,Wednesday,174,OUT OF CONTROL ON CARRIAGEWAY (ON STRAIGHT),1,791038,1,0,1,0,0,1,2,5,Not at intersection,2,888,Local Road,WELLINGTON,-38.250774,147.34293,3851.0,True,Reservoir HS,211088.9
T20230023270,2023-05-10,15:40:00,2,Struck Pedestrian,5,Thursday,102,FAR SIDE. PED HIT BY VEHICLE FROM THE LEFT,1,801300,1,0,0,1,1,2,1,5,Not at intersection,3,999,Local Road,BRIMBANK,-37.78682,144.83284,3020.0,True,Preston HS,16118.8
T20210010423,2021-09-05,11:01:00,2,Struck Pedestrian,1,Sunday,100,PED NEAR SIDE. PED HIT BY VEHICLE FROM THE RIGHT.,1,694042,1,0,1,0,2,3,1,5,Not at intersection,2,60,Arterial Highway,BENDIGO,-36.495396,144.60794,3558.0,True,William Ruthven SC,138080.0
T20240031203,2024-05-12,08:15:00,2,Struck Pedestrian,4,Thursday,102,FAR SIDE. PED HIT BY VEHICLE FROM THE LEFT,1,813312,1,0,0,1,1,2,2,2,T intersection,3,40,Local Road,MOONEE VALLEY,-37.756878,144.9152,3040.0,True,Preston HS,8254.4
T20240022344,2024-02-09,11:15:00,2,Struck Pedestrian,1,Monday,109,ANY MANOEUVRE INVOLVING PED NOT INCLUDED IN DCAs 100-108.,1,808964,1,0,1,0,2,3,1,5,Not at intersection,2,50,Local Road,DANDENONG,-37.95338,145.14943,3171.0,True,Preston HS,26649.7
T20230012906,2023-02-06,18:10:00,2,Struck Pedestrian,5,Friday,106,VEH STRIKES PED ON FOOTPATH/MEDIAN/TRAFFIC ISLAND.,2,325897,1,0,0,1,1,2,1,1,Cross intersection,3,40,Arterial Highway,FRANKSTON,-38.145245,145.11992,3199.0,True,Preston HS,45949.8
T20250006209,2025-05-03,19:45:00,8,No collision and no object struck,4,Wednesday,184,OUT OF CONTROL ON CARRIAGEWAY (ON BEND),2,44268,1,0,1,0,0,1,2,2,T intersection,2,60,Arterial Other,CARDINIA,-37.92827,145.49246,3781.0,True,Reservoir HS,46670.7
T20210020386,2021-07-10,08:40:00,2,Struck Pedestrian,4,Thursday,100,PED NEAR SIDE. PED HIT BY VEHICLE FROM THE RIGHT.,1,695736,1,0,0,1,1,2,1,1,Cross intersection,3,60,Local Road,MELTON,-37.695564,144.74365,3037.0,True,William Ruthven SC,22818.2
T20230021222,2023-10-09,20:05:00,2,Struck Pedestrian,0,Sunday,102,FAR SIDE. PED HIT BY VEHICLE FROM THE LEFT,5,48099,1,0,1,0,1,2,1,1,Cross intersection,2,60,Arterial Other,MORELAND,-37.774708,144.94897,3055.0,True,Preston HS,6291.7
T20230012845,2023-02-06,07:45:00,2,Struck Pedestrian,6,Friday,102,FAR SIDE. PED HIT BY VEHICLE FROM THE LEFT,2,783249,1,0,1,0,1,2,1,2,T intersection,2,60,Local Road,BALLARAT,-37.553665,143.7992,3350.0,True,William Ruthven SC,107199.4
T20220005169,2022-07-03,19:40:00,1,Collision with vehicle,1,Monday,147,VEHICLE STRIKES ANOTHER VEH WHILE EMERGING FROM DRIVEWAY,9,781573,2,0,0,1,1,2,2,5,Not at intersection,3,999,Local Road,MONASH,-37.86832,145.14447,3149.0,True,Preston HS,18544.1
T20250015647,2025-12-06,09:17:00,1,Collision with vehicle,5,Thursday,110,CROSS TRAFFIC(INTERSECTIONS ONLY),1,44571,2,0,0,1,1,2,1,1,Cross intersection,3,50,Local Road,HUME,-37.688866,144.92628,3047.0,True,William Ruthven SC,6803.3
T20230008386,2023-09-04,23:00:00,8,No collision and no object struck,1,Sunday,174,OUT OF CONTROL ON CARRIAGEWAY (ON STRAIGHT),3,778287,1,0,1,0,0,1,1,5,Not at intersection,2,50,Local Road,MORNINGTON PENINSULA,-38.33219,144.98795,3936.0,True,Preston HS,65680.9
T20230023543,2023-08-10,16:50:00,6,Vehicle overturned (no collision),1,Sunday,174,OUT OF CONTROL ON CARRIAGEWAY (ON STRAIGHT),1,790976,1,0,1,0,0,1,2,2,T intersection,2,50,Local Road,WHITEHORSE,-37.860725,145.1588,3151.0,True,Preston HS,18783.2
T20250009678,2025-10-04,08:20:00,1,Collision with vehicle,5,Thursday,152,PULLING OUT (OVERTAKING),1,16917,2,0,1,0,2,3,1,1,Cross intersection,2,100,Local Road,MOYNE,-38.31027,142.61842,3278.0,True,Preston HS,218564.0
T20220005830,2022-09-03,20:00:00,1,Collision with vehicle,4,Wednesday,147,VEHICLE STRIKES ANOTHER VEH WHILE EMERGING FROM DRIVEWAY,2,706861,2,0,0,1,1,2,2,5,Not at intersection,3,50,Local Road,BENALLA,-36.54836,145.98483,3672.0,True,William Ruthven SC,154522.5
T20220012465,2022-02-06,09:17:00,1,Collision with vehicle,5,Thursday,110,CROSS TRAFFIC(INTERSECTIONS ONLY),1,45628,2,0,1,0,1,2,1,1,Cross intersection,2,40,Arterial Other,MORELAND,-37.77156,144.96135,3056.0,True,Preston HS,5215.4
T20250012412,2025-03-05,17:50:00,2,Struck Pedestrian,7,Saturday,100,PED NEAR SIDE. PED HIT BY VEHICLE FROM THE RIGHT.,3,818155,1,0,1,0,1,2,1,5,Not at intersection,2,50,Local Road,MOONEE VALLEY,-37.73853,144.91069,3041.0,True,Preston HS,8484.9
T20220018112,2022-12-08,20:55:00,8,No collision and no object struck,6,Friday,174,OUT OF CONTROL ON CARRIAGEWAY (ON STRAIGHT),3,782789,1,0,0,1,0,1,1,5,Not at intersection,3,40,Arterial Other,YARRA,-37.79815,144.97672,3065.0,True,Preston HS,6821.3
T20250015240,2025-07-06,08:36:00,2,Struck Pedestrian,7,Saturday,100,PED NEAR SIDE. PED HIT BY VEHICLE FROM THE RIGHT.,1,819147,1,0,1,0,1,2,1,5,Not at intersection,2,60,Local Road,MOONEE VALLEY,-37.730316,144.88998,3042.0,True,Preston HS,10376.7
T20210007965,2021-09-04,14:15:00,1,Collision with vehicle,6,Friday,120,HEAD ON (NOT OVERTAKING),1,680305,2,0,0,1,1,2,2,5,Not at intersection,3,777,Local Road,YARRA RANGES,-37.789196,145.30959,3138.0,True,Reservoir HS,25728.0
T20240027735,2024-10-10,16:30:00,6,Vehicle overturned (no collision),5,Thursday,174,OUT OF CONTROL ON CARRIAGEWAY (ON STRAIGHT),1,8008,1,0,1,0,0,1,2,5,Not at intersection,2,999,,BRIMBANK,-37.714226,144.86292,3043.0,True,William Ruthven SC,12478.4
T20230005602,2023-08-03,17:25:00,2,Struck Pedestrian,3,Wednesday,104,PED WALKING WITH TRAFFIC,2,763357,1,0,0,1,1,2,1,5,Not at intersection,3,40,Local Road,BRIMBANK,-37.78882,144.79811,3020.0,True,Preston HS,19103.3
T20250018097,2025-07-07,17:00:00,1,Collision with vehicle,1,Monday,143,ENTERING PARKING,1,820005,2,0,0,1,1,2,2,5,Not at intersection,3,40,Local Road,GEELONG,-38.144005,144.36194,3220.0,True,Preston HS,72123.6
T20250005945,2025-04-03,22:30:00,1,Collision with vehicle,3,Tuesday,116,LEFT NEAR (INTERSECTIONS ONLY),3,8068,2,0,0,1,1,2,2,1,Cross intersection,3,60,,BOROONDARA,-37.845432,145.04498,3123.0,True,Preston HS,12005.1
T20220022722,2022-08-10,16:15:00,2,Struck Pedestrian,7,Saturday,109,ANY MANOEUVRE INVOLVING PED NOT INCLUDED IN DCAs 100-108.,1,777200,1,0,0,1,1,2,1,5,Not at intersection,3,50,Local Road,SHEPPARTON,-36.389244,145.41058,3630.0,True,William Ruthven SC,149797.8
T20210019060,2021-12-09,10:50:00,1,Collision with vehicle,0,Sunday,113,RIGHT NEAR (INTERSECTIONS ONLY),1,1191,2,0,0,1,1,2,1,2,T intersection,3,60,Local Road,GEELONG,-38.17165,144.3507,3216.0,True,Preston HS,74816.6
T20230010232,2023-02-05,10:37:00,1,Collision with vehicle,3,Tuesday,140,U TURN,1,775815,2,0,1,0,1,2,1,5,Not at intersection,2,999,Local Road,MELBOURNE,-37.80238,144.93015,3003.0,True,Preston HS,9553.6
T20220022178,2022-02-10,16:10:00,4,Collision with a fixed object,1,Sunday,181,OFF RIGHT BEND INTO OBJECT/PARKED VEHICLE,1,751257,1,0,1,0,0,1,1,5,Not at intersection,2,100,,WELLINGTON,-37.97463,147.17513,3862.0,True,Reservoir HS,190474.2
T20240020353,2024-11-08,00:40:00,1,Collision with vehicle,1,Sunday,110,CROSS TRAFFIC(INTERSECTIONS ONLY),3,410,2,1,0,0,2,3,1,1,Cross intersection,1,60,Arterial Highway,DAREBIN,-37.7466,145.01695,3072.0,True,Preston HS,1023.2
T20250000807,2025-11-01,01:15:00,2,Struck Pedestrian,7,Saturday,103,PED PLAYING/LYING/WORKING/STANDING ON CARRIAGEWAY.,3,36335,1,0,0,2,2,4,1,1,Cross intersection,3,60,Arterial Other,MELBOURNE,-37.79226,144.96838,3054.0,True,Preston HS,6572.0
T20250011579,2025-01-05,11:00:00,2,Struck Pedestrian,5,Thursday,102,FAR SIDE. PED HIT BY VEHICLE FROM THE LEFT,1,66337,1,0,1,0,1,2,1,2,T intersection,2,60,Arterial Other,BOROONDARA,-37.825253,145.09146,3127.0,True,Preston HS,11886.1
T20240019119,2024-02-07,08:00:00,6,Vehicle overturned (no collision),3,Tuesday,174,OUT OF CONTROL ON CARRIAGEWAY (ON STRAIGHT),1,813272,1,0,0,1,0,1,2,4,Multiple intersection,3,999,Arterial Other,CARDINIA,-38.081673,145.43391,3810.0,True,Preston HS,53207.8
T20220022826,2022-10-10,06:00:00,3,Struck animal,2,Monday,167,STRUCK ANIMAL,2,786717,1,0,1,0,0,1,2,5,Not at intersection,2,100,Arterial Highway,ARARAT,-37.338898,142.90045,3377.0,True,William Ruthven SC,189647.2
T20230008457,2023-07-04,14:00:00,8,No collision and no object struck,6,Friday,174,OUT OF CONTROL ON CARRIAGEWAY (ON STRAIGHT),9,782706,1,0,0,1,0,1,2,5,Not at intersection,3,999,,MOIRA,-35.849632,145.56468,3644.0,True,William Ruthven SC,211371.3
T20230013069,2023-05-06,08:45:00,1,Collision with vehicle,2,Monday,121,RIGHT THROUGH,1,775653,2,0,1,0,1,2,1,5,Not at intersection,2,60,Arterial Other,BAYSIDE,-37.962486,145.01888,3193.0,True,Preston HS,24572.1
T20230023456,2023-08-10,08:15:00,1,Collision with vehicle,1,Sunday,120,HEAD ON (NOT OVERTAKING),1,40213,2,0,1,0,1,2,1,2,T intersection,2,70,Arterial Highway,STONNINGTON,-37.8605,145.01364,3143.0,True,Preston HS,13222.4
T20230020875,2023-06-09,17:40:00,1,Collision with vehicle,4,Wednesday,121,RIGHT THROUGH,2,780682,2,0,0,1,1,2,1,5,Not at intersection,3,40,Arterial Other,STONNINGTON,-37.837894,144.99594,3141.0,True,Preston HS,10741.1
T20220024995,2022-06-11,08:02:00,8,No collision and no object struck,1,Sunday,184,OUT OF CONTROL ON CARRIAGEWAY (ON BEND),1,734098,1,0,1,0,0,1,1,5,Not at intersection,2,100,Local Road,MITCHELL,-37.3836,145.07832,3756.0,True,William Ruthven SC,35425.5
T20240002259,2024-11-01,15:58:00,1,Collision with vehicle,5,Thursday,152,PULLING OUT (OVERTAKING),1,56196,2,0,1,0,1,2,1,2,T intersection,2,80,Arterial Other,YARRA RANGES,-37.591393,145.48761,3777.0,True,Reservoir HS,42886.5
T20220002387,2022-04-02,17:50:00,1,Collision with vehicle,6,Friday,163,VEHICLE STRIKES DOOR OF PARKED/STATIONARY VEHICLE,1,703667,2,0,0,1,1,2,2,5,Not at intersection,3,40,Local Road,MELBOURNE,-37.81608,144.97215,3000.0,True,Preston HS,8822.6
T20240015360,2024-01-06,16:00:00,5,collision with some other object,6,Saturday,179,OTHER ACCIDENTS-OFF STRAIGHT NOT INCLUDED IN DCAs 170-175,1,805193,1,0,1,0,0,1,2,5,Not at intersection,2,60,Local Road,MURRINDINDI,-37.468506,145.4235,3777.0,True,Reservoir HS,44750.7
T20240025648,2024-10-10,09:16:00,1,Collision with vehicle,4,Thursday,145,REVERSING IN STREAM OF TRAFFIC,1,810898,2,0,0,1,1,2,2,5,Not at intersection,3,40,Local Road,MELBOURNE,-37.81808,144.94986,3008.0,True,Preston HS,9871.1
T20240020562,2024-11-08,16:00:00,9,Other accident,1,Sunday,189,OTHER ACCIDENTS ON CURVE NOT INCLUDED IN DCAs 180-184,1,807504,1,0,0,1,0,1,2,5,Not at intersection,3,100,Local Road,BAW BAW,-38.06246,146.07635,3831.0,True,Reservoir HS,99347.7
T20240028805,2024-12-11,08:45:00,1,Collision with vehicle,3,Tuesday,121,RIGHT THROUGH,1,40181,2,0,1,0,1,2,1,1,Cross intersection,2,50,Local Road,PORT PHILLIP,-37.862965,145.0034,3183.0,True,Preston HS,13488.0
T20210017337,2021-06-08,13:45:00,1,Collision with vehicle,5,Friday,160,VEHICLE COLLIDES WITH VEHICLE PARKED ON LEFT OF ROAD,1,690287,2,0,1,0,0,1,2,5,Not at intersection,2,40,Local Road,PORT PHILLIP,-37.839214,144.97101,3206.0,True,Preston HS,11297.3
T20250018242,2025-09-07,11:05:00,1,Collision with vehicle,4,Wednesday,110,CROSS TRAFFIC(INTERSECTIONS ONLY),1,73552,2,0,1,0,1,2,1,1,Cross intersection,2,50,Local Road,COLAC OTWAY,-38.345478,143.59187,3250.0,True,Preston HS,140946.8
T20240023124,2024-11-09,13:00:00,1,Collision with vehicle,3,Wednesday,130,REAR END(VEHICLES IN SAME LANE),1,50060,2,0,1,0,1,2,1,2,T intersection,2,60,Local Road,GEELONG,-38.162174,144.37227,3219.0,True,Preston HS,72692.5
T20240009103,2024-11-04,15:30:00,5,collision with some other object,4,Thursday,166,STRUCK OBJECT ON CARRIAGEWAY,1,801378,1,0,0,1,0,1,1,5,Not at intersection,3,50,Local Road,WYNDHAM,-37.91705,144.7869,3030.0,True,Preston HS,27462.4
T20230025823,2023-04-11,16:15:00,1,Collision with vehicle,7,Saturday,121,RIGHT THROUGH,1,51570,2,0,1,0,1,2,1,1,Cross intersection,2,60,Arterial Highway,BENDIGO,-36.74978,144.29076,3550.0,True,William Ruthven SC,122717.0
T20240025353,2024-08-10,05:40:00,6,Vehicle overturned (no collision),3,Tuesday,174,OUT OF CONTROL ON CARRIAGEWAY (ON STRAIGHT),5,809571,1,0,1,0,0,1,1,2,T intersection,2,80,Arterial Other,WHITTLESEA,-37.602596,144.97206,3750.0,True,William Ruthven SC,10795.2
T20250003214,2025-06-02,20:10:00,2,Struck Pedestrian,4,Thursday,108,PED STRUCK WALKING TO/FROM OR BOARDING/ALIGHTING VEHICLE.,1,815599,1,0,0,1,1,2,1,5,Not at intersection,3,999,Arterial Highway,DAREBIN,-37.71664,145.04303,3083.0,True,Reservoir HS,1359.2
T20230018532,2023-08-08,13:10:00,1,Collision with vehicle,3,Tuesday,148,VEHICLE OFF FOOTPATH STRIKES VEH ON CARRIAGEWAY,1,36416,2,0,0,1,1,2,1,2,T intersection,3,888,Arterial Other,MELBOURNE,-37.792835,144.97374,3054.0,True,Preston HS,6397.6
T20250012250,2025-04-05,18:00:00,8,No collision and no object struck,0,Sunday,184,OUT OF CONTROL ON CARRIAGEWAY (ON BEND),2,818493,1,0,0,1,0,1,2,5,Not at intersection,3,80,Local Road,CARDINIA,-37.97835,145.47229,3808.0,True,Reservoir HS,48188.4
T20220017284,2022-02-08,18:31:00,1,Collision with vehicle,3,Tuesday,160,VEHICLE COLLIDES WITH VEHICLE PARKED ON LEFT OF ROAD,3,720195,2,0,1,0,0,1,1,5,Not at intersection,2,60,Local Road,WYNDHAM,-37.889637,144.65831,3030.0,True,Preston HS,34775.3
T20240025471,2024-09-10,09:00:00,2,Struck Pedestrian,4,Wednesday,108,PED STRUCK WALKING TO/FROM OR BOARDING/ALIGHTING VEHICLE.,1,810587,2,0,1,0,2,3,1,5,Not at intersection,2,40,Arterial Other,BOROONDARA,-37.835648,145.0559,3124.0,True,Preston HS,11292.5
T20250000141,2025-02-01,18:00:00,8,No collision and no object struck,4,Thursday,179,OTHER ACCIDENTS-OFF STRAIGHT NOT INCLUDED IN DCAs 170-175,1,813195,1,0,0,1,0,1,1,1,Cross intersection,3,100,Local Road,MOUNT ALEXANDER,-37.08184,144.16914,3451.0,True,William Ruthven SC,100492.9
T20240008453,2024-04-04,14:20:00,4,Collision with a fixed object,5,Thursday,173,RIGHT OFF CARRIAGEWAY INTO OBJECT/PARKED VEHICLE,1,800980,1,0,0,1,0,1,2,5,Not at intersection,3,40,Local Road,BALLARAT,-37.561905,143.85594,3350.0,True,William Ruthven SC,102116.4
T20250012474,2025-09-05,15:20:00,1,Collision with vehicle,6,Friday,121,RIGHT THROUGH,1,818727,2,0,0,1,1,2,2,1,Cross intersection,3,40,Local Road,YARRA,-37.80544,144.99677,3067.0,True,Preston HS,7145.5
T20220002755,2022-04-02,16:15:00,1,Collision with vehicle,5,Friday,163,VEHICLE STRIKES DOOR OF PARKED/STATIONARY VEHICLE,1,704453,2,0,0,1,2,3,2,5,Not at intersection,3,60,Arterial Other,MOONEE VALLEY,-37.74175,144.9033,3041.0,True,Preston HS,9127.2
T20220017281,2022-02-08,15:50:00,2,Struck Pedestrian,2,Tuesday,100,PED NEAR SIDE. PED HIT BY VEHICLE FROM THE RIGHT.,1,720772,1,0,0,1,1,2,1,2,T intersection,3,60,Local Road,MANNINGHAM,-37.78757,145.16237,3109.0,True,Reservoir HS,13753.9
T20210002955,2021-09-02,08:05:00,2,Struck Pedestrian,2,Tuesday,100,PED NEAR SIDE. PED HIT BY VEHICLE FROM THE RIGHT.,1,675172,1,0,0,1,1,2,1,5,Not at intersection,3,50,Local Road,KINGSTON,-37.98256,145.06248,3194.0,True,Preston HS,27220.1
T20230020516,2023-02-09,14:38:00,6,Vehicle overturned (no collision),6,Saturday,180,OFF CARRIAGEWAY ON RIGHT BEND,1,792243,1,0,1,0,0,1,1,5,Not at intersection,2,70,Local Road,HUME,-37.536472,144.73354,3429.0,True,William Ruthven SC,29665.5
T20240031744,2024-10-12,17:45:00,6,Vehicle overturned (no collision),3,Tuesday,174,OUT OF CONTROL ON CARRIAGEWAY (ON STRAIGHT),1,812361,1,0,0,1,0,1,2,5,Not at intersection,3,70,Local Road,FRANKSTON,-38.09959,145.17366,3201.0,True,Preston HS,42392.7
T20240000734,2024-11-01,06:20:00,1,Collision with vehicle,5,Thursday,139,OTHER SAME DIRECTION-MANOUEVRES NOT INCLUDED IN DCAs 130-137,1,802563,3,0,0,2,1,3,1,5,Not at intersection,3,80,Arterial Highway,BASS COAST,-38.51483,145.30994,3922.0,True,Preston HS,89956.5