ACCIDENT_NO,ACCIDENT_DATE,ACCIDENT_TIME,ACCIDENT_TYPE,ACCIDENT_TYPE_DESC,DAY_OF_WEEK,DAY_WEEK_DESC,DCA_CODE,DCA_DESC,LIGHT_CONDITION,NODE_ID,NO_OF_VEHICLES,NO_PERSONS_KILLED,NO_PERSONS_INJ_2,NO_PERSONS_INJ_3,NO_PERSONS_NOT_INJ,NO_PERSONS,POLICE_ATTEND,ROAD_GEOMETRY,ROAD_GEOMETRY_DESC,SEVERITY,SPEED_ZONE,RMA,LGA_NAME,LATITUDE,LONGITUDE,POSTCODE_CRASH,PED_OR_CYC,nearest_school,dist_to_gate_m
T20220002704,2022-08-02,08:30:00,1,Collision with vehicle,2,Tuesday,121,RIGHT THROUGH,1,708279,2,0,0,1,1,2,1,2,T intersection,3,60,Arterial Other,BOROONDARA,-37.806126,145.03264,3101.0,True,Preston HS,7507.3
T20250010075,2025-10-04,16:20:00,1,Collision with vehicle,5,Thursday,121,RIGHT THROUGH,1,337015,2,0,0,1,1,2,2,5,Not at intersection,3,70,Arterial Other,KINGSTON,-37.934055,145.0423,3189.0,True,Preston HS,21611.1
T20240023100,2024-04-09,11:30:00,6,Vehicle overturned (no collision),3,Wednesday,199,UNKNOWN-NO DETAILS ON MANOEUVRES OF ROAD-USERS IN ACCIDENT,1,825613,1,0,0,1,0,1,2,5,Not at intersection,3,50,Local Road,BANYULE,-37.696426,145.09653,3088.0,True,Reservoir HS,6573.8
T20240019569,2024-02-08,21:28:00,1,Collision with vehicle,5,Friday,130,REAR END(VEHICLES IN SAME LANE),3,811385,2,0,0,1,2,3,1,5,Not at intersection,3,60,Arterial Other,WHITEHORSE,-37.82984,145.1364,3130.0,True,Preston HS,15005.5
T20250009455,2025-08-04,10:20:00,6,Vehicle overturned (no collision),2,Tuesday,182,OFF CARRIAGEWAY ON LEFT BEND,1,818798,1,0,1,0,0,1,1,5,Not at intersection,2,80,Local Road,ALPINE,-36.88453,147.31708,3699.0,True,Reservoir HS,222751.7
T20240012024,2024-02-03,13:15:00,1,Collision with vehicle,6,Saturday,110,CROSS TRAFFIC(INTERSECTIONS ONLY),1,37503,2,0,0,1,1,2,2,1,Cross intersection,3,50,Local Road,PORT PHILLIP,-37.84684,144.95372,3206.0,True,Preston HS,12596.8
T20230005676,2023-09-03,16:59:00,2,Struck Pedestrian,4,Thursday,101,PED EMERGES FROM IN FRONT OF PARKED OR STATIONARY VEHICLE,1,759612,1,0,0,1,1,2,1,5,Not at intersection,3,50,Arterial Other,EAST GIPPSLAND,-37.82543,147.62907,3875.0,True,Reservoir HS,228770.4
T20240010939,2024-01-05,10:16:00,2,Struck Pedestrian,4,Wednesday,101,PED EMERGES FROM IN FRONT OF PARKED OR STATIONARY VEHICLE,1,802535,1,0,1,0,1,2,1,5,Not at intersection,2,60,Local Road,MOONEE VALLEY,-37.71434,144.89078,3042.0,True,William Ruthven SC,10068.0
T20230013456,2023-09-06,19:40:00,2,Struck Pedestrian,6,Friday,100,PED NEAR SIDE. PED HIT BY VEHICLE FROM THE RIGHT.,3,38308,1,0,1,0,1,2,1,1,Cross intersection,2,60,Arterial Other,MANNINGHAM,-37.75777,145.11856,3107.0,True,Reservoir HS,8771.2
T20240026002,2024-10-10,13:25:00,2,Struck Pedestrian,5,Thursday,106,VEH STRIKES PED ON FOOTPATH/MEDIAN/TRAFFIC ISLAND.,1,814166,1,0,1,0,1,2,2,5,Not at intersection,2,50,Local Road,HUME,-37.581467,144.72807,3429.0,True,William Ruthven SC,27381.0
T20250011895,2025-04-05,18:20:00,2,Struck Pedestrian,1,Sunday,100,PED NEAR SIDE. PED HIT BY VEHICLE FROM THE RIGHT.,5,818140,1,0,1,0,1,2,1,5,Not at intersection,2,50,Local Road,CASEY,-38.04501,145.26312,3976.0,True,Preston HS,40523.9
T20230028923,2023-07-12,15:10:00,2,Struck Pedestrian,4,Thursday,100,PED NEAR SIDE. PED HIT BY VEHICLE FROM THE RIGHT.,1,791337,1,0,0,1,1,2,1,5,Not at intersection,3,60,Arterial Other,KINGSTON,-37.956055,145.11377,3169.0,True,Preston HS,25609.3
T20230013444,2023-02-06,05:15:00,1,Collision with vehicle,6,Friday,160,VEHICLE COLLIDES WITH VEHICLE PARKED ON LEFT OF ROAD,3,775773,2,0,0,1,1,2,2,5,Not at intersection,3,50,Local Road,GEELONG,-38.22078,144.3334,3217.0,True,Preston HS,79525.2
T20250020782,2025-06-08,12:30:00,2,Struck Pedestrian,4,Wednesday,102,FAR SIDE. PED HIT BY VEHICLE FROM THE LEFT,1,821478,1,0,1,0,1,2,1,5,Not at intersection,2,60,Local Road,MELTON,-37.717003,144.57239,3338.0,True,William Ruthven SC,37949.0
T20220012586,2022-03-06,12:36:00,1,Collision with vehicle,6,Friday,140,U TURN,1,272028,2,0,1,0,1,2,1,2,T intersection,2,60,Local Road,HOBSONS BAY,-37.84992,144.87598,3016.0,True,Preston HS,16659.5
T20250013444,2025-10-05,11:30:00,8,No collision and no object struck,6,Saturday,170,OFF CARRIAGEWAY TO LEFT,1,821842,1,0,0,1,0,1,2,5,Not at intersection,3,100,Local Road,BENDIGO,-36.824608,144.47691,3551.0,True,William Ruthven SC,107553.0
T20240002893,2024-05-02,21:30:00,1,Collision with vehicle,1,Monday,130,REAR END(VEHICLES IN SAME LANE),3,796641,2,0,0,1,1,2,1,1,Cross intersection,3,60,,WELLINGTON,-38.111412,147.06857,3850.0,True,Reservoir HS,184031.4
T20240020396,2024-11-08,17:20:00,6,Vehicle overturned (no collision),0,Sunday,184,OUT OF CONTROL ON CARRIAGEWAY (ON BEND),2,807331,1,0,0,1,0,1,1,5,Not at intersection,3,60,Arterial Other,NILLUMBIK,-37.608356,145.26642,3761.0,True,Reservoir HS,24414.4
T20220009838,2022-02-05,14:07:00,2,Struck Pedestrian,2,Monday,100,PED NEAR SIDE. PED HIT BY VEHICLE FROM THE RIGHT.,1,716984,1,0,1,0,1,2,1,2,T intersection,2,60,Local Road,MELTON,-37.704308,144.57472,3338.0,True,William Ruthven SC,37688.9
T20230030730,2023-01-12,17:00:00,1,Collision with vehicle,6,Friday,148,VEHICLE OFF FOOTPATH STRIKES VEH ON CARRIAGEWAY,1,803744,2,0,0,1,1,2,2,5,Not at intersection,3,50,Local Road,SHEPPARTON,-36.40504,145.4212,3630.0,True,William Ruthven SC,148326.0
T20210020514,2021-09-10,14:20:00,6,Vehicle overturned (no collision),7,Saturday,174,OUT OF CONTROL ON CARRIAGEWAY (ON STRAIGHT),1,694448,1,0,1,0,0,1,1,5,Not at intersection,2,60,Arterial Other,STONNINGTON,-37.849987,145.01756,3143.0,True,Preston HS,12076.0
T20230013065,2023-05-06,06:32:00,1,Collision with vehicle,2,Monday,130,REAR END(VEHICLES IN SAME LANE),5,775923,2,0,1,0,1,2,1,5,Not at intersection,2,100,Freeway,KINGSTON,-38.065002,145.14926,3197.0,True,Preston HS,38051.8
T20250018427,2025-10-07,18:20:00,2,Struck Pedestrian,4,Thursday,100,PED NEAR SIDE. PED HIT BY VEHICLE FROM THE RIGHT.,3,821779,1,0,0,2,1,3,1,5,Not at intersection,3,60,Arterial Highway,MAROONDAH,-37.816162,145.22653,3134.0,True,Reservoir HS,20222.1
T20250018411,2025-04-06,17:55:00,1,Collision with vehicle,3,Wednesday,110,CROSS TRAFFIC(INTERSECTIONS ONLY),3,35597,2,0,0,1,1,2,1,1,Cross intersection,3,80,Arterial Other,YARRA RANGES,-37.954052,145.34772,3804.0,True,Reservoir HS,38011.8
T20240006076,2024-10-03,02:05:00,4,Collision with a fixed object,1,Sunday,183,OFF LEFT BEND INTO OBJECT/PARKED VEHICLE,3,807447,1,0,1,0,0,1,1,5,Not at intersection,2,80,Freeway,MELBOURNE,-37.825348,144.93137,3207.0,True,Preston HS,11437.0
T20250006339,2025-08-03,11:58:00,1,Collision with vehicle,6,Saturday,163,VEHICLE STRIKES DOOR OF PARKED/STATIONARY VEHICLE,1,816235,2,0,0,1,1,2,2,5,Not at intersection,3,999,Local Road,SURF COAST,-38.310795,144.31535,3228.0,True,Preston HS,87610.7
T20240027630,2024-10-10,20:00:00,2,Struck Pedestrian,5,Thursday,100,PED NEAR SIDE. PED HIT BY VEHICLE FROM THE RIGHT.,3,62072,1,0,1,0,1,2,2,2,T intersection,2,60,Arterial Other,NILLUMBIK,-37.703274,145.17642,3095.0,True,Reservoir HS,13106.3
T20240011493,2023-10-05,13:45:00,1,Collision with vehicle,4,Wednesday,130,REAR END(VEHICLES IN SAME LANE),1,38248,2,0,0,1,1,2,2,2,T intersection,3,60,Arterial Other,MANNINGHAM,-37.760426,145.08385,3105.0,True,Reservoir HS,6387.6
T20240005960,2024-06-03,03:34:00,4,Collision with a fixed object,4,Wednesday,183,OFF LEFT BEND INTO OBJECT/PARKED VEHICLE,5,801009,1,0,0,1,0,1,1,5,Not at intersection,3,80,Arterial Other,CASEY,-38.196697,145.31772,3977.0,True,Preston HS,57455.1
T20220003061,2022-12-02,10:23:00,1,Collision with vehicle,7,Saturday,132,RIGHT REAR.,1,43373,2,0,1,1,1,3,1,2,T intersection,2,60,Arterial Other,FRANKSTON,-38.110706,145.13211,3198.0,True,Preston HS,42471.4
T20230018260,2023-05-08,12:40:00,2,Struck Pedestrian,6,Saturday,102,FAR SIDE. PED HIT BY VEHICLE FROM THE LEFT,1,40007,1,0,0,1,1,2,2,5,Not at intersection,3,60,Arterial Other,HOBSONS BAY,-37.856316,144.89249,3016.0,True,Preston HS,16242.9
T20220022365,2022-04-10,17:40:00,1,Collision with vehicle,2,Tuesday,110,CROSS TRAFFIC(INTERSECTIONS ONLY),2,782992,2,0,0,1,1,2,1,1,Cross intersection,3,50,Local Road,WHITTLESEA,-37.58656,145.12842,3754.0,True,William Ruthven SC,16478.0
T20250005663,2025-02-03,11:12:00,4,Collision with a fixed object,1,Sunday,181,OFF RIGHT BEND INTO OBJECT/PARKED VEHICLE,1,815930,1,1,0,0,0,1,1,5,Not at intersection,1,70,Local Road,YARRA RANGES,-37.813293,145.50388,3139.0,True,Reservoir HS,42913.6
T20240011152,2024-03-05,07:40:00,1,Collision with vehicle,6,Friday,148,VEHICLE OFF FOOTPATH STRIKES VEH ON CARRIAGEWAY,1,8180,2,0,0,1,1,2,1,2,T intersection,3,60,,KNOX,-37.842567,145.27046,3153.0,True,Reservoir HS,25046.7
T20230013024,2023-04-06,11:50:00,6,Vehicle overturned (no collision),0,Sunday,170,OFF CARRIAGEWAY TO LEFT,1,775563,1,0,0,1,0,1,1,5,Not at intersection,3,80,Local Road,FRANKSTON,-38.17766,145.16534,3911.0,True,Preston HS,50422.6
T20230003230,2023-09-02,19:19:00,1,Collision with vehicle,5,Thursday,159,OTHER OVERTAKING MANOEUVRES NOT INCLUDED IN DCAs 150-154,1,765397,2,1,0,1,0,2,1,5,Not at intersection,1,60,Arterial Other,BANYULE,-37.713703,145.115,3094.0,True,Reservoir HS,7591.1
T20210019169,2021-08-08,17:59:00,4,Collision with a fixed object,1,Sunday,171,LEFT OFF CARRIAGEWAY INTO OBJECT/PARKED VEHICLE,6,703904,1,0,1,0,0,1,1,5,Not at intersection,2,80,Arterial Other,HUME,-37.64572,144.95154,3061.0,True,William Ruthven SC,7241.5
T20220008386,2022-05-04,17:45:00,6,Vehicle overturned (no collision),3,Tuesday,170,OFF CARRIAGEWAY TO LEFT,1,710121,1,0,1,0,0,1,1,5,Not at intersection,2,100,Arterial Other,STRATHBOGIE,-36.812775,144.97977,3608.0,True,William Ruthven SC,98291.7
T20230013431,2023-09-06,15:29:00,2,Struck Pedestrian,5,Friday,100,PED NEAR SIDE. PED HIT BY VEHICLE FROM THE RIGHT.,1,776008,1,0,1,0,1,2,1,5,Not at intersection,2,40,Arterial Other,BASS COAST,-38.605824,145.59354,3995.0,True,Preston HS,108905.3
T20240006526,2024-08-03,10:15:00,1,Collision with vehicle,6,Friday,163,VEHICLE STRIKES DOOR OF PARKED/STATIONARY VEHICLE,1,805094,2,0,0,1,0,1,2,5,Not at intersection,3,50,Local Road,MELBOURNE,-37.82135,144.96262,3006.0,True,Preston HS,9681.0
T20220009756,2022-01-05,15:30:00,1,Collision with vehicle,1,Sunday,139,OTHER SAME DIRECTION-MANOUEVRES NOT INCLUDED IN DCAs 130-137,1,711170,2,0,0,1,1,2,1,2,T intersection,3,999,Arterial Other,STONNINGTON,-37.843258,145.02698,3142.0,True,Preston HS,11427.0
T20240017179,2024-07-07,15:50:00,2,Struck Pedestrian,1,Sunday,100,PED NEAR SIDE. PED HIT BY VEHICLE FROM THE RIGHT.,1,32012,1,0,1,0,1,2,1,1,Cross intersection,2,60,Arterial Highway,WHITEHORSE,-37.850708,145.11993,3125.0,True,Preston HS,15659.1
T20230000007,2023-01-01,00:05:00,1,Collision with vehicle,1,Sunday,169,OTHER ON PATH,3,770440,2,0,1,1,0,2,1,5,Not at intersection,2,50,Local Road,KNOX,-37.89602,145.30695,3156.0,True,Reservoir HS,31100.3
T20240011267,2024-04-05,06:00:00,2,Struck Pedestrian,7,Saturday,103,PED PLAYING/LYING/WORKING/STANDING ON CARRIAGEWAY.,3,807357,1,0,0,1,1,2,1,5,Not at intersection,3,999,Arterial Other,MONASH,-37.869507,145.12553,3149.0,True,Preston HS,17613.1
T20230005253,2023-04-03,21:58:00,2,Struck Pedestrian,6,Saturday,105,PED WALKING AGAINST TRAFFIC.,3,762489,1,0,0,1,1,2,1,5,Not at intersection,3,999,Local Road,MELBOURNE,-37.81806,144.96771,3000.0,True,Preston HS,9169.4
T20230023783,2023-12-10,13:32:00,1,Collision with vehicle,5,Thursday,148,VEHICLE OFF FOOTPATH STRIKES VEH ON CARRIAGEWAY,1,35577,2,0,1,0,1,2,1,2,T intersection,2,60,Arterial Other,HUME,-37.68369,144.91829,3047.0,True,William Ruthven SC,7588.6
T20250013093,2025-09-05,07:30:00,6,Vehicle overturned (no collision),6,Friday,149,OTHER MANOEUVRING NOT INCLUDED IN DCAs 140-148,2,71012,1,0,0,1,0,1,2,2,T intersection,3,60,Local Road,GEELONG,-38.021908,144.38759,3212.0,True,Preston HS,62665.3
T20210018777,2021-06-09,20:05:00,2,Struck Pedestrian,2,Monday,105,PED WALKING AGAINST TRAFFIC.,3,69256,1,0,0,1,1,2,1,2,T intersection,3,60,Local Road,EAST GIPPSLAND,-37.872616,147.99529,3909.0,True,Reservoir HS,261119.2
T20220010249,2022-07-05,09:38:00,2,Struck Pedestrian,6,Saturday,104,PED WALKING WITH TRAFFIC,1,715196,1,0,1,0,1,2,1,5,Not at intersection,2,40,Local Road,YARRA,-37.814404,144.99904,3121.0,True,Preston HS,8115.3
T20240027879,2024-02-11,11:05:00,2,Struck Pedestrian,7,Saturday,100,PED NEAR SIDE. PED HIT BY VEHICLE FROM THE RIGHT.,1,810423,1,1,0,0,1,2,1,1,Cross intersection,1,50,Arterial Other,WELLINGTON,-37.963623,147.08049,3862.0,True,Reservoir HS,182088.7
T20250006843,2025-07-03,18:00:00,5,collision with some other object,5,Friday,171,LEFT OFF CARRIAGEWAY INTO OBJECT/PARKED VEHICLE,1,822927,1,0,0,2,0,2,2,5,Not at intersection,3,60,Local Road,HUME,-37.54164,144.91484,3064.0,True,William Ruthven SC,18893.1
T20230006237,2023-08-03,12:00:00,2,Struck Pedestrian,4,Wednesday,109,ANY MANOEUVRE INVOLVING PED NOT INCLUDED IN DCAs 100-108.,9,36952,1,0,1,0,1,2,2,1,Cross intersection,2,999,Local Road,MELBOURNE,-37.81281,144.96811,3000.0,True,Preston HS,8617.7
T20210002953,2021-09-02,12:15:00,1,Collision with vehicle,2,Tuesday,110,CROSS TRAFFIC(INTERSECTIONS ONLY),1,41332,2,0,0,1,1,2,1,1,Cross intersection,3,50,Local Road,GLEN EIRA,-37.885746,145.03381,3162.0,True,Preston HS,16188.1
T20250011702,2025-02-05,15:36:00,8,No collision and no object struck,5,Friday,174,OUT OF CONTROL ON CARRIAGEWAY (ON STRAIGHT),1,818434,1,0,0,1,0,1,1,5,Not at intersection,3,50,Local Road,YARRA RANGES,-37.6692,145.85278,3799.0,True,Reservoir HS,72686.0
T20210018764,2021-06-09,15:53:00,1,Collision with vehicle,1,Monday,130,REAR END(VEHICLES IN SAME LANE),1,699768,2,0,1,0,1,2,1,5,Not at intersection,2,60,Freeway,CASEY,-38.06618,145.37662,3806.0,True,Preston HS,48506.7
T20220017508,2022-05-08,15:07:00,1,Collision with vehicle,5,Friday,110,CROSS TRAFFIC(INTERSECTIONS ONLY),1,720537,2,0,0,1,1,2,1,1,Cross intersection,3,60,,BENDIGO,-36.74669,144.30421,3550.0,True,William Ruthven SC,122406.3
T20210022791,2021-10-11,08:10:00,1,Collision with vehicle,4,Wednesday,148,VEHICLE OFF FOOTPATH STRIKES VEH ON CARRIAGEWAY,1,835,2,0,0,1,1,2,2,2,T intersection,3,50,Local Road,MORELAND,-37.73711,144.96034,3058.0,True,Preston HS,4143.3
T20230028447,2023-02-12,12:15:00,6,Vehicle overturned (no collision),7,Saturday,174,OUT OF CONTROL ON CARRIAGEWAY (ON STRAIGHT),1,72683,1,0,1,0,0,1,1,2,T intersection,2,50,Local Road,MORNINGTON PENINSULA,-38.200333,145.10226,3930.0,True,Preston HS,51675.3
T20240016592,2024-01-07,08:59:00,2,Struck Pedestrian,2,Monday,100,PED NEAR SIDE. PED HIT BY VEHICLE FROM THE RIGHT.,1,806429,1,0,1,0,1,2,1,5,Not at intersection,2,60,Arterial Highway,GEELONG,-38.202465,144.34111,3216.0,True,Preston HS,77672.0
T20240032428,2024-10-12,11:30:00,4,Collision with a fixed object,3,Tuesday,173,RIGHT OFF CARRIAGEWAY INTO OBJECT/PARKED VEHICLE,1,812698,2,0,0,1,1,2,2,2,T intersection,3,50,Local Road,FRANKSTON,-38.16464,145.15636,3199.0,True,Preston HS,48815.7
T20240017023,2024-05-07,15:30:00,1,Collision with vehicle,6,Friday,135,LANE CHANGE LEFT (NOT OVERTAKING),1,807764,2,0,1,0,1,2,1,5,Not at intersection,2,60,Arterial Other,STONNINGTON,-37.863968,145.0406,3145.0,True,Preston HS,13910.5
T20250015137,2025-05-06,21:30:00,2,Struck Pedestrian,4,Thursday,104,PED WALKING WITH TRAFFIC,5,819027,1,0,0,1,1,2,1,2,T intersection,3,60,Arterial Other,BENDIGO,-36.770493,144.25046,3555.0,True,William Ruthven SC,122643.3
T20240008599,2024-05-04,21:19:00,1,Collision with vehicle,6,Friday,130,REAR END(VEHICLES IN SAME LANE),6,44468,2,0,0,1,1,2,2,1,Cross intersection,3,60,Local Road,GEELONG,-38.155487,144.35696,3220.0,True,Preston HS,73258.2
T20210015314,2021-12-07,09:40:00,1,Collision with vehicle,2,Monday,113,RIGHT NEAR (INTERSECTIONS ONLY),1,63682,2,0,1,0,1,2,1,2,T intersection,2,60,Arterial Other,MANNINGHAM,-37.759666,145.11266,3107.0,True,Reservoir HS,8412.5
T20220010214,2022-06-05,19:40:00,6,Vehicle overturned (no collision),6,Friday,174,OUT OF CONTROL ON CARRIAGEWAY (ON STRAIGHT),5,713029,1,0,1,0,0,1,1,5,Not at intersection,2,100,,HEPBURN,-37.317116,143.76886,3370.0,True,William Ruthven SC,116749.5
T20240017030,2024-05-07,15:45:00,1,Collision with vehicle,6,Friday,110,CROSS TRAFFIC(INTERSECTIONS ONLY),1,38074,2,0,1,0,1,2,1,1,Cross intersection,2,50,Local Road,DAREBIN,-37.76758,145.0212,3078.0,True,Preston HS,3133.4
T20250000391,2025-06-01,07:05:00,6,Vehicle overturned (no collision),2,Monday,174,OUT OF CONTROL ON CARRIAGEWAY (ON STRAIGHT),1,44876,1,0,1,0,0,1,1,2,T intersection,2,50,Arterial Other,NILLUMBIK,-37.735367,145.22249,3113.0,True,Reservoir HS,17042.5
T20250002749,2025-02-02,11:00:00,4,Collision with a fixed object,1,Sunday,171,LEFT OFF CARRIAGEWAY INTO OBJECT/PARKED VEHICLE,1,814614,1,0,0,1,0,1,1,5,Not at intersection,3,80,Arterial Other,WHITTLESEA,-37.649055,144.99951,3076.0,True,William Ruthven SC,5289.0
T20230013363,2023-08-06,17:30:00,1,Collision with vehicle,5,Thursday,120,HEAD ON (NOT OVERTAKING),3,776142,2,0,0,1,1,2,1,5,Not at intersection,3,50,Local Road,DAREBIN,-37.76038,144.9906,3071.0,True,Preston HS,2533.6
T20240009031,2024-10-02,10:20:00,1,Collision with vehicle,6,Saturday,163,VEHICLE STRIKES DOOR OF PARKED/STATIONARY VEHICLE,1,801362,2,0,0,1,1,2,2,5,Not at intersection,3,50,Local Road,MELBOURNE,-37.793797,144.97357,3053.0,True,Preston HS,6499.6
T20250007200,2025-09-02,14:00:00,8,No collision and no object struck,0,Sunday,174,OUT OF CONTROL ON CARRIAGEWAY (ON STRAIGHT),1,816343,1,0,0,1,0,1,2,5,Not at intersection,3,50,Local Road,DANDENONG,-38.0134,145.23627,3175.0,True,Preston HS,36294.8
T20220008030,2022-10-04,09:00:00,2,Struck Pedestrian,1,Sunday,100,PED NEAR SIDE. PED HIT BY VEHICLE FROM THE RIGHT.,1,709427,1,1,0,0,1,2,1,1,Cross intersection,1,50,Arterial Other,YARRA,-37.79984,144.99292,3066.0,True,Preston HS,6583.9
T20240009856,2024-02-04,17:30:00,1,Collision with vehicle,3,Tuesday,148,VEHICLE OFF FOOTPATH STRIKES VEH ON CARRIAGEWAY,2,805260,2,0,0,1,1,2,2,1,Cross intersection,3,80,Arterial Highway,DANDENONG,-37.997494,145.16225,3173.0,True,Preston HS,31535.3
T20210012608,2021-07-06,10:15:00,1,Collision with vehicle,2,Monday,140,U TURN,1,685171,2,0,1,0,1,2,1,5,Not at intersection,2,999,Local Road,MORELAND,-37.76912,144.94124,3055.0,True,Preston HS,6543.7
T20220009817,2022-02-05,14:22:00,2,Struck Pedestrian,1,Monday,100,PED NEAR SIDE. PED HIT BY VEHICLE FROM THE RIGHT.,1,781724,1,0,0,1,1,2,1,5,Not at intersection,3,40,,MELTON,-37.685894,144.5591,3337.0,True,William Ruthven SC,39076.0
T20210020979,2021-10-10,20:00:00,8,No collision and no object struck,1,Sunday,180,OFF CARRIAGEWAY ON RIGHT BEND,6,695017,1,0,0,1,0,1,2,5,Not at intersection,3,50,Arterial Other,BOROONDARA,-37.801823,145.01344,3101.0,True,Preston HS,6708.6
T20220015196,2022-06-07,12:46:00,2,Struck Pedestrian,4,Wednesday,102,FAR SIDE. PED HIT BY VEHICLE FROM THE LEFT,1,718762,1,0,0,1,1,2,1,5,Not at intersection,3,60,Arterial Highway,MONASH,-37.888504,145.0891,3166.0,True,Preston HS,17842.5
T20240004791,2024-11-01,17:30:00,1,Collision with vehicle,4,Thursday,154,PULLING OUT -REAR END,1,798861,2,0,0,1,2,3,1,5,Not at intersection,3,50,Local Road,GLEN EIRA,-37.926987,145.05493,3165.0,True,Preston HS,21026.8
T20240030986,2024-03-12,08:05:00,2,Struck Pedestrian,2,Tuesday,100,PED NEAR SIDE. PED HIT BY VEHICLE FROM THE RIGHT.,9,814989,1,0,0,1,1,2,2,1,Cross intersection,3,60,Arterial Highway,PORT PHILLIP,-37.864536,144.98549,3182.0,True,Preston HS,13790.1
T20240019810,2024-04-08,12:30:00,4,Collision with a fixed object,1,Sunday,171,LEFT OFF CARRIAGEWAY INTO OBJECT/PARKED VEHICLE,1,807091,1,0,1,0,0,1,2,5,Not at intersection,2,100,Local Road,GLENELG,-38.236683,141.57867,3305.0,True,Preston HS,305433.3
T20220019874,2022-02-09,18:48:00,1,Collision with vehicle,6,Friday,121,RIGHT THROUGH,3,734368,2,1,0,1,1,3,1,2,T intersection,1,50,Local Road,HUME,-37.597492,144.89348,3064.0,True,William Ruthven SC,14637.6
T20240002656,2024-02-02,21:08:00,1,Collision with vehicle,6,Friday,132,RIGHT REAR.,3,39999,2,0,1,0,1,2,1,2,T intersection,2,60,Arterial Other,HOBSONS BAY,-37.853554,144.89062,3016.0,True,Preston HS,16107.0
T20250010793,2025-12-04,10:00:00,1,Collision with vehicle,7,Saturday,121,RIGHT THROUGH,1,817623,2,0,0,2,0,2,2,5,Not at intersection,3,60,Arterial Other,MONASH,-37.920097,145.1207,3168.0,True,Preston HS,22204.5
T20240030803,2024-02-12,00:57:00,2,Struck Pedestrian,2,Monday,103,PED PLAYING/LYING/WORKING/STANDING ON CARRIAGEWAY.,5,812794,1,0,1,0,1,2,1,5,Not at intersection,2,100,Freeway,WYNDHAM,-37.924404,144.64478,3030.0,True,Preston HS,37752.0
T20240009098,2024-11-04,15:02:00,2,Struck Pedestrian,4,Thursday,100,PED NEAR SIDE. PED HIT BY VEHICLE FROM THE RIGHT.,1,803625,1,0,0,1,1,2,1,5,Not at intersection,3,60,Arterial Other,MOONEE VALLEY,-37.750103,144.86205,3033.0,True,Preston HS,12787.8
T20230026666,2023-12-11,12:05:00,1,Collision with vehicle,1,Sunday,147,VEHICLE STRIKES ANOTHER VEH WHILE EMERGING FROM DRIVEWAY,1,793301,2,0,1,0,1,2,2,5,Not at intersection,2,60,Local Road,GEELONG,-38.182228,144.46576,3224.0,True,Preston HS,68203.6
T20230005664,2023-08-03,20:15:00,8,No collision and no object struck,3,Wednesday,180,OFF CARRIAGEWAY ON RIGHT BEND,2,780736,1,0,0,1,0,1,2,1,Cross intersection,3,50,Local Road,BENDIGO,-36.803608,144.22444,3555.0,True,William Ruthven SC,120858.5
T20240017661,2024-12-07,22:45:00,2,Struck Pedestrian,5,Friday,102,FAR SIDE. PED HIT BY VEHICLE FROM THE LEFT,3,808238,1,0,0,1,1,2,1,5,Not at intersection,3,40,Local Road,MELBOURNE,-37.818123,144.96513,3000.0,True,Preston HS,9263.8
T20230010826,2023-09-05,07:30:00,1,Collision with vehicle,3,Tuesday,121,RIGHT THROUGH,1,38080,2,0,1,0,1,2,1,1,Cross intersection,2,60,Arterial Other,DAREBIN,-37.782364,145.02269,3078.0,True,Preston HS,4724.8
T20250011719,2025-02-05,15:20:00,1,Collision with vehicle,6,Friday,113,RIGHT NEAR (INTERSECTIONS ONLY),1,817912,2,0,0,1,1,2,1,2,T intersection,3,80,Arterial Highway,WHITEHORSE,-37.82468,145.17471,3131.0,True,Reservoir HS,17101.5
T20230015730,2023-07-07,08:01:00,1,Collision with vehicle,5,Friday,136,RIGHT TURN SIDESWIPE,1,36278,2,0,0,1,1,2,1,1,Cross intersection,3,40,Local Road,MELBOURNE,-37.80456,144.96326,3053.0,True,Preston HS,7981.4
T20240024727,2024-12-09,08:55:00,2,Struck Pedestrian,5,Thursday,108,PED STRUCK WALKING TO/FROM OR BOARDING/ALIGHTING VEHICLE.,1,811589,1,0,0,1,1,2,2,5,Not at intersection,3,40,Local Road,PORT PHILLIP,-37.83429,144.97327,3004.0,True,Preston HS,10716.1
T20210008162,2021-09-04,17:00:00,4,Collision with a fixed object,6,Friday,171,LEFT OFF CARRIAGEWAY INTO OBJECT/PARKED VEHICLE,2,780827,1,0,0,1,0,1,2,5,Not at intersection,3,999,Local Road,CAMPASPE,-36.103786,144.86282,3564.0,True,William Ruthven SC,177544.1
T20210012610,2021-06-06,00:10:00,1,Collision with vehicle,0,Sunday,110,CROSS TRAFFIC(INTERSECTIONS ONLY),3,55621,2,0,0,1,2,3,2,1,Cross intersection,3,60,Local Road,MELTON,-37.740993,144.73653,3023.0,True,Preston HS,23791.6
T20220001022,2022-03-01,11:00:00,6,Vehicle overturned (no collision),2,Monday,182,OFF CARRIAGEWAY ON LEFT BEND,1,702219,1,0,1,0,0,1,2,5,Not at intersection,2,100,,STRATHBOGIE,-36.6766,145.73299,3669.0,True,William Ruthven SC,130552.3