ACCIDENT_NO,ACCIDENT_DATE,ACCIDENT_TIME,ACCIDENT_TYPE,ACCIDENT_TYPE_DESC,DAY_OF_WEEK,DAY_WEEK_DESC,DCA_CODE,DCA_DESC,LIGHT_CONDITION,NODE_ID,NO_OF_VEHICLES,NO_PERSONS_KILLED,NO_PERSONS_INJ_2,NO_PERSONS_INJ_3,NO_PERSONS_NOT_INJ,NO_PERSONS,POLICE_ATTEND,ROAD_GEOMETRY,ROAD_GEOMETRY_DESC,SEVERITY,SPEED_ZONE,RMA,LGA_NAME,LATITUDE,LONGITUDE,POSTCODE_CRASH,PED_OR_CYC,nearest_school,dist_to_gate_m
T20220009755,2022-01-05,18:25:00,2,Struck Pedestrian,1,Sunday,101,PED EMERGES FROM IN FRONT OF PARKED OR STATIONARY VEHICLE,3,712574,1,0,1,0,1,2,1,5,Not at intersection,2,40,Arterial Other,BOROONDARA,-37.807205,145.02968,3101.0,True,Preston HS,7549.4
T20220014926,2022-04-07,06:37:00,6,Vehicle overturned (no collision),2,Monday,174,OUT OF CONTROL ON CARRIAGEWAY (ON STRAIGHT),1,718552,1,0,1,0,0,1,1,5,Not at intersection,2,60,Local Road,WHITTLESEA,-37.68019,145.02966,3074.0,True,William Ruthven SC,2968.6
T20240013811,2024-08-05,17:20:00,1,Collision with vehicle,4,Wednesday,136,RIGHT TURN SIDESWIPE,3,804403,2,0,0,2,1,3,1,5,Not at intersection,3,40,Local Road,MELBOURNE,-37.81616,144.96123,3000.0,True,Preston HS,9208.9
T20250015212,2025-06-06,19:00:00,2,Struck Pedestrian,5,Friday,102,FAR SIDE. PED HIT BY VEHICLE FROM THE LEFT,3,67486,1,0,0,1,1,2,1,2,T intersection,3,60,Arterial Other,STONNINGTON,-37.857723,145.00159,3181.0,True,Preston HS,12910.2
T20210022702,2021-08-11,15:25:00,2,Struck Pedestrian,2,Monday,106,VEH STRIKES PED ON FOOTPATH/MEDIAN/TRAFFIC ISLAND.,1,714273,1,0,0,1,1,2,2,5,Not at intersection,3,50,Local Road,CASEY,-37.98969,145.24202,3177.0,True,Preston HS,34433.4
T20220011124,2022-11-05,17:55:00,9,Other accident,4,Wednesday,179,OTHER ACCIDENTS-OFF STRAIGHT NOT INCLUDED IN DCAs 170-175,3,712723,1,0,0,1,0,1,2,1,Cross intersection,3,60,Arterial Other,MELBOURNE,-37.844868,144.97879,3004.0,True,Preston HS,11738.4
T20220002805,2022-06-02,11:30:00,5,collision with some other object,1,Sunday,181,OFF RIGHT BEND INTO OBJECT/PARKED VEHICLE,1,781505,1,0,0,1,0,1,2,5,Not at intersection,3,999,,BENALLA,-36.828716,145.9501,3673.0,True,William Ruthven SC,127814.2
T20240026928,2024-12-09,14:00:00,1,Collision with vehicle,5,Thursday,113,RIGHT NEAR (INTERSECTIONS ONLY),1,811000,2,0,1,0,1,2,2,2,T intersection,2,50,Local Road,WYNDHAM,-37.89283,144.73715,3030.0,True,Preston HS,29063.6
T20230028470,2023-02-12,17:20:00,2,Struck Pedestrian,7,Saturday,106,VEH STRIKES PED ON FOOTPATH/MEDIAN/TRAFFIC ISLAND.,1,795025,1,0,0,1,1,2,1,5,Not at intersection,3,50,Local Road,BASS COAST,-38.456997,145.2171,3922.0,True,Preston HS,81632.4
T20220007315,2022-01-04,16:05:00,1,Collision with vehicle,6,Friday,147,VEHICLE STRIKES ANOTHER VEH WHILE EMERGING FROM DRIVEWAY,1,718694,2,0,1,0,1,2,1,5,Not at intersection,2,80,Arterial Other,CASEY,-38.068943,145.29845,3805.0,True,Preston HS,44468.8
T20230003348,2023-11-02,12:00:00,8,No collision and no object struck,7,Saturday,174,OUT OF CONTROL ON CARRIAGEWAY (ON STRAIGHT),1,753877,1,0,1,0,0,1,1,5,Not at intersection,2,100,Arterial Other,COLAC OTWAY,-38.433575,143.77551,3243.0,True,Preston HS,132423.5
T20230018737,2023-11-08,14:44:00,1,Collision with vehicle,6,Friday,121,RIGHT THROUGH,1,779228,2,0,1,0,2,3,2,5,Not at intersection,2,60,Local Road,MARIBYRNONG,-37.78419,144.8839,3012.0,True,Preston HS,11815.7
T20230000680,2023-10-01,16:31:00,4,Collision with a fixed object,3,Tuesday,171,LEFT OFF CARRIAGEWAY INTO OBJECT/PARKED VEHICLE,1,747044,3,1,0,1,0,2,1,5,Not at intersection,1,50,Local Road,FRANKSTON,-38.165287,145.15594,3199.0,True,Preston HS,48875.1
T20240019926,2024-06-08,16:34:00,2,Struck Pedestrian,2,Tuesday,100,PED NEAR SIDE. PED HIT BY VEHICLE FROM THE RIGHT.,1,818914,1,0,0,1,1,2,2,5,Not at intersection,3,40,Local Road,PORT PHILLIP,-37.86028,144.97652,3182.0,True,Preston HS,13456.4
T20230018003,2023-02-08,12:35:00,2,Struck Pedestrian,4,Wednesday,100,PED NEAR SIDE. PED HIT BY VEHICLE FROM THE RIGHT.,1,44916,1,0,1,0,1,2,1,2,T intersection,2,70,Arterial Other,BRIMBANK,-37.75667,144.777,3023.0,True,Preston HS,20299.1
T20240017461,2024-10-07,18:15:00,2,Struck Pedestrian,4,Wednesday,100,PED NEAR SIDE. PED HIT BY VEHICLE FROM THE RIGHT.,3,806182,1,0,0,1,2,3,1,5,Not at intersection,3,40,Local Road,MELBOURNE,-37.815823,144.96541,3000.0,True,Preston HS,9019.8
T20220013088,2022-10-06,07:36:00,2,Struck Pedestrian,6,Friday,101,PED EMERGES FROM IN FRONT OF PARKED OR STATIONARY VEHICLE,1,715703,1,0,0,1,1,2,1,5,Not at intersection,3,60,Local Road,MORELAND,-37.708954,144.93797,3046.0,True,William Ruthven SC,5884.4
T20220010211,2022-04-05,18:15:00,2,Struck Pedestrian,3,Wednesday,102,FAR SIDE. PED HIT BY VEHICLE FROM THE LEFT,2,716987,1,0,0,1,1,2,2,2,T intersection,3,50,Local Road,MARIBYRNONG,-37.813175,144.8858,3013.0,True,Preston HS,13297.3
T20230003116,2023-08-02,14:15:00,2,Struck Pedestrian,4,Wednesday,100,PED NEAR SIDE. PED HIT BY VEHICLE FROM THE RIGHT.,1,754076,1,0,0,1,1,2,1,5,Not at intersection,3,40,Local Road,MELBOURNE,-37.818813,144.95505,3000.0,True,Preston HS,9718.5
T20240008431,2024-05-03,16:50:00,6,Vehicle overturned (no collision),2,Tuesday,174,OUT OF CONTROL ON CARRIAGEWAY (ON STRAIGHT),1,803308,2,0,0,1,1,2,2,2,T intersection,3,999,Local Road,KNOX,-37.876953,145.27956,3156.0,True,Reservoir HS,27900.5
T20240025615,2024-10-10,14:45:00,1,Collision with vehicle,5,Thursday,140,U TURN,1,812099,2,0,1,0,2,3,1,2,T intersection,2,60,Arterial Other,MAROONDAH,-37.77572,145.29443,3136.0,True,Reservoir HS,24044.3
T20240028820,2024-11-11,21:48:00,1,Collision with vehicle,2,Monday,137,LEFT TURN SIDESWIPE,3,617,2,0,0,1,1,2,1,1,Cross intersection,3,60,Arterial Other,MONASH,-37.872204,145.14839,3150.0,True,Preston HS,19096.0
T20250018502,2025-11-07,19:49:00,1,Collision with vehicle,5,Friday,110,CROSS TRAFFIC(INTERSECTIONS ONLY),3,820188,2,0,0,1,3,4,1,1,Cross intersection,3,999,Local Road,DAREBIN,-37.753227,144.99461,3071.0,True,Preston HS,1687.9
T20230028395,2023-01-12,21:10:00,8,No collision and no object struck,6,Friday,174,OUT OF CONTROL ON CARRIAGEWAY (ON STRAIGHT),3,798136,1,0,1,0,0,1,1,5,Not at intersection,2,60,Arterial Other,BAYSIDE,-37.90185,145.01909,3187.0,True,Preston HS,17839.0
T20240008667,2024-06-04,22:26:00,1,Collision with vehicle,7,Saturday,113,RIGHT NEAR (INTERSECTIONS ONLY),3,51502,2,2,0,0,0,2,1,2,T intersection,1,60,Local Road,BENDIGO,-36.713177,144.26616,3556.0,True,William Ruthven SC,127336.1
T20230000784,2023-10-01,11:00:00,8,No collision and no object struck,3,Tuesday,175,OFF END OF ROAD/T-INTERSECTION.,1,747586,1,0,0,1,0,1,2,2,T intersection,3,100,Local Road,MACEDON RANGES,-37.203163,144.65721,3435.0,True,William Ruthven SC,62780.9
T20250000231,2024-10-12,07:00:00,1,Collision with vehicle,3,Tuesday,139,OTHER SAME DIRECTION-MANOUEVRES NOT INCLUDED IN DCAs 130-137,2,813405,2,0,0,1,1,2,2,5,Not at intersection,3,60,Local Road,HUME,-37.681526,144.83739,3045.0,True,William Ruthven SC,14667.0
T20230002837,2023-10-01,10:05:00,2,Struck Pedestrian,2,Tuesday,107,PED ON FOOTHPATH STRUCK BY VEHENTERING/LEAVING DRIVEWAY.,1,754438,2,0,0,1,1,2,1,2,T intersection,3,999,Local Road,MURRINDINDI,-37.1873,145.7063,3714.0,True,William Ruthven SC,84034.0
T20210020588,2021-06-10,12:00:00,2,Struck Pedestrian,3,Wednesday,100,PED NEAR SIDE. PED HIT BY VEHICLE FROM THE RIGHT.,1,52852,1,0,0,1,1,2,1,1,Cross intersection,3,60,Local Road,BALLARAT,-37.559277,143.86446,3350.0,True,William Ruthven SC,101419.6
T20210006783,2021-09-02,16:41:00,1,Collision with vehicle,3,Tuesday,130,REAR END(VEHICLES IN SAME LANE),1,679551,2,0,0,1,0,1,2,2,T intersection,3,60,Arterial Other,PORT PHILLIP,-37.84908,144.95128,3206.0,True,Preston HS,12908.2
T20230029058,2023-08-12,16:51:00,2,Struck Pedestrian,6,Friday,100,PED NEAR SIDE. PED HIT BY VEHICLE FROM THE RIGHT.,1,795438,1,0,1,0,1,2,1,9,Unknown,2,999,,CASEY,-38.061604,145.33923,3806.0,True,Preston HS,45984.2
T20230023906,2023-12-10,21:00:00,1,Collision with vehicle,4,Thursday,121,RIGHT THROUGH,3,791243,2,0,0,1,1,2,2,2,T intersection,3,50,,BASS COAST,-38.458103,145.22803,3922.0,True,Preston HS,81972.5
T20240008276,2024-02-04,13:15:00,2,Struck Pedestrian,3,Tuesday,102,FAR SIDE. PED HIT BY VEHICLE FROM THE LEFT,1,801624,1,0,0,1,1,2,1,2,T intersection,3,80,Local Road,KNOX,-37.87081,145.24149,3152.0,True,Reservoir HS,24891.9
T20210010339,2021-06-05,14:50:00,1,Collision with vehicle,5,Thursday,130,REAR END(VEHICLES IN SAME LANE),1,187941,2,0,1,0,0,1,2,5,Not at intersection,2,40,Local Road,MELBOURNE,-37.81735,144.96178,3000.0,True,Preston HS,9307.2
T20250014998,2025-04-06,15:44:00,1,Collision with vehicle,4,Wednesday,130,REAR END(VEHICLES IN SAME LANE),1,29422,3,0,1,0,2,3,1,1,Cross intersection,2,40,Local Road,MELBOURNE,-37.8113,144.9618,3000.0,True,Preston HS,8703.2
T20230012828,2023-01-06,17:00:00,2,Struck Pedestrian,5,Thursday,100,PED NEAR SIDE. PED HIT BY VEHICLE FROM THE RIGHT.,2,777262,1,0,0,1,0,1,2,5,Not at intersection,3,888,Arterial Highway,MOUNT ALEXANDER,-37.06717,144.21999,3450.0,True,William Ruthven SC,98405.8
T20230000638,2023-10-01,12:05:00,1,Collision with vehicle,2,Tuesday,130,REAR END(VEHICLES IN SAME LANE),1,788405,2,0,1,0,1,2,1,5,Not at intersection,2,40,Local Road,YARRA,-37.810356,145.00067,3067.0,True,Preston HS,7655.1
T20250021338,2025-11-08,13:00:00,8,No collision and no object struck,1,Monday,174,OUT OF CONTROL ON CARRIAGEWAY (ON STRAIGHT),1,822042,1,0,0,1,0,1,2,5,Not at intersection,3,60,Arterial Other,MONASH,-37.882496,145.10886,3148.0,True,Preston HS,18028.2
T20250018396,2025-10-07,12:19:00,2,Struck Pedestrian,5,Thursday,106,VEH STRIKES PED ON FOOTPATH/MEDIAN/TRAFFIC ISLAND.,1,820487,1,2,2,0,0,4,1,5,Not at intersection,1,50,Local Road,KNOX,-37.862675,145.2457,3152.0,True,Reservoir HS,24587.2
T20240011541,2024-07-05,08:40:00,3,Struck animal,2,Tuesday,167,STRUCK ANIMAL,1,802812,1,0,1,0,0,1,1,5,Not at intersection,2,100,Arterial Other,MOUNT ALEXANDER,-36.93994,143.99127,3463.0,True,William Ruthven SC,122808.5
T20240019658,2024-03-08,21:17:00,2,Struck Pedestrian,7,Saturday,102,FAR SIDE. PED HIT BY VEHICLE FROM THE LEFT,6,808436,1,0,0,2,1,3,2,2,T intersection,3,50,Arterial Other,MELBOURNE,-37.825104,144.96107,3006.0,True,Preston HS,10117.9
T20210010311,2021-07-05,19:36:00,1,Collision with vehicle,6,Friday,163,VEHICLE STRIKES DOOR OF PARKED/STATIONARY VEHICLE,3,730192,2,0,0,1,1,2,1,5,Not at intersection,3,40,Local Road,YARRA,-37.801884,144.98376,3066.0,True,Preston HS,6999.5
T20230010824,2023-09-05,06:08:00,2,Struck Pedestrian,2,Tuesday,100,PED NEAR SIDE. PED HIT BY VEHICLE FROM THE RIGHT.,3,788399,1,0,1,0,1,2,1,1,Cross intersection,2,60,Arterial Highway,PORT PHILLIP,-37.848206,144.97752,3004.0,True,Preston HS,12124.8
T20220017437,2022-04-08,18:38:00,1,Collision with vehicle,4,Thursday,110,CROSS TRAFFIC(INTERSECTIONS ONLY),3,29396,2,0,0,1,1,2,1,1,Cross intersection,3,40,Local Road,MELBOURNE,-37.80816,144.96875,3000.0,True,Preston HS,8122.4
T20250000216,2025-03-01,21:38:00,2,Struck Pedestrian,6,Friday,102,FAR SIDE. PED HIT BY VEHICLE FROM THE LEFT,5,29671,1,0,1,0,2,3,1,2,T intersection,2,50,Arterial Other,MONASH,-37.91363,145.18784,3150.0,True,Preston HS,24849.0
T20220019914,2022-03-09,11:30:00,2,Struck Pedestrian,7,Saturday,100,PED NEAR SIDE. PED HIT BY VEHICLE FROM THE RIGHT.,1,34705,1,0,0,1,4,5,1,5,Not at intersection,3,60,Local Road,MARIBYRNONG,-37.775734,144.88556,3032.0,True,Preston HS,11335.0
T20220005552,2022-11-03,22:15:00,1,Collision with vehicle,6,Friday,134,LANE CHANGE RIGHT (NOT OVERTAKING),3,709412,2,0,1,0,1,2,1,5,Not at intersection,2,80,Arterial Highway,KNOX,-37.85986,145.2077,3152.0,True,Reservoir HS,21888.3
T20240000336,2024-02-01,20:40:00,8,No collision and no object struck,3,Tuesday,174,OUT OF CONTROL ON CARRIAGEWAY (ON STRAIGHT),6,242851,1,0,0,1,0,1,2,2,T intersection,3,60,Local Road,HOBSONS BAY,-37.871063,144.82025,3018.0,True,Preston HS,21826.1
T20240020742,2024-09-08,14:30:00,6,Vehicle overturned (no collision),6,Friday,174,OUT OF CONTROL ON CARRIAGEWAY (ON STRAIGHT),1,807507,1,0,0,1,0,1,2,2,T intersection,3,999,Arterial Highway,GEELONG,-38.177616,144.35188,3216.0,True,Preston HS,75161.4
T20240002731,2024-03-02,13:49:00,4,Collision with a fixed object,7,Saturday,171,LEFT OFF CARRIAGEWAY INTO OBJECT/PARKED VEHICLE,1,797423,1,1,0,0,0,1,1,5,Not at intersection,1,100,Arterial Highway,YARRIAMBIACK,-35.669933,142.64603,3485.0,True,William Ruthven SC,308126.1
T20210025035,2021-07-12,17:59:00,2,Struck Pedestrian,2,Tuesday,100,PED NEAR SIDE. PED HIT BY VEHICLE FROM THE RIGHT.,1,49253,1,0,0,1,1,2,1,1,Cross intersection,3,60,Arterial Other,CENTRAL GOLDFIELDS,-37.033283,143.74463,3465.0,True,William Ruthven SC,133439.4
T20230025931,2023-05-11,19:50:00,8,No collision and no object struck,1,Sunday,174,OUT OF CONTROL ON CARRIAGEWAY (ON STRAIGHT),2,803828,1,0,2,0,0,2,1,5,Not at intersection,2,100,Local Road,GLENELG,-38.206768,141.8326,3285.0,True,Preston HS,283005.5
T20240022698,2024-06-09,08:15:00,2,Struck Pedestrian,6,Friday,101,PED EMERGES FROM IN FRONT OF PARKED OR STATIONARY VEHICLE,1,808266,1,0,1,0,1,2,1,5,Not at intersection,2,60,Local Road,BRIMBANK,-37.805733,144.8179,3020.0,True,Preston HS,18089.5
T20240029274,2024-03-11,11:00:00,6,Vehicle overturned (no collision),1,Sunday,182,OFF CARRIAGEWAY ON LEFT BEND,1,810989,1,0,0,1,0,1,2,5,Not at intersection,3,888,Local Road,YARRA RANGES,-37.786507,145.6809,3799.0,True,Reservoir HS,57718.6
T20250005758,2025-02-03,15:30:00,4,Collision with a fixed object,0,Sunday,189,OTHER ACCIDENTS ON CURVE NOT INCLUDED IN DCAs 180-184,1,815932,1,0,0,1,0,1,2,5,Not at intersection,3,888,Local Road,SURF COAST,-38.353985,144.143,3230.0,True,Preston HS,101785.8
T20230028586,2023-04-12,07:25:00,1,Collision with vehicle,1,Monday,121,RIGHT THROUGH,1,35517,2,0,0,1,1,2,1,1,Cross intersection,3,60,Arterial Other,BOROONDARA,-37.83421,145.08136,3124.0,True,Preston HS,12181.9
T20240011592,2024-07-05,16:25:00,2,Struck Pedestrian,3,Tuesday,101,PED EMERGES FROM IN FRONT OF PARKED OR STATIONARY VEHICLE,1,804719,1,0,1,0,1,2,1,5,Not at intersection,2,60,Local Road,GEELONG,-38.1951,144.30504,3216.0,True,Preston HS,79556.4
T20240031819,2024-11-12,15:45:00,6,Vehicle overturned (no collision),4,Wednesday,174,OUT OF CONTROL ON CARRIAGEWAY (ON STRAIGHT),1,44574,1,0,0,1,0,1,1,1,Cross intersection,3,60,Arterial Other,BANYULE,-37.734463,145.04913,3081.0,True,Reservoir HS,2193.2
T20220003018,2022-09-02,12:25:00,8,No collision and no object struck,3,Wednesday,174,OUT OF CONTROL ON CARRIAGEWAY (ON STRAIGHT),1,708325,2,0,0,1,1,2,2,5,Not at intersection,3,60,Local Road,HUME,-37.566017,144.90962,3064.0,True,William Ruthven SC,16680.8
T20230023544,2023-08-10,14:00:00,8,No collision and no object struck,0,Sunday,179,OTHER ACCIDENTS-OFF STRAIGHT NOT INCLUDED IN DCAs 170-175,1,811502,1,0,0,1,0,1,2,5,Not at intersection,3,888,Local Road,MITCHELL,-37.389496,145.10992,3658.0,True,William Ruthven SC,35419.4
T20210026944,2021-12-12,17:00:00,6,Vehicle overturned (no collision),1,Sunday,184,OUT OF CONTROL ON CARRIAGEWAY (ON BEND),1,702434,1,0,0,1,0,1,1,5,Not at intersection,3,80,,YARRA RANGES,-37.765972,145.69072,3799.0,True,Reservoir HS,58349.6
T20230026103,2023-07-11,22:15:00,2,Struck Pedestrian,3,Tuesday,100,PED NEAR SIDE. PED HIT BY VEHICLE FROM THE RIGHT.,3,45433,1,0,1,0,1,2,1,1,Cross intersection,2,60,Arterial Other,MOONEE VALLEY,-37.772705,144.92691,3039.0,True,Preston HS,7847.5
T20240014392,2024-05-06,15:22:00,1,Collision with vehicle,4,Wednesday,136,RIGHT TURN SIDESWIPE,1,805178,3,0,0,1,1,2,1,5,Not at intersection,3,50,Local Road,MAROONDAH,-37.822437,145.24048,3134.0,True,Reservoir HS,21631.8
T20220004784,2022-03-03,20:35:00,2,Struck Pedestrian,4,Thursday,101,PED EMERGES FROM IN FRONT OF PARKED OR STATIONARY VEHICLE,5,705719,1,1,0,0,1,2,1,5,Not at intersection,1,60,Arterial Other,DANDENONG,-37.96553,145.17755,3174.0,True,Preston HS,29041.4
T20230016174,2023-06-07,21:30:00,2,Struck Pedestrian,5,Thursday,103,PED PLAYING/LYING/WORKING/STANDING ON CARRIAGEWAY.,9,777133,1,0,1,0,1,2,1,5,Not at intersection,2,999,Local Road,DAREBIN,-37.740437,144.98462,3072.0,True,Preston HS,1981.7
T20250003593,2025-10-02,18:21:00,2,Struck Pedestrian,1,Monday,102,FAR SIDE. PED HIT BY VEHICLE FROM THE LEFT,1,69142,1,0,0,1,2,3,1,1,Cross intersection,3,50,Local Road,BAYSIDE,-37.906734,145.0009,3186.0,True,Preston HS,18359.0
T20250003851,2025-08-02,23:00:00,1,Collision with vehicle,6,Saturday,163,VEHICLE STRIKES DOOR OF PARKED/STATIONARY VEHICLE,3,815054,2,0,0,1,1,2,2,1,Cross intersection,3,40,Local Road,STONNINGTON,-37.84768,144.994,3181.0,True,Preston HS,11840.5
T20230020504,2023-02-09,10:40:00,1,Collision with vehicle,7,Saturday,111,RIGHT FAR (INTERSECTIONS ONLY),1,780064,2,0,1,0,1,2,1,1,Cross intersection,2,40,Local Road,MELBOURNE,-37.808838,144.96628,3000.0,True,Preston HS,8282.7
T20240025303,2024-07-10,11:00:00,1,Collision with vehicle,1,Monday,137,LEFT TURN SIDESWIPE,1,109,2,0,0,1,1,2,2,1,Cross intersection,3,60,Local Road,MELBOURNE,-37.79716,144.96756,3053.0,True,Preston HS,7078.8
T20250006562,2025-10-03,18:41:00,2,Struck Pedestrian,2,Monday,100,PED NEAR SIDE. PED HIT BY VEHICLE FROM THE RIGHT.,1,816513,1,1,0,0,1,2,1,5,Not at intersection,1,50,Local Road,WYNDHAM,-37.834557,144.64406,3029.0,True,Preston HS,33531.5
T20220012776,2022-06-06,09:40:00,8,No collision and no object struck,2,Monday,170,OFF CARRIAGEWAY TO LEFT,1,43340,1,0,1,0,0,1,1,1,Cross intersection,2,60,Arterial Other,KINGSTON,-38.06797,145.14511,3197.0,True,Preston HS,38246.9
T20210015189,2021-10-07,11:30:00,2,Struck Pedestrian,6,Saturday,100,PED NEAR SIDE. PED HIT BY VEHICLE FROM THE RIGHT.,1,690387,1,0,1,0,1,2,1,2,T intersection,2,60,Local Road,SWAN HILL,-34.582703,142.7717,3549.0,True,William Ruthven SC,400004.9
T20230005894,2023-11-03,16:00:00,2,Struck Pedestrian,6,Saturday,100,PED NEAR SIDE. PED HIT BY VEHICLE FROM THE RIGHT.,1,776065,1,0,1,0,1,2,1,5,Not at intersection,2,40,Arterial Highway,DANDENONG,-37.98866,145.2144,3175.0,True,Preston HS,32943.0
T20250006513,2025-09-03,15:20:00,1,Collision with vehicle,0,Sunday,111,RIGHT FAR (INTERSECTIONS ONLY),1,40969,2,0,0,1,1,2,1,2,T intersection,3,60,Arterial Other,KNOX,-37.84528,145.26997,3153.0,True,Reservoir HS,25172.5
T20250012910,2025-06-05,16:12:00,1,Collision with vehicle,2,Tuesday,121,RIGHT THROUGH,1,328970,2,0,0,1,1,2,1,1,Cross intersection,3,70,Arterial Other,KINGSTON,-37.936527,145.06133,3189.0,True,Preston HS,22181.0
T20230029366,2023-05-12,12:15:00,1,Collision with vehicle,2,Tuesday,135,LANE CHANGE LEFT (NOT OVERTAKING),1,795610,2,0,0,1,1,2,2,5,Not at intersection,3,60,Arterial Other,BOROONDARA,-37.8468,145.0743,3124.0,True,Preston HS,13093.6
T20240016821,2024-03-07,08:50:00,1,Collision with vehicle,3,Wednesday,142,LEAVING PARKING,1,813459,2,0,0,1,1,2,1,5,Not at intersection,3,30,Local Road,YARRA,-37.806503,144.98418,3066.0,True,Preston HS,7482.1
T20250005231,2025-05-02,07:55:00,2,Struck Pedestrian,3,Wednesday,107,PED ON FOOTHPATH STRUCK BY VEHENTERING/LEAVING DRIVEWAY.,1,819542,1,0,0,1,1,2,2,5,Not at intersection,3,50,Local Road,CASEY,-38.037373,145.27908,3976.0,True,Preston HS,40627.2
T20230010605,2023-06-05,07:30:00,8,No collision and no object struck,7,Saturday,174,OUT OF CONTROL ON CARRIAGEWAY (ON STRAIGHT),1,774340,1,0,1,0,0,1,1,5,Not at intersection,2,70,Arterial Highway,GLEN EIRA,-37.905827,145.05455,3165.0,True,Preston HS,18719.9
T20240031310,2024-06-12,16:00:00,2,Struck Pedestrian,6,Friday,194,PARKED CAR RUN AWAY,1,812143,1,0,1,0,0,1,1,5,Not at intersection,2,777,Local Road,HUME,-37.621616,144.87787,3059.0,True,William Ruthven SC,13810.1
T20210014893,2021-06-07,13:34:00,2,Struck Pedestrian,2,Tuesday,102,FAR SIDE. PED HIT BY VEHICLE FROM THE LEFT,1,713032,1,0,0,1,1,2,2,1,Cross intersection,3,50,Local Road,MONASH,-37.87853,145.1641,3150.0,True,Preston HS,20535.8
T20220004506,2022-01-03,08:35:00,1,Collision with vehicle,3,Tuesday,121,RIGHT THROUGH,1,588708,2,0,1,0,4,5,1,1,Cross intersection,2,60,Arterial Highway,BENDIGO,-36.758366,144.26813,3550.0,True,William Ruthven SC,122945.5
T20230021309,2023-11-09,17:02:00,1,Collision with vehicle,2,Monday,140,U TURN,2,780672,2,0,1,0,1,2,1,5,Not at intersection,2,50,Local Road,DANDENONG,-37.95452,145.1876,3174.0,True,Preston HS,28481.3
T20230002707,2023-03-02,11:35:00,2,Struck Pedestrian,6,Friday,102,FAR SIDE. PED HIT BY VEHICLE FROM THE LEFT,1,752550,1,0,1,0,1,2,1,5,Not at intersection,2,60,,MARIBYRNONG,-37.79262,144.86145,3019.0,True,Preston HS,13998.8
T20230025971,2023-06-11,09:30:00,2,Struck Pedestrian,2,Monday,100,PED NEAR SIDE. PED HIT BY VEHICLE FROM THE RIGHT.,1,786007,1,1,0,0,1,2,1,5,Not at intersection,1,60,Arterial Other,MONASH,-37.870686,145.13528,3149.0,True,Preston HS,18235.2
T20230007782,2023-02-04,17:45:00,1,Collision with vehicle,1,Sunday,121,RIGHT THROUGH,2,765286,2,0,1,0,3,4,1,3,Y intersection,2,80,Local Road,MORNINGTON PENINSULA,-38.249004,145.23444,3912.0,True,Preston HS,59823.9
T20210008073,2021-10-04,12:10:00,1,Collision with vehicle,7,Saturday,110,CROSS TRAFFIC(INTERSECTIONS ONLY),1,37041,2,0,0,1,1,2,1,1,Cross intersection,3,60,Local Road,MELBOURNE,-37.814423,144.98819,3002.0,True,Preston HS,8255.4
T20250006345,2025-07-03,22:29:00,2,Struck Pedestrian,6,Friday,105,PED WALKING AGAINST TRAFFIC.,3,817042,1,0,0,1,1,2,1,5,Not at intersection,3,50,Arterial Other,MANSFIELD,-37.05223,146.09015,3722.0,True,Reservoir HS,119731.7
T20240031955,2024-12-12,17:15:00,1,Collision with vehicle,4,Thursday,121,RIGHT THROUGH,1,41900,2,0,0,1,1,2,2,1,Cross intersection,3,50,Arterial Other,MORELAND,-37.73151,144.93849,3044.0,True,Preston HS,6138.8
T20230023359,2023-06-10,15:42:00,2,Struck Pedestrian,5,Friday,102,FAR SIDE. PED HIT BY VEHICLE FROM THE LEFT,1,44939,1,0,0,1,1,2,1,1,Cross intersection,3,60,Arterial Other,BRIMBANK,-37.744232,144.79994,3021.0,True,Preston HS,18217.5
T20210010355,2021-08-05,10:00:00,1,Collision with vehicle,6,Saturday,123,RIGHT/LEFT. ONE VEH TURNING RIGHT THE OTHER LEFT.,1,863,2,0,0,1,1,2,1,1,Cross intersection,3,40,Arterial Highway,MORELAND,-37.741314,144.9666,3058.0,True,Preston HS,3561.5
T20240022521,2024-01-09,16:00:00,6,Vehicle overturned (no collision),1,Sunday,184,OUT OF CONTROL ON CARRIAGEWAY (ON BEND),1,808351,1,0,0,1,0,1,2,5,Not at intersection,3,110,Freeway,MOORABOOL,-37.590824,144.16426,3342.0,True,William Ruthven SC,74777.0
T20210012604,2021-07-06,08:45:00,1,Collision with vehicle,1,Monday,163,VEHICLE STRIKES DOOR OF PARKED/STATIONARY VEHICLE,1,685253,2,0,1,0,1,2,1,5,Not at intersection,2,40,Local Road,YARRA,-37.804825,144.99043,3066.0,True,Preston HS,7170.5
T20240023105,2024-11-09,09:10:00,8,No collision and no object struck,4,Wednesday,174,OUT OF CONTROL ON CARRIAGEWAY (ON STRAIGHT),9,116,2,0,0,1,1,2,2,1,Cross intersection,3,40,Local Road,MELBOURNE,-37.798996,144.97023,3053.0,True,Preston HS,7147.9
T20210002829,2021-08-02,05:50:00,1,Collision with vehicle,2,Monday,148,VEHICLE OFF FOOTPATH STRIKES VEH ON CARRIAGEWAY,3,675943,2,0,1,0,2,3,1,2,T intersection,2,70,Arterial Other,BRIMBANK,-37.751095,144.77818,3023.0,True,Preston HS,20154.9