ACCIDENT_NO,ACCIDENT_DATE,ACCIDENT_TIME,ACCIDENT_TYPE,ACCIDENT_TYPE_DESC,DAY_OF_WEEK,DAY_WEEK_DESC,DCA_CODE,DCA_DESC,LIGHT_CONDITION,NODE_ID,NO_OF_VEHICLES,NO_PERSONS_KILLED,NO_PERSONS_INJ_2,NO_PERSONS_INJ_3,NO_PERSONS_NOT_INJ,NO_PERSONS,POLICE_ATTEND,ROAD_GEOMETRY,ROAD_GEOMETRY_DESC,SEVERITY,SPEED_ZONE,RMA,LGA_NAME,LATITUDE,LONGITUDE,POSTCODE_CRASH,PED_OR_CYC,nearest_school,dist_to_gate_m
T20250012140,2025-07-05,13:27:00,1,Collision with vehicle,4,Wednesday,147,VEHICLE STRIKES ANOTHER VEH WHILE EMERGING FROM DRIVEWAY,1,818207,2,0,0,1,1,2,1,9,Unknown,3,888,Local Road,LATROBE,-38.193417,146.52928,3844.0,True,Reservoir HS,141543.2
T20250018059,2025-06-07,13:30:00,6,Vehicle overturned (no collision),0,Sunday,184,OUT OF CONTROL ON CARRIAGEWAY (ON BEND),1,820715,1,0,0,1,0,1,2,5,Not at intersection,3,999,Arterial Other,MOORABOOL,-37.546158,144.3028,3341.0,True,William Ruthven SC,63894.8
T20240008379,2024-03-04,14:24:00,2,Struck Pedestrian,4,Wednesday,100,PED NEAR SIDE. PED HIT BY VEHICLE FROM THE RIGHT.,1,801084,1,0,1,0,1,2,1,5,Not at intersection,2,50,Local Road,MELBOURNE,-37.8194,144.953,3008.0,True,Preston HS,9861.7
T20230011623,2023-11-05,20:30:00,8,No collision and no object struck,4,Thursday,174,OUT OF CONTROL ON CARRIAGEWAY (ON STRAIGHT),3,264026,1,0,0,1,0,1,2,2,T intersection,3,70,Arterial Other,HUME,-37.61254,144.94632,3064.0,True,William Ruthven SC,10589.2
T20230015560,2023-03-07,10:30:00,8,No collision and no object struck,2,Monday,170,OFF CARRIAGEWAY TO LEFT,1,777079,1,0,1,0,0,1,2,5,Not at intersection,2,100,Arterial Highway,SWAN HILL,-35.386562,143.56773,3585.0,True,William Ruthven SC,287072.3
T20240020923,2024-08-08,14:00:00,2,Struck Pedestrian,4,Thursday,101,PED EMERGES FROM IN FRONT OF PARKED OR STATIONARY VEHICLE,1,807524,1,0,0,1,1,2,2,5,Not at intersection,3,40,Local Road,KINGSTON,-37.985226,145.06624,3194.0,True,Preston HS,27572.0
T20230007929,2023-08-03,17:20:00,1,Collision with vehicle,3,Wednesday,121,RIGHT THROUGH,2,37702,2,0,0,1,1,2,2,2,T intersection,3,40,Local Road,STONNINGTON,-37.849575,144.9937,3181.0,True,Preston HS,12052.8
T20240008446,2024-04-04,12:00:00,2,Struck Pedestrian,5,Thursday,104,PED WALKING WITH TRAFFIC,1,39480,1,0,0,1,1,2,1,1,Cross intersection,3,50,Local Road,BRIMBANK,-37.74208,144.80005,3021.0,True,Preston HS,18206.0
T20220007532,2022-04-04,17:09:00,1,Collision with vehicle,1,Monday,111,RIGHT FAR (INTERSECTIONS ONLY),1,38167,2,0,1,0,1,2,1,1,Cross intersection,2,60,Arterial Other,BANYULE,-37.74272,145.05386,3081.0,True,Reservoir HS,3119.7
T20220020243,2022-08-09,04:17:00,2,Struck Pedestrian,5,Thursday,104,PED WALKING WITH TRAFFIC,3,750411,1,0,1,0,1,2,1,5,Not at intersection,2,50,Local Road,ARARAT,-37.28225,142.918,3377.0,True,William Ruthven SC,189633.1
T20230006394,2022-11-05,09:20:00,2,Struck Pedestrian,3,Wednesday,109,ANY MANOEUVRE INVOLVING PED NOT INCLUDED IN DCAs 100-108.,1,785125,1,0,1,0,1,2,2,5,Not at intersection,2,50,Arterial Other,MELTON,-37.689377,144.71628,3336.0,True,William Ruthven SC,25239.7
T20250017744,2025-04-07,08:22:00,1,Collision with vehicle,6,Friday,130,REAR END(VEHICLES IN SAME LANE),1,789002,2,0,0,1,1,2,1,2,T intersection,3,60,Arterial Other,MARIBYRNONG,-37.781677,144.86961,3012.0,True,Preston HS,12877.8
T20240023224,2024-12-09,20:54:00,2,Struck Pedestrian,5,Thursday,100,PED NEAR SIDE. PED HIT BY VEHICLE FROM THE RIGHT.,3,808501,1,0,0,1,2,3,1,5,Not at intersection,3,50,Local Road,CASEY,-38.065228,145.3037,3805.0,True,Preston HS,44400.1
T20240001598,2024-11-01,11:00:00,6,Vehicle overturned (no collision),5,Thursday,182,OFF CARRIAGEWAY ON LEFT BEND,1,796692,1,0,0,1,0,1,2,5,Not at intersection,3,80,Local Road,MOORABOOL,-37.458546,144.42479,3458.0,True,William Ruthven SC,57416.2
T20230003294,2023-10-02,17:00:00,2,Struck Pedestrian,6,Friday,101,PED EMERGES FROM IN FRONT OF PARKED OR STATIONARY VEHICLE,1,753597,1,0,2,0,1,3,1,5,Not at intersection,2,60,Local Road,WYNDHAM,-37.884933,144.63199,3024.0,True,Preston HS,36598.8
T20220004826,2022-12-02,16:00:00,8,No collision and no object struck,7,Saturday,184,OUT OF CONTROL ON CARRIAGEWAY (ON BEND),1,706016,1,0,0,1,0,1,2,5,Not at intersection,3,100,Local Road,ARARAT,-37.25064,142.61345,3381.0,True,William Ruthven SC,216615.9
T20250012432,2025-09-05,06:50:00,4,Collision with a fixed object,6,Friday,181,OFF RIGHT BEND INTO OBJECT/PARKED VEHICLE,5,819278,1,0,1,0,0,1,1,5,Not at intersection,2,80,Arterial Other,BAW BAW,-37.88838,146.03853,3833.0,True,Reservoir HS,90557.1
T20230013194,2023-06-06,17:36:00,1,Collision with vehicle,3,Tuesday,113,RIGHT NEAR (INTERSECTIONS ONLY),2,780421,2,0,0,1,1,2,1,2,T intersection,3,60,Arterial Other,GLEN EIRA,-37.888126,145.04565,3163.0,True,Preston HS,16630.3
T20240012741,2024-05-04,08:00:00,4,Collision with a fixed object,5,Friday,171,LEFT OFF CARRIAGEWAY INTO OBJECT/PARKED VEHICLE,1,811837,1,0,1,0,0,1,2,5,Not at intersection,2,999,Arterial Other,MELBOURNE,-37.825294,144.96086,3006.0,True,Preston HS,10144.7
T20250018709,2025-12-07,12:30:00,4,Collision with a fixed object,6,Saturday,173,RIGHT OFF CARRIAGEWAY INTO OBJECT/PARKED VEHICLE,1,820722,1,0,0,1,0,1,2,5,Not at intersection,3,999,Local Road,SWAN HILL,-34.81663,142.54175,3549.0,True,William Ruthven SC,388872.1
T20250021104,2025-09-08,17:06:00,1,Collision with vehicle,7,Saturday,121,RIGHT THROUGH,1,54372,2,0,1,0,1,2,1,2,T intersection,2,50,Local Road,CASEY,-38.101433,145.27393,3977.0,True,Preston HS,46344.8
T20240006051,2024-10-03,03:01:00,1,Collision with vehicle,1,Sunday,130,REAR END(VEHICLES IN SAME LANE),3,801513,2,0,1,0,2,3,1,5,Not at intersection,2,80,Freeway,HOBSONS BAY,-37.82575,144.83267,3025.0,True,Preston HS,17953.4
T20250003096,2025-05-02,17:17:00,1,Collision with vehicle,4,Wednesday,147,VEHICLE STRIKES ANOTHER VEH WHILE EMERGING FROM DRIVEWAY,1,817919,2,0,1,0,1,2,1,5,Not at intersection,2,100,Arterial Other,BAW BAW,-38.048435,145.96431,3821.0,True,Reservoir HS,89699.3
T20210001504,2021-12-01,07:00:00,8,No collision and no object struck,3,Tuesday,174,OUT OF CONTROL ON CARRIAGEWAY (ON STRAIGHT),1,701697,2,0,0,1,1,2,2,5,Not at intersection,3,60,Local Road,CASEY,-38.11,145.26518,3977.0,True,Preston HS,46792.8
T20240011844,2024-09-05,23:53:00,2,Struck Pedestrian,5,Thursday,102,FAR SIDE. PED HIT BY VEHICLE FROM THE LEFT,3,803097,1,0,1,0,1,2,1,5,Not at intersection,2,80,Freeway,WYNDHAM,-37.84014,144.79425,3026.0,True,Preston HS,21671.1
T20240003531,2024-12-02,19:20:00,1,Collision with vehicle,1,Monday,130,REAR END(VEHICLES IN SAME LANE),1,802920,2,0,0,1,2,3,1,2,T intersection,3,50,Arterial Other,BOROONDARA,-37.82453,145.02585,3122.0,True,Preston HS,9356.5
T20220009749,2022-02-04,10:30:00,6,Vehicle overturned (no collision),6,Saturday,174,OUT OF CONTROL ON CARRIAGEWAY (ON STRAIGHT),1,714164,1,0,0,1,0,1,2,5,Not at intersection,3,60,,MOORABOOL,-37.550724,144.23375,3342.0,True,William Ruthven SC,69660.4
T20240019821,2024-05-08,17:01:00,2,Struck Pedestrian,2,Monday,100,PED NEAR SIDE. PED HIT BY VEHICLE FROM THE RIGHT.,1,44492,1,1,0,0,1,2,1,1,Cross intersection,1,60,Arterial Highway,DAREBIN,-37.732277,145.02496,3072.0,True,Reservoir HS,1165.6
T20250009209,2025-03-04,17:00:00,1,Collision with vehicle,4,Thursday,160,VEHICLE COLLIDES WITH VEHICLE PARKED ON LEFT OF ROAD,1,817697,2,0,0,1,1,2,2,5,Not at intersection,3,50,Local Road,GLEN EIRA,-37.888317,145.02869,3162.0,True,Preston HS,16413.0
T20250017725,2025-03-07,23:50:00,1,Collision with vehicle,4,Thursday,110,CROSS TRAFFIC(INTERSECTIONS ONLY),3,54553,2,0,0,1,1,2,1,1,Cross intersection,3,70,Arterial Highway,PORT PHILLIP,-37.85993,145.007,3183.0,True,Preston HS,13146.6
T20230014328,2023-10-06,13:20:00,8,No collision and no object struck,6,Saturday,180,OFF CARRIAGEWAY ON RIGHT BEND,1,36069,1,0,0,1,0,1,2,1,Cross intersection,3,999,Arterial Other,MELBOURNE,-37.79369,144.9392,3051.0,True,Preston HS,8309.1
T20250011653,2025-02-05,06:42:00,1,Collision with vehicle,6,Friday,152,PULLING OUT (OVERTAKING),1,818433,2,0,1,0,1,2,1,5,Not at intersection,2,60,Arterial Other,HOBSONS BAY,-37.837837,144.89369,3015.0,True,Preston HS,14614.7
T20220003105,2022-12-02,08:29:00,1,Collision with vehicle,7,Saturday,130,REAR END(VEHICLES IN SAME LANE),1,704135,2,1,0,0,1,2,1,5,Not at intersection,1,100,Arterial Highway,ALPINE,-37.081726,147.35869,3898.0,True,Reservoir HS,217728.2
T20250000828,2025-11-01,10:36:00,1,Collision with vehicle,7,Saturday,119,OTHER ADJACENT (INTERSECTIONS ONLY),1,73449,2,0,1,0,1,2,1,2,T intersection,2,60,Arterial Highway,SURF COAST,-38.337555,144.31721,3228.0,True,Preston HS,89666.1
T20250010249,2025-12-04,11:00:00,8,No collision and no object struck,6,Saturday,109,ANY MANOEUVRE INVOLVING PED NOT INCLUDED IN DCAs 100-108.,1,817418,1,0,1,0,1,2,2,5,Not at intersection,2,40,Arterial Highway,MURRINDINDI,-37.211308,145.42458,3717.0,True,William Ruthven SC,65544.3
T20240030448,2024-09-11,20:00:00,1,Collision with vehicle,7,Saturday,137,LEFT TURN SIDESWIPE,3,65772,2,0,0,1,1,2,1,1,Cross intersection,3,40,Local Road,MELBOURNE,-37.81104,144.9589,3000.0,True,Preston HS,8797.4
T20220010444,2022-09-05,16:40:00,1,Collision with vehicle,2,Monday,121,RIGHT THROUGH,1,72708,2,0,1,0,1,2,1,2,T intersection,2,60,Arterial Other,GEELONG,-38.200756,144.3248,3216.0,True,Preston HS,78629.2
T20240017503,2024-01-07,12:30:00,6,Vehicle overturned (no collision),1,Monday,174,OUT OF CONTROL ON CARRIAGEWAY (ON STRAIGHT),1,806297,1,0,0,1,0,1,2,5,Not at intersection,3,999,Local Road,CARDINIA,-37.927917,145.6967,3783.0,True,Reservoir HS,62907.2
T20220025075,2022-06-11,10:30:00,1,Collision with vehicle,0,Sunday,113,RIGHT NEAR (INTERSECTIONS ONLY),1,56324,2,0,0,1,1,2,2,2,T intersection,3,60,Local Road,SURF COAST,-38.30285,144.3409,3228.0,True,Preston HS,85432.9
T20230018667,2023-10-08,20:04:00,1,Collision with vehicle,5,Thursday,121,RIGHT THROUGH,3,780660,2,0,1,0,2,3,1,1,Cross intersection,2,60,Local Road,MELBOURNE,-37.792316,144.96838,3053.0,True,Preston HS,6577.3
T20240009357,2024-06-04,17:17:00,6,Vehicle overturned (no collision),7,Saturday,174,OUT OF CONTROL ON CARRIAGEWAY (ON STRAIGHT),1,52533,1,0,0,1,0,1,1,1,Cross intersection,3,60,Arterial Other,MILDURA,-34.219135,142.15121,3500.0,True,William Ruthven SC,464048.4
T20250017732,2025-10-06,12:00:00,8,No collision and no object struck,2,Tuesday,174,OUT OF CONTROL ON CARRIAGEWAY (ON STRAIGHT),1,29510,1,0,0,1,0,1,2,2,T intersection,3,60,Arterial Other,WHITTLESEA,-37.693897,145.03395,3074.0,True,William Ruthven SC,2739.8
T20220025522,2022-11-11,17:35:00,1,Collision with vehicle,6,Friday,121,RIGHT THROUGH,1,65383,2,0,1,0,1,2,1,2,T intersection,2,60,Arterial Other,BOROONDARA,-37.802135,145.10406,3129.0,True,Preston HS,10853.0
T20230010286,2023-02-05,15:30:00,2,Struck Pedestrian,3,Tuesday,102,FAR SIDE. PED HIT BY VEHICLE FROM THE LEFT,1,779569,1,0,0,1,3,4,1,2,T intersection,3,70,Arterial Other,BANYULE,-37.693604,145.1125,3088.0,True,Reservoir HS,7980.8
T20220013117,2022-10-06,09:30:00,2,Struck Pedestrian,5,Friday,108,PED STRUCK WALKING TO/FROM OR BOARDING/ALIGHTING VEHICLE.,1,782031,1,0,0,1,1,2,1,5,Not at intersection,3,40,Local Road,MORELAND,-37.763416,144.97314,3057.0,True,Preston HS,3839.9
T20230003101,2023-08-02,08:10:00,1,Collision with vehicle,4,Wednesday,121,RIGHT THROUGH,1,36386,2,0,0,1,2,3,1,1,Cross intersection,3,40,Local Road,YARRA,-37.78976,144.97183,3054.0,True,Preston HS,6178.2
T20240008395,2024-03-04,16:05:00,1,Collision with vehicle,4,Wednesday,133,LANE SIDE SWIPE (VEHICLES IN PARALLEL LANES),1,326558,2,0,0,1,1,2,2,2,T intersection,3,60,Arterial Highway,MORNINGTON PENINSULA,-38.364334,144.79428,3941.0,True,Preston HS,71697.6
T20230000669,2023-10-01,19:10:00,1,Collision with vehicle,3,Tuesday,122,LEFT THROUGH,2,689631,2,0,0,1,1,2,1,1,Cross intersection,3,60,Arterial Other,DANDENONG,-37.974354,145.1857,3174.0,True,Preston HS,30250.7
T20210022597,2021-08-11,17:20:00,5,collision with some other object,2,Monday,166,STRUCK OBJECT ON CARRIAGEWAY,1,704486,1,0,2,0,0,2,1,5,Not at intersection,2,50,Local Road,HUME,-37.659447,144.89224,3059.0,True,William Ruthven SC,10583.5
T20210015154,2021-09-07,21:32:00,2,Struck Pedestrian,6,Friday,100,PED NEAR SIDE. PED HIT BY VEHICLE FROM THE RIGHT.,3,688545,1,0,0,1,2,3,1,1,Cross intersection,3,60,Arterial Other,MELBOURNE,-37.82538,144.95697,3006.0,True,Preston HS,10295.0
T20250000477,2025-07-01,09:30:00,1,Collision with vehicle,3,Tuesday,148,VEHICLE OFF FOOTPATH STRIKES VEH ON CARRIAGEWAY,1,861,2,0,1,0,1,2,1,2,T intersection,2,40,Local Road,MORELAND,-37.737373,144.96304,3058.0,True,Preston HS,3904.1
T20230020880,2023-06-09,17:09:00,2,Struck Pedestrian,3,Wednesday,100,PED NEAR SIDE. PED HIT BY VEHICLE FROM THE RIGHT.,2,780402,1,0,0,1,1,2,1,1,Cross intersection,3,50,Local Road,HUME,-37.58913,144.89508,3064.0,True,William Ruthven SC,15261.7
T20220005394,2022-10-03,10:00:00,1,Collision with vehicle,4,Thursday,134,LANE CHANGE RIGHT (NOT OVERTAKING),1,709172,2,0,0,1,1,2,1,5,Not at intersection,3,777,Arterial Other,MELBOURNE,-37.82332,144.97887,3004.0,True,Preston HS,9408.7
T20250006763,2025-12-03,16:00:00,6,Vehicle overturned (no collision),4,Wednesday,174,OUT OF CONTROL ON CARRIAGEWAY (ON STRAIGHT),1,816227,1,0,1,0,0,1,1,1,Cross intersection,2,50,Local Road,WHITTLESEA,-37.57969,145.12611,3754.0,True,William Ruthven SC,16921.9
T20230005155,2023-03-03,18:32:00,1,Collision with vehicle,5,Friday,130,REAR END(VEHICLES IN SAME LANE),2,43763,2,0,1,0,1,2,1,1,Cross intersection,2,60,Local Road,MELTON,-37.70093,144.57545,3338.0,True,William Ruthven SC,37618.8
T20220000667,2022-12-01,11:00:00,6,Vehicle overturned (no collision),4,Wednesday,174,OUT OF CONTROL ON CARRIAGEWAY (ON STRAIGHT),1,702365,1,0,1,0,0,1,1,5,Not at intersection,2,80,Local Road,SURF COAST,-38.443634,143.9806,3235.0,True,Preston HS,119001.2
T20230006073,2023-12-03,13:00:00,6,Vehicle overturned (no collision),0,Sunday,174,OUT OF CONTROL ON CARRIAGEWAY (ON STRAIGHT),1,783907,1,0,0,1,0,1,2,5,Not at intersection,3,80,,HORSHAM,-36.87803,142.18828,3401.0,True,William Ruthven SC,265108.2
T20210025460,2021-12-12,13:55:00,4,Collision with a fixed object,1,Sunday,181,OFF RIGHT BEND INTO OBJECT/PARKED VEHICLE,1,700815,1,0,1,0,0,1,1,5,Not at intersection,2,100,Arterial Other,CARDINIA,-37.90824,145.59093,3783.0,True,Reservoir HS,53480.0
T20230021451,2023-03-09,15:00:00,6,Vehicle overturned (no collision),1,Sunday,184,OUT OF CONTROL ON CARRIAGEWAY (ON BEND),1,780843,1,0,1,0,0,1,2,5,Not at intersection,2,100,,MITCHELL,-37.235275,145.02585,3658.0,True,William Ruthven SC,51330.0
T20250005691,2025-02-03,20:00:00,2,Struck Pedestrian,0,Sunday,102,FAR SIDE. PED HIT BY VEHICLE FROM THE LEFT,2,815848,1,0,0,1,1,2,1,5,Not at intersection,3,40,Local Road,DAREBIN,-37.751953,145.00171,3072.0,True,Preston HS,1234.7
T20210015210,2021-10-07,13:47:00,2,Struck Pedestrian,7,Saturday,106,VEH STRIKES PED ON FOOTPATH/MEDIAN/TRAFFIC ISLAND.,1,692054,1,0,1,0,1,2,1,2,T intersection,2,50,Local Road,YARRA,-37.78028,144.96574,3054.0,True,Preston HS,5623.4
T20240026824,2024-02-10,17:30:00,1,Collision with vehicle,4,Wednesday,130,REAR END(VEHICLES IN SAME LANE),2,810073,2,0,0,1,1,2,2,5,Not at intersection,3,100,Freeway,CASEY,-38.014763,145.30536,3805.0,True,Preston HS,40089.8
T20240011283,2024-04-05,07:45:00,1,Collision with vehicle,7,Saturday,163,VEHICLE STRIKES DOOR OF PARKED/STATIONARY VEHICLE,1,804553,2,0,0,1,1,2,2,5,Not at intersection,3,60,Arterial Other,HOBSONS BAY,-37.857426,144.88461,3016.0,True,Preston HS,16775.4
T20240015010,2024-09-06,12:00:00,6,Vehicle overturned (no collision),1,Sunday,189,OTHER ACCIDENTS ON CURVE NOT INCLUDED IN DCAs 180-184,1,805169,1,0,1,0,0,1,2,5,Not at intersection,2,100,Local Road,MOIRA,-36.16408,145.24384,3635.0,True,William Ruthven SC,171741.1
T20250002890,2025-03-02,14:17:00,1,Collision with vehicle,2,Monday,131,LEFT REAR,1,814737,2,0,1,0,1,2,1,5,Not at intersection,2,80,Arterial Highway,KNOX,-37.92862,145.23305,3178.0,True,Preston HS,28735.6
T20210000557,2021-09-01,16:56:00,1,Collision with vehicle,7,Saturday,132,RIGHT REAR.,1,672542,2,0,0,1,1,2,1,5,Not at intersection,3,40,Arterial Other,STONNINGTON,-37.85145,144.99028,3181.0,True,Preston HS,12292.8
T20250006131,2025-06-03,18:20:00,1,Collision with vehicle,4,Thursday,130,REAR END(VEHICLES IN SAME LANE),1,825207,3,0,1,0,2,3,1,5,Not at intersection,2,80,Freeway,STONNINGTON,-37.849705,145.04865,3146.0,True,Preston HS,12552.3
T20240016732,2024-02-07,16:38:00,1,Collision with vehicle,3,Tuesday,148,VEHICLE OFF FOOTPATH STRIKES VEH ON CARRIAGEWAY,1,806412,1,0,1,0,1,2,1,5,Not at intersection,2,60,Local Road,CASEY,-38.10393,145.33148,3978.0,True,Preston HS,49314.2
T20210000732,2021-12-01,09:05:00,1,Collision with vehicle,2,Tuesday,113,RIGHT NEAR (INTERSECTIONS ONLY),1,29477,2,0,0,1,1,2,1,2,T intersection,3,50,Arterial Other,STONNINGTON,-37.832005,145.00636,3141.0,True,Preston HS,10041.7
T20220028950,2022-11-12,13:30:00,4,Collision with a fixed object,0,Sunday,171,LEFT OFF CARRIAGEWAY INTO OBJECT/PARKED VEHICLE,1,742826,1,0,0,1,0,1,2,5,Not at intersection,3,888,Local Road,COLAC OTWAY,-38.43266,143.38277,3249.0,True,Preston HS,161589.0
T20250011970,2025-03-05,10:25:00,2,Struck Pedestrian,7,Saturday,102,FAR SIDE. PED HIT BY VEHICLE FROM THE LEFT,1,818192,1,0,0,1,1,2,2,5,Not at intersection,3,60,Arterial Other,BOROONDARA,-37.797283,145.05531,3102.0,True,Preston HS,7493.7
T20220027212,2022-01-12,12:35:00,2,Struck Pedestrian,5,Thursday,107,PED ON FOOTHPATH STRUCK BY VEHENTERING/LEAVING DRIVEWAY.,1,751038,1,0,0,1,1,2,1,5,Not at intersection,3,50,Arterial Highway,MONASH,-37.922405,145.14035,3168.0,True,Preston HS,23252.8
T20230010185,2023-01-05,23:00:00,1,Collision with vehicle,1,Monday,142,LEAVING PARKING,3,787347,2,0,1,0,1,2,1,5,Not at intersection,2,40,Local Road,MELBOURNE,-37.8249,144.9576,3006.0,True,Preston HS,10223.1
T20250012038,2025-06-05,10:07:00,2,Struck Pedestrian,3,Tuesday,108,PED STRUCK WALKING TO/FROM OR BOARDING/ALIGHTING VEHICLE.,1,818102,1,0,1,0,1,2,1,5,Not at intersection,2,60,Arterial Highway,MAROONDAH,-37.815514,145.22826,3134.0,True,Reservoir HS,20315.8
T20210020420,2021-07-10,17:08:00,1,Collision with vehicle,5,Thursday,130,REAR END(VEHICLES IN SAME LANE),1,704552,2,0,1,0,1,2,1,5,Not at intersection,2,60,Arterial Other,BANYULE,-37.77564,145.0389,3079.0,True,Preston HS,4696.6
T20220017482,2022-04-08,16:00:00,8,No collision and no object struck,4,Thursday,179,OTHER ACCIDENTS-OFF STRAIGHT NOT INCLUDED IN DCAs 170-175,1,812604,1,0,0,1,0,1,2,2,T intersection,3,999,Local Road,SURF COAST,-38.245216,144.18236,3240.0,True,Preston HS,91421.5
T20230028633,2023-04-12,17:30:00,1,Collision with vehicle,2,Monday,121,RIGHT THROUGH,1,356456,2,0,0,1,1,2,2,2,T intersection,3,50,Arterial Other,MELBOURNE,-37.816452,144.97891,3002.0,True,Preston HS,8673.4
T20250018023,2025-07-07,05:58:00,1,Collision with vehicle,2,Monday,121,RIGHT THROUGH,3,819990,2,1,0,1,0,2,1,5,Not at intersection,1,80,Arterial Other,KNOX,-37.854588,145.21841,3152.0,True,Reservoir HS,22179.2
T20230011060,2023-11-05,17:30:00,8,No collision and no object struck,5,Thursday,170,OFF CARRIAGEWAY TO LEFT,2,774107,1,0,0,1,0,1,2,5,Not at intersection,3,50,Local Road,BENDIGO,-36.677696,144.34018,3551.0,True,William Ruthven SC,127600.5
T20230029580,2023-08-11,12:30:00,1,Collision with vehicle,4,Wednesday,163,VEHICLE STRIKES DOOR OF PARKED/STATIONARY VEHICLE,1,797288,2,0,0,1,1,2,2,5,Not at intersection,3,999,Arterial Other,PORT PHILLIP,-37.837143,144.94368,3207.0,True,Preston HS,11987.0
T20240006187,2024-04-03,07:45:00,8,No collision and no object struck,2,Monday,174,OUT OF CONTROL ON CARRIAGEWAY (ON STRAIGHT),1,32015,2,0,0,1,1,2,2,1,Cross intersection,3,80,Arterial Highway,WHITEHORSE,-37.852516,145.15201,3151.0,True,Preston HS,17718.7
T20230028394,2023-01-12,19:20:00,6,Vehicle overturned (no collision),6,Friday,170,OFF CARRIAGEWAY TO LEFT,1,791325,1,0,0,1,0,1,1,5,Not at intersection,3,60,Arterial Other,MARIBYRNONG,-37.798576,144.8535,3012.0,True,Preston HS,14908.8
T20240013500,2024-02-05,06:00:00,6,Vehicle overturned (no collision),5,Thursday,174,OUT OF CONTROL ON CARRIAGEWAY (ON STRAIGHT),2,804226,1,0,1,0,0,1,2,5,Not at intersection,2,70,Arterial Other,HUME,-37.66697,144.88521,3049.0,True,William Ruthven SC,10873.9
T20220022471,2022-05-10,19:55:00,2,Struck Pedestrian,3,Wednesday,100,PED NEAR SIDE. PED HIT BY VEHICLE FROM THE RIGHT.,3,751273,1,0,1,0,1,2,1,5,Not at intersection,2,50,Local Road,MELBOURNE,-37.816742,144.9671,3000.0,True,Preston HS,9054.6
T20230011084,2023-12-05,07:15:00,2,Struck Pedestrian,5,Friday,100,PED NEAR SIDE. PED HIT BY VEHICLE FROM THE RIGHT.,1,774177,1,0,0,1,1,2,1,1,Cross intersection,3,70,,WYNDHAM,-37.852592,144.66844,3029.0,True,Preston HS,32209.9
T20240000819,2024-11-01,18:00:00,1,Collision with vehicle,5,Thursday,111,RIGHT FAR (INTERSECTIONS ONLY),1,36155,2,0,0,1,1,2,1,2,T intersection,3,60,Arterial Other,BRIMBANK,-37.775223,144.82906,3020.0,True,Preston HS,16089.4
T20240028016,2024-04-11,13:01:00,1,Collision with vehicle,2,Monday,113,RIGHT NEAR (INTERSECTIONS ONLY),1,12580,2,0,0,1,1,2,1,1,Cross intersection,3,60,Freeway,BRIMBANK,-37.71541,144.87445,3043.0,True,William Ruthven SC,11501.1
T20250000760,2025-10-01,12:10:00,8,No collision and no object struck,6,Friday,175,OFF END OF ROAD/T-INTERSECTION.,1,810435,1,0,1,0,0,1,1,2,T intersection,2,100,Local Road,MURRINDINDI,-37.05515,145.51152,3660.0,True,William Ruthven SC,84294.6
T20220019881,2022-03-09,00:50:00,2,Struck Pedestrian,6,Saturday,102,FAR SIDE. PED HIT BY VEHICLE FROM THE LEFT,3,782635,1,0,0,1,1,2,1,2,T intersection,3,40,Local Road,MELBOURNE,-37.820183,144.95654,3000.0,True,Preston HS,9793.0
T20240001285,2024-11-01,19:00:00,1,Collision with vehicle,5,Thursday,163,VEHICLE STRIKES DOOR OF PARKED/STATIONARY VEHICLE,2,796477,2,0,0,1,1,2,1,5,Not at intersection,3,50,Local Road,PORT PHILLIP,-37.83132,144.95197,3205.0,True,Preston HS,11080.5
T20210000530,2021-09-01,09:43:00,4,Collision with a fixed object,7,Saturday,183,OFF LEFT BEND INTO OBJECT/PARKED VEHICLE,1,672625,1,0,0,1,0,1,1,5,Not at intersection,3,50,Local Road,NILLUMBIK,-37.65879,145.25102,3759.0,True,Reservoir HS,20743.7
T20240019769,2024-07-05,14:30:00,5,collision with some other object,3,Tuesday,166,STRUCK OBJECT ON CARRIAGEWAY,1,807918,1,0,1,0,0,1,2,5,Not at intersection,2,888,Local Road,WELLINGTON,-37.213078,146.69495,3858.0,True,Reservoir HS,157522.7
T20210010655,2021-12-05,08:35:00,6,Vehicle overturned (no collision),4,Wednesday,180,OFF CARRIAGEWAY ON RIGHT BEND,1,683027,1,0,0,1,0,1,1,5,Not at intersection,3,50,Local Road,WHITEHORSE,-37.822727,145.1006,3127.0,True,Preston HS,12194.1
T20250008785,2025-01-04,10:45:00,2,Struck Pedestrian,3,Tuesday,100,PED NEAR SIDE. PED HIT BY VEHICLE FROM THE RIGHT.,1,816927,1,0,1,0,1,2,1,1,Cross intersection,2,60,Local Road,MELBOURNE,-37.80624,144.94987,3003.0,True,Preston HS,8763.8
T20220019870,2022-02-09,19:35:00,2,Struck Pedestrian,5,Friday,102,FAR SIDE. PED HIT BY VEHICLE FROM THE LEFT,3,723578,1,1,0,0,4,5,1,2,T intersection,1,60,Arterial Other,WYNDHAM,-37.883575,144.64732,3030.0,True,Preston HS,35323.8