ACCIDENT_NO,ACCIDENT_DATE,ACCIDENT_TIME,ACCIDENT_TYPE,ACCIDENT_TYPE_DESC,DAY_OF_WEEK,DAY_WEEK_DESC,DCA_CODE,DCA_DESC,LIGHT_CONDITION,NODE_ID,NO_OF_VEHICLES,NO_PERSONS_KILLED,NO_PERSONS_INJ_2,NO_PERSONS_INJ_3,NO_PERSONS_NOT_INJ,NO_PERSONS,POLICE_ATTEND,ROAD_GEOMETRY,ROAD_GEOMETRY_DESC,SEVERITY,SPEED_ZONE,RMA,LGA_NAME,LATITUDE,LONGITUDE,POSTCODE_CRASH,PED_OR_CYC,nearest_school,dist_to_gate_m
T20240023101,2024-11-09,15:53:00,1,Collision with vehicle,4,Wednesday,110,CROSS TRAFFIC(INTERSECTIONS ONLY),1,51677,2,0,1,0,3,4,1,1,Cross intersection,2,60,Arterial Highway,BENDIGO,-36.772198,144.25926,3555.0,True,William Ruthven SC,122061.8
T20240021498,2024-07-08,09:30:00,2,Struck Pedestrian,3,Wednesday,107,PED ON FOOTHPATH STRUCK BY VEHENTERING/LEAVING DRIVEWAY.,1,808441,1,0,0,2,0,2,2,5,Not at intersection,3,999,Local Road,KINGSTON,-37.987633,145.09926,3195.0,True,Preston HS,28518.1
T20210002897,2021-08-02,18:10:00,1,Collision with vehicle,2,Monday,121,RIGHT THROUGH,1,35606,2,0,1,0,1,2,1,1,Cross intersection,2,60,Arterial Other,KINGSTON,-37.98814,145.07024,3195.0,True,Preston HS,27957.8
T20240017386,2024-08-07,23:00:00,1,Collision with vehicle,2,Monday,136,RIGHT TURN SIDESWIPE,3,807012,2,0,0,1,1,2,1,2,T intersection,3,40,Arterial Highway,DANDENONG,-37.952446,145.15231,3171.0,True,Preston HS,26678.0
T20240014125,2024-03-06,06:18:00,2,Struck Pedestrian,1,Monday,100,PED NEAR SIDE. PED HIT BY VEHICLE FROM THE RIGHT.,3,39648,1,0,0,1,1,2,1,2,T intersection,3,60,Local Road,MAROONDAH,-37.81581,145.23141,3134.0,True,Reservoir HS,20571.1
T20210003240,2021-09-02,18:46:00,2,Struck Pedestrian,3,Tuesday,102,FAR SIDE. PED HIT BY VEHICLE FROM THE LEFT,1,679835,1,0,1,0,1,2,9,1,Cross intersection,2,60,Local Road,BALLARAT,-37.559875,143.85814,3350.0,True,William Ruthven SC,101959.6
T20220017528,2022-05-08,19:15:00,2,Struck Pedestrian,6,Friday,100,PED NEAR SIDE. PED HIT BY VEHICLE FROM THE RIGHT.,3,723628,1,0,1,0,1,2,1,5,Not at intersection,2,60,Arterial Other,WHITEHORSE,-37.848534,145.12032,3125.0,True,Preston HS,15494.8
T20220025576,2022-04-11,14:30:00,8,No collision and no object struck,6,Friday,174,OUT OF CONTROL ON CARRIAGEWAY (ON STRAIGHT),1,771805,1,0,1,0,0,1,2,5,Not at intersection,2,100,Arterial Other,EAST GIPPSLAND,-36.897305,147.4636,3898.0,True,Reservoir HS,234007.4
T20230023036,2023-02-10,16:05:00,2,Struck Pedestrian,2,Monday,104,PED WALKING WITH TRAFFIC,1,806827,1,0,0,1,1,2,1,5,Not at intersection,3,40,Arterial Other,YARRA,-37.79912,144.98582,3066.0,True,Preston HS,6653.1
T20250020723,2025-05-08,18:30:00,1,Collision with vehicle,3,Tuesday,121,RIGHT THROUGH,3,40526,2,0,1,0,1,2,1,2,T intersection,2,40,Arterial Other,BOROONDARA,-37.86339,145.0794,3147.0,True,Preston HS,14948.1
T20240017028,2024-01-07,21:15:00,6,Vehicle overturned (no collision),2,Monday,174,OUT OF CONTROL ON CARRIAGEWAY (ON STRAIGHT),4,806007,1,0,0,1,0,1,2,5,Not at intersection,3,60,Local Road,MAROONDAH,-37.80858,145.30672,3137.0,True,Reservoir HS,26192.9
T20220014936,2022-04-07,11:55:00,1,Collision with vehicle,2,Monday,137,LEFT TURN SIDESWIPE,1,784520,2,0,1,0,1,2,1,1,Cross intersection,2,60,Arterial Other,GEELONG,-38.161716,144.35416,3220.0,True,Preston HS,73883.3
T20230015308,2023-02-07,10:30:00,1,Collision with vehicle,1,Sunday,110,CROSS TRAFFIC(INTERSECTIONS ONLY),1,35942,2,0,1,0,1,2,1,1,Cross intersection,2,60,Arterial Other,MORELAND,-37.75568,144.96599,3058.0,True,Preston HS,3934.6
T20230023507,2023-09-10,07:00:00,1,Collision with vehicle,2,Monday,137,LEFT TURN SIDESWIPE,1,336308,2,0,0,1,1,2,1,1,Cross intersection,3,60,Arterial Highway,DAREBIN,-37.749374,144.99576,3072.0,True,Preston HS,1312.4
T20240000795,2024-11-01,17:30:00,2,Struck Pedestrian,4,Thursday,108,PED STRUCK WALKING TO/FROM OR BOARDING/ALIGHTING VEHICLE.,1,796128,1,0,1,0,4,5,1,5,Not at intersection,2,50,Local Road,MORNINGTON PENINSULA,-38.34545,144.74495,3943.0,True,Preston HS,70950.4
T20240002873,2024-05-02,15:15:00,1,Collision with vehicle,1,Monday,121,RIGHT THROUGH,1,41271,2,0,0,1,1,2,1,2,T intersection,3,50,Arterial Other,GLEN EIRA,-37.8759,145.0241,3161.0,True,Preston HS,14996.9
T20220020587,2022-12-09,08:48:00,6,Vehicle overturned (no collision),2,Monday,174,OUT OF CONTROL ON CARRIAGEWAY (ON STRAIGHT),1,50041,2,0,0,1,1,2,1,1,Cross intersection,3,50,Local Road,GEELONG,-38.159843,144.38039,3219.0,True,Preston HS,71981.8
T20240025716,2024-11-10,15:16:00,2,Struck Pedestrian,6,Friday,102,FAR SIDE. PED HIT BY VEHICLE FROM THE LEFT,1,392,1,0,1,0,1,2,1,2,T intersection,2,70,Arterial Other,WHITTLESEA,-37.666252,145.01645,3075.0,True,William Ruthven SC,3570.1
T20220022629,2022-07-10,18:10:00,2,Struck Pedestrian,6,Friday,109,ANY MANOEUVRE INVOLVING PED NOT INCLUDED IN DCAs 100-108.,2,733175,1,0,1,0,0,1,2,5,Not at intersection,2,999,Local Road,KINGSTON,-38.06616,145.12224,3196.0,True,Preston HS,37465.9
T20240025278,2024-07-10,10:30:00,2,Struck Pedestrian,2,Monday,100,PED NEAR SIDE. PED HIT BY VEHICLE FROM THE RIGHT.,1,799,1,0,0,1,1,2,2,1,Cross intersection,3,80,,DANDENONG,-37.961704,145.1691,3174.0,True,Preston HS,28297.8
T20240020106,2024-08-08,15:03:00,4,Collision with a fixed object,5,Thursday,151,OUT OF CONTROL (OVERTAKING),1,807232,1,0,1,0,0,1,1,5,Not at intersection,2,100,Arterial Other,WHITTLESEA,-37.576523,145.03287,3750.0,True,William Ruthven SC,13602.2
T20210002866,2021-07-02,19:15:00,4,Collision with a fixed object,1,Sunday,183,OFF LEFT BEND INTO OBJECT/PARKED VEHICLE,1,265200,1,0,0,1,0,1,1,5,Not at intersection,3,60,Arterial Other,NILLUMBIK,-37.55953,145.32382,3763.0,True,Reservoir HS,31623.1
T20210025079,2021-06-12,15:50:00,1,Collision with vehicle,1,Monday,147,VEHICLE STRIKES ANOTHER VEH WHILE EMERGING FROM DRIVEWAY,1,701612,2,0,0,1,1,2,1,5,Not at intersection,3,70,,WYNDHAM,-37.860374,144.66711,3029.0,True,Preston HS,32656.4
T20230028523,2023-03-12,12:43:00,2,Struck Pedestrian,1,Sunday,100,PED NEAR SIDE. PED HIT BY VEHICLE FROM THE RIGHT.,1,796842,1,0,1,0,1,2,1,5,Not at intersection,2,50,Local Road,MITCHELL,-37.420094,144.9645,3756.0,True,William Ruthven SC,30926.1
T20230015701,2023-05-07,22:10:00,1,Collision with vehicle,4,Wednesday,130,REAR END(VEHICLES IN SAME LANE),3,777169,2,0,0,1,1,2,1,5,Not at intersection,3,80,Arterial Other,MARIBYRNONG,-37.780262,144.85669,3019.0,True,Preston HS,13900.1
T20230019826,2023-01-07,14:30:00,4,Collision with a fixed object,6,Saturday,179,OTHER ACCIDENTS-OFF STRAIGHT NOT INCLUDED IN DCAs 170-175,1,779582,1,0,0,1,0,1,2,5,Not at intersection,3,80,Local Road,BENALLA,-36.85852,145.92157,3669.0,True,William Ruthven SC,123646.4
T20250002656,2025-01-02,08:29:00,1,Collision with vehicle,7,Saturday,130,REAR END(VEHICLES IN SAME LANE),1,814911,2,0,1,0,1,2,1,5,Not at intersection,2,100,Local Road,MOIRA,-35.999058,145.50159,3640.0,True,William Ruthven SC,193894.5
T20220029747,2022-06-12,20:20:00,2,Struck Pedestrian,3,Tuesday,103,PED PLAYING/LYING/WORKING/STANDING ON CARRIAGEWAY.,3,747144,1,0,1,0,1,2,1,5,Not at intersection,2,50,Local Road,MELTON,-37.690033,144.57855,3337.0,True,William Ruthven SC,37352.6
T20230030082,2023-12-12,16:30:00,1,Collision with vehicle,3,Tuesday,130,REAR END(VEHICLES IN SAME LANE),1,73786,2,0,1,0,1,2,2,1,Cross intersection,2,40,Local Road,MORNINGTON PENINSULA,-38.395107,144.81606,3941.0,True,Preston HS,74555.4
T20220004720,2022-03-03,06:45:00,1,Collision with vehicle,5,Thursday,116,LEFT NEAR (INTERSECTIONS ONLY),1,56250,2,0,0,1,1,2,2,1,Cross intersection,3,80,Arterial Highway,DANDENONG,-37.991478,145.15057,3173.0,True,Preston HS,30496.0
T20240006019,2024-01-03,10:56:00,2,Struck Pedestrian,6,Friday,106,VEH STRIKES PED ON FOOTPATH/MEDIAN/TRAFFIC ISLAND.,1,806350,1,0,1,0,1,2,1,5,Not at intersection,2,40,Local Road,WARRNAMBOOL,-38.38662,142.48459,3280.0,True,Preston HS,232178.0
T20210008341,2021-06-04,19:30:00,5,collision with some other object,2,Tuesday,166,STRUCK OBJECT ON CARRIAGEWAY,6,680951,1,0,0,1,0,1,2,2,T intersection,3,60,Local Road,COLAC OTWAY,-38.193787,143.63893,3251.0,True,Preston HS,130042.8
T20250021088,2025-09-08,15:35:00,1,Collision with vehicle,7,Saturday,147,VEHICLE STRIKES ANOTHER VEH WHILE EMERGING FROM DRIVEWAY,1,821050,2,0,1,0,1,2,1,5,Not at intersection,2,60,Arterial Other,BOROONDARA,-37.81191,145.07356,3103.0,True,Preston HS,9750.3
T20230005935,2023-12-03,09:40:00,1,Collision with vehicle,1,Sunday,132,RIGHT REAR.,1,760701,3,0,1,0,2,3,1,5,Not at intersection,2,60,Arterial Other,MORNINGTON PENINSULA,-38.319828,144.98605,3936.0,True,Preston HS,64311.3
T20240009148,2024-12-04,10:35:00,1,Collision with vehicle,5,Friday,121,RIGHT THROUGH,1,227971,2,0,0,1,1,2,2,2,T intersection,3,40,Arterial Other,MORELAND,-37.754574,144.96428,3058.0,True,Preston HS,4027.8
T20240028823,2024-12-11,11:19:00,1,Collision with vehicle,2,Tuesday,163,VEHICLE STRIKES DOOR OF PARKED/STATIONARY VEHICLE,1,814175,2,0,0,1,1,2,1,1,Cross intersection,3,40,Arterial Other,STONNINGTON,-37.839787,144.99799,3141.0,True,Preston HS,10936.1
T20240031855,2024-10-12,16:00:00,4,Collision with a fixed object,3,Tuesday,181,OFF RIGHT BEND INTO OBJECT/PARKED VEHICLE,1,812511,1,0,0,1,0,1,2,5,Not at intersection,3,999,Arterial Other,MANSFIELD,-36.935604,146.2129,3723.0,True,Reservoir HS,136395.4
T20230016061,2023-11-07,12:36:00,1,Collision with vehicle,3,Tuesday,194,PARKED CAR RUN AWAY,1,811926,2,0,0,1,0,1,1,5,Not at intersection,3,50,Local Road,MITCHELL,-37.39601,144.96828,3756.0,True,William Ruthven SC,33557.2
T20250003480,2025-08-02,18:15:00,1,Collision with vehicle,7,Saturday,163,VEHICLE STRIKES DOOR OF PARKED/STATIONARY VEHICLE,1,814878,2,0,1,0,1,2,2,5,Not at intersection,2,40,Local Road,PORT PHILLIP,-37.86223,144.99147,3182.0,True,Preston HS,13472.5
T20240011139,2024-01-05,19:30:00,1,Collision with vehicle,3,Wednesday,137,LEFT TURN SIDESWIPE,6,65471,2,0,0,1,1,2,2,1,Cross intersection,3,50,Local Road,MELBOURNE,-37.80423,144.9603,3053.0,True,Preston HS,8078.7
T20250022660,2025-05-05,13:30:00,2,Struck Pedestrian,1,Monday,109,ANY MANOEUVRE INVOLVING PED NOT INCLUDED IN DCAs 100-108.,9,823169,1,0,0,1,1,2,2,2,T intersection,3,999,Local Road,MAROONDAH,-37.796093,145.28192,3136.0,True,Reservoir HS,23663.0
T20250009441,2025-08-04,09:45:00,8,No collision and no object struck,3,Tuesday,179,OTHER ACCIDENTS-OFF STRAIGHT NOT INCLUDED IN DCAs 170-175,1,817186,1,0,0,1,0,1,1,5,Not at intersection,3,888,Local Road,MILDURA,-34.221252,142.13448,3500.0,True,William Ruthven SC,464684.5
T20230025818,2023-04-11,14:15:00,1,Collision with vehicle,7,Saturday,134,LANE CHANGE RIGHT (NOT OVERTAKING),1,787898,3,0,1,0,6,7,1,2,T intersection,2,40,Local Road,MELBOURNE,-37.80974,144.96109,3000.0,True,Preston HS,8578.6
T20230005604,2023-08-03,10:58:00,1,Collision with vehicle,4,Wednesday,137,LEFT TURN SIDESWIPE,1,684308,2,0,0,1,1,2,2,5,Not at intersection,3,40,Arterial Other,MELBOURNE,-37.84541,144.98293,3004.0,True,Preston HS,11726.0
T20240002618,2024-01-02,16:50:00,1,Collision with vehicle,4,Thursday,160,VEHICLE COLLIDES WITH VEHICLE PARKED ON LEFT OF ROAD,9,797748,2,0,0,1,0,1,2,5,Not at intersection,3,50,Arterial Other,YARRA,-37.83333,145.02573,3121.0,True,Preston HS,10319.5
T20220010104,2022-05-05,08:05:00,1,Collision with vehicle,5,Thursday,130,REAR END(VEHICLES IN SAME LANE),1,735030,2,0,1,0,2,3,1,5,Not at intersection,2,80,Freeway,MELBOURNE,-37.800865,144.93665,3051.0,True,Preston HS,9034.7
T20230009691,2023-07-04,15:00:00,8,No collision and no object struck,6,Friday,174,OUT OF CONTROL ON CARRIAGEWAY (ON STRAIGHT),1,770840,1,0,1,0,0,1,2,5,Not at intersection,2,888,,WELLINGTON,-37.95649,146.78851,3858.0,True,Reservoir HS,156650.1
T20240020445,2024-12-08,12:15:00,1,Collision with vehicle,2,Monday,116,LEFT NEAR (INTERSECTIONS ONLY),1,57318,2,0,1,0,1,2,1,1,Cross intersection,2,60,Arterial Highway,ARARAT,-37.284973,142.93103,3377.0,True,William Ruthven SC,188441.2
T20220007454,2022-02-04,20:25:00,2,Struck Pedestrian,7,Saturday,103,PED PLAYING/LYING/WORKING/STANDING ON CARRIAGEWAY.,5,708607,1,0,1,1,0,2,1,5,Not at intersection,2,60,Local Road,MELTON,-37.686226,144.53868,3337.0,True,William Ruthven SC,40870.8
T20250006435,2025-09-03,14:00:00,3,Struck animal,1,Sunday,167,STRUCK ANIMAL,1,817873,1,0,0,1,0,1,1,5,Not at intersection,3,100,Local Road,EAST GIPPSLAND,-37.682465,148.40329,3888.0,True,Reservoir HS,296842.4
T20220005359,2022-08-03,01:20:00,2,Struck Pedestrian,3,Tuesday,105,PED WALKING AGAINST TRAFFIC.,9,708019,1,0,0,1,1,2,2,5,Not at intersection,3,999,Local Road,CASEY,-38.03475,145.33632,3806.0,True,Preston HS,43549.0
T20240012651,2024-12-04,17:30:00,1,Collision with vehicle,6,Friday,147,VEHICLE STRIKES ANOTHER VEH WHILE EMERGING FROM DRIVEWAY,1,804843,2,0,0,1,1,2,2,2,T intersection,3,999,Local Road,GEELONG,-38.10007,144.32303,3215.0,True,Preston HS,72030.9
T20230005287,2023-05-03,12:45:00,1,Collision with vehicle,0,Sunday,110,CROSS TRAFFIC(INTERSECTIONS ONLY),1,36194,2,0,1,0,1,2,1,1,Cross intersection,2,50,Local Road,MELBOURNE,-37.805786,144.95515,3051.0,True,Preston HS,8463.4
T20210005878,2021-09-03,17:50:00,1,Collision with vehicle,3,Tuesday,143,ENTERING PARKING,1,685174,2,0,1,0,1,2,2,5,Not at intersection,2,999,Local Road,MELBOURNE,-37.816772,144.96214,3000.0,True,Preston HS,9235.6
T20230023712,2023-10-10,17:00:00,1,Collision with vehicle,2,Tuesday,163,VEHICLE STRIKES DOOR OF PARKED/STATIONARY VEHICLE,1,782742,2,0,0,1,1,2,2,5,Not at intersection,3,60,Arterial Other,HOBSONS BAY,-37.84444,144.88612,3015.0,True,Preston HS,15605.1
T20250012058,2025-06-05,09:00:00,1,Collision with vehicle,2,Tuesday,110,CROSS TRAFFIC(INTERSECTIONS ONLY),1,52948,2,0,0,1,1,2,1,1,Cross intersection,3,50,Local Road,BALLARAT,-37.571663,143.86041,3350.0,True,William Ruthven SC,101566.5
T20230012944,2023-03-06,07:31:00,7,Fall from or in moving vehicle,7,Saturday,190,FELL IN/FROM VEHICLE,2,35986,1,0,1,0,0,1,1,1,Cross intersection,2,40,Local Road,MORELAND,-37.775867,144.97102,3057.0,True,Preston HS,4949.2
T20220020526,2022-11-09,11:45:00,1,Collision with vehicle,1,Sunday,135,LANE CHANGE LEFT (NOT OVERTAKING),1,726512,2,1,0,0,3,4,1,5,Not at intersection,1,80,Arterial Other,HOBSONS BAY,-37.84829,144.81773,3018.0,True,Preston HS,20429.0
T20220027812,2022-07-12,15:21:00,1,Collision with vehicle,4,Wednesday,132,RIGHT REAR.,1,742823,2,0,1,0,1,2,1,2,T intersection,2,50,Local Road,WHITEHORSE,-37.842556,145.1968,3133.0,True,Reservoir HS,19873.0
T20220007380,2022-02-04,12:18:00,1,Collision with vehicle,7,Saturday,113,RIGHT NEAR (INTERSECTIONS ONLY),1,37640,2,0,1,0,1,2,1,1,Cross intersection,2,40,Arterial Other,STONNINGTON,-37.851254,144.98875,3181.0,True,Preston HS,12288.1
T20220002813,2022-08-02,16:46:00,2,Struck Pedestrian,3,Tuesday,103,PED PLAYING/LYING/WORKING/STANDING ON CARRIAGEWAY.,1,708984,1,0,0,1,1,2,1,5,Not at intersection,3,70,Arterial Other,DAREBIN,-37.694176,145.0038,3073.0,True,William Ruthven SC,272.4
T20220009815,2022-02-05,08:45:00,2,Struck Pedestrian,2,Monday,101,PED EMERGES FROM IN FRONT OF PARKED OR STATIONARY VEHICLE,1,718702,1,0,0,1,2,3,1,5,Not at intersection,3,50,Local Road,MOONEE VALLEY,-37.734753,144.92354,3041.0,True,Preston HS,7388.3
T20220014956,2022-04-07,15:00:00,2,Struck Pedestrian,2,Monday,103,PED PLAYING/LYING/WORKING/STANDING ON CARRIAGEWAY.,1,718557,1,0,1,0,1,2,1,5,Not at intersection,2,50,,MANNINGHAM,-37.778854,145.22519,3114.0,True,Reservoir HS,18322.7
T20240025663,2024-11-10,01:20:00,2,Struck Pedestrian,5,Friday,103,PED PLAYING/LYING/WORKING/STANDING ON CARRIAGEWAY.,5,814037,1,0,0,1,1,2,1,5,Not at intersection,3,999,Local Road,WHITTLESEA,-37.50375,145.11063,3757.0,True,William Ruthven SC,23441.0
T20220020611,2022-11-09,10:30:00,1,Collision with vehicle,0,Sunday,111,RIGHT FAR (INTERSECTIONS ONLY),1,785873,2,0,1,0,1,2,1,2,T intersection,2,60,Arterial Other,STONNINGTON,-37.86378,145.03912,3144.0,True,Preston HS,13863.1
T20210012830,2021-10-06,14:12:00,1,Collision with vehicle,4,Thursday,160,VEHICLE COLLIDES WITH VEHICLE PARKED ON LEFT OF ROAD,1,685349,2,0,0,1,1,2,1,5,Not at intersection,3,50,Local Road,WELLINGTON,-38.10474,147.09128,3850.0,True,Reservoir HS,185805.0
T20250010042,2025-08-04,18:45:00,8,No collision and no object struck,2,Tuesday,174,OUT OF CONTROL ON CARRIAGEWAY (ON STRAIGHT),3,817903,1,0,1,0,0,1,2,2,T intersection,2,60,Arterial Other,BAW BAW,-37.97768,146.3718,3825.0,True,Reservoir HS,121233.7
T20240005292,2024-01-03,16:06:00,2,Struck Pedestrian,5,Friday,102,FAR SIDE. PED HIT BY VEHICLE FROM THE LEFT,1,45936,1,0,0,1,1,2,1,2,T intersection,3,50,Local Road,DAREBIN,-37.736095,145.0283,3072.0,True,Reservoir HS,1525.9
T20250014776,2025-02-06,11:40:00,1,Collision with vehicle,2,Monday,160,VEHICLE COLLIDES WITH VEHICLE PARKED ON LEFT OF ROAD,1,43391,2,0,0,1,1,2,1,2,T intersection,3,60,Local Road,FRANKSTON,-38.12351,145.14528,3200.0,True,Preston HS,44151.1
T20210014996,2021-08-07,08:03:00,2,Struck Pedestrian,5,Thursday,102,FAR SIDE. PED HIT BY VEHICLE FROM THE LEFT,1,688266,1,0,1,0,2,3,1,4,Multiple intersection,2,60,Arterial Other,GEELONG,-38.180202,144.38235,3219.0,True,Preston HS,73330.2
T20240011303,2024-04-05,13:40:00,1,Collision with vehicle,7,Saturday,120,HEAD ON (NOT OVERTAKING),1,52153,2,0,1,0,1,2,1,2,T intersection,2,80,Arterial Other,LATROBE,-38.17744,146.2974,3825.0,True,Reservoir HS,122152.1
T20240027282,2024-10-10,08:58:00,1,Collision with vehicle,5,Thursday,136,RIGHT TURN SIDESWIPE,9,206,2,0,0,1,1,2,2,1,Cross intersection,3,999,Arterial Other,MELBOURNE,-37.818356,144.95663,3000.0,True,Preston HS,9608.8
T20210004920,2021-06-03,09:00:00,1,Collision with vehicle,6,Saturday,148,VEHICLE OFF FOOTPATH STRIKES VEH ON CARRIAGEWAY,1,29588,3,0,0,1,2,3,2,1,Cross intersection,3,40,Arterial Other,PORT PHILLIP,-37.85981,144.97731,3182.0,True,Preston HS,13391.5
T20230026364,2023-09-11,16:36:00,6,Vehicle overturned (no collision),4,Thursday,174,OUT OF CONTROL ON CARRIAGEWAY (ON STRAIGHT),1,35322,1,0,1,0,1,2,2,1,Cross intersection,2,40,Local Road,MELBOURNE,-37.798676,144.96729,3053.0,True,Preston HS,7237.5
T20240028047,2024-04-11,14:25:00,2,Struck Pedestrian,2,Monday,100,PED NEAR SIDE. PED HIT BY VEHICLE FROM THE RIGHT.,1,487,1,0,1,0,1,2,1,2,T intersection,2,50,Arterial Other,BOROONDARA,-37.82534,145.05785,3124.0,True,Preston HS,10314.4
T20210025349,2021-08-12,10:30:00,2,Struck Pedestrian,4,Wednesday,100,PED NEAR SIDE. PED HIT BY VEHICLE FROM THE RIGHT.,1,699359,1,0,0,1,1,2,2,5,Not at intersection,3,40,Local Road,MORNINGTON PENINSULA,-38.339108,144.74054,3943.0,True,Preston HS,70410.9
T20230015671,2023-06-07,16:20:00,2,Struck Pedestrian,5,Thursday,106,VEH STRIKES PED ON FOOTPATH/MEDIAN/TRAFFIC ISLAND.,1,777132,1,0,1,0,1,2,1,5,Not at intersection,2,60,Local Road,KINGSTON,-38.041565,145.1108,3196.0,True,Preston HS,34562.9
T20240028745,2024-11-11,14:15:00,4,Collision with a fixed object,2,Monday,171,LEFT OFF CARRIAGEWAY INTO OBJECT/PARKED VEHICLE,1,67829,2,0,1,0,1,2,1,2,T intersection,2,40,Arterial Other,MONASH,-37.865936,145.13086,3149.0,True,Preston HS,17580.2
T20220025291,2022-09-11,07:10:00,1,Collision with vehicle,3,Wednesday,110,CROSS TRAFFIC(INTERSECTIONS ONLY),1,56712,2,0,0,1,1,2,1,1,Cross intersection,3,60,Arterial Highway,BALLARAT,-37.527454,143.8488,3355.0,True,William Ruthven SC,103389.3
T20230017399,2023-08-07,10:35:00,8,No collision and no object struck,6,Saturday,151,OUT OF CONTROL (OVERTAKING),1,777815,1,0,0,1,0,1,2,5,Not at intersection,3,100,Arterial Highway,GLENELG,-38.100163,141.61331,3304.0,True,Preston HS,300332.7
T20250006777,2025-12-03,18:20:00,2,Struck Pedestrian,4,Wednesday,102,FAR SIDE. PED HIT BY VEHICLE FROM THE LEFT,1,816865,1,0,0,1,1,2,1,1,Cross intersection,3,50,Arterial Other,CARDINIA,-38.05643,145.38933,3807.0,True,Preston HS,48472.1
T20210006364,2021-10-03,08:55:00,1,Collision with vehicle,4,Wednesday,130,REAR END(VEHICLES IN SAME LANE),1,681962,3,0,0,1,2,3,2,2,T intersection,3,40,Arterial Other,WANGARATTA,-36.35666,146.32451,3677.0,True,William Ruthven SC,189627.0
T20250009958,2025-06-04,09:30:00,8,No collision and no object struck,0,Sunday,189,OTHER ACCIDENTS ON CURVE NOT INCLUDED IN DCAs 180-184,1,817367,1,0,0,1,0,1,2,5,Not at intersection,3,888,Local Road,LATROBE,-38.113564,146.45671,3844.0,True,Reservoir HS,132542.7
T20240008623,2024-06-04,09:10:00,2,Struck Pedestrian,7,Saturday,100,PED NEAR SIDE. PED HIT BY VEHICLE FROM THE RIGHT.,1,803925,1,0,1,0,1,2,1,1,Cross intersection,2,60,Local Road,STONNINGTON,-37.886703,145.08626,3145.0,True,Preston HS,17559.2
T20240008380,2024-02-04,10:00:00,1,Collision with vehicle,3,Tuesday,116,LEFT NEAR (INTERSECTIONS ONLY),1,40092,2,0,0,2,1,3,2,2,T intersection,3,999,Arterial Highway,PORT PHILLIP,-37.857716,144.98355,3182.0,True,Preston HS,13065.3
T20240005605,2024-05-03,08:43:00,2,Struck Pedestrian,2,Tuesday,102,FAR SIDE. PED HIT BY VEHICLE FROM THE LEFT,1,810296,1,0,1,0,1,2,1,2,T intersection,2,50,Local Road,MOONEE VALLEY,-37.778366,144.90833,3032.0,True,Preston HS,9592.3
T20210019309,2021-11-09,15:00:00,8,No collision and no object struck,7,Saturday,174,OUT OF CONTROL ON CARRIAGEWAY (ON STRAIGHT),1,338350,1,0,0,1,0,1,2,2,T intersection,3,888,Local Road,BAW BAW,-38.052856,146.02324,3821.0,True,Reservoir HS,94640.1
T20230025940,2023-05-11,21:00:00,4,Collision with a fixed object,0,Sunday,183,OFF LEFT BEND INTO OBJECT/PARKED VEHICLE,5,794233,1,0,1,0,0,1,1,5,Not at intersection,2,80,Local Road,MORNINGTON PENINSULA,-38.348755,145.21584,3919.0,True,Preston HS,69932.5
T20230011108,2023-12-05,06:45:00,1,Collision with vehicle,6,Friday,135,LANE CHANGE LEFT (NOT OVERTAKING),1,776182,2,0,0,1,1,2,1,5,Not at intersection,3,100,Freeway,STONNINGTON,-37.863537,145.06027,3146.0,True,Preston HS,14330.4
T20230007771,2023-02-04,14:25:00,6,Vehicle overturned (no collision),0,Sunday,184,OUT OF CONTROL ON CARRIAGEWAY (ON BEND),1,766443,1,0,1,0,0,1,1,5,Not at intersection,2,100,,MANSFIELD,-37.280712,146.11949,3723.0,True,Reservoir HS,107977.3
T20240014422,2024-06-06,01:30:00,4,Collision with a fixed object,5,Thursday,171,LEFT OFF CARRIAGEWAY INTO OBJECT/PARKED VEHICLE,3,51151,1,0,1,0,0,1,1,1,Cross intersection,2,60,Arterial Other,SHEPPARTON,-36.44012,145.22275,3616.0,True,William Ruthven SC,141061.4
T20210022760,2021-10-11,15:26:00,1,Collision with vehicle,4,Wednesday,162,ACCIDENT OR BROKEN DOWN,1,710138,3,0,3,2,0,5,1,5,Not at intersection,2,100,Freeway,KNOX,-37.850086,145.21613,3152.0,True,Reservoir HS,21699.1
T20240016753,2024-02-07,17:35:00,1,Collision with vehicle,3,Tuesday,112,LEFT FAR (INTERSECTIONS ONLY),3,54048,2,0,1,0,1,2,1,2,T intersection,2,50,Arterial Other,MELBOURNE,-37.80127,144.91293,3003.0,True,Preston HS,10601.2
T20230016135,2023-11-07,12:05:00,2,Struck Pedestrian,2,Tuesday,101,PED EMERGES FROM IN FRONT OF PARKED OR STATIONARY VEHICLE,1,787323,1,0,0,1,1,2,1,5,Not at intersection,3,40,Local Road,CENTRAL GOLDFIELDS,-37.0466,143.73686,3465.0,True,William Ruthven SC,133194.8
T20230015606,2023-05-07,17:51:00,2,Struck Pedestrian,4,Wednesday,102,FAR SIDE. PED HIT BY VEHICLE FROM THE LEFT,3,776918,1,0,1,0,1,2,1,2,T intersection,2,80,Arterial Highway,KNOX,-37.888958,145.23288,3179.0,True,Preston HS,25719.1