ACCIDENT_NO,ACCIDENT_DATE,ACCIDENT_TIME,ACCIDENT_TYPE,ACCIDENT_TYPE_DESC,DAY_OF_WEEK,DAY_WEEK_DESC,DCA_CODE,DCA_DESC,LIGHT_CONDITION,NODE_ID,NO_OF_VEHICLES,NO_PERSONS_KILLED,NO_PERSONS_INJ_2,NO_PERSONS_INJ_3,NO_PERSONS_NOT_INJ,NO_PERSONS,POLICE_ATTEND,ROAD_GEOMETRY,ROAD_GEOMETRY_DESC,SEVERITY,SPEED_ZONE,RMA,LGA_NAME,LATITUDE,LONGITUDE,POSTCODE_CRASH,PED_OR_CYC,nearest_school,dist_to_gate_m
T20240004459,2024-12-02,13:30:00,8,No collision and no object struck,2,Monday,184,OUT OF CONTROL ON CARRIAGEWAY (ON BEND),1,73449,1,0,0,1,0,1,2,2,T intersection,3,60,Arterial Highway,SURF COAST,-38.337555,144.31721,3228.0,True,Preston HS,89666.1
T20230016366,2023-11-05,07:50:00,1,Collision with vehicle,5,Thursday,121,RIGHT THROUGH,1,609610,2,0,0,1,1,2,2,2,T intersection,3,80,Arterial Highway,CASEY,-38.101753,145.28244,3977.0,True,Preston HS,46756.7
T20240014432,2024-06-06,08:20:00,2,Struck Pedestrian,4,Thursday,100,PED NEAR SIDE. PED HIT BY VEHICLE FROM THE RIGHT.,1,807149,1,0,0,1,1,2,1,2,T intersection,3,50,Local Road,CASEY,-38.12686,145.29991,3977.0,True,Preston HS,49936.6
T20210021160,2021-09-10,13:00:00,6,Vehicle overturned (no collision),6,Saturday,184,OUT OF CONTROL ON CARRIAGEWAY (ON BEND),1,814063,1,0,0,1,0,1,2,2,T intersection,3,80,Local Road,MURRINDINDI,-37.279354,145.97043,3713.0,True,Reservoir HS,96530.4
T20250020412,2025-02-08,10:33:00,4,Collision with a fixed object,6,Saturday,171,LEFT OFF CARRIAGEWAY INTO OBJECT/PARKED VEHICLE,1,822104,1,0,0,2,0,2,1,5,Not at intersection,3,60,Local Road,MELTON,-37.68523,144.59314,3337.0,True,William Ruthven SC,36084.9
T20220022098,2022-01-10,11:35:00,1,Collision with vehicle,7,Saturday,136,RIGHT TURN SIDESWIPE,1,786103,2,0,1,0,1,2,1,5,Not at intersection,2,50,Local Road,MELBOURNE,-37.82671,144.9557,3006.0,True,Preston HS,10476.5
T20220000132,2022-03-01,08:31:00,1,Collision with vehicle,2,Monday,148,VEHICLE OFF FOOTPATH STRIKES VEH ON CARRIAGEWAY,1,701105,2,0,0,1,1,2,1,5,Not at intersection,3,50,Local Road,GEELONG,-38.073273,144.35129,3214.0,True,Preston HS,68335.4
T20220000185,2022-04-01,09:45:00,1,Collision with vehicle,3,Tuesday,110,CROSS TRAFFIC(INTERSECTIONS ONLY),1,52416,2,0,0,1,1,2,1,1,Cross intersection,3,60,Local Road,EAST GIPPSLAND,-37.82622,147.6239,3875.0,True,Reservoir HS,228319.9
T20240012104,2024-08-05,11:05:00,2,Struck Pedestrian,4,Wednesday,100,PED NEAR SIDE. PED HIT BY VEHICLE FROM THE RIGHT.,1,65381,1,0,0,1,1,2,2,1,Cross intersection,3,40,Local Road,MELBOURNE,-37.802174,144.96065,3053.0,True,Preston HS,7866.8
T20240020508,2024-12-08,18:20:00,1,Collision with vehicle,2,Monday,121,RIGHT THROUGH,3,810191,2,0,1,0,1,2,1,2,T intersection,2,60,Local Road,GEELONG,-38.0932,144.32436,3215.0,True,Preston HS,71515.8
T20230029233,2023-09-12,16:15:00,2,Struck Pedestrian,6,Saturday,100,PED NEAR SIDE. PED HIT BY VEHICLE FROM THE RIGHT.,1,792010,1,0,0,1,1,2,2,5,Not at intersection,3,40,Local Road,MELBOURNE,-37.803196,144.965,3053.0,True,Preston HS,7775.0
T20220025006,2022-06-11,12:00:00,1,Collision with vehicle,0,Sunday,134,LANE CHANGE RIGHT (NOT OVERTAKING),1,733714,2,0,1,0,3,4,1,4,Multiple intersection,2,80,Arterial Highway,LATROBE,-38.199966,146.53262,3844.0,True,Reservoir HS,142080.3
T20220013083,2022-03-06,16:50:00,2,Struck Pedestrian,5,Friday,100,PED NEAR SIDE. PED HIT BY VEHICLE FROM THE RIGHT.,2,66328,1,0,0,1,1,2,1,3,Y intersection,3,999,Local Road,YARRA,-37.824886,144.99234,3121.0,True,Preston HS,9340.4
T20250008913,2025-02-04,14:58:00,1,Collision with vehicle,4,Wednesday,135,LANE CHANGE LEFT (NOT OVERTAKING),1,816956,2,0,1,0,1,2,1,5,Not at intersection,2,100,Freeway,BRIMBANK,-37.676365,144.77142,3036.0,True,William Ruthven SC,20500.4
T20250018880,2025-05-07,06:25:00,2,Struck Pedestrian,7,Saturday,100,PED NEAR SIDE. PED HIT BY VEHICLE FROM THE RIGHT.,2,38678,1,0,1,0,1,2,2,1,Cross intersection,2,60,Arterial Other,MARIBYRNONG,-37.788597,144.88309,3012.0,True,Preston HS,12083.9
T20250018590,2025-11-07,17:15:00,1,Collision with vehicle,6,Friday,130,REAR END(VEHICLES IN SAME LANE),1,36992,2,0,0,1,1,2,2,1,Cross intersection,3,40,Freeway,MELBOURNE,-37.81601,144.97238,3000.0,True,Preston HS,8808.3
T20210020534,2021-09-10,20:18:00,2,Struck Pedestrian,7,Saturday,102,FAR SIDE. PED HIT BY VEHICLE FROM THE LEFT,3,694882,1,0,1,0,1,2,1,5,Not at intersection,2,50,Arterial Other,MARIBYRNONG,-37.81144,144.88374,3013.0,True,Preston HS,13329.8
T20210003156,2021-09-02,14:30:00,1,Collision with vehicle,3,Tuesday,154,PULLING OUT -REAR END,1,676340,2,0,0,1,1,2,2,5,Not at intersection,3,999,Local Road,BOROONDARA,-37.858326,145.08258,3146.0,True,Preston HS,14565.5
T20220025014,2022-06-11,13:41:00,6,Vehicle overturned (no collision),1,Sunday,184,OUT OF CONTROL ON CARRIAGEWAY (ON BEND),1,786954,1,0,1,0,0,1,1,5,Not at intersection,2,100,,CARDINIA,-37.907207,145.59451,3783.0,True,Reservoir HS,53726.5
T20250007329,2025-07-03,12:30:00,6,Vehicle overturned (no collision),6,Friday,174,OUT OF CONTROL ON CARRIAGEWAY (ON STRAIGHT),9,816476,1,0,1,0,0,1,2,5,Not at intersection,2,999,Local Road,CORANGAMITE,-38.745872,143.24026,3237.0,True,Preston HS,190456.1
T20240006146,2024-12-02,11:30:00,1,Collision with vehicle,1,Monday,130,REAR END(VEHICLES IN SAME LANE),1,204419,2,0,1,0,1,2,2,5,Not at intersection,2,60,Arterial Other,PORT PHILLIP,-37.86592,144.97372,3182.0,True,Preston HS,14120.5
T20230013432,2023-09-06,13:10:00,8,No collision and no object struck,6,Friday,174,OUT OF CONTROL ON CARRIAGEWAY (ON STRAIGHT),1,777036,1,0,1,0,0,1,1,5,Not at intersection,2,80,Arterial Highway,MONASH,-37.916286,145.13951,3168.0,True,Preston HS,22629.7
T20250020523,2025-03-08,12:45:00,1,Collision with vehicle,0,Sunday,130,REAR END(VEHICLES IN SAME LANE),1,820840,2,0,1,0,1,2,1,1,Cross intersection,2,60,Arterial Other,MELBOURNE,-37.833588,144.91289,3207.0,True,Preston HS,13150.5
T20220014801,2022-02-07,10:05:00,8,No collision and no object struck,7,Saturday,174,OUT OF CONTROL ON CARRIAGEWAY (ON STRAIGHT),1,785568,1,0,0,1,0,1,1,5,Not at intersection,3,60,Arterial Other,SWAN HILL,-35.34042,143.54451,3585.0,True,William Ruthven SC,292606.4
T20250015748,2025-10-06,21:30:00,1,Collision with vehicle,3,Tuesday,116,LEFT NEAR (INTERSECTIONS ONLY),3,57495,2,0,1,0,1,2,1,2,T intersection,2,40,Local Road,PORT PHILLIP,-37.842564,144.9369,3207.0,True,Preston HS,12800.0
T20250002685,2025-01-02,10:17:00,1,Collision with vehicle,7,Saturday,110,CROSS TRAFFIC(INTERSECTIONS ONLY),1,62395,2,0,1,0,1,2,1,1,Cross intersection,2,50,Local Road,MOONEE VALLEY,-37.717598,144.88872,3042.0,True,William Ruthven SC,10321.6
T20250009033,2025-03-04,19:15:00,2,Struck Pedestrian,5,Thursday,102,FAR SIDE. PED HIT BY VEHICLE FROM THE LEFT,6,775151,1,0,0,2,0,2,2,2,T intersection,3,999,Local Road,WHITTLESEA,-37.602543,145.08774,3754.0,True,William Ruthven SC,12842.0
T20220028782,2022-12-02,17:00:00,1,Collision with vehicle,7,Saturday,113,RIGHT NEAR (INTERSECTIONS ONLY),1,742316,2,0,0,1,1,2,2,2,T intersection,3,50,Local Road,MORNINGTON PENINSULA,-38.358315,144.89584,3939.0,True,Preston HS,69253.1
T20210000733,2021-06-01,13:45:00,8,No collision and no object struck,4,Wednesday,174,OUT OF CONTROL ON CARRIAGEWAY (ON STRAIGHT),1,673431,1,0,0,1,0,1,2,5,Not at intersection,3,999,Local Road,PYRENEES,-37.34561,143.30522,3373.0,True,William Ruthven SC,154728.3
T20240010996,2024-01-05,15:40:00,2,Struck Pedestrian,4,Wednesday,100,PED NEAR SIDE. PED HIT BY VEHICLE FROM THE RIGHT.,1,49850,1,0,1,0,2,3,2,1,Cross intersection,2,60,Arterial Other,GEELONG,-38.133522,144.33775,3218.0,True,Preston HS,73101.9
T20250009671,2024-05-12,11:55:00,2,Struck Pedestrian,4,Thursday,102,FAR SIDE. PED HIT BY VEHICLE FROM THE LEFT,1,817451,1,0,1,0,1,2,2,5,Not at intersection,2,60,Arterial Other,MERRI-BEK,-37.705627,144.91599,3046.0,True,William Ruthven SC,7720.6
T20210017047,2021-06-08,04:48:00,6,Vehicle overturned (no collision),6,Friday,170,OFF CARRIAGEWAY TO LEFT,3,696951,1,0,0,1,0,1,1,5,Not at intersection,3,40,Arterial Other,STONNINGTON,-37.841084,145.00888,3142.0,True,Preston HS,11052.1
T20220007621,2022-02-04,15:30:00,1,Collision with vehicle,7,Saturday,121,RIGHT THROUGH,1,709890,2,0,1,0,1,2,2,1,Cross intersection,2,60,Local Road,MELBOURNE,-37.804047,144.95853,3000.0,True,Preston HS,8141.6
T20220022295,2022-03-10,21:32:00,1,Collision with vehicle,1,Monday,140,U TURN,3,786107,2,0,1,0,5,6,1,5,Not at intersection,2,60,Arterial Other,PORT PHILLIP,-37.829796,144.95557,3006.0,True,Preston HS,10791.9
T20210010554,2021-11-05,10:35:00,2,Struck Pedestrian,2,Tuesday,100,PED NEAR SIDE. PED HIT BY VEHICLE FROM THE RIGHT.,1,730200,1,0,1,0,1,2,1,2,T intersection,2,80,Arterial Highway,DANDENONG,-37.99371,145.1695,3173.0,True,Preston HS,31439.9
T20240019824,2024-05-08,15:07:00,1,Collision with vehicle,2,Monday,148,VEHICLE OFF FOOTPATH STRIKES VEH ON CARRIAGEWAY,1,810309,2,0,0,1,1,2,2,1,Cross intersection,3,50,Local Road,WYNDHAM,-37.9116,144.74136,3030.0,True,Preston HS,30027.6
T20250021854,2025-03-02,15:30:00,8,No collision and no object struck,1,Monday,179,OTHER ACCIDENTS-OFF STRAIGHT NOT INCLUDED IN DCAs 170-175,1,821757,1,0,1,0,1,2,2,5,Not at intersection,2,999,Local Road,GEELONG,-38.20145,144.39738,3224.0,True,Preston HS,73958.6
T20210018963,2021-09-09,20:30:00,1,Collision with vehicle,5,Thursday,169,OTHER ON PATH,9,692591,2,0,0,1,0,1,2,5,Not at intersection,3,60,Arterial Highway,BAYSIDE,-37.912663,145.0151,3187.0,True,Preston HS,19023.2
T20240007534,2024-10-03,13:00:00,8,No collision and no object struck,1,Sunday,174,OUT OF CONTROL ON CARRIAGEWAY (ON STRAIGHT),1,37037,1,0,0,1,0,1,2,1,Cross intersection,3,999,Local Road,MELBOURNE,-37.813297,144.98837,3002.0,True,Preston HS,8129.6
T20230027510,2023-05-11,22:30:00,9,Other accident,1,Sunday,179,OTHER ACCIDENTS-OFF STRAIGHT NOT INCLUDED IN DCAs 170-175,3,803797,1,1,0,0,0,1,2,5,Not at intersection,1,999,Local Road,BASS COAST,-38.52364,145.38649,3925.0,True,Preston HS,93064.4
T20230009553,2022-05-08,13:00:00,1,Collision with vehicle,5,Friday,163,VEHICLE STRIKES DOOR OF PARKED/STATIONARY VEHICLE,1,779676,2,0,0,1,1,2,2,5,Not at intersection,3,40,Local Road,GLEN EIRA,-37.88389,144.9979,3185.0,True,Preston HS,15831.4
T20210020541,2021-10-10,03:22:00,6,Vehicle overturned (no collision),1,Sunday,174,OUT OF CONTROL ON CARRIAGEWAY (ON STRAIGHT),3,710111,1,0,0,1,0,1,1,2,T intersection,3,50,Local Road,WODONGA,-36.13376,146.8535,3690.0,True,William Ruthven SC,239285.1
T20230005593,2023-08-03,16:10:00,1,Collision with vehicle,4,Wednesday,121,RIGHT THROUGH,1,40096,2,0,1,0,1,2,1,1,Cross intersection,2,40,Arterial Other,PORT PHILLIP,-37.857983,144.9804,3182.0,True,Preston HS,13141.2
T20230005671,2023-09-03,15:25:00,1,Collision with vehicle,4,Thursday,121,RIGHT THROUGH,1,760568,2,0,0,1,1,2,1,5,Not at intersection,3,50,Local Road,BENDIGO,-36.774445,144.29413,3550.0,True,William Ruthven SC,120211.1
T20230024935,2023-02-09,10:30:00,4,Collision with a fixed object,7,Saturday,181,OFF RIGHT BEND INTO OBJECT/PARKED VEHICLE,1,789888,1,0,0,1,0,1,2,5,Not at intersection,3,50,Local Road,BALLARAT,-37.59272,143.89194,3350.0,True,William Ruthven SC,98501.4
T20240019811,2024-05-08,15:37:00,1,Collision with vehicle,2,Monday,121,RIGHT THROUGH,1,810259,2,0,1,0,1,2,1,2,T intersection,2,80,Arterial Highway,DANDENONG,-37.99387,145.16936,3173.0,True,Preston HS,31450.2
T20220012182,2022-09-05,17:35:00,1,Collision with vehicle,1,Monday,111,RIGHT FAR (INTERSECTIONS ONLY),2,44860,2,0,0,1,1,2,1,1,Cross intersection,3,60,Arterial Other,MILDURA,-34.185295,142.15231,3500.0,True,William Ruthven SC,467163.2
T20220013272,2022-12-06,13:25:00,1,Collision with vehicle,1,Sunday,113,RIGHT NEAR (INTERSECTIONS ONLY),1,56324,2,0,0,1,1,2,2,2,T intersection,3,50,Local Road,SURF COAST,-38.30285,144.3409,3228.0,True,Preston HS,85432.9
T20250000796,2025-10-01,19:03:00,4,Collision with a fixed object,6,Friday,183,OFF LEFT BEND INTO OBJECT/PARKED VEHICLE,1,813671,1,0,0,1,0,1,1,5,Not at intersection,3,80,Freeway,MERRI-BEK,-37.706253,144.88824,3043.0,True,William Ruthven SC,10153.1
T20230025645,2023-02-11,15:30:00,6,Vehicle overturned (no collision),4,Thursday,174,OUT OF CONTROL ON CARRIAGEWAY (ON STRAIGHT),1,798415,1,0,0,1,0,1,1,5,Not at intersection,3,60,Arterial Highway,HORSHAM,-36.72631,142.20502,3400.0,True,William Ruthven SC,270231.4
T20240011560,2024-07-05,07:55:00,1,Collision with vehicle,3,Tuesday,110,CROSS TRAFFIC(INTERSECTIONS ONLY),1,73552,2,0,0,1,1,2,2,1,Cross intersection,3,50,Local Road,COLAC OTWAY,-38.345478,143.59187,3250.0,True,Preston HS,140946.8
T20240031976,2024-12-12,14:00:00,6,Vehicle overturned (no collision),5,Thursday,174,OUT OF CONTROL ON CARRIAGEWAY (ON STRAIGHT),1,812477,1,0,0,1,0,1,2,5,Not at intersection,3,100,Freeway,WYNDHAM,-37.907104,144.6947,3030.0,True,Preston HS,33032.6
T20240008269,2024-11-01,14:00:00,2,Struck Pedestrian,5,Thursday,100,PED NEAR SIDE. PED HIT BY VEHICLE FROM THE RIGHT.,1,801123,1,0,0,1,1,2,2,5,Not at intersection,3,50,Local Road,GEELONG,-38.17912,144.71245,3223.0,True,Preston HS,55072.9
T20240008210,2024-01-04,16:55:00,1,Collision with vehicle,2,Monday,160,VEHICLE COLLIDES WITH VEHICLE PARKED ON LEFT OF ROAD,1,128831,2,0,1,0,1,2,1,5,Not at intersection,2,40,Local Road,MARIBYRNONG,-37.799637,144.89842,3011.0,True,Preston HS,11521.9
T20230011272,2023-02-04,15:00:00,8,No collision and no object struck,1,Sunday,180,OFF CARRIAGEWAY ON RIGHT BEND,9,774503,1,0,0,1,0,1,2,5,Not at intersection,3,60,,MELTON,-37.68123,144.7449,3037.0,True,William Ruthven SC,22773.9
T20240002802,2024-04-02,18:48:00,1,Collision with vehicle,1,Sunday,116,LEFT NEAR (INTERSECTIONS ONLY),1,318525,2,0,0,1,2,3,1,2,T intersection,3,40,Local Road,MOONEE VALLEY,-37.782524,144.93234,3031.0,True,Preston HS,7987.2
T20220024763,2022-03-11,15:45:00,2,Struck Pedestrian,5,Thursday,100,PED NEAR SIDE. PED HIT BY VEHICLE FROM THE RIGHT.,1,589232,1,0,1,0,1,2,1,5,Not at intersection,2,40,Arterial Other,DAREBIN,-37.737648,145.00075,3072.0,True,Preston HS,717.5
T20250009103,2024-02-11,16:00:00,6,Vehicle overturned (no collision),6,Saturday,174,OUT OF CONTROL ON CARRIAGEWAY (ON STRAIGHT),1,817306,1,0,0,1,0,1,2,5,Not at intersection,3,999,Local Road,MURRINDINDI,-37.460022,145.39299,3717.0,True,William Ruthven SC,43276.5
T20250009820,2025-11-04,16:49:00,2,Struck Pedestrian,6,Friday,106,VEH STRIKES PED ON FOOTPATH/MEDIAN/TRAFFIC ISLAND.,1,817246,1,1,0,0,1,2,1,1,Cross intersection,1,50,Local Road,GEELONG,-38.26619,144.52252,3226.0,True,Preston HS,72138.3
T20240025406,2024-06-10,14:00:00,8,No collision and no object struck,1,Sunday,174,OUT OF CONTROL ON CARRIAGEWAY (ON STRAIGHT),1,350504,1,0,0,1,0,1,2,5,Not at intersection,3,999,Arterial Other,YARRA,-37.77899,144.98755,3068.0,True,Preston HS,4488.5
T20240002751,2024-04-02,07:35:00,1,Collision with vehicle,1,Sunday,111,RIGHT FAR (INTERSECTIONS ONLY),1,221867,2,0,1,0,1,2,1,1,Cross intersection,2,50,Local Road,WODONGA,-36.125,146.88806,3690.0,True,William Ruthven SC,242116.1
T20210022833,2021-11-11,15:20:00,2,Struck Pedestrian,5,Thursday,102,FAR SIDE. PED HIT BY VEHICLE FROM THE LEFT,1,697023,1,0,1,0,1,2,1,5,Not at intersection,2,60,Arterial Other,FRANKSTON,-38.155483,145.16728,3199.0,True,Preston HS,48106.5
T20240016848,2024-03-07,18:34:00,2,Struck Pedestrian,4,Wednesday,101,PED EMERGES FROM IN FRONT OF PARKED OR STATIONARY VEHICLE,3,813462,1,0,1,0,1,2,1,5,Not at intersection,2,50,Local Road,MERRI-BEK,-37.745323,144.9688,3058.0,True,Preston HS,3391.7
T20230008097,2023-06-04,06:45:00,1,Collision with vehicle,4,Thursday,119,OTHER ADJACENT (INTERSECTIONS ONLY),1,495,2,0,0,1,1,2,1,2,T intersection,3,60,Arterial Other,WHITEHORSE,-37.807774,145.11668,3129.0,True,Preston HS,12113.6
T20250017693,2025-03-07,18:25:00,1,Collision with vehicle,5,Thursday,110,CROSS TRAFFIC(INTERSECTIONS ONLY),3,43819,2,0,0,1,1,2,1,1,Cross intersection,3,50,Local Road,DAREBIN,-37.7395,144.99469,3072.0,True,Preston HS,1118.3
T20240026343,2024-12-10,13:00:00,8,No collision and no object struck,7,Saturday,174,OUT OF CONTROL ON CARRIAGEWAY (ON STRAIGHT),1,811068,1,0,1,0,0,1,2,5,Not at intersection,2,100,Arterial Other,PYRENEES,-36.936695,143.14877,3384.0,True,William Ruthven SC,184456.9
T20250006404,2025-09-03,08:20:00,4,Collision with a fixed object,1,Sunday,183,OFF LEFT BEND INTO OBJECT/PARKED VEHICLE,1,816086,1,0,1,0,0,1,1,5,Not at intersection,2,100,Arterial Other,CARDINIA,-37.90222,145.59439,3783.0,True,Reservoir HS,53508.6
T20230003497,2023-01-02,01:20:00,6,Vehicle overturned (no collision),4,Wednesday,184,OUT OF CONTROL ON CARRIAGEWAY (ON BEND),9,48857,1,0,0,1,0,1,2,2,T intersection,3,999,Arterial Other,CARDINIA,-37.95981,145.54744,3783.0,True,Reservoir HS,52595.1
T20250008035,2025-01-03,22:15:00,1,Collision with vehicle,7,Saturday,137,LEFT TURN SIDESWIPE,3,36467,2,0,0,1,1,2,1,2,T intersection,3,30,Local Road,YARRA,-37.804092,144.97748,3065.0,True,Preston HS,7410.1
T20210012589,2021-06-06,18:30:00,2,Struck Pedestrian,0,Sunday,102,FAR SIDE. PED HIT BY VEHICLE FROM THE LEFT,5,694961,1,0,0,1,0,1,2,2,T intersection,3,50,Local Road,HUME,-37.670822,144.94151,3047.0,True,William Ruthven SC,6119.5
T20240008929,2024-08-04,22:37:00,2,Struck Pedestrian,2,Monday,100,PED NEAR SIDE. PED HIT BY VEHICLE FROM THE RIGHT.,3,801920,1,0,1,1,1,3,1,5,Not at intersection,2,60,Arterial Highway,MELBOURNE,-37.823875,144.96277,3006.0,True,Preston HS,9933.3
T20230011613,2023-10-05,01:00:00,2,Struck Pedestrian,3,Wednesday,107,PED ON FOOTHPATH STRUCK BY VEHENTERING/LEAVING DRIVEWAY.,6,783143,1,0,0,1,0,1,1,5,Not at intersection,3,999,Local Road,MONASH,-37.880802,145.17036,3150.0,True,Preston HS,21093.5
T20230002495,2023-01-02,08:04:00,2,Struck Pedestrian,4,Wednesday,101,PED EMERGES FROM IN FRONT OF PARKED OR STATIONARY VEHICLE,1,752380,1,1,0,0,1,2,1,5,Not at intersection,1,60,Arterial Other,MOONEE VALLEY,-37.783203,144.93523,3032.0,True,Preston HS,7823.8
T20210010301,2021-07-05,16:15:00,1,Collision with vehicle,6,Friday,121,RIGHT THROUGH,1,39042,2,0,1,0,1,2,1,2,T intersection,2,60,Arterial Other,BOROONDARA,-37.81737,145.05936,3126.0,True,Preston HS,9586.0
T20240000798,2024-11-01,19:47:00,1,Collision with vehicle,5,Thursday,131,LEFT REAR,1,64078,2,0,0,1,1,2,1,1,Cross intersection,3,60,Arterial Other,BANYULE,-37.77182,145.04553,3079.0,True,Preston HS,4757.2
T20210000662,2021-11-01,10:26:00,2,Struck Pedestrian,1,Monday,103,PED PLAYING/LYING/WORKING/STANDING ON CARRIAGEWAY.,1,773518,1,0,0,1,1,2,1,5,Not at intersection,3,50,Local Road,MONASH,-37.91825,145.1219,3168.0,True,Preston HS,22069.2
T20230018573,2023-09-08,17:00:00,1,Collision with vehicle,4,Wednesday,148,VEHICLE OFF FOOTPATH STRIKES VEH ON CARRIAGEWAY,2,778909,3,0,1,0,2,3,1,5,Not at intersection,2,60,Arterial Other,WHITTLESEA,-37.67922,145.03003,3074.0,True,William Ruthven SC,3061.1
T20240028056,2024-04-11,18:17:00,2,Struck Pedestrian,2,Monday,102,FAR SIDE. PED HIT BY VEHICLE FROM THE LEFT,1,810548,1,0,0,1,1,2,1,5,Not at intersection,3,999,Arterial Other,MELBOURNE,-37.794495,144.94856,3052.0,True,Preston HS,7806.4
T20240028758,2024-11-11,16:51:00,1,Collision with vehicle,2,Monday,142,LEAVING PARKING,1,811356,2,0,0,1,1,2,9,5,Not at intersection,3,999,Local Road,YARRA,-37.77926,144.97008,3054.0,True,Preston HS,5294.7
T20240028247,2024-06-11,15:35:00,2,Struck Pedestrian,4,Wednesday,100,PED NEAR SIDE. PED HIT BY VEHICLE FROM THE RIGHT.,1,812053,1,0,1,0,1,2,1,5,Not at intersection,2,40,Arterial Highway,DANDENONG,-37.94948,145.15273,3171.0,True,Preston HS,26406.7
T20240014323,2024-05-06,00:41:00,1,Collision with vehicle,4,Wednesday,110,CROSS TRAFFIC(INTERSECTIONS ONLY),3,36430,2,1,0,0,1,2,1,1,Cross intersection,1,40,Arterial Other,MELBOURNE,-37.79795,144.97488,3065.0,True,Preston HS,6866.0
T20220005330,2022-09-03,15:55:00,1,Collision with vehicle,4,Wednesday,148,VEHICLE OFF FOOTPATH STRIKES VEH ON CARRIAGEWAY,1,706315,2,0,0,1,1,2,1,5,Not at intersection,3,50,Local Road,GLEN EIRA,-37.903503,145.03787,3204.0,True,Preston HS,18193.5
T20240029588,2024-08-11,07:15:00,1,Collision with vehicle,6,Friday,148,VEHICLE OFF FOOTPATH STRIKES VEH ON CARRIAGEWAY,1,819042,2,0,0,2,1,3,2,2,T intersection,3,70,Arterial Highway,BAYSIDE,-37.901226,145.0176,3187.0,True,Preston HS,17762.4
T20230013422,2023-07-06,22:00:00,1,Collision with vehicle,4,Wednesday,119,OTHER ADJACENT (INTERSECTIONS ONLY),3,721206,2,0,0,1,1,2,2,1,Cross intersection,3,60,Local Road,WYNDHAM,-37.865414,144.73886,3027.0,True,Preston HS,27287.9
T20230015482,2023-01-07,10:30:00,7,Fall from or in moving vehicle,7,Saturday,190,FELL IN/FROM VEHICLE,1,778282,1,0,1,0,0,1,2,5,Not at intersection,2,100,Local Road,HORSHAM,-37.100018,142.04517,3401.0,True,William Ruthven SC,269559.0
T20230011319,2023-08-05,18:20:00,2,Struck Pedestrian,1,Monday,100,PED NEAR SIDE. PED HIT BY VEHICLE FROM THE RIGHT.,3,774050,1,0,0,1,1,2,1,5,Not at intersection,3,50,Arterial Other,MAROONDAH,-37.79494,145.28035,3136.0,True,Reservoir HS,23489.4
T20250005969,2025-04-03,19:25:00,2,Struck Pedestrian,2,Tuesday,107,PED ON FOOTHPATH STRUCK BY VEHENTERING/LEAVING DRIVEWAY.,2,358460,1,0,0,1,1,2,2,5,Not at intersection,3,80,Arterial Other,HUME,-37.66027,144.92545,3048.0,True,William Ruthven SC,7926.7
T20250006431,2025-09-03,09:10:00,1,Collision with vehicle,1,Sunday,143,ENTERING PARKING,1,816128,2,0,1,0,1,2,1,5,Not at intersection,2,60,Arterial Other,PORT PHILLIP,-37.85096,144.95514,3206.0,True,Preston HS,12978.7
T20210025305,2021-10-12,19:00:00,2,Struck Pedestrian,5,Friday,102,FAR SIDE. PED HIT BY VEHICLE FROM THE LEFT,1,702940,1,0,1,0,1,2,1,5,Not at intersection,2,60,Local Road,CASEY,-38.11951,145.30669,3977.0,True,Preston HS,49550.9
T20220004564,2022-01-03,14:30:00,2,Struck Pedestrian,3,Tuesday,101,PED EMERGES FROM IN FRONT OF PARKED OR STATIONARY VEHICLE,1,710476,1,0,1,1,0,2,1,5,Not at intersection,2,80,Arterial Other,YARRA RANGES,-37.67357,145.53954,3777.0,True,Reservoir HS,45210.5
T20230003034,2023-07-02,13:20:00,2,Struck Pedestrian,3,Tuesday,100,PED NEAR SIDE. PED HIT BY VEHICLE FROM THE RIGHT.,1,765882,1,1,0,0,1,2,1,5,Not at intersection,1,60,Arterial Other,MOONEE VALLEY,-37.744984,144.91064,3040.0,True,Preston HS,8489.4
T20250000221,2025-03-01,21:32:00,1,Collision with vehicle,6,Friday,130,REAR END(VEHICLES IN SAME LANE),3,813819,2,0,0,1,1,2,1,2,T intersection,3,60,Local Road,MONASH,-37.877678,145.15453,3150.0,True,Preston HS,19908.8
T20240014639,2024-08-06,13:00:00,1,Collision with vehicle,7,Saturday,148,VEHICLE OFF FOOTPATH STRIKES VEH ON CARRIAGEWAY,1,45147,2,0,0,1,1,2,1,2,T intersection,3,60,Arterial Other,MOONEE VALLEY,-37.742985,144.86331,3033.0,True,Preston HS,12644.2
T20220022702,2022-08-10,21:53:00,6,Vehicle overturned (no collision),6,Saturday,172,OFF CARRIAGEWAY TO RIGHT,3,736475,1,0,1,0,0,1,1,5,Not at intersection,2,100,Freeway,GEELONG,-38.171326,144.29105,3216.0,True,Preston HS,78888.4
T20220019799,2022-02-09,06:08:00,1,Collision with vehicle,5,Friday,163,VEHICLE STRIKES DOOR OF PARKED/STATIONARY VEHICLE,2,786076,2,0,1,0,1,2,1,5,Not at intersection,2,40,Arterial Other,GLEN EIRA,-37.920284,145.05232,3165.0,True,Preston HS,20250.9