ACCIDENT_NO,ACCIDENT_DATE,ACCIDENT_TIME,ACCIDENT_TYPE,ACCIDENT_TYPE_DESC,DAY_OF_WEEK,DAY_WEEK_DESC,DCA_CODE,DCA_DESC,LIGHT_CONDITION,NODE_ID,NO_OF_VEHICLES,NO_PERSONS_KILLED,NO_PERSONS_INJ_2,NO_PERSONS_INJ_3,NO_PERSONS_NOT_INJ,NO_PERSONS,POLICE_ATTEND,ROAD_GEOMETRY,ROAD_GEOMETRY_DESC,SEVERITY,SPEED_ZONE,RMA,LGA_NAME,LATITUDE,LONGITUDE,POSTCODE_CRASH,PED_OR_CYC,nearest_school,dist_to_gate_m
T20230023540,2023-08-10,17:15:00,6,Vehicle overturned (no collision),1,Sunday,174,OUT OF CONTROL ON CARRIAGEWAY (ON STRAIGHT),1,783001,1,0,1,0,0,1,2,5,Not at intersection,2,80,,LODDON,-36.614887,143.53133,3475.0,True,William Ruthven SC,177409.0
T20210015712,2021-11-07,15:30:00,5,collision with some other object,1,Sunday,166,STRUCK OBJECT ON CARRIAGEWAY,1,310071,1,0,0,1,0,1,2,1,Cross intersection,3,50,Local Road,WHITTLESEA,-37.635895,145.02113,3076.0,True,William Ruthven SC,6929.9
T20220007893,2022-08-04,13:10:00,2,Struck Pedestrian,6,Friday,100,PED NEAR SIDE. PED HIT BY VEHICLE FROM THE RIGHT.,1,718417,1,0,0,1,1,2,1,5,Not at intersection,3,999,,WELLINGTON,-38.106632,147.06424,3850.0,True,Reservoir HS,183543.4
T20220005014,2022-06-03,10:34:00,2,Struck Pedestrian,1,Sunday,100,PED NEAR SIDE. PED HIT BY VEHICLE FROM THE RIGHT.,1,37975,1,0,0,1,1,2,1,1,Cross intersection,3,50,Arterial Other,DAREBIN,-37.763878,145.00539,3071.0,True,Preston HS,2470.7
T20250015272,2025-07-06,14:10:00,8,No collision and no object struck,6,Saturday,184,OUT OF CONTROL ON CARRIAGEWAY (ON BEND),1,819148,1,0,1,0,0,1,1,5,Not at intersection,2,100,Local Road,LODDON,-36.16266,144.17072,3575.0,True,William Ruthven SC,185909.5
T20230013563,2023-11-06,13:28:00,5,collision with some other object,0,Sunday,179,OTHER ACCIDENTS-OFF STRAIGHT NOT INCLUDED IN DCAs 170-175,1,37139,2,0,0,1,1,2,1,2,T intersection,3,50,Local Road,CARDINIA,-38.067394,145.48427,3810.0,True,Preston HS,55355.7
T20230000453,2023-07-01,17:20:00,2,Struck Pedestrian,6,Saturday,108,PED STRUCK WALKING TO/FROM OR BOARDING/ALIGHTING VEHICLE.,1,783845,2,0,0,1,2,3,2,5,Not at intersection,3,50,Local Road,BAYSIDE,-37.973976,145.02344,3193.0,True,Preston HS,25867.7
T20220025700,2022-05-11,17:00:00,1,Collision with vehicle,6,Saturday,130,REAR END(VEHICLES IN SAME LANE),1,17610,2,0,0,1,1,2,2,1,Cross intersection,3,60,Arterial Other,WANGARATTA,-36.347553,146.33624,3677.0,True,William Ruthven SC,191071.1
T20240022774,2024-07-09,13:40:00,8,No collision and no object struck,6,Saturday,179,OTHER ACCIDENTS-OFF STRAIGHT NOT INCLUDED IN DCAs 170-175,1,825091,1,0,1,0,0,1,1,5,Not at intersection,2,60,Local Road,HUME,-37.636936,144.9236,3064.0,True,William Ruthven SC,9631.0
T20230013342,2023-05-06,18:30:00,8,No collision and no object struck,2,Monday,149,OTHER MANOEUVRING NOT INCLUDED IN DCAs 140-148,2,29596,1,0,1,0,0,1,2,1,Cross intersection,2,999,Arterial Other,PORT PHILLIP,-37.868366,144.99036,3182.0,True,Preston HS,14161.2
T20240006082,2024-10-03,13:45:00,4,Collision with a fixed object,1,Sunday,183,OFF LEFT BEND INTO OBJECT/PARKED VEHICLE,1,806134,1,0,1,0,0,1,1,5,Not at intersection,2,80,Arterial Other,BAW BAW,-37.94597,146.1205,3825.0,True,Reservoir HS,98992.6
T20220005527,2022-11-03,15:50:00,1,Collision with vehicle,6,Friday,133,LANE SIDE SWIPE (VEHICLES IN PARALLEL LANES),1,708332,2,0,1,0,1,2,1,5,Not at intersection,2,50,Local Road,PORT PHILLIP,-37.832603,144.9632,3205.0,True,Preston HS,10819.1
T20230018760,2023-11-08,08:35:00,1,Collision with vehicle,6,Friday,121,RIGHT THROUGH,2,48913,2,0,0,1,1,2,1,2,T intersection,3,40,Local Road,MELBOURNE,-37.80871,144.97305,3002.0,True,Preston HS,8029.7
T20250006187,2025-03-03,18:30:00,8,No collision and no object struck,1,Monday,189,OTHER ACCIDENTS ON CURVE NOT INCLUDED IN DCAs 180-184,1,753764,1,0,0,1,0,1,2,2,T intersection,3,888,Local Road,YARRA RANGES,-37.776737,145.82988,3799.0,True,Reservoir HS,70637.8
T20230023423,2023-07-10,12:30:00,4,Collision with a fixed object,6,Saturday,183,OFF LEFT BEND INTO OBJECT/PARKED VEHICLE,1,798996,1,0,0,1,1,2,1,5,Not at intersection,3,100,Local Road,CORANGAMITE,-38.290928,143.02055,3266.0,True,Preston HS,184428.2
T20240027890,2024-02-11,14:40:00,1,Collision with vehicle,7,Saturday,120,HEAD ON (NOT OVERTAKING),1,810678,2,0,1,0,2,3,1,5,Not at intersection,2,999,Local Road,MITCHELL,-37.357838,145.09196,3658.0,True,William Ruthven SC,38470.5
T20240009388,2024-12-04,07:15:00,5,collision with some other object,6,Friday,166,STRUCK OBJECT ON CARRIAGEWAY,1,807054,1,0,0,1,0,1,2,5,Not at intersection,3,999,Local Road,CASEY,-38.1235,145.29442,3977.0,True,Preston HS,49369.4
T20230010235,2023-02-05,09:05:00,1,Collision with vehicle,3,Tuesday,147,VEHICLE STRIKES ANOTHER VEH WHILE EMERGING FROM DRIVEWAY,1,787361,2,0,0,1,1,2,2,5,Not at intersection,3,888,,GLENELG,-38.35055,141.60564,3305.0,True,Preston HS,305434.9
T20220014961,2022-04-07,11:30:00,2,Struck Pedestrian,2,Monday,102,FAR SIDE. PED HIT BY VEHICLE FROM THE LEFT,1,719808,1,0,1,0,2,3,1,5,Not at intersection,2,40,Local Road,MELBOURNE,-37.817944,144.96574,3000.0,True,Preston HS,9224.3
T20210022352,2021-05-11,19:00:00,1,Collision with vehicle,6,Friday,147,VEHICLE STRIKES ANOTHER VEH WHILE EMERGING FROM DRIVEWAY,1,696450,2,0,0,1,1,2,1,1,Cross intersection,3,60,Local Road,BALLARAT,-37.559868,143.85814,3350.0,True,William Ruthven SC,101959.7
T20220027781,2022-07-12,16:28:00,8,No collision and no object struck,4,Wednesday,174,OUT OF CONTROL ON CARRIAGEWAY (ON STRAIGHT),1,744803,1,0,0,1,0,1,1,5,Not at intersection,3,100,Arterial Highway,BENDIGO,-36.850777,144.22879,3555.0,True,William Ruthven SC,116348.3
T20250006834,2025-09-03,14:00:00,6,Vehicle overturned (no collision),1,Sunday,174,OUT OF CONTROL ON CARRIAGEWAY (ON STRAIGHT),1,816314,1,0,0,1,0,1,2,1,Cross intersection,3,30,Local Road,MONASH,-37.907913,145.13695,3168.0,True,Preston HS,21717.7
T20210026342,2021-11-12,12:30:00,8,No collision and no object struck,6,Saturday,189,OTHER ACCIDENTS ON CURVE NOT INCLUDED IN DCAs 180-184,1,781398,1,0,0,1,0,1,2,5,Not at intersection,3,999,,MANSFIELD,-37.12814,145.94409,3713.0,True,Reservoir HS,104356.4
T20210009052,2021-08-04,10:30:00,1,Collision with vehicle,5,Thursday,130,REAR END(VEHICLES IN SAME LANE),1,684589,2,0,0,1,1,2,2,5,Not at intersection,3,100,,WANGARATTA,-36.50608,146.28113,3675.0,True,William Ruthven SC,174270.1
T20230018250,2023-05-08,14:30:00,6,Vehicle overturned (no collision),7,Saturday,172,OFF CARRIAGEWAY TO RIGHT,1,374,1,0,1,0,0,1,1,1,Cross intersection,2,60,Arterial Highway,PORT PHILLIP,-37.84823,144.97752,3004.0,True,Preston HS,12127.4
T20240007504,2024-12-03,14:25:00,1,Collision with vehicle,2,Tuesday,160,VEHICLE COLLIDES WITH VEHICLE PARKED ON LEFT OF ROAD,1,804214,2,0,0,1,1,2,2,5,Not at intersection,3,60,Arterial Other,YARRA,-37.80619,144.97348,3065.0,True,Preston HS,7755.9
T20210012989,2021-12-06,14:55:00,1,Collision with vehicle,7,Saturday,121,RIGHT THROUGH,1,29397,2,0,1,0,1,2,1,1,Cross intersection,2,60,Arterial Other,MELBOURNE,-37.807293,144.96884,3053.0,True,Preston HS,8031.5
T20230019868,2023-11-08,23:00:00,1,Collision with vehicle,5,Friday,140,U TURN,3,779999,2,0,0,1,2,3,1,5,Not at intersection,3,40,Local Road,MELBOURNE,-37.799488,144.93477,3031.0,True,Preston HS,9039.3
T20220027655,2022-05-12,18:15:00,1,Collision with vehicle,1,Monday,110,CROSS TRAFFIC(INTERSECTIONS ONLY),2,41416,2,0,0,1,1,2,2,1,Cross intersection,3,50,Local Road,GLEN EIRA,-37.901733,145.05469,3204.0,True,Preston HS,18279.2
T20220025259,2022-09-11,09:00:00,2,Struck Pedestrian,3,Wednesday,100,PED NEAR SIDE. PED HIT BY VEHICLE FROM THE RIGHT.,1,355004,1,0,1,0,1,2,1,2,T intersection,2,50,Local Road,WHITTLESEA,-37.68257,145.0575,3083.0,True,William Ruthven SC,5041.7
T20240003130,2024-03-02,15:45:00,6,Vehicle overturned (no collision),7,Saturday,174,OUT OF CONTROL ON CARRIAGEWAY (ON STRAIGHT),9,797786,1,0,0,1,0,1,2,5,Not at intersection,3,100,Local Road,BAW BAW,-37.958424,145.82199,3833.0,True,Reservoir HS,74383.3
T20240019395,2024-01-08,07:00:00,2,Struck Pedestrian,5,Thursday,103,PED PLAYING/LYING/WORKING/STANDING ON CARRIAGEWAY.,6,85207,1,0,1,0,1,2,1,5,Not at intersection,2,60,Arterial Other,MARIBYRNONG,-37.7892,144.88988,3011.0,True,Preston HS,11578.8
T20220007679,2022-06-04,06:20:00,1,Collision with vehicle,4,Wednesday,135,LANE CHANGE LEFT (NOT OVERTAKING),2,711951,4,0,1,0,3,4,1,5,Not at intersection,2,100,Freeway,MELTON,-37.7315,144.66559,3336.0,True,William Ruthven SC,29932.3
T20230018043,2023-02-08,19:17:00,1,Collision with vehicle,4,Wednesday,121,RIGHT THROUGH,3,36719,2,0,2,0,1,3,1,2,T intersection,2,70,Arterial Other,WHITTLESEA,-37.67707,144.99954,3074.0,True,William Ruthven SC,2186.1
T20230002628,2023-03-01,15:30:00,6,Vehicle overturned (no collision),3,Tuesday,180,OFF CARRIAGEWAY ON RIGHT BEND,1,752488,1,0,0,1,0,1,2,2,T intersection,3,80,Arterial Other,YARRA RANGES,-37.70175,145.57219,3777.0,True,Reservoir HS,47802.0
T20220024991,2022-06-11,09:40:00,4,Collision with a fixed object,1,Sunday,181,OFF RIGHT BEND INTO OBJECT/PARKED VEHICLE,1,343488,1,0,0,1,0,1,1,5,Not at intersection,3,80,Arterial Other,MURRINDINDI,-37.247654,145.1706,3658.0,True,William Ruthven SC,52059.4
T20210019010,2021-10-09,14:45:00,2,Struck Pedestrian,5,Friday,107,PED ON FOOTHPATH STRUCK BY VEHENTERING/LEAVING DRIVEWAY.,1,698447,1,0,0,1,1,2,2,5,Not at intersection,3,60,Arterial Other,BAYSIDE,-37.929207,145.00381,3186.0,True,Preston HS,20851.8
T20230002619,2023-02-02,04:45:00,4,Collision with a fixed object,5,Thursday,181,OFF RIGHT BEND INTO OBJECT/PARKED VEHICLE,3,763621,2,1,0,0,1,2,1,5,Not at intersection,1,80,Freeway,BRIMBANK,-37.73761,144.84978,3033.0,True,Preston HS,13841.1
T20210018939,2021-09-08,17:20:00,1,Collision with vehicle,2,Monday,147,VEHICLE STRIKES ANOTHER VEH WHILE EMERGING FROM DRIVEWAY,1,692586,2,0,0,1,1,2,2,5,Not at intersection,3,888,Local Road,FRANKSTON,-38.115173,145.19441,3977.0,True,Preston HS,44659.8
T20220000425,2022-07-01,20:14:00,1,Collision with vehicle,6,Friday,147,VEHICLE STRIKES ANOTHER VEH WHILE EMERGING FROM DRIVEWAY,1,702406,2,0,0,1,1,2,1,5,Not at intersection,3,60,Arterial Other,MORELAND,-37.735893,144.98232,3058.0,True,Preston HS,2272.7
T20220024670,2022-08-10,18:00:00,8,No collision and no object struck,7,Saturday,174,OUT OF CONTROL ON CARRIAGEWAY (ON STRAIGHT),2,283345,1,0,0,1,1,2,2,2,T intersection,3,50,Arterial Highway,MURRINDINDI,-37.210537,145.4279,3717.0,True,William Ruthven SC,65781.7
T20220002839,2022-09-02,16:45:00,1,Collision with vehicle,4,Wednesday,121,RIGHT THROUGH,1,645336,2,0,1,0,1,2,1,2,T intersection,2,60,Arterial Other,CASEY,-38.112717,145.28076,3977.0,True,Preston HS,47729.6
T20250012834,2025-10-05,11:30:00,1,Collision with vehicle,6,Saturday,110,CROSS TRAFFIC(INTERSECTIONS ONLY),1,246201,2,0,0,1,2,3,2,1,Cross intersection,3,50,Arterial Highway,MORNINGTON PENINSULA,-38.353275,144.9141,3939.0,True,Preston HS,68489.9
T20240004633,2024-03-02,18:39:00,1,Collision with vehicle,7,Saturday,123,RIGHT/LEFT. ONE VEH TURNING RIGHT THE OTHER LEFT.,1,798708,2,0,0,1,1,2,2,2,T intersection,3,40,Local Road,PORT PHILLIP,-37.86943,144.98322,3182.0,True,Preston HS,14357.0
T20220022235,2022-03-10,07:30:00,2,Struck Pedestrian,2,Monday,102,FAR SIDE. PED HIT BY VEHICLE FROM THE LEFT,2,657671,1,0,0,2,1,3,1,1,Cross intersection,3,60,Arterial Highway,DANDENONG,-37.9899,145.2047,3175.0,True,Preston HS,32596.9
T20230010757,2023-08-05,13:12:00,2,Struck Pedestrian,2,Monday,102,FAR SIDE. PED HIT BY VEHICLE FROM THE LEFT,1,773654,1,0,1,0,1,2,1,5,Not at intersection,2,40,Local Road,DANDENONG,-37.965855,145.1743,3174.0,True,Preston HS,28926.5
T20230027428,2023-10-11,14:55:00,1,Collision with vehicle,5,Friday,116,LEFT NEAR (INTERSECTIONS ONLY),1,42143,2,0,0,1,1,2,2,1,Cross intersection,3,50,Local Road,BAYSIDE,-37.94396,145.03279,3188.0,True,Preston HS,22603.1
T20240023020,2024-10-09,13:35:00,1,Collision with vehicle,3,Tuesday,163,VEHICLE STRIKES DOOR OF PARKED/STATIONARY VEHICLE,1,809300,2,0,0,1,1,2,2,5,Not at intersection,3,40,Arterial Other,PORT PHILLIP,-37.832,144.95137,3205.0,True,Preston HS,11171.6
T20220021532,2022-09-09,10:20:00,1,Collision with vehicle,6,Friday,130,REAR END(VEHICLES IN SAME LANE),1,779475,2,0,0,1,1,2,2,1,Cross intersection,3,999,Local Road,MELBOURNE,-37.81283,144.94296,3008.0,True,Preston HS,9712.6
T20220024631,2022-01-11,23:38:00,1,Collision with vehicle,3,Tuesday,121,RIGHT THROUGH,3,221997,2,0,1,0,1,2,1,2,T intersection,2,60,Freeway,WHITEHORSE,-37.796593,145.1184,3129.0,True,Reservoir HS,11369.9
T20240022493,2024-04-09,05:10:00,2,Struck Pedestrian,4,Wednesday,100,PED NEAR SIDE. PED HIT BY VEHICLE FROM THE RIGHT.,6,58044,1,0,1,0,1,2,2,1,Cross intersection,2,80,Arterial Highway,KNOX,-37.888657,145.28761,3156.0,True,Reservoir HS,29263.8
T20210010225,2021-07-05,07:52:00,1,Collision with vehicle,5,Friday,116,LEFT NEAR (INTERSECTIONS ONLY),1,39495,2,0,0,1,1,2,1,2,T intersection,3,80,Local Road,WHITEHORSE,-37.807953,145.1776,3131.0,True,Reservoir HS,16130.9
T20230002963,2023-06-02,17:10:00,1,Collision with vehicle,2,Monday,130,REAR END(VEHICLES IN SAME LANE),1,754892,2,0,0,1,1,2,1,5,Not at intersection,3,60,Arterial Other,MELBOURNE,-37.78499,144.91893,3031.0,True,Preston HS,9123.7
T20240002722,2024-03-02,18:01:00,5,collision with some other object,7,Saturday,166,STRUCK OBJECT ON CARRIAGEWAY,1,797417,1,0,1,0,0,1,2,5,Not at intersection,2,50,Local Road,FRANKSTON,-38.12206,145.16214,3200.0,True,Preston HS,44426.2
T20230000270,2022-06-12,20:00:00,2,Struck Pedestrian,3,Tuesday,109,ANY MANOEUVRE INVOLVING PED NOT INCLUDED IN DCAs 100-108.,1,747936,1,0,1,0,1,2,2,5,Not at intersection,2,60,Local Road,GLEN EIRA,-37.879036,145.01633,3161.0,True,Preston HS,15292.6
T20220029692,2022-03-12,09:30:00,8,No collision and no object struck,7,Saturday,174,OUT OF CONTROL ON CARRIAGEWAY (ON STRAIGHT),1,42809,2,0,0,1,1,2,2,2,T intersection,3,999,Arterial Other,KINGSTON,-37.999752,145.0756,3195.0,True,Preston HS,29317.3
T20240023423,2024-07-09,09:18:00,2,Struck Pedestrian,6,Saturday,102,FAR SIDE. PED HIT BY VEHICLE FROM THE LEFT,1,815915,1,0,0,1,1,2,2,2,T intersection,3,40,Local Road,MERRI-BEK,-37.768387,144.9585,3056.0,True,Preston HS,5202.1
T20250001480,2025-11-01,11:00:00,4,Collision with a fixed object,7,Saturday,181,OFF RIGHT BEND INTO OBJECT/PARKED VEHICLE,1,813925,1,0,1,0,0,1,2,5,Not at intersection,2,999,Arterial Other,(MOUNT BAW BAW),-37.83649,146.25471,3833.0,True,Reservoir HS,108431.1
T20210018035,2021-08-08,12:30:00,6,Vehicle overturned (no collision),1,Sunday,170,OFF CARRIAGEWAY TO LEFT,1,691724,1,0,0,1,0,1,2,5,Not at intersection,3,999,Local Road,BAW BAW,-38.07542,146.00836,3821.0,True,Reservoir HS,94441.0
T20240005664,2024-05-03,19:05:00,1,Collision with vehicle,3,Tuesday,121,RIGHT THROUGH,1,799298,2,0,0,1,1,2,1,5,Not at intersection,3,40,Local Road,DAREBIN,-37.7373,145.02939,3072.0,True,Reservoir HS,1656.8
T20240000813,2024-11-01,21:30:00,2,Struck Pedestrian,5,Thursday,102,FAR SIDE. PED HIT BY VEHICLE FROM THE LEFT,3,796016,1,0,0,1,1,2,1,5,Not at intersection,3,40,Local Road,HUME,-37.58161,144.92326,3064.0,True,William Ruthven SC,14581.0
T20240019879,2024-06-08,08:15:00,2,Struck Pedestrian,3,Tuesday,100,PED NEAR SIDE. PED HIT BY VEHICLE FROM THE RIGHT.,1,820143,1,0,0,1,1,2,2,5,Not at intersection,3,50,Local Road,PORT PHILLIP,-37.856556,144.98442,3182.0,True,Preston HS,12925.9
T20240003338,2024-04-02,21:00:00,4,Collision with a fixed object,1,Sunday,183,OFF LEFT BEND INTO OBJECT/PARKED VEHICLE,4,798278,1,0,0,1,0,1,1,5,Not at intersection,3,999,Freeway,BRIMBANK,-37.73977,144.85161,3033.0,True,Preston HS,13674.2
T20220004666,2022-02-03,17:00:00,1,Collision with vehicle,4,Wednesday,110,CROSS TRAFFIC(INTERSECTIONS ONLY),1,36094,2,0,1,0,2,3,1,1,Cross intersection,2,50,Local Road,MELBOURNE,-37.79845,144.94627,3051.0,True,Preston HS,8270.9
T20250005918,2025-04-03,18:58:00,2,Struck Pedestrian,3,Tuesday,100,PED NEAR SIDE. PED HIT BY VEHICLE FROM THE RIGHT.,2,45024,1,1,0,0,1,2,1,2,T intersection,1,60,Arterial Other,BRIMBANK,-37.747562,144.82774,3021.0,True,Preston HS,15784.1
T20210005498,2021-11-03,09:00:00,1,Collision with vehicle,5,Thursday,110,CROSS TRAFFIC(INTERSECTIONS ONLY),9,57056,2,0,0,1,1,2,2,1,Cross intersection,3,40,Local Road,YARRA,-37.794968,144.98132,3065.0,True,Preston HS,6341.8
T20210011197,2021-07-05,17:00:00,6,Vehicle overturned (no collision),6,Friday,174,OUT OF CONTROL ON CARRIAGEWAY (ON STRAIGHT),2,37702,1,0,0,1,0,1,2,2,T intersection,3,40,Local Road,STONNINGTON,-37.849575,144.9937,3181.0,True,Preston HS,12052.8
T20220010557,2022-10-05,16:17:00,2,Struck Pedestrian,3,Tuesday,101,PED EMERGES FROM IN FRONT OF PARKED OR STATIONARY VEHICLE,1,712109,1,0,0,1,3,4,1,1,Cross intersection,3,50,Local Road,DAREBIN,-37.771957,145.02165,3078.0,True,Preston HS,3599.4
T20220010040,2022-04-05,15:00:00,1,Collision with vehicle,4,Wednesday,139,OTHER SAME DIRECTION-MANOUEVRES NOT INCLUDED IN DCAs 130-137,1,36198,2,0,1,0,1,2,1,2,T intersection,2,60,Arterial Other,MELBOURNE,-37.80848,144.95493,3003.0,True,Preston HS,8727.2
T20250000178,2025-02-01,12:30:00,8,No collision and no object struck,5,Thursday,184,OUT OF CONTROL ON CARRIAGEWAY (ON BEND),1,813625,1,0,0,1,0,1,2,2,T intersection,3,888,Local Road,MANSFIELD,-37.098038,146.54349,3723.0,True,Reservoir HS,150673.3
T20230014217,2023-08-06,06:59:00,2,Struck Pedestrian,5,Thursday,102,FAR SIDE. PED HIT BY VEHICLE FROM THE LEFT,2,776104,1,0,0,1,1,2,1,1,Cross intersection,3,40,Local Road,MELBOURNE,-37.80959,144.97565,3002.0,True,Preston HS,8039.2
T20230001274,2023-02-01,14:45:00,7,Fall from or in moving vehicle,2,Monday,172,OFF CARRIAGEWAY TO RIGHT,1,49638,1,0,0,1,0,1,2,2,T intersection,3,60,Arterial Other,GEELONG,-38.05347,144.35837,3214.0,True,Preston HS,66648.3
T20250015476,2025-10-06,10:35:00,1,Collision with vehicle,3,Tuesday,163,VEHICLE STRIKES DOOR OF PARKED/STATIONARY VEHICLE,1,819201,2,0,1,0,1,2,1,5,Not at intersection,2,60,Arterial Other,PORT PHILLIP,-37.849133,144.96452,3206.0,True,Preston HS,12518.2
T20210000594,2021-09-01,11:30:00,5,collision with some other object,7,Saturday,166,STRUCK OBJECT ON CARRIAGEWAY,1,673674,1,0,0,1,0,1,2,1,Cross intersection,3,100,Local Road,HEPBURN,-37.434265,144.0787,3364.0,True,William Ruthven SC,86528.7
T20210010208,2021-06-05,19:00:00,2,Struck Pedestrian,5,Thursday,106,VEH STRIKES PED ON FOOTPATH/MEDIAN/TRAFFIC ISLAND.,3,689503,1,0,5,0,1,6,1,1,Cross intersection,2,60,Arterial Highway,MELBOURNE,-37.82387,144.96275,3006.0,True,Preston HS,9933.5
T20230016130,2023-12-07,09:25:00,2,Struck Pedestrian,3,Wednesday,102,FAR SIDE. PED HIT BY VEHICLE FROM THE LEFT,1,260370,1,0,0,1,1,2,1,1,Cross intersection,3,50,Local Road,HOBSONS BAY,-37.87661,144.77232,3028.0,True,Preston HS,25503.9
T20230029321,2023-11-12,18:47:00,2,Struck Pedestrian,2,Monday,101,PED EMERGES FROM IN FRONT OF PARKED OR STATIONARY VEHICLE,1,792013,1,0,1,0,5,6,1,5,Not at intersection,2,60,Arterial Other,HUME,-37.666443,144.9467,3048.0,True,William Ruthven SC,5978.2
T20210017207,2021-10-07,14:00:00,4,Collision with a fixed object,7,Saturday,179,OTHER ACCIDENTS-OFF STRAIGHT NOT INCLUDED IN DCAs 170-175,1,70421,1,0,0,1,0,1,2,1,Cross intersection,3,999,Local Road,BAW BAW,-37.97106,146.08687,3831.0,True,Reservoir HS,96880.5
T20250000607,2025-08-01,15:30:00,2,Struck Pedestrian,3,Wednesday,100,PED NEAR SIDE. PED HIT BY VEHICLE FROM THE RIGHT.,1,29416,1,0,0,1,1,2,1,1,Cross intersection,3,40,Arterial Other,MELBOURNE,-37.81907,144.95415,3008.0,True,Preston HS,9781.1
T20240023041,2024-10-09,08:50:00,1,Collision with vehicle,2,Tuesday,147,VEHICLE STRIKES ANOTHER VEH WHILE EMERGING FROM DRIVEWAY,1,813969,2,0,0,1,1,2,2,5,Not at intersection,3,50,Arterial Other,HUME,-37.57646,144.72816,3429.0,True,William Ruthven SC,27639.4
T20230029145,2023-09-12,15:40:00,6,Vehicle overturned (no collision),7,Saturday,174,OUT OF CONTROL ON CARRIAGEWAY (ON STRAIGHT),1,791628,1,0,0,1,0,1,1,5,Not at intersection,3,30,Arterial Highway,WHITEHORSE,-37.817993,145.12143,3128.0,True,Preston HS,13150.2
T20240020176,2024-05-05,16:00:00,8,No collision and no object struck,1,Sunday,174,OUT OF CONTROL ON CARRIAGEWAY (ON STRAIGHT),1,353871,2,0,0,1,1,2,2,1,Cross intersection,3,70,Arterial Other,MONASH,-37.899235,145.12442,3166.0,True,Preston HS,20323.4
T20240017091,2024-05-07,11:30:00,6,Vehicle overturned (no collision),6,Friday,174,OUT OF CONTROL ON CARRIAGEWAY (ON STRAIGHT),1,806037,1,0,0,1,0,1,2,5,Not at intersection,3,70,Local Road,WHITTLESEA,-37.677074,145.04982,3082.0,True,William Ruthven SC,4654.7
T20240022645,2024-05-09,20:05:00,2,Struck Pedestrian,5,Thursday,102,FAR SIDE. PED HIT BY VEHICLE FROM THE LEFT,3,808631,1,0,1,0,1,2,1,1,Cross intersection,2,60,Arterial Other,WHITEHORSE,-37.82875,145.12192,3128.0,True,Preston HS,13982.3
T20240009867,2024-03-02,21:30:00,1,Collision with vehicle,7,Saturday,163,VEHICLE STRIKES DOOR OF PARKED/STATIONARY VEHICLE,3,801871,2,0,0,1,1,2,2,5,Not at intersection,3,40,Arterial Other,MORELAND,-37.74374,144.96617,3058.0,True,Preston HS,3606.1
T20230000749,2023-11-01,13:45:00,1,Collision with vehicle,4,Wednesday,133,LANE SIDE SWIPE (VEHICLES IN PARALLEL LANES),1,784368,2,0,1,0,1,2,1,5,Not at intersection,2,40,Arterial Highway,BANYULE,-37.75153,145.07054,3084.0,True,Reservoir HS,4855.9
T20230017944,2023-01-08,19:15:00,3,Struck animal,3,Tuesday,167,STRUCK ANIMAL,5,793254,2,0,1,0,1,2,1,5,Not at intersection,2,100,Arterial Highway,MITCHELL,-37.38684,144.97578,3756.0,True,William Ruthven SC,34520.5
T20210004994,2021-07-03,06:45:00,1,Collision with vehicle,1,Sunday,148,VEHICLE OFF FOOTPATH STRIKES VEH ON CARRIAGEWAY,1,214,2,0,1,0,1,2,1,2,T intersection,2,30,Local Road,MELBOURNE,-37.809765,144.9611,3000.0,True,Preston HS,8580.6
T20220022380,2022-10-09,16:30:00,1,Collision with vehicle,6,Saturday,160,VEHICLE COLLIDES WITH VEHICLE PARKED ON LEFT OF ROAD,1,785855,2,0,1,0,1,2,2,5,Not at intersection,2,40,Local Road,PORT PHILLIP,-37.850437,144.9695,3206.0,True,Preston HS,12534.2
T20230018539,2023-08-08,08:00:00,1,Collision with vehicle,2,Tuesday,130,REAR END(VEHICLES IN SAME LANE),2,780465,2,0,0,1,3,4,2,5,Not at intersection,3,40,Arterial Other,MELBOURNE,-37.814594,144.95209,3008.0,True,Preston HS,9437.8
T20240028546,2024-09-11,11:30:00,1,Collision with vehicle,7,Saturday,131,LEFT REAR,1,325508,2,0,0,1,1,2,1,1,Cross intersection,3,50,Local Road,BASS COAST,-38.672752,145.6156,3995.0,True,Preston HS,116381.7
T20210003074,2021-10-02,06:38:00,1,Collision with vehicle,4,Wednesday,121,RIGHT THROUGH,2,686969,2,0,2,0,0,2,1,2,T intersection,2,70,Arterial Other,BRIMBANK,-37.76868,144.76877,3023.0,True,Preston HS,21166.3
T20250004184,2025-06-02,13:30:00,1,Collision with vehicle,5,Thursday,137,LEFT TURN SIDESWIPE,1,205,2,0,0,1,1,2,2,1,Cross intersection,3,40,Local Road,MELBOURNE,-37.813713,144.95732,3000.0,True,Preston HS,9124.7
T20250027395,2025-05-07,19:00:00,6,Vehicle overturned (no collision),7,Saturday,174,OUT OF CONTROL ON CARRIAGEWAY (ON STRAIGHT),9,823615,1,0,1,0,0,1,2,5,Not at intersection,2,999,Local Road,MELBOURNE,-37.81522,144.9235,3003.0,True,Preston HS,10991.6