ACCIDENT_NO,ACCIDENT_DATE,ACCIDENT_TIME,ACCIDENT_TYPE,ACCIDENT_TYPE_DESC,DAY_OF_WEEK,DAY_WEEK_DESC,DCA_CODE,DCA_DESC,LIGHT_CONDITION,NODE_ID,NO_OF_VEHICLES,NO_PERSONS_KILLED,NO_PERSONS_INJ_2,NO_PERSONS_INJ_3,NO_PERSONS_NOT_INJ,NO_PERSONS,POLICE_ATTEND,ROAD_GEOMETRY,ROAD_GEOMETRY_DESC,SEVERITY,SPEED_ZONE,RMA,LGA_NAME,LATITUDE,LONGITUDE,POSTCODE_CRASH,PED_OR_CYC,nearest_school,dist_to_gate_m
T20250009874,2025-12-04,12:26:00,1,Collision with vehicle,7,Saturday,133,LANE SIDE SWIPE (VEHICLES IN PARALLEL LANES),1,818483,2,0,0,1,1,2,1,5,Not at intersection,3,100,Arterial Other,MOORABOOL,-37.431435,144.11835,3461.0,True,William Ruthven SC,83359.0
T20210022679,2021-09-11,18:00:00,8,No collision and no object struck,3,Tuesday,174,OUT OF CONTROL ON CARRIAGEWAY (ON STRAIGHT),1,699390,1,0,1,0,0,1,1,5,Not at intersection,2,60,Arterial Other,GLEN EIRA,-37.886833,145.06705,3163.0,True,Preston HS,16975.6
T20240028148,2024-01-11,16:20:00,1,Collision with vehicle,6,Friday,115,RIGHT/LEFT FAR (INTERSECTIONS ONLY),1,57794,2,0,0,1,1,2,1,1,Cross intersection,3,50,Local Road,HEPBURN,-37.293957,143.78737,3370.0,True,William Ruthven SC,116211.5
T20250000509,2025-03-01,08:50:00,1,Collision with vehicle,6,Friday,142,LEAVING PARKING,1,814428,2,0,0,1,1,2,2,5,Not at intersection,3,60,Arterial Other,PORT PHILLIP,-37.86914,144.99643,3183.0,True,Preston HS,14201.7
T20240005257,2024-01-03,13:45:00,1,Collision with vehicle,6,Friday,130,REAR END(VEHICLES IN SAME LANE),1,798988,2,0,1,0,1,2,1,5,Not at intersection,2,100,Freeway,DANDENONG,-37.947163,145.2077,3175.0,True,Preston HS,28848.3
T20250011770,2025-03-05,10:53:00,1,Collision with vehicle,7,Saturday,152,PULLING OUT (OVERTAKING),1,817916,2,0,1,0,1,2,1,5,Not at intersection,2,50,Arterial Other,PORT PHILLIP,-37.87486,144.97974,3184.0,True,Preston HS,15000.5
T20240031257,2024-06-12,07:45:00,1,Collision with vehicle,6,Friday,163,VEHICLE STRIKES DOOR OF PARKED/STATIONARY VEHICLE,1,812169,2,0,0,1,1,2,2,5,Not at intersection,3,50,Arterial Other,STONNINGTON,-37.841125,145.00923,3142.0,True,Preston HS,11057.1
T20220023406,2022-10-10,06:40:00,1,Collision with vehicle,1,Monday,130,REAR END(VEHICLES IN SAME LANE),2,38235,2,0,0,1,1,2,2,1,Cross intersection,3,60,Arterial Highway,BANYULE,-37.754642,145.06998,3084.0,True,Reservoir HS,5058.3
T20220015062,2022-05-07,15:54:00,1,Collision with vehicle,3,Tuesday,147,VEHICLE STRIKES ANOTHER VEH WHILE EMERGING FROM DRIVEWAY,1,718567,2,0,1,0,1,2,1,5,Not at intersection,2,60,Local Road,BENDIGO,-36.79469,144.2438,3555.0,True,William Ruthven SC,120714.5
T20220015738,2022-11-07,05:15:00,3,Struck animal,1,Monday,167,STRUCK ANIMAL,5,718787,1,0,0,1,0,1,2,5,Not at intersection,3,100,Arterial Other,MURRINDINDI,-37.41536,145.27162,3757.0,True,William Ruthven SC,39221.0
T20230000056,2023-01-01,23:00:00,4,Collision with a fixed object,1,Sunday,164,PERMANENT OBSTRUCTION ON CARRIAGEWAY,3,39962,1,0,1,0,0,1,1,2,T intersection,2,60,Local Road,HOBSONS BAY,-37.83977,144.85835,3025.0,True,Preston HS,17022.6
T20240028300,2024-07-11,08:08:00,1,Collision with vehicle,5,Thursday,121,RIGHT THROUGH,1,810618,2,0,0,1,1,2,1,5,Not at intersection,3,40,Local Road,MELBOURNE,-37.802803,144.9696,3053.0,True,Preston HS,7551.6
T20220004191,2021-12-08,17:20:00,1,Collision with vehicle,5,Thursday,130,REAR END(VEHICLES IN SAME LANE),1,50028,2,0,0,1,2,3,1,1,Cross intersection,3,60,Arterial Other,GEELONG,-38.15823,144.33305,3220.0,True,Preston HS,75088.0
T20220028231,2022-02-12,04:30:00,6,Vehicle overturned (no collision),6,Friday,174,OUT OF CONTROL ON CARRIAGEWAY (ON STRAIGHT),9,741385,1,0,0,1,0,1,2,5,Not at intersection,3,50,Local Road,MORELAND,-37.745937,144.93309,3044.0,True,Preston HS,6524.6
T20220008212,2022-12-04,05:15:00,6,Vehicle overturned (no collision),3,Tuesday,182,OFF CARRIAGEWAY ON LEFT BEND,5,710694,1,0,1,0,0,1,2,5,Not at intersection,2,110,Freeway,MITCHELL,-37.47281,144.97385,3753.0,True,William Ruthven SC,25009.8
T20240002696,2024-03-02,13:40:00,2,Struck Pedestrian,7,Saturday,100,PED NEAR SIDE. PED HIT BY VEHICLE FROM THE RIGHT.,1,797691,1,0,0,1,1,2,1,2,T intersection,3,50,Local Road,MONASH,-37.873928,145.12927,3149.0,True,Preston HS,18203.7
T20240012021,2024-11-05,21:49:00,4,Collision with a fixed object,7,Saturday,183,OFF LEFT BEND INTO OBJECT/PARKED VEHICLE,3,807325,1,0,1,0,1,2,1,5,Not at intersection,2,50,Local Road,BOROONDARA,-37.860115,145.08182,3147.0,True,Preston HS,14713.0
T20210018880,2021-08-09,17:15:00,1,Collision with vehicle,3,Wednesday,120,HEAD ON (NOT OVERTAKING),1,693057,2,0,0,2,0,2,1,5,Not at intersection,3,50,Arterial Other,MONASH,-37.920418,145.18668,3150.0,True,Preston HS,25370.4
T20220000631,2022-11-01,19:45:00,2,Struck Pedestrian,3,Tuesday,100,PED NEAR SIDE. PED HIT BY VEHICLE FROM THE RIGHT.,1,702602,1,0,1,1,2,4,1,1,Cross intersection,2,50,Arterial Other,MELBOURNE,-37.8061,144.94475,3003.0,True,Preston HS,9017.2
T20240024962,2024-03-10,18:49:00,2,Struck Pedestrian,5,Thursday,102,FAR SIDE. PED HIT BY VEHICLE FROM THE LEFT,3,809565,1,0,0,1,1,2,1,5,Not at intersection,3,999,Local Road,GEELONG,-38.14148,144.35892,3220.0,True,Preston HS,72158.9
T20220001064,2022-02-01,10:27:00,1,Collision with vehicle,0,Sunday,110,CROSS TRAFFIC(INTERSECTIONS ONLY),1,52673,2,0,0,1,1,2,1,1,Cross intersection,3,50,Arterial Other,NORTHERN GRAMPIANS,-37.057365,142.77618,3380.0,True,William Ruthven SC,209201.1
T20250006402,2025-09-03,10:31:00,1,Collision with vehicle,0,Sunday,136,RIGHT TURN SIDESWIPE,1,825214,2,0,1,0,3,4,1,2,T intersection,2,50,Local Road,FRANKSTON,-38.150417,145.15028,3199.0,True,Preston HS,47149.6
T20250018549,2025-12-07,10:55:00,4,Collision with a fixed object,7,Saturday,171,LEFT OFF CARRIAGEWAY INTO OBJECT/PARKED VEHICLE,1,820417,1,0,1,0,0,1,1,5,Not at intersection,2,80,Arterial Highway,SURF COAST,-38.577133,143.94798,3232.0,True,Preston HS,131164.3
T20240020614,2024-01-08,16:30:00,2,Struck Pedestrian,5,Thursday,107,PED ON FOOTHPATH STRUCK BY VEHENTERING/LEAVING DRIVEWAY.,9,811179,1,0,0,1,1,2,2,5,Not at intersection,3,80,Arterial Other,BRIMBANK,-37.774555,144.82918,3020.0,True,Preston HS,16062.1
T20220017381,2022-03-08,21:30:00,8,No collision and no object struck,4,Wednesday,170,OFF CARRIAGEWAY TO LEFT,3,724785,1,0,1,0,0,1,1,5,Not at intersection,2,50,Local Road,WHITTLESEA,-37.6758,145.03882,3075.0,True,William Ruthven SC,3906.3
T20210005203,2021-07-03,10:30:00,6,Vehicle overturned (no collision),1,Sunday,174,OUT OF CONTROL ON CARRIAGEWAY (ON STRAIGHT),1,678931,1,0,0,1,0,1,2,5,Not at intersection,3,60,,BALLARAT,-37.70225,143.87979,3352.0,True,William Ruthven SC,98821.4
T20230026100,2023-07-11,19:44:00,2,Struck Pedestrian,3,Tuesday,100,PED NEAR SIDE. PED HIT BY VEHICLE FROM THE RIGHT.,4,803820,1,0,0,1,1,2,1,1,Cross intersection,3,60,Arterial Highway,BALLARAT,-37.56973,143.85114,3350.0,True,William Ruthven SC,102405.9
T20240014533,2024-07-06,07:30:00,1,Collision with vehicle,6,Friday,119,OTHER ADJACENT (INTERSECTIONS ONLY),1,40120,2,0,0,1,1,2,1,2,T intersection,3,60,Arterial Highway,PORT PHILLIP,-37.862495,144.98514,3182.0,True,Preston HS,13569.7
T20210004991,2021-06-03,09:30:00,1,Collision with vehicle,7,Saturday,115,RIGHT/LEFT FAR (INTERSECTIONS ONLY),1,678491,2,0,1,0,1,2,2,2,T intersection,2,100,Local Road,MANSFIELD,-37.044083,146.15727,3722.0,True,Reservoir HS,124976.7
T20220022993,2022-12-10,13:42:00,1,Collision with vehicle,4,Wednesday,120,HEAD ON (NOT OVERTAKING),1,742619,2,1,0,0,1,2,1,5,Not at intersection,1,60,Arterial Highway,SOUTH GIPPSLAND,-38.40051,146.16162,3871.0,True,Reservoir HS,124542.6
T20230011259,2023-06-03,18:05:00,1,Collision with vehicle,2,Monday,121,RIGHT THROUGH,2,37542,2,0,0,1,1,2,2,2,T intersection,3,999,Arterial Other,PORT PHILLIP,-37.85238,144.95805,3206.0,True,Preston HS,13039.8
T20250000810,2025-10-01,20:26:00,1,Collision with vehicle,6,Friday,163,VEHICLE STRIKES DOOR OF PARKED/STATIONARY VEHICLE,2,257139,2,0,0,1,1,2,1,2,T intersection,3,40,Local Road,MELBOURNE,-37.812782,144.96437,3000.0,True,Preston HS,8750.8
T20210014864,2021-06-07,16:30:00,1,Collision with vehicle,3,Tuesday,110,CROSS TRAFFIC(INTERSECTIONS ONLY),1,50711,2,0,1,0,1,2,1,1,Cross intersection,2,50,Local Road,WARRNAMBOOL,-38.38492,142.49188,3280.0,True,Preston HS,231515.1
T20250021647,2025-10-08,11:30:00,8,No collision and no object struck,0,Sunday,174,OUT OF CONTROL ON CARRIAGEWAY (ON STRAIGHT),9,821307,1,0,0,1,0,1,2,5,Not at intersection,3,999,Local Road,MITCHELL,-37.39533,145.04933,3756.0,True,William Ruthven SC,33741.3
T20240000349,2024-05-01,15:07:00,2,Struck Pedestrian,6,Friday,101,PED EMERGES FROM IN FRONT OF PARKED OR STATIONARY VEHICLE,1,797078,1,0,1,0,1,2,1,5,Not at intersection,2,70,Arterial Other,BRIMBANK,-37.7287,144.80733,3038.0,True,William Ruthven SC,17578.8
T20230013594,2023-11-06,20:20:00,2,Struck Pedestrian,0,Sunday,100,PED NEAR SIDE. PED HIT BY VEHICLE FROM THE RIGHT.,3,776207,1,0,1,0,2,3,1,2,T intersection,2,70,Arterial Other,WHITEHORSE,-37.836456,145.18735,3133.0,True,Reservoir HS,18802.7
T20250004046,2025-11-02,23:18:00,1,Collision with vehicle,3,Tuesday,130,REAR END(VEHICLES IN SAME LANE),5,817147,2,0,1,0,1,2,1,5,Not at intersection,2,100,Freeway,WYNDHAM,-37.964638,144.56425,3211.0,True,Preston HS,46111.5
T20250012541,2025-10-05,21:55:00,1,Collision with vehicle,7,Saturday,130,REAR END(VEHICLES IN SAME LANE),3,818293,2,0,0,1,1,2,1,5,Not at intersection,3,60,Arterial Highway,MELBOURNE,-37.826607,144.96118,3006.0,True,Preston HS,10267.5
T20230023200,2023-03-10,07:40:00,6,Vehicle overturned (no collision),3,Tuesday,174,OUT OF CONTROL ON CARRIAGEWAY (ON STRAIGHT),2,782838,1,0,0,1,0,1,2,5,Not at intersection,3,60,Local Road,DANDENONG,-37.978962,145.2067,3175.0,True,Preston HS,31671.3
T20230006204,2023-10-03,20:00:00,6,Vehicle overturned (no collision),6,Friday,174,OUT OF CONTROL ON CARRIAGEWAY (ON STRAIGHT),9,783806,1,0,0,1,0,1,2,5,Not at intersection,3,60,Arterial Other,NILLUMBIK,-37.612236,145.26431,3761.0,True,Reservoir HS,24032.7
T20230021413,2023-12-09,19:54:00,2,Struck Pedestrian,3,Tuesday,100,PED NEAR SIDE. PED HIT BY VEHICLE FROM THE RIGHT.,3,782179,1,0,1,0,1,2,1,1,Cross intersection,2,40,Arterial Other,PORT PHILLIP,-37.869293,144.99765,3183.0,True,Preston HS,14212.0
T20240023071,2024-11-09,06:46:00,8,No collision and no object struck,4,Wednesday,174,OUT OF CONTROL ON CARRIAGEWAY (ON STRAIGHT),1,808464,1,0,1,0,0,1,1,5,Not at intersection,2,60,Local Road,WHITTLESEA,-37.658615,145.01016,3076.0,True,William Ruthven SC,4264.0
T20210010508,2021-10-05,17:35:00,2,Struck Pedestrian,1,Monday,102,FAR SIDE. PED HIT BY VEHICLE FROM THE LEFT,1,730199,1,0,1,0,1,2,1,1,Cross intersection,2,40,Local Road,YARRA,-37.82023,145.0006,3121.0,True,Preston HS,8750.8
T20210020601,2021-11-10,10:05:00,2,Struck Pedestrian,2,Monday,100,PED NEAR SIDE. PED HIT BY VEHICLE FROM THE RIGHT.,1,694602,1,0,1,0,1,2,1,1,Cross intersection,2,70,Arterial Other,HUME,-37.684486,144.88309,3043.0,True,William Ruthven SC,10635.0
T20240020088,2024-04-08,12:15:00,1,Collision with vehicle,0,Sunday,130,REAR END(VEHICLES IN SAME LANE),1,9,2,0,0,1,1,2,2,2,T intersection,3,70,Arterial Highway,YARRA RANGES,-37.77678,145.64154,3799.0,True,Reservoir HS,54158.6
T20230003259,2023-10-02,10:15:00,2,Struck Pedestrian,6,Friday,100,PED NEAR SIDE. PED HIT BY VEHICLE FROM THE RIGHT.,1,763463,1,0,0,1,1,2,1,2,T intersection,3,50,Local Road,MORELAND,-37.73671,144.95627,3058.0,True,Preston HS,4504.0
T20230018480,2023-08-08,13:06:00,6,Vehicle overturned (no collision),3,Tuesday,170,OFF CARRIAGEWAY TO LEFT,1,780659,1,0,0,1,0,1,1,5,Not at intersection,3,50,Local Road,SHEPPARTON,-36.3613,145.39418,3630.0,True,William Ruthven SC,152478.4
T20230003011,2023-07-02,10:15:00,1,Collision with vehicle,3,Tuesday,121,RIGHT THROUGH,1,37455,2,0,1,0,1,2,1,2,T intersection,2,40,Local Road,PORT PHILLIP,-37.841324,144.94707,3206.0,True,Preston HS,12269.5
T20230018696,2023-10-08,07:45:00,1,Collision with vehicle,5,Thursday,137,LEFT TURN SIDESWIPE,2,797228,2,0,0,1,1,2,2,2,T intersection,3,60,Local Road,PORT PHILLIP,-37.87919,144.99385,3184.0,True,Preston HS,15332.4
T20240002540,2024-01-02,17:00:00,8,No collision and no object struck,5,Thursday,174,OUT OF CONTROL ON CARRIAGEWAY (ON STRAIGHT),1,799159,1,0,0,1,0,1,1,5,Not at intersection,3,50,Local Road,HORSHAM,-36.71879,142.19592,3400.0,True,William Ruthven SC,271315.6
T20220027255,2022-01-12,20:10:00,8,No collision and no object struck,5,Thursday,174,OUT OF CONTROL ON CARRIAGEWAY (ON STRAIGHT),2,45064,1,0,1,0,0,1,1,1,Cross intersection,2,40,Local Road,BRIMBANK,-37.784866,144.83206,3020.0,True,Preston HS,16118.1
T20250003132,2025-06-02,08:10:00,1,Collision with vehicle,5,Thursday,133,LANE SIDE SWIPE (VEHICLES IN PARALLEL LANES),1,814797,2,0,1,0,1,2,1,5,Not at intersection,2,60,Freeway,MELBOURNE,-37.786217,144.94075,3052.0,True,Preston HS,7649.9
T20220002178,2022-02-02,04:36:00,1,Collision with vehicle,4,Wednesday,110,CROSS TRAFFIC(INTERSECTIONS ONLY),3,39352,2,0,0,1,1,2,1,1,Cross intersection,3,50,Local Road,WHITEHORSE,-37.8145,145.13148,3129.0,True,Preston HS,13602.4
T20210012576,2021-06-06,13:20:00,8,No collision and no object struck,1,Sunday,174,OUT OF CONTROL ON CARRIAGEWAY (ON STRAIGHT),1,698787,1,0,1,0,0,1,1,5,Not at intersection,2,999,Local Road,MOIRA,-35.855396,145.16362,3638.0,True,William Ruthven SC,205225.0
T20240028149,2024-05-11,12:50:00,2,Struck Pedestrian,3,Tuesday,109,ANY MANOEUVRE INVOLVING PED NOT INCLUDED IN DCAs 100-108.,1,93169,1,0,0,1,1,2,2,5,Not at intersection,3,70,Arterial Other,WHITEHORSE,-37.83441,145.1694,3131.0,True,Reservoir HS,17507.7
T20220004642,2022-12-01,12:40:00,6,Vehicle overturned (no collision),4,Wednesday,174,OUT OF CONTROL ON CARRIAGEWAY (ON STRAIGHT),1,51628,1,0,0,1,0,1,2,1,Cross intersection,3,50,Arterial Other,BENDIGO,-36.76142,144.28339,3550.0,True,William Ruthven SC,121945.6
T20210025368,2021-11-12,15:00:00,1,Collision with vehicle,7,Saturday,110,CROSS TRAFFIC(INTERSECTIONS ONLY),1,684350,2,0,1,0,1,2,1,1,Cross intersection,2,30,Local Road,DAREBIN,-37.760662,144.99301,3071.0,True,Preston HS,2445.5
T20230025777,2023-03-11,23:15:00,1,Collision with vehicle,6,Friday,139,OTHER SAME DIRECTION-MANOUEVRES NOT INCLUDED IN DCAs 130-137,3,64624,2,0,1,0,1,2,1,2,T intersection,2,60,Arterial Other,YARRA RANGES,-37.78495,145.32074,3138.0,True,Reservoir HS,26541.1
T20240008805,2024-08-04,11:10:00,8,No collision and no object struck,2,Monday,184,OUT OF CONTROL ON CARRIAGEWAY (ON BEND),1,803909,1,0,0,1,0,1,2,5,Not at intersection,3,80,Arterial Other,BAW BAW,-37.892284,146.02945,3833.0,True,Reservoir HS,89864.3
T20240031154,2024-05-12,11:00:00,1,Collision with vehicle,5,Thursday,147,VEHICLE STRIKES ANOTHER VEH WHILE EMERGING FROM DRIVEWAY,1,812092,2,0,0,1,1,2,2,2,T intersection,3,888,Local Road,WYNDHAM,-37.878616,144.70146,3029.0,True,Preston HS,30866.1
T20250009259,2025-06-04,09:47:00,4,Collision with a fixed object,0,Sunday,181,OFF RIGHT BEND INTO OBJECT/PARKED VEHICLE,1,817178,1,0,1,0,0,1,1,5,Not at intersection,2,100,Local Road,BENDIGO,-36.848255,144.1106,3515.0,True,William Ruthven SC,123012.3
T20230008200,2023-07-04,00:20:00,1,Collision with vehicle,6,Friday,120,HEAD ON (NOT OVERTAKING),3,54951,2,0,1,0,2,3,1,2,T intersection,2,50,Local Road,SHEPPARTON,-36.393944,145.41174,3630.0,True,William Ruthven SC,149315.4
T20250003824,2025-12-02,15:15:00,1,Collision with vehicle,4,Wednesday,113,RIGHT NEAR (INTERSECTIONS ONLY),1,38096,2,0,1,0,1,2,1,2,T intersection,2,60,Arterial Other,YARRA,-37.781483,145.0273,3078.0,True,Preston HS,4766.8
T20230013746,2022-10-09,11:30:00,1,Collision with vehicle,7,Saturday,148,VEHICLE OFF FOOTPATH STRIKES VEH ON CARRIAGEWAY,1,776050,2,0,0,1,1,2,1,5,Not at intersection,3,50,Local Road,MORNINGTON PENINSULA,-38.356537,144.75896,3943.0,True,Preston HS,71736.4
T20220005104,2022-07-03,08:00:00,1,Collision with vehicle,2,Monday,121,RIGHT THROUGH,1,29389,2,0,1,0,1,2,1,1,Cross intersection,2,40,Local Road,MELBOURNE,-37.79684,144.96461,3053.0,True,Preston HS,7179.2
T20240011749,2024-08-05,16:50:00,1,Collision with vehicle,4,Wednesday,147,VEHICLE STRIKES ANOTHER VEH WHILE EMERGING FROM DRIVEWAY,1,802941,2,0,1,0,1,2,1,5,Not at intersection,2,70,Arterial Highway,GEELONG,-38.20296,144.3047,3216.0,True,Preston HS,80133.4
T20240022428,2024-03-09,08:46:00,2,Struck Pedestrian,3,Tuesday,102,FAR SIDE. PED HIT BY VEHICLE FROM THE LEFT,1,43804,1,0,1,0,1,2,1,2,T intersection,2,40,Arterial Other,DAREBIN,-37.73708,144.99507,3072.0,True,Preston HS,1176.0
T20210025323,2021-11-12,00:01:00,1,Collision with vehicle,7,Saturday,110,CROSS TRAFFIC(INTERSECTIONS ONLY),3,704626,2,0,1,0,1,2,1,1,Cross intersection,2,60,Local Road,WYNDHAM,-37.898926,144.60472,3030.0,True,Preston HS,39431.4
T20240000585,2024-09-01,11:35:00,1,Collision with vehicle,2,Tuesday,113,RIGHT NEAR (INTERSECTIONS ONLY),1,45062,2,0,0,1,2,3,1,2,T intersection,3,60,Arterial Other,WANGARATTA,-36.352493,146.3313,3677.0,True,William Ruthven SC,190365.9
T20250017861,2025-05-07,12:15:00,1,Collision with vehicle,7,Saturday,111,RIGHT FAR (INTERSECTIONS ONLY),1,42541,2,0,1,0,1,2,1,2,T intersection,2,60,Arterial Other,DANDENONG,-37.93352,145.15964,3171.0,True,Preston HS,25187.0
T20230002713,2023-03-02,14:00:00,6,Vehicle overturned (no collision),6,Friday,174,OUT OF CONTROL ON CARRIAGEWAY (ON STRAIGHT),1,752083,1,0,1,0,0,1,1,2,T intersection,2,50,Local Road,MELBOURNE,-37.809597,144.95544,3003.0,True,Preston HS,8809.9
T20230000611,2023-09-01,23:00:00,8,No collision and no object struck,2,Monday,174,OUT OF CONTROL ON CARRIAGEWAY (ON STRAIGHT),3,747255,1,0,1,0,0,1,1,5,Not at intersection,2,50,Local Road,BASS COAST,-38.527897,145.33612,3925.0,True,Preston HS,92035.3
T20210004967,2021-06-03,16:55:00,1,Collision with vehicle,7,Saturday,152,PULLING OUT (OVERTAKING),1,52262,2,0,2,0,1,3,1,2,T intersection,2,50,Local Road,LATROBE,-38.232258,146.41692,3840.0,True,Reservoir HS,134179.2
T20240011125,2024-02-05,19:35:00,1,Collision with vehicle,5,Thursday,140,U TURN,3,802618,2,0,1,0,1,2,1,5,Not at intersection,2,50,Local Road,YARRA,-37.805885,144.97719,3065.0,True,Preston HS,7605.8
T20230015665,2023-05-07,16:45:00,8,No collision and no object struck,4,Wednesday,174,OUT OF CONTROL ON CARRIAGEWAY (ON STRAIGHT),1,235928,1,0,0,1,0,1,2,5,Not at intersection,3,30,Local Road,HOBSONS BAY,-37.85625,144.8529,3018.0,True,Preston HS,18595.7
T20240012211,2024-04-05,17:25:00,6,Vehicle overturned (no collision),7,Saturday,174,OUT OF CONTROL ON CARRIAGEWAY (ON STRAIGHT),1,57958,1,0,1,0,0,1,1,2,T intersection,2,60,Freeway,MORNINGTON PENINSULA,-38.369255,144.90869,3939.0,True,Preston HS,70310.9
T20220011452,2022-11-05,11:00:00,6,Vehicle overturned (no collision),4,Wednesday,184,OUT OF CONTROL ON CARRIAGEWAY (ON BEND),1,712728,1,0,0,1,0,1,2,5,Not at intersection,3,999,Local Road,MURRINDINDI,-37.516754,146.0207,3713.0,True,Reservoir HS,90253.4
T20240003266,2024-09-02,17:00:00,1,Collision with vehicle,6,Friday,148,VEHICLE OFF FOOTPATH STRIKES VEH ON CARRIAGEWAY,1,66603,2,0,0,1,1,2,1,2,T intersection,3,80,Arterial Other,MAROONDAH,-37.832294,145.22485,3134.0,True,Reservoir HS,21080.7
T20240028270,2024-06-11,22:05:00,2,Struck Pedestrian,4,Wednesday,103,PED PLAYING/LYING/WORKING/STANDING ON CARRIAGEWAY.,3,812172,1,0,0,1,1,2,1,5,Not at intersection,3,50,Local Road,YARRA RANGES,-37.90342,145.34659,3160.0,True,Reservoir HS,34373.6
T20250016101,2025-10-06,16:20:00,1,Collision with vehicle,3,Tuesday,148,VEHICLE OFF FOOTPATH STRIKES VEH ON CARRIAGEWAY,9,819369,2,0,1,0,1,2,2,5,Not at intersection,2,50,Local Road,WHITTLESEA,-37.6255,145.01112,3076.0,True,William Ruthven SC,7931.6
T20210022367,2021-05-11,21:08:00,8,No collision and no object struck,5,Friday,174,OUT OF CONTROL ON CARRIAGEWAY (ON STRAIGHT),3,758085,1,0,1,0,0,1,1,5,Not at intersection,2,80,Arterial Other,HUME,-37.64115,144.95078,3062.0,True,William Ruthven SC,7684.5
T20250008999,2025-01-04,13:30:00,8,No collision and no object struck,3,Tuesday,184,OUT OF CONTROL ON CARRIAGEWAY (ON BEND),1,817017,1,0,0,1,0,1,2,5,Not at intersection,3,999,Arterial Other,YARRA RANGES,-37.64313,145.88092,3799.0,True,Reservoir HS,75450.5
T20250006711,2025-12-03,08:00:00,2,Struck Pedestrian,3,Wednesday,102,FAR SIDE. PED HIT BY VEHICLE FROM THE LEFT,1,224958,1,0,0,1,1,2,1,5,Not at intersection,3,40,Arterial Other,WHITTLESEA,-37.67965,145.01395,3074.0,True,William Ruthven SC,2111.2
T20250017329,2025-05-03,13:00:00,2,Struck Pedestrian,4,Wednesday,100,PED NEAR SIDE. PED HIT BY VEHICLE FROM THE RIGHT.,1,819871,1,0,0,1,1,2,2,2,T intersection,3,40,Local Road,MONASH,-37.908623,145.12926,3168.0,True,Preston HS,21439.0
T20250015225,2025-06-06,16:07:00,1,Collision with vehicle,6,Friday,113,RIGHT NEAR (INTERSECTIONS ONLY),1,44550,2,0,0,1,1,2,1,1,Cross intersection,3,60,Arterial Other,HUME,-37.68613,144.92683,3047.0,True,William Ruthven SC,6800.6
T20230013676,2023-12-06,21:00:00,8,No collision and no object struck,1,Monday,189,OTHER ACCIDENTS ON CURVE NOT INCLUDED IN DCAs 180-184,3,778083,1,0,0,1,0,1,1,1,Cross intersection,3,60,Arterial Other,MANNINGHAM,-37.773834,145.11441,3107.0,True,Reservoir HS,9411.4
T20240031481,2024-08-12,09:20:00,2,Struck Pedestrian,0,Sunday,100,PED NEAR SIDE. PED HIT BY VEHICLE FROM THE RIGHT.,1,816582,1,0,0,1,1,2,2,2,T intersection,3,60,Local Road,STONNINGTON,-37.855988,145.02061,3143.0,True,Preston HS,12763.6
T20230025712,2023-03-11,13:10:00,2,Struck Pedestrian,6,Friday,107,PED ON FOOTHPATH STRUCK BY VEHENTERING/LEAVING DRIVEWAY.,1,793072,1,0,0,1,1,2,1,5,Not at intersection,3,30,Arterial Highway,WHITEHORSE,-37.858395,145.19487,3133.0,True,Reservoir HS,20978.4
T20250016241,2025-09-04,13:30:00,4,Collision with a fixed object,3,Wednesday,164,PERMANENT OBSTRUCTION ON CARRIAGEWAY,1,22618,1,0,0,1,0,1,2,2,T intersection,3,50,Arterial Other,BALLARAT,-37.560116,143.86111,3350.0,True,William Ruthven SC,101696.8
T20220018207,2022-06-08,16:00:00,6,Vehicle overturned (no collision),6,Saturday,180,OFF CARRIAGEWAY ON RIGHT BEND,1,782523,1,0,0,1,0,1,2,5,Not at intersection,3,100,Arterial Other,GOLDEN PLAINS,-38.02364,143.97804,3329.0,True,Preston HS,95599.1
T20210011037,2021-09-05,18:30:00,9,Other accident,1,Sunday,189,OTHER ACCIDENTS ON CURVE NOT INCLUDED IN DCAs 180-184,5,686873,1,0,1,0,0,1,2,5,Not at intersection,2,100,Local Road,CARDINIA,-37.939655,145.59099,3783.0,True,Reservoir HS,54919.6
T20250011857,2025-04-05,10:30:00,1,Collision with vehicle,0,Sunday,133,LANE SIDE SWIPE (VEHICLES IN PARALLEL LANES),1,817966,2,0,0,1,1,2,1,5,Not at intersection,3,70,Arterial Other,BRIMBANK,-37.72621,144.84792,3033.0,True,William Ruthven SC,14034.3
T20250009301,2025-06-04,16:10:00,2,Struck Pedestrian,1,Sunday,101,PED EMERGES FROM IN FRONT OF PARKED OR STATIONARY VEHICLE,1,817957,1,0,1,0,2,3,1,5,Not at intersection,2,50,Local Road,WYNDHAM,-37.850544,144.71577,3029.0,True,Preston HS,28314.9
T20230003022,2023-07-02,08:30:00,1,Collision with vehicle,2,Tuesday,137,LEFT TURN SIDESWIPE,1,767804,2,0,0,1,1,2,2,1,Cross intersection,3,50,Local Road,DAREBIN,-37.76364,145.01244,3071.0,True,Preston HS,2484.4