ACCIDENT_NO,ACCIDENT_DATE,ACCIDENT_TIME,ACCIDENT_TYPE,ACCIDENT_TYPE_DESC,DAY_OF_WEEK,DAY_WEEK_DESC,DCA_CODE,DCA_DESC,LIGHT_CONDITION,NODE_ID,NO_OF_VEHICLES,NO_PERSONS_KILLED,NO_PERSONS_INJ_2,NO_PERSONS_INJ_3,NO_PERSONS_NOT_INJ,NO_PERSONS,POLICE_ATTEND,ROAD_GEOMETRY,ROAD_GEOMETRY_DESC,SEVERITY,SPEED_ZONE,RMA,LGA_NAME,LATITUDE,LONGITUDE,POSTCODE_CRASH,PED_OR_CYC,nearest_school,dist_to_gate_m
T20220013235,2022-11-06,22:50:00,2,Struck Pedestrian,7,Saturday,102,FAR SIDE. PED HIT BY VEHICLE FROM THE LEFT,3,715757,1,0,1,0,1,2,1,5,Not at intersection,2,70,Arterial Highway,STONNINGTON,-37.8589,145.00159,3181.0,True,Preston HS,13041.0
T20230010792,2023-08-05,18:55:00,2,Struck Pedestrian,2,Monday,100,PED NEAR SIDE. PED HIT BY VEHICLE FROM THE RIGHT.,3,35506,1,0,1,0,1,2,1,1,Cross intersection,2,50,Local Road,GLEN EIRA,-37.864895,145.01904,3161.0,True,Preston HS,13738.8
T20230026127,2023-06-11,15:01:00,6,Vehicle overturned (no collision),2,Monday,174,OUT OF CONTROL ON CARRIAGEWAY (ON STRAIGHT),1,804426,1,0,0,1,0,1,1,5,Not at intersection,3,999,Local Road,LATROBE,-38.142124,146.57123,3854.0,True,Reservoir HS,143049.4
T20240017877,2024-12-07,16:40:00,1,Collision with vehicle,6,Friday,133,LANE SIDE SWIPE (VEHICLES IN PARALLEL LANES),1,37583,2,0,0,1,1,2,1,2,T intersection,3,999,Arterial Other,PORT PHILLIP,-37.83228,144.9718,3004.0,True,Preston HS,10538.9
T20240025215,2024-06-10,13:15:00,6,Vehicle overturned (no collision),1,Sunday,170,OFF CARRIAGEWAY TO LEFT,1,811638,1,0,1,0,0,1,1,5,Not at intersection,2,888,Local Road,GOLDEN PLAINS,-37.83477,144.18863,3331.0,True,Preston HS,72663.7
T20230023641,2023-11-09,06:30:00,6,Vehicle overturned (no collision),2,Monday,174,OUT OF CONTROL ON CARRIAGEWAY (ON STRAIGHT),1,397,1,0,0,1,0,1,2,2,T intersection,3,40,Arterial Other,YARRA,-37.7779,144.9885,3068.0,True,Preston HS,4344.7
T20220000581,2022-10-01,20:45:00,8,No collision and no object struck,2,Monday,174,OUT OF CONTROL ON CARRIAGEWAY (ON STRAIGHT),3,289695,2,0,1,0,1,2,1,2,T intersection,2,80,Arterial Highway,MITCHELL,-37.396503,144.9778,3756.0,True,William Ruthven SC,33436.4
T20230024424,2023-07-10,19:00:00,7,Fall from or in moving vehicle,6,Saturday,190,FELL IN/FROM VEHICLE,2,792286,1,0,0,1,1,2,2,5,Not at intersection,3,50,Local Road,STONNINGTON,-37.848732,144.98732,3181.0,True,Preston HS,12027.6
T20230005272,2023-05-03,08:40:00,4,Collision with a fixed object,1,Sunday,183,OFF LEFT BEND INTO OBJECT/PARKED VEHICLE,1,774416,1,0,1,0,0,1,1,5,Not at intersection,2,80,Arterial Other,CARDINIA,-37.965862,145.4643,3782.0,True,Reservoir HS,46810.2
T20240028235,2024-06-11,16:23:00,1,Collision with vehicle,4,Wednesday,137,LEFT TURN SIDESWIPE,1,65851,2,0,1,0,1,2,1,1,Cross intersection,2,40,Arterial Other,MELBOURNE,-37.813168,144.95143,3008.0,True,Preston HS,9332.3
T20220027540,2022-04-12,18:15:00,8,No collision and no object struck,1,Sunday,174,OUT OF CONTROL ON CARRIAGEWAY (ON STRAIGHT),1,740595,1,0,1,0,0,1,2,2,T intersection,2,60,Local Road,WHITTLESEA,-37.631687,145.08784,3752.0,True,William Ruthven SC,10382.0
T20250006223,2025-06-03,14:56:00,1,Collision with vehicle,5,Thursday,121,RIGHT THROUGH,1,64903,2,0,1,0,1,2,2,2,T intersection,2,60,Local Road,BRIMBANK,-37.791653,144.83109,3020.0,True,Preston HS,16438.3
T20210014901,2021-07-07,09:10:00,1,Collision with vehicle,3,Wednesday,110,CROSS TRAFFIC(INTERSECTIONS ONLY),1,41817,2,0,0,1,1,2,2,1,Cross intersection,3,60,Local Road,MONASH,-37.900124,145.17444,3150.0,True,Preston HS,22942.7
T20230029005,2023-07-12,14:00:00,1,Collision with vehicle,5,Thursday,137,LEFT TURN SIDESWIPE,1,43457,2,0,0,1,1,2,2,1,Cross intersection,3,999,Arterial Other,FRANKSTON,-38.147255,145.12476,3199.0,True,Preston HS,46260.9
T20210003029,2021-10-02,06:00:00,1,Collision with vehicle,4,Wednesday,110,CROSS TRAFFIC(INTERSECTIONS ONLY),6,52897,2,0,0,1,1,2,1,1,Cross intersection,3,60,Arterial Other,BALLARAT,-37.565033,143.84666,3350.0,True,William Ruthven SC,102872.8
T20210020455,2021-09-09,14:46:00,1,Collision with vehicle,5,Thursday,175,OFF END OF ROAD/T-INTERSECTION.,1,776838,3,0,1,0,1,2,1,2,T intersection,2,50,Local Road,GEELONG,-38.222282,144.32285,3217.0,True,Preston HS,80324.6
T20240025274,2024-07-10,12:00:00,1,Collision with vehicle,2,Monday,132,RIGHT REAR.,1,340540,2,0,1,0,1,2,2,1,Cross intersection,2,80,Arterial Other,BRIMBANK,-37.776966,144.82874,3020.0,True,Preston HS,16162.5
T20240022503,2024-04-09,11:00:00,1,Collision with vehicle,3,Wednesday,120,HEAD ON (NOT OVERTAKING),1,819299,2,0,0,1,1,2,2,5,Not at intersection,3,50,Local Road,CASEY,-37.999397,145.34451,3806.0,True,Preston HS,41209.7
T20230005054,2023-01-03,08:30:00,1,Collision with vehicle,4,Wednesday,116,LEFT NEAR (INTERSECTIONS ONLY),1,59009,2,0,0,1,1,2,2,2,T intersection,3,50,Arterial Other,SHEPPARTON,-36.366817,145.40326,3630.0,True,William Ruthven SC,152067.1
T20220020133,2022-02-09,14:45:00,1,Collision with vehicle,6,Friday,163,VEHICLE STRIKES DOOR OF PARKED/STATIONARY VEHICLE,9,724233,2,0,0,1,2,3,2,2,T intersection,3,60,Local Road,DAREBIN,-37.776638,144.99052,3070.0,True,Preston HS,4149.3
T20230015392,2023-03-07,17:00:00,2,Struck Pedestrian,2,Monday,102,FAR SIDE. PED HIT BY VEHICLE FROM THE LEFT,1,43719,1,0,1,0,1,2,1,2,T intersection,2,60,Local Road,MELTON,-37.677853,144.56946,3337.0,True,William Ruthven SC,38205.1
T20230007713,2023-01-04,15:15:00,2,Struck Pedestrian,6,Saturday,101,PED EMERGES FROM IN FRONT OF PARKED OR STATIONARY VEHICLE,1,764828,1,0,0,1,2,3,1,2,T intersection,3,40,Arterial Other,PORT PHILLIP,-37.836758,144.96947,3004.0,True,Preston HS,11075.1
T20210007926,2021-08-04,18:30:00,8,No collision and no object struck,5,Thursday,174,OUT OF CONTROL ON CARRIAGEWAY (ON STRAIGHT),2,681307,1,0,1,0,0,1,2,5,Not at intersection,2,50,Local Road,YARRA RANGES,-37.92314,145.41742,3159.0,True,Reservoir HS,40740.3
T20210010741,2021-11-05,11:20:00,2,Struck Pedestrian,3,Tuesday,101,PED EMERGES FROM IN FRONT OF PARKED OR STATIONARY VEHICLE,1,683151,1,0,0,1,1,2,2,5,Not at intersection,3,40,Local Road,STONNINGTON,-37.85226,145.02464,3143.0,True,Preston HS,12389.9
T20230002910,2023-06-02,06:37:00,1,Collision with vehicle,1,Monday,110,CROSS TRAFFIC(INTERSECTIONS ONLY),2,17544,2,0,0,1,1,2,1,1,Cross intersection,3,60,Arterial Other,MOIRA,-36.017704,146.00461,3730.0,True,William Ruthven SC,206854.0
T20240017137,2024-06-07,11:25:00,1,Collision with vehicle,7,Saturday,163,VEHICLE STRIKES DOOR OF PARKED/STATIONARY VEHICLE,1,807303,2,0,0,1,1,2,2,5,Not at intersection,3,50,Local Road,FRANKSTON,-38.105732,145.13083,3198.0,True,Preston HS,41908.1
T20230002487,2023-01-02,08:25:00,2,Struck Pedestrian,4,Wednesday,102,FAR SIDE. PED HIT BY VEHICLE FROM THE LEFT,1,59730,2,0,1,0,2,3,1,1,Cross intersection,2,60,Local Road,BENDIGO,-36.763695,144.29233,3550.0,True,William Ruthven SC,121317.1
T20240014110,2024-02-06,20:35:00,2,Struck Pedestrian,1,Sunday,102,FAR SIDE. PED HIT BY VEHICLE FROM THE LEFT,3,804615,1,0,0,1,1,2,1,1,Cross intersection,3,40,Arterial Other,STONNINGTON,-37.85552,145.02069,3143.0,True,Preston HS,12712.4
T20240008558,2024-05-04,17:00:00,1,Collision with vehicle,6,Friday,147,VEHICLE STRIKES ANOTHER VEH WHILE EMERGING FROM DRIVEWAY,1,801214,2,0,0,1,1,2,2,5,Not at intersection,3,60,Arterial Highway,KINGSTON,-37.985107,145.09691,3195.0,True,Preston HS,28190.5
T20240025567,2024-09-10,16:40:00,1,Collision with vehicle,3,Wednesday,121,RIGHT THROUGH,1,40054,2,0,0,1,1,2,2,2,T intersection,3,60,Arterial Other,PORT PHILLIP,-37.854755,144.96286,3206.0,True,Preston HS,13158.4
T20250012684,2025-12-05,12:30:00,1,Collision with vehicle,2,Monday,116,LEFT NEAR (INTERSECTIONS ONLY),1,818232,2,0,0,1,1,2,1,2,T intersection,3,50,Local Road,GEELONG,-38.24105,144.54448,3226.0,True,Preston HS,68750.1
T20230029328,2023-10-12,21:30:00,2,Struck Pedestrian,1,Sunday,100,PED NEAR SIDE. PED HIT BY VEHICLE FROM THE RIGHT.,3,793399,1,0,0,2,1,3,2,5,Not at intersection,3,50,Local Road,DAREBIN,-37.7134,145.04837,3083.0,True,Reservoir HS,1945.7
T20210012679,2021-08-06,07:00:00,2,Struck Pedestrian,3,Tuesday,102,FAR SIDE. PED HIT BY VEHICLE FROM THE LEFT,3,242383,1,1,0,0,1,2,1,2,T intersection,1,60,Local Road,GEELONG,-38.19602,144.34549,3216.0,True,Preston HS,76913.2
T20220018005,2022-03-08,17:00:00,1,Collision with vehicle,4,Wednesday,114,TWO RIGHT TURNING (INTERSECTIONS ONLY),1,782269,2,0,0,1,1,2,2,2,T intersection,3,50,Local Road,CASEY,-38.03078,145.25696,3976.0,True,Preston HS,38910.9
T20210016466,2021-10-05,16:00:00,8,No collision and no object struck,1,Monday,174,OUT OF CONTROL ON CARRIAGEWAY (ON STRAIGHT),1,689323,2,0,0,1,0,1,2,5,Not at intersection,3,50,Local Road,MOORABOOL,-37.657814,144.43718,3340.0,True,William Ruthven SC,49981.1
T20220028156,2022-11-12,12:04:00,4,Collision with a fixed object,1,Sunday,183,OFF LEFT BEND INTO OBJECT/PARKED VEHICLE,1,747257,1,0,1,0,0,1,1,5,Not at intersection,2,80,Arterial Other,CARDINIA,-37.985615,145.5062,3781.0,True,Reservoir HS,51078.4
T20220007927,2022-08-04,17:24:00,1,Collision with vehicle,6,Friday,147,VEHICLE STRIKES ANOTHER VEH WHILE EMERGING FROM DRIVEWAY,2,709276,2,0,1,0,1,2,1,5,Not at intersection,2,60,Arterial Other,MONASH,-37.855213,145.11134,3125.0,True,Preston HS,15594.9
T20250011206,2025-11-04,20:40:00,1,Collision with vehicle,5,Friday,133,LANE SIDE SWIPE (VEHICLES IN PARALLEL LANES),3,37152,2,0,0,1,1,2,2,2,T intersection,3,60,Arterial Other,YARRA,-37.81021,144.99716,3121.0,True,Preston HS,7667.9
T20230018031,2023-02-08,18:30:00,1,Collision with vehicle,4,Wednesday,121,RIGHT THROUGH,3,778804,2,0,1,0,1,2,1,2,T intersection,2,999,Local Road,DAREBIN,-37.7213,145.02469,3073.0,True,Reservoir HS,431.9
T20230010269,2023-02-05,18:20:00,1,Collision with vehicle,3,Tuesday,135,LANE CHANGE LEFT (NOT OVERTAKING),3,68570,2,0,0,1,1,2,1,2,T intersection,3,60,Arterial Other,MONASH,-37.88748,145.15149,3150.0,True,Preston HS,20582.6
T20230012714,2023-07-05,15:00:00,8,No collision and no object struck,1,Sunday,174,OUT OF CONTROL ON CARRIAGEWAY (ON STRAIGHT),1,776212,1,0,0,1,0,1,2,5,Not at intersection,3,80,,MURRINDINDI,-37.343666,145.9078,3712.0,True,Reservoir HS,88163.3
T20230029441,2023-11-10,11:00:00,1,Collision with vehicle,4,Wednesday,135,LANE CHANGE LEFT (NOT OVERTAKING),1,805590,2,0,0,1,1,2,2,5,Not at intersection,3,80,Arterial Highway,DANDENONG,-37.967464,145.14914,3172.0,True,Preston HS,28030.6
T20230007808,2023-03-04,08:20:00,1,Collision with vehicle,1,Monday,148,VEHICLE OFF FOOTPATH STRIKES VEH ON CARRIAGEWAY,1,50910,2,0,0,1,1,2,1,2,T intersection,3,60,Local Road,WODONGA,-36.13284,146.84666,3690.0,True,William Ruthven SC,238942.6
T20230017974,2023-02-08,10:47:00,1,Collision with vehicle,4,Wednesday,113,RIGHT NEAR (INTERSECTIONS ONLY),1,725733,3,0,2,0,1,3,1,2,T intersection,2,60,Arterial Other,NILLUMBIK,-37.732105,145.1405,3095.0,True,Reservoir HS,9830.4
T20250021160,2025-10-08,15:15:00,1,Collision with vehicle,1,Sunday,120,HEAD ON (NOT OVERTAKING),1,821149,2,0,1,0,1,2,1,5,Not at intersection,2,60,Arterial Other,MURRINDINDI,-37.54024,145.33847,3763.0,True,Reservoir HS,33927.1
T20210007878,2021-08-04,18:48:00,1,Collision with vehicle,5,Thursday,121,RIGHT THROUGH,3,37480,2,0,0,1,1,2,1,2,T intersection,3,60,Arterial Other,PORT PHILLIP,-37.84843,144.94994,3206.0,True,Preston HS,12886.8
T20220005568,2022-12-03,08:15:00,2,Struck Pedestrian,6,Saturday,106,VEH STRIKES PED ON FOOTPATH/MEDIAN/TRAFFIC ISLAND.,1,813583,1,0,0,1,1,2,1,5,Not at intersection,3,50,Local Road,MERRI-BEK,-37.720238,144.96016,3058.0,True,William Ruthven SC,4597.8
T20210010237,2021-06-05,17:30:00,1,Collision with vehicle,5,Thursday,139,OTHER SAME DIRECTION-MANOUEVRES NOT INCLUDED IN DCAs 130-137,2,686508,2,0,0,1,0,1,2,5,Not at intersection,3,40,Local Road,KINGSTON,-37.97494,145.07358,3194.0,True,Preston HS,26583.7
T20210022591,2021-08-11,18:30:00,1,Collision with vehicle,2,Monday,148,VEHICLE OFF FOOTPATH STRIKES VEH ON CARRIAGEWAY,1,42672,2,0,1,0,1,2,1,2,T intersection,2,60,Arterial Highway,MORELAND,-37.740456,144.95781,3058.0,True,Preston HS,4336.3
T20220025015,2022-06-11,14:20:00,1,Collision with vehicle,1,Sunday,120,HEAD ON (NOT OVERTAKING),1,742813,2,0,1,0,1,2,1,5,Not at intersection,2,80,Local Road,SOUTH GIPPSLAND,-38.418186,145.69781,3945.0,True,Preston HS,96504.4
T20230008116,2023-06-04,10:46:00,2,Struck Pedestrian,4,Thursday,100,PED NEAR SIDE. PED HIT BY VEHICLE FROM THE RIGHT.,1,710526,1,0,0,1,1,2,1,1,Cross intersection,3,60,Arterial Other,MANNINGHAM,-37.79641,145.1791,3111.0,True,Reservoir HS,15521.3
T20240008249,2024-02-04,11:00:00,1,Collision with vehicle,3,Tuesday,133,LANE SIDE SWIPE (VEHICLES IN PARALLEL LANES),1,800821,2,0,0,1,1,2,2,5,Not at intersection,3,999,Local Road,MACEDON RANGES,-37.308147,144.57854,3442.0,True,William Ruthven SC,57158.3
T20220020396,2022-10-09,09:09:00,1,Collision with vehicle,7,Saturday,133,LANE SIDE SWIPE (VEHICLES IN PARALLEL LANES),1,698174,2,0,0,2,1,3,1,1,Cross intersection,3,40,,GEELONG,-38.18086,144.35396,3216.0,True,Preston HS,75254.7
T20230015694,2023-06-07,20:39:00,2,Struck Pedestrian,5,Thursday,100,PED NEAR SIDE. PED HIT BY VEHICLE FROM THE RIGHT.,3,776818,1,0,1,0,1,2,1,5,Not at intersection,2,60,Arterial Other,MARIBYRNONG,-37.79956,144.86223,3012.0,True,Preston HS,14266.6
T20230008161,2023-06-04,18:50:00,2,Struck Pedestrian,5,Thursday,100,PED NEAR SIDE. PED HIT BY VEHICLE FROM THE RIGHT.,9,683791,1,0,0,1,1,2,2,2,T intersection,3,999,Arterial Other,MANNINGHAM,-37.787525,145.12411,3108.0,True,Reservoir HS,11034.9
T20240006183,2024-12-03,07:25:00,1,Collision with vehicle,3,Tuesday,137,LEFT TURN SIDESWIPE,1,800004,2,0,0,1,1,2,1,5,Not at intersection,3,40,Local Road,MELBOURNE,-37.810192,144.96179,3000.0,True,Preston HS,8594.3
T20250020767,2025-06-08,10:33:00,1,Collision with vehicle,3,Wednesday,129,OTHER OPPOSING MANOEUVRES NOT INCLUDED IN DCAs 120-125.,1,821009,2,0,0,1,2,3,2,5,Not at intersection,3,50,Local Road,MERRI-BEK,-37.751163,144.94904,3058.0,True,Preston HS,5212.2
T20240031170,2024-05-12,17:25:00,4,Collision with a fixed object,4,Thursday,171,LEFT OFF CARRIAGEWAY INTO OBJECT/PARKED VEHICLE,1,813397,1,0,1,0,0,1,1,5,Not at intersection,2,80,Arterial Other,SOUTH GIPPSLAND,-38.516853,146.11647,3956.0,True,Preston HS,129786.1
T20210005341,2021-10-03,21:05:00,4,Collision with a fixed object,4,Wednesday,171,LEFT OFF CARRIAGEWAY INTO OBJECT/PARKED VEHICLE,3,684840,1,0,1,0,0,1,1,5,Not at intersection,2,70,Arterial Other,WYNDHAM,-37.87107,144.72752,3029.0,True,Preston HS,28464.6
T20220005398,2022-09-03,09:00:00,2,Struck Pedestrian,4,Wednesday,100,PED NEAR SIDE. PED HIT BY VEHICLE FROM THE RIGHT.,1,720413,1,0,1,0,1,2,2,5,Not at intersection,2,999,,MONASH,-37.891697,145.1438,3149.0,True,Preston HS,20551.8
T20230008669,2023-04-04,12:50:00,1,Collision with vehicle,3,Tuesday,135,LANE CHANGE LEFT (NOT OVERTAKING),9,346677,2,0,0,1,1,2,2,1,Cross intersection,3,50,Arterial Other,MELBOURNE,-37.80589,144.95612,3051.0,True,Preston HS,8427.5
T20220027726,2022-06-12,17:20:00,1,Collision with vehicle,2,Tuesday,140,U TURN,1,740881,2,0,0,1,1,2,1,5,Not at intersection,3,60,Local Road,MELBOURNE,-37.800426,144.9122,3003.0,True,Preston HS,10593.3
T20250015702,2025-12-06,18:10:00,1,Collision with vehicle,5,Thursday,135,LANE CHANGE LEFT (NOT OVERTAKING),3,819268,2,0,1,0,1,2,1,5,Not at intersection,2,80,Arterial Other,CASEY,-38.081882,145.27455,3977.0,True,Preston HS,44512.3
T20220000249,2022-04-01,14:30:00,1,Collision with vehicle,3,Tuesday,147,VEHICLE STRIKES ANOTHER VEH WHILE EMERGING FROM DRIVEWAY,1,701155,2,0,1,0,1,2,2,5,Not at intersection,2,60,Local Road,CASEY,-38.109882,145.28676,3977.0,True,Preston HS,47725.9
T20240011506,2024-06-05,18:45:00,2,Struck Pedestrian,1,Monday,100,PED NEAR SIDE. PED HIT BY VEHICLE FROM THE RIGHT.,5,802928,1,0,0,2,0,2,1,2,T intersection,3,40,Local Road,WYNDHAM,-37.85542,144.74771,3027.0,True,Preston HS,26063.7
T20250003736,2025-12-02,09:01:00,2,Struck Pedestrian,3,Wednesday,102,FAR SIDE. PED HIT BY VEHICLE FROM THE LEFT,1,817146,1,0,0,1,1,2,2,5,Not at intersection,3,50,Local Road,WHITEHORSE,-37.82247,145.17552,3131.0,True,Reservoir HS,16993.0
T20240025114,2024-05-10,11:40:00,1,Collision with vehicle,7,Saturday,135,LANE CHANGE LEFT (NOT OVERTAKING),1,809625,2,0,0,1,1,2,1,5,Not at intersection,3,80,Freeway,MOONEE VALLEY,-37.727997,144.8644,3042.0,True,Preston HS,12641.0
T20240022590,2024-03-08,17:30:00,6,Vehicle overturned (no collision),7,Saturday,174,OUT OF CONTROL ON CARRIAGEWAY (ON STRAIGHT),3,808206,1,0,0,1,0,1,2,5,Not at intersection,3,999,Arterial Other,MERRI-BEK,-37.71382,144.91739,3046.0,True,William Ruthven SC,7771.8
T20250008855,2025-01-04,15:10:00,2,Struck Pedestrian,2,Tuesday,101,PED EMERGES FROM IN FRONT OF PARKED OR STATIONARY VEHICLE,1,821855,1,0,0,1,1,2,2,5,Not at intersection,3,40,Local Road,WYNDHAM,-37.89226,144.59464,3024.0,True,Preston HS,39911.8
T20230002693,2023-03-02,10:40:00,2,Struck Pedestrian,6,Friday,100,PED NEAR SIDE. PED HIT BY VEHICLE FROM THE RIGHT.,1,753278,1,0,0,1,1,2,1,1,Cross intersection,3,40,Local Road,MORELAND,-37.778275,144.9707,3057.0,True,Preston HS,5174.9
T20220012525,2022-02-06,18:30:00,2,Struck Pedestrian,5,Thursday,102,FAR SIDE. PED HIT BY VEHICLE FROM THE LEFT,3,110829,1,1,0,0,1,2,1,5,Not at intersection,1,60,Arterial Other,BRIMBANK,-37.76929,144.83017,3020.0,True,Preston HS,15854.3
T20230000333,2023-06-01,06:50:00,1,Collision with vehicle,6,Friday,130,REAR END(VEHICLES IN SAME LANE),2,777257,2,0,0,1,1,2,2,5,Not at intersection,3,60,Arterial Other,BOROONDARA,-37.81214,145.08148,3103.0,True,Preston HS,10202.1
T20230026471,2023-10-11,09:00:00,1,Collision with vehicle,6,Friday,137,LEFT TURN SIDESWIPE,1,786514,2,0,0,1,1,2,2,1,Cross intersection,3,60,,YARRA,-37.794006,144.98822,3068.0,True,Preston HS,6048.3
T20220022506,2022-06-10,09:50:00,1,Collision with vehicle,5,Thursday,163,VEHICLE STRIKES DOOR OF PARKED/STATIONARY VEHICLE,1,35322,2,0,0,1,2,3,1,1,Cross intersection,3,30,Local Road,MELBOURNE,-37.798676,144.96729,3053.0,True,Preston HS,7237.5
T20220017256,2022-02-08,13:53:00,2,Struck Pedestrian,3,Tuesday,100,PED NEAR SIDE. PED HIT BY VEHICLE FROM THE RIGHT.,1,754311,1,0,1,0,1,2,1,2,T intersection,2,60,Local Road,WHITEHORSE,-37.81035,145.15161,3130.0,True,Reservoir HS,14527.2
T20250000954,2025-12-01,20:11:00,2,Struck Pedestrian,1,Sunday,102,FAR SIDE. PED HIT BY VEHICLE FROM THE LEFT,1,48732,1,0,0,1,1,2,1,2,T intersection,3,60,Arterial Other,BOROONDARA,-37.809532,145.08199,3103.0,True,Preston HS,10010.7
T20230024258,2023-11-10,12:17:00,1,Collision with vehicle,4,Wednesday,121,RIGHT THROUGH,1,36813,2,0,0,1,1,2,1,1,Cross intersection,3,50,Arterial Other,PORT PHILLIP,-37.828957,144.94844,3006.0,True,Preston HS,10986.9
T20250012489,2025-10-05,12:30:00,4,Collision with a fixed object,6,Saturday,171,LEFT OFF CARRIAGEWAY INTO OBJECT/PARKED VEHICLE,1,822004,1,0,1,0,0,1,1,5,Not at intersection,2,888,Local Road,GOLDEN PLAINS,-37.739475,143.80168,3352.0,True,William Ruthven SC,105772.7
T20230029315,2023-11-12,17:16:00,2,Struck Pedestrian,2,Monday,108,PED STRUCK WALKING TO/FROM OR BOARDING/ALIGHTING VEHICLE.,1,805678,1,0,1,0,1,2,1,5,Not at intersection,2,40,Local Road,MANNINGHAM,-37.784096,145.13837,3108.0,True,Reservoir HS,11783.3
T20220003484,2022-11-02,16:30:00,1,Collision with vehicle,5,Friday,137,LEFT TURN SIDESWIPE,1,705552,2,0,0,1,1,2,2,2,T intersection,3,50,Local Road,DAREBIN,-37.76686,144.99919,3070.0,True,Preston HS,2882.8
T20210001222,2021-06-01,17:30:00,6,Vehicle overturned (no collision),3,Wednesday,174,OUT OF CONTROL ON CARRIAGEWAY (ON STRAIGHT),1,673149,1,0,0,1,0,1,2,5,Not at intersection,3,888,Local Road,COLAC OTWAY,-38.73618,143.30388,3237.0,True,Preston HS,185347.1
T20210018769,2021-06-09,13:20:00,2,Struck Pedestrian,2,Monday,100,PED NEAR SIDE. PED HIT BY VEHICLE FROM THE RIGHT.,1,49904,1,0,0,1,1,2,2,2,T intersection,3,50,Arterial Highway,GEELONG,-38.14376,144.3533,3218.0,True,Preston HS,72702.7
T20230008453,2023-11-04,07:41:00,1,Collision with vehicle,2,Tuesday,159,OTHER OVERTAKING MANOEUVRES NOT INCLUDED IN DCAs 150-154,1,768792,2,0,1,0,1,2,1,5,Not at intersection,2,60,Local Road,MORNINGTON PENINSULA,-38.21411,145.04474,3931.0,True,Preston HS,52633.1
T20240006241,2024-12-03,14:01:00,1,Collision with vehicle,3,Tuesday,120,HEAD ON (NOT OVERTAKING),1,801501,2,0,2,0,0,2,1,5,Not at intersection,2,80,,COLAC OTWAY,-38.688957,143.83745,3234.0,True,Preston HS,146750.4
T20250007201,2025-01-03,17:42:00,2,Struck Pedestrian,7,Saturday,102,FAR SIDE. PED HIT BY VEHICLE FROM THE LEFT,1,43051,1,0,0,1,1,2,1,1,Cross intersection,3,50,Local Road,DANDENONG,-37.986214,145.21251,3175.0,True,Preston HS,32624.8
T20230018630,2023-07-08,17:45:00,8,No collision and no object struck,1,Monday,174,OUT OF CONTROL ON CARRIAGEWAY (ON STRAIGHT),2,778685,1,0,1,0,0,1,2,5,Not at intersection,2,60,Arterial Other,KNOX,-37.847816,145.30437,3155.0,True,Reservoir HS,27899.5
T20240006280,2024-08-03,17:30:00,1,Collision with vehicle,6,Friday,113,RIGHT NEAR (INTERSECTIONS ONLY),1,68683,2,0,0,1,1,2,2,3,Y intersection,3,999,Local Road,YARRA RANGES,-37.890938,145.38097,3791.0,True,Reservoir HS,36127.4
T20210010672,2021-12-05,08:30:00,1,Collision with vehicle,4,Wednesday,148,VEHICLE OFF FOOTPATH STRIKES VEH ON CARRIAGEWAY,1,683653,2,0,1,0,1,2,1,5,Not at intersection,2,50,Local Road,KNOX,-37.856834,145.25647,3155.0,True,Reservoir HS,24931.8
T20220015106,2022-02-07,13:00:00,8,No collision and no object struck,7,Saturday,184,OUT OF CONTROL ON CARRIAGEWAY (ON BEND),1,718572,1,0,1,0,0,1,2,5,Not at intersection,2,100,,MITCHELL,-37.284992,145.13187,3658.0,True,William Ruthven SC,47153.6
T20250017778,2025-04-07,11:15:00,2,Struck Pedestrian,6,Friday,106,VEH STRIKES PED ON FOOTPATH/MEDIAN/TRAFFIC ISLAND.,1,824493,1,0,1,1,0,2,1,4,Multiple intersection,2,60,Local Road,GEELONG,-38.175377,144.34238,3216.0,True,Preston HS,75641.5
T20220007428,2022-02-04,14:30:00,8,No collision and no object struck,7,Saturday,174,OUT OF CONTROL ON CARRIAGEWAY (ON STRAIGHT),1,708605,1,0,0,1,0,1,2,5,Not at intersection,3,999,Local Road,MOUNT ALEXANDER,-37.07684,144.12454,3451.0,True,William Ruthven SC,103786.3
T20220019919,2022-03-09,13:10:00,1,Collision with vehicle,6,Saturday,130,REAR END(VEHICLES IN SAME LANE),1,726940,2,0,0,1,1,2,1,5,Not at intersection,3,50,Arterial Highway,MELBOURNE,-37.823418,144.94823,3008.0,True,Preston HS,10456.2
T20230005505,2023-04-03,15:30:00,1,Collision with vehicle,7,Saturday,135,LANE CHANGE LEFT (NOT OVERTAKING),1,761576,2,0,0,1,2,3,2,5,Not at intersection,3,80,Freeway,HOBSONS BAY,-37.835705,144.80453,3025.0,True,Preston HS,20642.9
T20220017872,2022-09-08,21:10:00,2,Struck Pedestrian,3,Tuesday,104,PED WALKING WITH TRAFFIC,5,808315,1,0,1,0,1,2,1,5,Not at intersection,2,999,Local Road,MOORABOOL,-37.5561,143.96518,3352.0,True,William Ruthven SC,92721.2
T20210000603,2021-09-01,09:30:00,1,Collision with vehicle,7,Saturday,148,VEHICLE OFF FOOTPATH STRIKES VEH ON CARRIAGEWAY,1,672902,2,0,1,0,1,2,2,1,Cross intersection,2,80,Local Road,KNOX,-37.926395,145.22018,3178.0,True,Preston HS,27783.9
T20220005619,2022-12-03,20:33:00,2,Struck Pedestrian,7,Saturday,102,FAR SIDE. PED HIT BY VEHICLE FROM THE LEFT,3,711326,1,0,1,0,1,2,1,5,Not at intersection,2,50,Local Road,WHITTLESEA,-37.685577,145.03758,3074.0,True,William Ruthven SC,3278.6