ACCIDENT_NO,ACCIDENT_DATE,ACCIDENT_TIME,ACCIDENT_TYPE,ACCIDENT_TYPE_DESC,DAY_OF_WEEK,DAY_WEEK_DESC,DCA_CODE,DCA_DESC,LIGHT_CONDITION,NODE_ID,NO_OF_VEHICLES,NO_PERSONS_KILLED,NO_PERSONS_INJ_2,NO_PERSONS_INJ_3,NO_PERSONS_NOT_INJ,NO_PERSONS,POLICE_ATTEND,ROAD_GEOMETRY,ROAD_GEOMETRY_DESC,SEVERITY,SPEED_ZONE,RMA,LGA_NAME,LATITUDE,LONGITUDE,POSTCODE_CRASH,PED_OR_CYC,nearest_school,dist_to_gate_m
T20220027498,2022-04-12,13:57:00,1,Collision with vehicle,0,Sunday,130,REAR END(VEHICLES IN SAME LANE),1,743357,2,0,0,1,1,2,1,5,Not at intersection,3,80,Freeway,MARIBYRNONG,-37.8242,144.86618,3013.0,True,Preston HS,15411.8
T20250009363,2025-05-04,10:20:00,1,Collision with vehicle,6,Saturday,163,VEHICLE STRIKES DOOR OF PARKED/STATIONARY VEHICLE,1,820979,2,0,0,1,1,2,2,5,Not at intersection,3,60,Local Road,GLEN EIRA,-37.88866,145.05717,3163.0,True,Preston HS,16922.8
T20210015011,2021-08-07,10:52:00,1,Collision with vehicle,5,Thursday,160,VEHICLE COLLIDES WITH VEHICLE PARKED ON LEFT OF ROAD,1,688465,2,0,0,1,1,2,1,5,Not at intersection,3,70,Arterial Highway,PORT PHILLIP,-37.858345,144.99538,3183.0,True,Preston HS,13011.1
T20230021332,2023-03-09,13:30:00,1,Collision with vehicle,1,Sunday,160,VEHICLE COLLIDES WITH VEHICLE PARKED ON LEFT OF ROAD,1,780857,2,0,0,1,0,1,2,5,Not at intersection,3,60,Arterial Other,MELBOURNE,-37.779343,144.96007,3054.0,True,Preston HS,5883.3
T20220024754,2022-03-11,14:20:00,1,Collision with vehicle,4,Thursday,110,CROSS TRAFFIC(INTERSECTIONS ONLY),1,29749,2,0,0,1,1,2,1,1,Cross intersection,3,60,Local Road,WYNDHAM,-37.890205,144.62544,3024.0,True,Preston HS,37371.9
T20210023423,2021-07-11,14:00:00,4,Collision with a fixed object,1,Sunday,171,LEFT OFF CARRIAGEWAY INTO OBJECT/PARKED VEHICLE,1,697600,2,0,0,1,1,2,2,5,Not at intersection,3,100,Local Road,NILLUMBIK,-37.627384,145.27928,3760.0,True,Reservoir HS,24398.1
T20230023006,2023-02-10,16:30:00,1,Collision with vehicle,2,Monday,116,LEFT NEAR (INTERSECTIONS ONLY),1,29979,2,0,0,1,1,2,1,1,Cross intersection,3,60,Arterial Highway,BENDIGO,-36.75718,144.28603,3550.0,True,William Ruthven SC,122227.3
T20210025466,2021-11-12,22:50:00,1,Collision with vehicle,6,Saturday,133,LANE SIDE SWIPE (VEHICLES IN PARALLEL LANES),3,36312,2,0,0,1,2,3,1,1,Cross intersection,3,50,Local Road,MELBOURNE,-37.80194,144.96523,3053.0,True,Preston HS,7642.8
T20240005750,2024-06-03,21:30:00,1,Collision with vehicle,4,Wednesday,160,VEHICLE COLLIDES WITH VEHICLE PARKED ON LEFT OF ROAD,3,800303,2,0,1,0,0,1,1,5,Not at intersection,2,50,Local Road,GLEN EIRA,-37.881573,145.04657,3145.0,True,Preston HS,15935.0
T20210003477,2021-12-02,16:30:00,1,Collision with vehicle,6,Friday,110,CROSS TRAFFIC(INTERSECTIONS ONLY),1,29737,2,0,1,0,0,1,2,1,Cross intersection,2,50,Local Road,FRANKSTON,-38.145275,145.12311,3199.0,True,Preston HS,46014.1
T20220010191,2022-06-05,16:11:00,1,Collision with vehicle,6,Friday,111,RIGHT FAR (INTERSECTIONS ONLY),1,711717,2,0,0,1,1,2,1,2,T intersection,3,50,Local Road,CARDINIA,-38.058796,145.44057,3810.0,True,Preston HS,51862.9
T20230018290,2023-05-08,23:20:00,2,Struck Pedestrian,7,Saturday,102,FAR SIDE. PED HIT BY VEHICLE FROM THE LEFT,5,778679,1,0,1,0,1,2,1,5,Not at intersection,2,60,Local Road,CASEY,-38.047695,145.30942,3805.0,True,Preston HS,43144.4
T20220028164,2022-11-12,16:45:00,8,No collision and no object struck,1,Sunday,174,OUT OF CONTROL ON CARRIAGEWAY (ON STRAIGHT),2,133986,1,0,0,1,0,1,1,2,T intersection,3,80,Arterial Highway,KINGSTON,-37.97673,145.06668,3194.0,True,Preston HS,26652.4
T20250006263,2025-07-03,17:44:00,1,Collision with vehicle,5,Friday,130,REAR END(VEHICLES IN SAME LANE),1,339644,2,0,0,1,1,2,1,5,Not at intersection,3,60,Arterial Highway,PORT PHILLIP,-37.84811,144.97748,3004.0,True,Preston HS,12115.1
T20220027651,2022-05-12,16:30:00,5,collision with some other object,1,Monday,166,STRUCK OBJECT ON CARRIAGEWAY,1,783446,1,0,0,1,0,1,2,5,Not at intersection,3,30,Arterial Other,PORT PHILLIP,-37.852432,144.98169,3004.0,True,Preston HS,12513.6
T20240021365,2024-10-08,12:00:00,4,Collision with a fixed object,6,Saturday,173,RIGHT OFF CARRIAGEWAY INTO OBJECT/PARKED VEHICLE,1,825132,1,0,1,0,0,1,2,5,Not at intersection,2,999,Local Road,STRATHBOGIE,-36.804314,145.66301,3666.0,True,William Ruthven SC,115132.1
T20240008497,2024-04-04,22:11:00,1,Collision with vehicle,5,Thursday,113,RIGHT NEAR (INTERSECTIONS ONLY),3,10752,2,0,1,0,1,2,1,4,Multiple intersection,2,60,Freeway,MOONEE VALLEY,-37.788857,144.93704,3031.0,True,Preston HS,8088.4
T20230010789,2023-07-05,18:25:00,2,Struck Pedestrian,1,Sunday,100,PED NEAR SIDE. PED HIT BY VEHICLE FROM THE RIGHT.,3,775862,1,0,1,0,1,2,1,2,T intersection,2,50,Local Road,SOUTH GIPPSLAND,-38.473915,145.95445,3953.0,True,Preston HS,116185.0
T20230023894,2023-09-10,14:30:00,8,No collision and no object struck,2,Monday,174,OUT OF CONTROL ON CARRIAGEWAY (ON STRAIGHT),1,782942,1,0,0,1,0,1,2,2,T intersection,3,100,Local Road,WHITTLESEA,-37.515842,145.15417,3757.0,True,William Ruthven SC,24105.5
T20220022887,2022-11-10,15:02:00,1,Collision with vehicle,2,Tuesday,121,RIGHT THROUGH,1,728575,2,0,1,0,1,2,1,1,Cross intersection,2,60,Local Road,YARRA,-37.800175,144.98724,3066.0,True,Preston HS,6732.4
T20240008901,2024-09-04,15:30:00,2,Struck Pedestrian,2,Tuesday,101,PED EMERGES FROM IN FRONT OF PARKED OR STATIONARY VEHICLE,1,801244,1,0,0,1,1,2,1,5,Not at intersection,3,40,Arterial Other,STONNINGTON,-37.833923,145.006,3142.0,True,Preston HS,10255.2
T20250003540,2025-01-02,11:00:00,8,No collision and no object struck,7,Saturday,184,OUT OF CONTROL ON CARRIAGEWAY (ON BEND),1,815086,1,0,1,0,0,1,2,5,Not at intersection,2,100,Arterial Other,BAW BAW,-38.046795,146.42491,3825.0,True,Reservoir HS,127670.6
T20240014254,2024-04-06,08:35:00,2,Struck Pedestrian,2,Tuesday,100,PED NEAR SIDE. PED HIT BY VEHICLE FROM THE RIGHT.,1,39844,1,0,0,1,1,2,1,1,Cross intersection,3,60,Arterial Other,YARRA RANGES,-37.81205,145.33693,3765.0,True,Reservoir HS,28811.4
T20230005625,2023-09-03,07:40:00,2,Struck Pedestrian,5,Thursday,104,PED WALKING WITH TRAFFIC,1,761267,1,0,1,0,1,2,1,5,Not at intersection,2,60,Local Road,INDIGO,-36.046516,146.46748,3685.0,True,William Ruthven SC,225011.6
T20250002776,2025-02-02,14:20:00,8,No collision and no object struck,1,Sunday,179,OTHER ACCIDENTS-OFF STRAIGHT NOT INCLUDED IN DCAs 170-175,1,814616,1,0,1,0,0,1,1,2,T intersection,2,30,Arterial Highway,CASEY,-38.214436,145.38286,3980.0,True,Preston HS,62031.1
T20230005561,2023-06-03,15:30:00,8,No collision and no object struck,1,Monday,174,OUT OF CONTROL ON CARRIAGEWAY (ON STRAIGHT),1,764922,1,0,0,1,0,1,2,5,Not at intersection,3,100,Local Road,EAST GIPPSLAND,-37.223293,148.25186,3885.0,True,Reservoir HS,289727.4
T20240005670,2024-05-03,20:25:00,1,Collision with vehicle,3,Tuesday,113,RIGHT NEAR (INTERSECTIONS ONLY),6,42022,2,0,1,0,1,2,1,2,T intersection,2,60,Arterial Other,BAYSIDE,-37.934776,144.99571,3188.0,True,Preston HS,21492.4
T20210015719,2021-06-07,17:36:00,1,Collision with vehicle,3,Tuesday,121,RIGHT THROUGH,6,66359,2,0,0,1,1,2,2,1,Cross intersection,3,50,Local Road,MELBOURNE,-37.82595,144.96214,3006.0,True,Preston HS,10167.3
T20230028364,2023-01-12,14:45:00,8,No collision and no object struck,6,Friday,184,OUT OF CONTROL ON CARRIAGEWAY (ON BEND),1,203689,1,0,1,0,0,1,1,5,Not at intersection,2,80,Arterial Highway,ALPINE,-36.92183,147.04991,3741.0,True,Reservoir HS,199608.7
T20240000844,2024-12-01,09:15:00,1,Collision with vehicle,6,Friday,148,VEHICLE OFF FOOTPATH STRIKES VEH ON CARRIAGEWAY,1,38779,2,0,1,0,1,2,1,2,T intersection,2,60,Arterial Highway,MARIBYRNONG,-37.814667,144.89977,3013.0,True,Preston HS,12442.3
T20240012112,2024-07-04,20:25:00,2,Struck Pedestrian,1,Sunday,106,VEH STRIKES PED ON FOOTPATH/MEDIAN/TRAFFIC ISLAND.,3,35363,1,0,0,1,1,2,2,1,Cross intersection,3,40,Local Road,MELBOURNE,-37.81156,144.96474,3000.0,True,Preston HS,8614.2
T20210005297,2021-10-03,15:15:00,1,Collision with vehicle,4,Wednesday,121,RIGHT THROUGH,1,37719,2,0,0,1,1,2,1,1,Cross intersection,3,40,Arterial Other,STONNINGTON,-37.8395,144.99562,3141.0,True,Preston HS,10921.6
T20230005938,2023-11-03,17:00:00,7,Fall from or in moving vehicle,6,Saturday,190,FELL IN/FROM VEHICLE,2,777864,1,0,0,1,0,1,2,5,Not at intersection,3,999,Local Road,MOIRA,-35.917763,145.3499,3637.0,True,William Ruthven SC,200187.3
T20230005383,2023-06-03,13:40:00,1,Collision with vehicle,1,Monday,110,CROSS TRAFFIC(INTERSECTIONS ONLY),1,29643,2,0,0,1,1,2,1,1,Cross intersection,3,60,Arterial Other,GLEN EIRA,-37.881428,145.03459,3162.0,True,Preston HS,15723.6
T20230000523,2023-08-01,19:29:00,2,Struck Pedestrian,0,Sunday,100,PED NEAR SIDE. PED HIT BY VEHICLE FROM THE RIGHT.,1,746715,1,0,0,1,1,2,1,5,Not at intersection,3,50,Local Road,PORT PHILLIP,-37.84243,144.94,3207.0,True,Preston HS,12657.8
T20240011077,2024-01-05,16:00:00,8,No collision and no object struck,4,Wednesday,174,OUT OF CONTROL ON CARRIAGEWAY (ON STRAIGHT),1,40190,1,0,1,0,0,1,2,2,T intersection,2,40,Arterial Other,STONNINGTON,-37.85377,145.00746,3181.0,True,Preston HS,12461.7
T20210012692,2021-06-06,11:30:00,8,No collision and no object struck,1,Sunday,182,OFF CARRIAGEWAY ON LEFT BEND,1,685318,1,0,0,1,0,1,2,5,Not at intersection,3,60,,WELLINGTON,-38.22276,146.76622,3847.0,True,Reservoir HS,162086.5
T20240033184,2024-10-12,14:00:00,6,Vehicle overturned (no collision),3,Tuesday,174,OUT OF CONTROL ON CARRIAGEWAY (ON STRAIGHT),1,812950,1,0,1,0,0,1,2,2,T intersection,2,999,Arterial Highway,CORANGAMITE,-38.6122,143.00034,3269.0,True,Preston HS,200339.9
T20220008286,2022-12-04,18:45:00,3,Struck animal,2,Tuesday,167,STRUCK ANIMAL,2,709502,1,0,0,1,0,1,2,5,Not at intersection,3,100,Local Road,NORTHERN GRAMPIANS,-37.027706,142.75047,3380.0,True,William Ruthven SC,212507.4
T20250017747,2025-06-06,15:30:00,6,Vehicle overturned (no collision),5,Friday,174,OUT OF CONTROL ON CARRIAGEWAY (ON STRAIGHT),1,821230,1,0,0,1,0,1,2,5,Not at intersection,3,100,Local Road,YARRIAMBIACK,-35.62593,142.33005,3396.0,True,William Ruthven SC,331414.9
T20220027581,2022-05-12,07:25:00,1,Collision with vehicle,1,Monday,163,VEHICLE STRIKES DOOR OF PARKED/STATIONARY VEHICLE,2,778116,2,0,1,0,1,2,1,5,Not at intersection,2,60,Arterial Other,STONNINGTON,-37.858006,145.05556,3146.0,True,Preston HS,13615.5
T20230003122,2023-08-02,17:30:00,4,Collision with a fixed object,4,Wednesday,183,OFF LEFT BEND INTO OBJECT/PARKED VEHICLE,1,760579,1,0,1,0,0,1,1,5,Not at intersection,2,60,Arterial Other,YARRA RANGES,-37.917637,145.40237,3159.0,True,Reservoir HS,39300.9
T20230025540,2023-01-11,07:44:00,1,Collision with vehicle,4,Wednesday,121,RIGHT THROUGH,1,792118,2,0,0,1,1,2,1,2,T intersection,3,40,Local Road,SWAN HILL,-35.346443,143.54497,3585.0,True,William Ruthven SC,291986.4
T20240002861,2024-04-02,11:00:00,5,collision with some other object,1,Sunday,166,STRUCK OBJECT ON CARRIAGEWAY,1,797617,1,0,0,1,0,1,2,5,Not at intersection,3,100,Local Road,GOLDEN PLAINS,-37.693176,143.70709,3351.0,True,William Ruthven SC,114020.9
T20210026413,2021-10-12,21:30:00,3,Struck animal,5,Friday,167,STRUCK ANIMAL,5,700539,1,0,1,0,0,1,2,5,Not at intersection,2,80,Arterial Other,WHITTLESEA,-37.47822,145.23329,3757.0,True,William Ruthven SC,31640.4
T20250012022,2025-03-05,14:30:00,1,Collision with vehicle,7,Saturday,120,HEAD ON (NOT OVERTAKING),1,818108,2,0,0,2,0,2,2,5,Not at intersection,3,999,Local Road,MURRINDINDI,-37.44024,145.96794,3713.0,True,Reservoir HS,88455.4
T20210022643,2021-06-11,06:45:00,1,Collision with vehicle,7,Saturday,163,VEHICLE STRIKES DOOR OF PARKED/STATIONARY VEHICLE,2,696819,2,0,0,1,1,2,2,5,Not at intersection,3,50,Local Road,KINGSTON,-37.975792,145.05376,3194.0,True,Preston HS,26350.2
T20220022326,2022-03-10,07:20:00,4,Collision with a fixed object,2,Monday,171,LEFT OFF CARRIAGEWAY INTO OBJECT/PARKED VEHICLE,9,985,1,0,1,0,0,1,2,2,T intersection,2,60,Arterial Other,CASEY,-38.035633,145.35417,3806.0,True,Preston HS,44675.3
T20250000645,2025-09-01,00:56:00,4,Collision with a fixed object,5,Thursday,179,OTHER ACCIDENTS-OFF STRAIGHT NOT INCLUDED IN DCAs 170-175,3,813426,1,1,0,0,0,1,1,5,Not at intersection,1,60,Local Road,WYNDHAM,-37.88089,144.60774,3024.0,True,Preston HS,38345.1
T20220017816,2022-09-08,14:49:00,1,Collision with vehicle,2,Tuesday,147,VEHICLE STRIKES ANOTHER VEH WHILE EMERGING FROM DRIVEWAY,1,782641,2,0,0,1,0,1,1,5,Not at intersection,3,70,Arterial Highway,GLEN EIRA,-37.90439,145.04291,3204.0,True,Preston HS,18361.7
T20210020804,2021-12-10,23:00:00,5,collision with some other object,3,Tuesday,166,STRUCK OBJECT ON CARRIAGEWAY,5,695242,1,0,0,1,0,1,2,5,Not at intersection,3,50,Local Road,BOROONDARA,-37.81988,145.03194,3122.0,True,Preston HS,8963.1
T20240014119,2024-03-06,00:35:00,4,Collision with a fixed object,2,Monday,183,OFF LEFT BEND INTO OBJECT/PARKED VEHICLE,3,37339,1,0,1,0,0,1,1,2,T intersection,2,50,Local Road,CASEY,-38.004444,145.28099,3803.0,True,Preston HS,37835.2
T20230030617,2023-09-11,20:00:00,4,Collision with a fixed object,5,Thursday,173,RIGHT OFF CARRIAGEWAY INTO OBJECT/PARKED VEHICLE,1,794836,1,0,1,0,0,1,2,2,T intersection,2,50,Local Road,GEELONG,-38.182777,144.47227,3224.0,True,Preston HS,67851.7
T20220005854,2022-08-02,20:15:00,6,Vehicle overturned (no collision),3,Tuesday,180,OFF CARRIAGEWAY ON RIGHT BEND,9,707588,1,0,0,1,0,1,2,5,Not at intersection,3,100,Arterial Other,WODONGA,-36.246746,146.82202,3691.0,True,William Ruthven SC,228249.6
T20230000413,2023-07-01,09:40:00,1,Collision with vehicle,7,Saturday,113,RIGHT NEAR (INTERSECTIONS ONLY),1,746717,2,0,1,0,1,2,1,2,T intersection,2,60,Arterial Other,BAW BAW,-38.140026,145.85562,3818.0,True,Reservoir HS,86065.9
T20250003570,2025-10-02,15:00:00,1,Collision with vehicle,2,Monday,159,OTHER OVERTAKING MANOEUVRES NOT INCLUDED IN DCAs 150-154,1,814998,2,0,1,0,1,2,1,2,T intersection,2,80,Arterial Other,WHITTLESEA,-37.653297,145.08464,3752.0,True,William Ruthven SC,8646.3
T20210000500,2021-08-01,17:20:00,1,Collision with vehicle,6,Friday,121,RIGHT THROUGH,1,69099,2,0,1,0,1,2,1,2,T intersection,2,50,Local Road,BAYSIDE,-37.905697,145.0038,3186.0,True,Preston HS,18237.9
T20220007519,2022-03-04,11:45:00,1,Collision with vehicle,1,Sunday,120,HEAD ON (NOT OVERTAKING),1,710956,2,0,0,2,0,2,1,5,Not at intersection,3,100,Local Road,BENALLA,-36.88678,145.94012,3669.0,True,William Ruthven SC,122391.1
T20220017706,2022-03-07,13:00:00,4,Collision with a fixed object,0,Sunday,171,LEFT OFF CARRIAGEWAY INTO OBJECT/PARKED VEHICLE,1,720776,1,0,0,1,0,1,2,5,Not at intersection,3,60,Local Road,BENDIGO,-36.824486,144.2501,3555.0,True,William Ruthven SC,117652.4
T20250006221,2025-07-03,08:09:00,1,Collision with vehicle,5,Friday,130,REAR END(VEHICLES IN SAME LANE),1,35340,2,0,0,1,1,2,1,1,Cross intersection,3,60,Arterial Other,YARRA,-37.78865,144.99088,3068.0,True,Preston HS,5411.8
T20230005709,2023-09-03,17:40:00,2,Struck Pedestrian,4,Thursday,107,PED ON FOOTHPATH STRUCK BY VEHENTERING/LEAVING DRIVEWAY.,1,774185,1,0,1,0,1,2,2,5,Not at intersection,2,50,Local Road,CAMPASPE,-36.1394,144.7669,3564.0,True,William Ruthven SC,174413.3
T20220012641,2022-03-06,15:20:00,6,Vehicle overturned (no collision),6,Friday,174,OUT OF CONTROL ON CARRIAGEWAY (ON STRAIGHT),1,52086,2,0,0,1,1,2,2,1,Cross intersection,3,40,Arterial Other,BAW BAW,-38.13546,145.85577,3818.0,True,Reservoir HS,85806.1
T20220010195,2022-06-05,06:05:00,1,Collision with vehicle,5,Friday,163,VEHICLE STRIKES DOOR OF PARKED/STATIONARY VEHICLE,3,711718,2,0,0,1,1,2,2,5,Not at intersection,3,60,Arterial Other,BOROONDARA,-37.80671,145.03104,3101.0,True,Preston HS,7528.8
T20250012502,2025-10-05,15:39:00,1,Collision with vehicle,7,Saturday,121,RIGHT THROUGH,1,43315,2,0,1,0,1,2,1,2,T intersection,2,60,Arterial Highway,KINGSTON,-38.07408,145.122,3197.0,True,Preston HS,38309.0
T20250020582,2025-04-08,11:24:00,3,Struck animal,1,Monday,167,STRUCK ANIMAL,1,824024,1,0,1,0,0,1,1,5,Not at intersection,2,100,Local Road,EAST GIPPSLAND,-37.522957,147.72466,3875.0,True,Reservoir HS,238401.5
T20230005751,2023-10-03,09:10:00,1,Collision with vehicle,5,Friday,130,REAR END(VEHICLES IN SAME LANE),1,777618,2,0,0,1,1,2,1,2,T intersection,3,80,Arterial Other,GOLDEN PLAINS,-37.886497,144.1879,3331.0,True,Preston HS,73741.1
T20230015859,2023-08-07,13:30:00,2,Struck Pedestrian,7,Saturday,108,PED STRUCK WALKING TO/FROM OR BOARDING/ALIGHTING VEHICLE.,1,795993,1,0,0,1,1,2,2,5,Not at intersection,3,40,Local Road,BANYULE,-37.703487,145.10426,3088.0,True,Reservoir HS,6912.7
T20240000732,2024-04-01,12:00:00,6,Vehicle overturned (no collision),5,Thursday,184,OUT OF CONTROL ON CARRIAGEWAY (ON BEND),1,795905,1,0,0,1,0,1,2,5,Not at intersection,3,100,Local Road,WELLINGTON,-37.84694,146.85611,3860.0,True,Reservoir HS,161123.9
T20230011109,2023-12-05,08:00:00,2,Struck Pedestrian,6,Friday,101,PED EMERGES FROM IN FRONT OF PARKED OR STATIONARY VEHICLE,1,775228,1,0,0,1,1,2,1,5,Not at intersection,3,60,Arterial Other,MONASH,-37.8685,145.11668,3149.0,True,Preston HS,17072.7
T20250009235,2025-06-04,00:45:00,8,No collision and no object struck,0,Sunday,174,OUT OF CONTROL ON CARRIAGEWAY (ON STRAIGHT),3,51661,1,0,0,1,0,1,1,1,Cross intersection,3,60,Arterial Other,BENDIGO,-36.76701,144.27516,3550.0,True,William Ruthven SC,121798.7
T20230007554,2023-01-03,12:10:00,6,Vehicle overturned (no collision),4,Wednesday,174,OUT OF CONTROL ON CARRIAGEWAY (ON STRAIGHT),1,704653,2,0,0,1,1,2,1,5,Not at intersection,3,60,Arterial Other,YARRA,-37.7845,144.98282,3068.0,True,Preston HS,5215.8
T20210020417,2021-06-10,15:30:00,1,Collision with vehicle,3,Wednesday,148,VEHICLE OFF FOOTPATH STRIKES VEH ON CARRIAGEWAY,1,809218,2,0,1,0,1,2,2,2,T intersection,2,70,Arterial Other,CASEY,-38.02702,145.25775,3976.0,True,Preston HS,38606.0
T20250008848,2025-02-04,06:45:00,3,Struck animal,4,Wednesday,167,STRUCK ANIMAL,1,819854,1,1,0,0,0,1,1,1,Cross intersection,1,60,Local Road,CENTRAL GOLDFIELDS,-36.86162,143.72614,3472.0,True,William Ruthven SC,146222.2
T20230029220,2023-10-12,14:20:00,1,Collision with vehicle,1,Sunday,110,CROSS TRAFFIC(INTERSECTIONS ONLY),1,805036,2,0,1,0,1,2,1,4,Multiple intersection,2,50,Local Road,HOBSONS BAY,-37.86357,144.89908,3016.0,True,Preston HS,16544.1
T20220006468,2022-08-03,06:18:00,1,Collision with vehicle,3,Tuesday,116,LEFT NEAR (INTERSECTIONS ONLY),2,39651,2,0,0,1,1,2,2,2,T intersection,3,999,Arterial Other,MANNINGHAM,-37.78791,145.23619,3114.0,True,Reservoir HS,19584.9
T20250009311,2025-06-04,15:35:00,1,Collision with vehicle,1,Sunday,113,RIGHT NEAR (INTERSECTIONS ONLY),1,817075,2,0,1,0,2,3,1,1,Cross intersection,2,50,Local Road,GEELONG,-38.21813,144.326,3217.0,True,Preston HS,79812.8
T20220010631,2022-08-05,20:41:00,1,Collision with vehicle,1,Sunday,121,RIGHT THROUGH,3,705,2,0,0,1,1,2,1,1,Cross intersection,3,70,Arterial Other,MONASH,-37.880665,145.093,3148.0,True,Preston HS,17196.4
T20230026896,2023-09-11,14:56:00,2,Struck Pedestrian,4,Thursday,105,PED WALKING AGAINST TRAFFIC.,1,798325,1,0,0,1,1,2,1,5,Not at intersection,3,50,Local Road,LATROBE,-38.235985,146.42792,3840.0,True,Reservoir HS,135225.3
T20240011396,2024-05-05,15:10:00,1,Collision with vehicle,1,Sunday,130,REAR END(VEHICLES IN SAME LANE),1,40140,2,0,1,0,1,2,1,2,T intersection,2,40,Arterial Highway,PORT PHILLIP,-37.872128,144.98965,3184.0,True,Preston HS,14583.7
T20250015599,2025-10-06,08:30:00,2,Struck Pedestrian,3,Tuesday,106,VEH STRIKES PED ON FOOTPATH/MEDIAN/TRAFFIC ISLAND.,1,819515,1,0,0,1,1,2,2,1,Cross intersection,3,60,Local Road,DANDENONG,-37.99984,145.18083,3173.0,True,Preston HS,32503.2
T20220014777,2022-01-07,19:15:00,2,Struck Pedestrian,6,Friday,102,FAR SIDE. PED HIT BY VEHICLE FROM THE LEFT,3,354223,1,0,0,1,1,2,1,1,Cross intersection,3,777,Arterial Highway,DAREBIN,-37.725025,145.02568,3073.0,True,Reservoir HS,438.5
T20210017443,2021-12-08,23:30:00,1,Collision with vehicle,4,Thursday,110,CROSS TRAFFIC(INTERSECTIONS ONLY),3,765180,2,0,1,0,1,2,1,1,Cross intersection,2,60,Arterial Other,BAYSIDE,-37.883812,144.997,3184.0,True,Preston HS,15827.0
T20250010785,2025-11-04,12:00:00,4,Collision with a fixed object,6,Friday,181,OFF RIGHT BEND INTO OBJECT/PARKED VEHICLE,1,817985,1,0,1,0,0,1,1,5,Not at intersection,2,80,Local Road,BALLARAT,-37.373604,143.85486,3364.0,True,William Ruthven SC,107415.7
T20220024326,2022-12-10,12:00:00,4,Collision with a fixed object,4,Wednesday,171,LEFT OFF CARRIAGEWAY INTO OBJECT/PARKED VEHICLE,1,732548,1,0,1,0,0,1,2,5,Not at intersection,2,999,Local Road,MURRINDINDI,-37.281136,145.55096,3717.0,True,William Ruthven SC,66865.8
T20240000692,2024-10-01,16:40:00,1,Collision with vehicle,4,Wednesday,119,OTHER ADJACENT (INTERSECTIONS ONLY),1,53112,2,0,0,1,1,2,1,1,Cross intersection,3,60,Local Road,BALLARAT,-37.58248,143.86082,3350.0,True,William Ruthven SC,101366.0
T20240030822,2024-05-11,19:14:00,1,Collision with vehicle,3,Tuesday,148,VEHICLE OFF FOOTPATH STRIKES VEH ON CARRIAGEWAY,1,44941,2,0,0,1,1,2,1,1,Cross intersection,3,40,Arterial Other,BRIMBANK,-37.744106,144.79889,3021.0,True,Preston HS,18309.7
T20230002745,2023-03-02,18:52:00,2,Struck Pedestrian,5,Friday,102,FAR SIDE. PED HIT BY VEHICLE FROM THE LEFT,1,102203,1,0,0,1,2,3,1,2,T intersection,3,60,Arterial Highway,DANDENONG,-37.97891,145.20782,3175.0,True,Preston HS,31721.0
T20220003745,2021-09-11,20:00:00,2,Struck Pedestrian,2,Tuesday,101,PED EMERGES FROM IN FRONT OF PARKED OR STATIONARY VEHICLE,2,710209,1,0,0,2,1,3,1,5,Not at intersection,3,999,Freeway,STONNINGTON,-37.844772,145.03914,3144.0,True,Preston HS,11801.8
T20240031423,2024-07-12,23:00:00,1,Collision with vehicle,7,Saturday,137,LEFT TURN SIDESWIPE,3,222798,2,0,0,1,1,2,1,1,Cross intersection,3,40,Arterial Other,PORT PHILLIP,-37.834656,144.97432,3004.0,True,Preston HS,10730.1
T20250017924,2025-12-06,08:16:00,1,Collision with vehicle,5,Thursday,147,VEHICLE STRIKES ANOTHER VEH WHILE EMERGING FROM DRIVEWAY,1,820743,2,0,0,1,1,2,1,2,T intersection,3,40,Arterial Other,BOROONDARA,-37.816055,145.04832,3101.0,True,Preston HS,9026.7
T20250020652,2025-04-08,12:55:00,1,Collision with vehicle,1,Monday,147,VEHICLE STRIKES ANOTHER VEH WHILE EMERGING FROM DRIVEWAY,1,822315,2,0,0,1,1,2,2,5,Not at intersection,3,50,Arterial Highway,SURF COAST,-38.324844,144.3178,3228.0,True,Preston HS,88595.3
T20250009072,2025-04-04,09:26:00,1,Collision with vehicle,6,Friday,147,VEHICLE STRIKES ANOTHER VEH WHILE EMERGING FROM DRIVEWAY,1,817136,2,0,0,1,1,2,1,5,Not at intersection,3,50,Arterial Highway,CAMPASPE,-36.140453,144.74608,3564.0,True,William Ruthven SC,174529.6
T20220024652,2022-02-11,12:06:00,1,Collision with vehicle,4,Wednesday,135,LANE CHANGE LEFT (NOT OVERTAKING),1,733900,2,0,1,0,1,2,1,5,Not at intersection,2,80,Arterial Highway,BAYSIDE,-37.903233,145.00746,3187.0,True,Preston HS,17961.7
T20230020465,2023-01-09,15:33:00,2,Struck Pedestrian,6,Friday,102,FAR SIDE. PED HIT BY VEHICLE FROM THE LEFT,1,63532,1,0,0,1,1,2,1,1,Cross intersection,3,777,Arterial Other,BANYULE,-37.756035,145.06464,3084.0,True,Reservoir HS,4857.0