ACCIDENT_NO,ACCIDENT_DATE,ACCIDENT_TIME,ACCIDENT_TYPE,ACCIDENT_TYPE_DESC,DAY_OF_WEEK,DAY_WEEK_DESC,DCA_CODE,DCA_DESC,LIGHT_CONDITION,NODE_ID,NO_OF_VEHICLES,NO_PERSONS_KILLED,NO_PERSONS_INJ_2,NO_PERSONS_INJ_3,NO_PERSONS_NOT_INJ,NO_PERSONS,POLICE_ATTEND,ROAD_GEOMETRY,ROAD_GEOMETRY_DESC,SEVERITY,SPEED_ZONE,RMA,LGA_NAME,LATITUDE,LONGITUDE,POSTCODE_CRASH,PED_OR_CYC,nearest_school,dist_to_gate_m
T20230016095,2023-11-07,19:45:00,6,Vehicle overturned (no collision),3,Tuesday,151,OUT OF CONTROL (OVERTAKING),3,787517,1,0,1,0,0,1,1,5,Not at intersection,2,60,Arterial Highway,MELBOURNE,-37.82474,144.94835,3008.0,True,Preston HS,10579.1
T20220000505,2022-09-01,15:00:00,1,Collision with vehicle,1,Sunday,137,LEFT TURN SIDESWIPE,1,29698,2,0,0,1,1,2,2,1,Cross intersection,3,999,Local Road,KINGSTON,-37.982857,145.0649,3194.0,True,Preston HS,27291.3
T20210008095,2021-11-04,06:09:00,1,Collision with vehicle,0,Sunday,110,CROSS TRAFFIC(INTERSECTIONS ONLY),2,784838,2,0,1,0,2,3,1,1,Cross intersection,2,40,Arterial Other,STONNINGTON,-37.848137,145.00317,3181.0,True,Preston HS,11840.3
T20230026354,2023-08-11,15:40:00,1,Collision with vehicle,4,Wednesday,148,VEHICLE OFF FOOTPATH STRIKES VEH ON CARRIAGEWAY,1,786506,2,0,0,1,1,2,2,5,Not at intersection,3,777,Local Road,MONASH,-37.892338,145.11494,3149.0,True,Preston HS,19243.2
T20250022670,2025-03-08,13:30:00,8,No collision and no object struck,1,Sunday,174,OUT OF CONTROL ON CARRIAGEWAY (ON STRAIGHT),9,642216,1,0,0,1,0,1,2,5,Not at intersection,3,999,Local Road,BAW BAW,-38.000698,146.04417,3831.0,True,Reservoir HS,94305.7
T20220007481,2022-03-04,20:31:00,1,Collision with vehicle,1,Sunday,160,VEHICLE COLLIDES WITH VEHICLE PARKED ON LEFT OF ROAD,3,785132,2,0,1,0,0,1,2,5,Not at intersection,2,30,Local Road,DAREBIN,-37.768803,144.99913,3070.0,True,Preston HS,3094.1
T20230006963,2023-04-03,12:00:00,6,Vehicle overturned (no collision),7,Saturday,180,OFF CARRIAGEWAY ON RIGHT BEND,1,763147,1,0,0,1,0,1,2,5,Not at intersection,3,100,Local Road,MOYNE,-38.303333,142.69588,3265.0,True,Preston HS,211859.4
T20240025302,2024-05-10,18:15:00,2,Struck Pedestrian,7,Saturday,102,FAR SIDE. PED HIT BY VEHICLE FROM THE LEFT,2,35355,1,0,0,2,0,2,2,1,Cross intersection,3,40,Local Road,MELBOURNE,-37.812283,144.96227,3000.0,True,Preston HS,8781.9
T20210012069,2021-12-05,18:15:00,1,Collision with vehicle,4,Wednesday,140,U TURN,3,684348,2,0,0,1,1,2,2,5,Not at intersection,3,40,Local Road,MELBOURNE,-37.806194,144.95996,3053.0,True,Preston HS,8282.2
T20220024941,2022-05-11,14:25:00,2,Struck Pedestrian,7,Saturday,100,PED NEAR SIDE. PED HIT BY VEHICLE FROM THE RIGHT.,1,723204,1,0,0,2,2,4,1,2,T intersection,3,40,Arterial Other,GEELONG,-38.09379,144.34671,3214.0,True,Preston HS,69918.7
T20240011199,2024-03-05,07:50:00,1,Collision with vehicle,6,Friday,136,RIGHT TURN SIDESWIPE,1,3163,2,0,0,1,1,2,2,5,Not at intersection,3,999,Local Road,MORELAND,-37.737713,144.96649,3058.0,True,Preston HS,3598.4
T20230000795,2023-08-01,21:15:00,1,Collision with vehicle,0,Sunday,130,REAR END(VEHICLES IN SAME LANE),9,747588,2,0,1,0,1,2,2,5,Not at intersection,2,60,Arterial Other,MORNINGTON PENINSULA,-38.37396,145.11467,3926.0,True,Preston HS,70932.1
T20220027953,2022-07-12,16:00:00,6,Vehicle overturned (no collision),4,Wednesday,180,OFF CARRIAGEWAY ON RIGHT BEND,1,746192,1,0,1,0,0,1,2,5,Not at intersection,2,100,Arterial Other,CORANGAMITE,-38.392593,143.0767,3266.0,True,Preston HS,183833.4
T20250003166,2025-06-02,12:15:00,2,Struck Pedestrian,4,Thursday,107,PED ON FOOTHPATH STRUCK BY VEHENTERING/LEAVING DRIVEWAY.,1,825221,1,1,0,0,1,2,1,5,Not at intersection,1,888,Arterial Highway,MOYNE,-38.555534,142.82202,3270.0,True,Preston HS,211412.2
T20210007877,2021-08-04,15:37:00,4,Collision with a fixed object,5,Thursday,179,OTHER ACCIDENTS-OFF STRAIGHT NOT INCLUDED IN DCAs 170-175,1,684455,1,0,1,0,0,1,1,5,Not at intersection,2,777,Arterial Highway,PORT PHILLIP,-37.834503,144.97006,3205.0,True,Preston HS,10820.4
T20240014564,2024-07-06,17:00:00,1,Collision with vehicle,6,Friday,121,RIGHT THROUGH,1,29837,2,0,0,1,1,2,1,1,Cross intersection,3,60,Arterial Other,HUME,-37.678944,144.88391,3049.0,True,William Ruthven SC,10659.5
T20220009921,2022-02-04,13:15:00,2,Struck Pedestrian,7,Saturday,108,PED STRUCK WALKING TO/FROM OR BOARDING/ALIGHTING VEHICLE.,1,625146,1,0,0,1,1,2,1,2,T intersection,3,60,Local Road,YARRA,-37.803017,144.97766,3065.0,True,Preston HS,7292.6
T20220022771,2022-06-10,10:00:00,1,Collision with vehicle,5,Thursday,116,LEFT NEAR (INTERSECTIONS ONLY),1,50699,2,0,0,1,1,2,2,2,T intersection,3,60,Arterial Highway,WARRNAMBOOL,-38.382908,142.49031,3280.0,True,Preston HS,231579.7
T20230013275,2023-07-06,17:40:00,2,Struck Pedestrian,3,Wednesday,100,PED NEAR SIDE. PED HIT BY VEHICLE FROM THE RIGHT.,2,776135,1,0,0,1,1,2,1,5,Not at intersection,3,60,Arterial Other,BRIMBANK,-37.702354,144.80191,3036.0,True,William Ruthven SC,17703.0
T20250002772,2025-02-02,08:00:00,1,Collision with vehicle,0,Sunday,133,LANE SIDE SWIPE (VEHICLES IN PARALLEL LANES),1,815912,2,0,0,1,1,2,2,5,Not at intersection,3,80,Arterial Highway,DANDENONG,-37.93819,145.16211,3171.0,True,Preston HS,25742.0
T20210024893,2021-05-12,15:10:00,1,Collision with vehicle,1,Sunday,140,U TURN,1,698816,2,0,1,0,1,2,1,5,Not at intersection,2,80,,BALLARAT,-37.479282,143.83368,3352.0,True,William Ruthven SC,105824.8
T20230028481,2023-02-12,11:00:00,1,Collision with vehicle,7,Saturday,134,LANE CHANGE RIGHT (NOT OVERTAKING),1,56873,2,0,0,1,1,2,2,2,T intersection,3,60,Arterial Highway,MORELAND,-37.738583,144.94058,3044.0,True,Preston HS,5859.5
T20210017209,2021-09-08,10:20:00,2,Struck Pedestrian,2,Monday,107,PED ON FOOTHPATH STRUCK BY VEHENTERING/LEAVING DRIVEWAY.,1,692273,1,0,0,1,1,2,1,5,Not at intersection,3,50,Local Road,BASS COAST,-38.63618,145.71059,3996.0,True,Preston HS,116929.4
T20230014237,2023-11-04,16:45:00,6,Vehicle overturned (no collision),3,Tuesday,174,OUT OF CONTROL ON CARRIAGEWAY (ON STRAIGHT),1,776255,1,0,0,1,0,1,2,2,T intersection,3,100,,WANGARATTA,-36.244938,146.5142,3683.0,True,William Ruthven SC,209939.2
T20230012976,2023-02-06,12:15:00,1,Collision with vehicle,6,Friday,147,VEHICLE STRIKES ANOTHER VEH WHILE EMERGING FROM DRIVEWAY,9,779520,2,0,0,1,1,2,2,5,Not at intersection,3,999,Arterial Highway,MONASH,-37.928036,145.14932,3170.0,True,Preston HS,24192.9
T20210005087,2021-08-03,13:50:00,8,No collision and no object struck,2,Monday,174,OUT OF CONTROL ON CARRIAGEWAY (ON STRAIGHT),1,36972,2,0,0,1,0,1,1,1,Cross intersection,3,40,Local Road,MELBOURNE,-37.81477,144.96901,3000.0,True,Preston HS,8787.6
T20250009609,2025-09-04,18:17:00,1,Collision with vehicle,3,Wednesday,154,PULLING OUT -REAR END,2,825306,2,0,1,0,1,2,1,5,Not at intersection,2,60,Arterial Highway,WHITEHORSE,-37.816895,145.21045,3132.0,True,Reservoir HS,19069.7
T20250016120,2025-02-06,18:25:00,2,Struck Pedestrian,1,Monday,100,PED NEAR SIDE. PED HIT BY VEHICLE FROM THE RIGHT.,2,821134,1,0,0,1,1,2,2,2,T intersection,3,40,Local Road,MELBOURNE,-37.821625,144.96294,3006.0,True,Preston HS,9697.7
T20220017526,2022-05-08,18:40:00,2,Struck Pedestrian,6,Friday,100,PED NEAR SIDE. PED HIT BY VEHICLE FROM THE RIGHT.,3,721234,1,0,1,0,1,2,1,2,T intersection,2,60,Arterial Other,KINGSTON,-38.029835,145.13226,3196.0,True,Preston HS,33869.6
T20230005881,2023-11-03,15:10:00,3,Struck animal,7,Saturday,167,STRUCK ANIMAL,1,766225,1,0,1,0,0,1,1,5,Not at intersection,2,100,Local Road,SOUTHERN GRAMPIANS,-37.524258,142.215,3294.0,True,William Ruthven SC,246320.4
T20240031898,2024-12-12,15:35:00,1,Collision with vehicle,5,Thursday,121,RIGHT THROUGH,1,45570,2,0,1,0,1,2,1,2,T intersection,2,60,Arterial Other,MORELAND,-37.75377,144.94992,3055.0,True,Preston HS,5203.5
T20220017207,2022-01-08,18:55:00,1,Collision with vehicle,1,Monday,121,RIGHT THROUGH,3,780211,2,0,0,1,1,2,1,2,T intersection,3,999,Local Road,PORT PHILLIP,-37.86017,144.99174,3182.0,True,Preston HS,13242.2
T20240005772,2024-07-03,07:55:00,1,Collision with vehicle,5,Thursday,121,RIGHT THROUGH,1,360198,2,0,1,0,1,2,1,1,Cross intersection,2,60,Arterial Highway,BANYULE,-37.752815,145.05031,3079.0,True,Reservoir HS,3849.5
T20220007567,2022-04-04,22:38:00,1,Collision with vehicle,2,Monday,130,REAR END(VEHICLES IN SAME LANE),3,41456,2,0,0,1,1,2,1,1,Cross intersection,3,60,Arterial Other,MOONEE VALLEY,-37.730015,144.92392,3041.0,True,Preston HS,7429.1
T20220001202,2022-10-01,13:45:00,1,Collision with vehicle,1,Monday,110,CROSS TRAFFIC(INTERSECTIONS ONLY),1,51011,2,0,0,1,1,2,2,1,Cross intersection,3,60,Arterial Other,WANGARATTA,-36.365192,146.31488,3677.0,True,William Ruthven SC,188348.8
T20240003350,2024-10-02,15:30:00,2,Struck Pedestrian,7,Saturday,103,PED PLAYING/LYING/WORKING/STANDING ON CARRIAGEWAY.,1,798157,2,0,1,0,1,2,1,5,Not at intersection,2,100,Arterial Other,CASEY,-38.203873,145.26205,3912.0,True,Preston HS,56040.0
T20220022197,2022-02-10,21:00:00,2,Struck Pedestrian,0,Sunday,102,FAR SIDE. PED HIT BY VEHICLE FROM THE LEFT,5,43887,1,0,0,1,1,2,1,1,Cross intersection,3,50,Local Road,CASEY,-38.10129,145.27852,3977.0,True,Preston HS,46535.8
T20240005887,2024-07-03,12:42:00,1,Collision with vehicle,4,Thursday,163,VEHICLE STRIKES DOOR OF PARKED/STATIONARY VEHICLE,1,65547,2,0,0,1,2,3,1,1,Cross intersection,3,40,Local Road,YARRA,-37.80605,144.98006,3065.0,True,Preston HS,7539.8
T20220005239,2022-08-03,16:20:00,1,Collision with vehicle,3,Tuesday,160,VEHICLE COLLIDES WITH VEHICLE PARKED ON LEFT OF ROAD,1,708739,2,0,1,1,1,3,1,5,Not at intersection,2,60,Arterial Other,MANNINGHAM,-37.7473,145.20822,3113.0,True,Reservoir HS,15967.1
T20220012813,2022-06-06,16:30:00,1,Collision with vehicle,2,Monday,143,ENTERING PARKING,1,714825,2,0,1,0,1,2,1,2,T intersection,2,60,Arterial Other,YARRA,-37.816597,145.00885,3121.0,True,Preston HS,8329.6
T20220002130,2022-04-01,12:30:00,5,collision with some other object,3,Tuesday,166,STRUCK OBJECT ON CARRIAGEWAY,1,703411,1,0,0,1,0,1,2,5,Not at intersection,3,888,Local Road,BAW BAW,-37.835503,146.1755,3833.0,True,Reservoir HS,101507.9
T20250006237,2025-07-03,07:37:00,2,Struck Pedestrian,5,Friday,103,PED PLAYING/LYING/WORKING/STANDING ON CARRIAGEWAY.,1,816907,2,0,1,0,1,2,1,5,Not at intersection,2,50,Local Road,GEELONG,-38.182625,144.35214,3216.0,True,Preston HS,75502.9
T20240031060,2024-04-12,15:45:00,1,Collision with vehicle,4,Wednesday,121,RIGHT THROUGH,1,813347,2,0,0,1,1,2,2,5,Not at intersection,3,60,Arterial Other,MERRI-BEK,-37.74742,144.96553,3058.0,True,Preston HS,3710.1
T20240029973,2024-11-11,17:09:00,1,Collision with vehicle,1,Monday,121,RIGHT THROUGH,1,36378,2,0,0,1,1,2,2,2,T intersection,3,40,Local Road,MELBOURNE,-37.799667,144.97012,3053.0,True,Preston HS,7218.8
T20210022746,2021-10-11,17:20:00,1,Collision with vehicle,4,Wednesday,121,RIGHT THROUGH,1,42734,2,0,0,2,0,2,1,1,Cross intersection,3,40,Local Road,KINGSTON,-37.96618,145.05556,3192.0,True,Preston HS,25321.0
T20250005697,2025-02-03,21:37:00,1,Collision with vehicle,0,Sunday,130,REAR END(VEHICLES IN SAME LANE),3,817414,2,0,0,1,2,3,1,5,Not at intersection,3,40,Local Road,YARRA,-37.819164,145.00378,3121.0,True,Preston HS,8618.5
T20230006193,2023-05-03,19:10:00,8,No collision and no object struck,0,Sunday,174,OUT OF CONTROL ON CARRIAGEWAY (ON STRAIGHT),2,250680,1,0,1,0,0,1,2,1,Cross intersection,2,40,Local Road,YARRA,-37.79816,144.9844,3066.0,True,Preston HS,6587.5
T20250009004,2025-03-04,15:15:00,1,Collision with vehicle,5,Thursday,130,REAR END(VEHICLES IN SAME LANE),1,816988,2,0,1,0,1,2,1,5,Not at intersection,2,80,Freeway,YARRA,-37.83161,144.99048,3121.0,True,Preston HS,10103.7
T20240014843,2024-11-06,10:45:00,2,Struck Pedestrian,2,Tuesday,102,FAR SIDE. PED HIT BY VEHICLE FROM THE LEFT,1,805224,1,0,0,1,1,2,1,2,T intersection,3,80,Arterial Highway,WHITEHORSE,-37.83709,145.17206,3131.0,True,Reservoir HS,17883.8
T20240031910,2024-12-12,16:29:00,1,Collision with vehicle,4,Thursday,121,RIGHT THROUGH,1,308256,2,0,0,1,1,2,1,1,Cross intersection,3,80,Arterial Highway,MORNINGTON PENINSULA,-38.223038,145.05307,3931.0,True,Preston HS,53673.8
T20220002809,2022-09-02,08:20:00,1,Collision with vehicle,3,Wednesday,137,LEFT TURN SIDESWIPE,1,29389,2,0,0,1,1,2,1,1,Cross intersection,3,40,Local Road,MELBOURNE,-37.79684,144.96461,3053.0,True,Preston HS,7179.2
T20250005980,2025-05-03,10:50:00,2,Struck Pedestrian,4,Wednesday,100,PED NEAR SIDE. PED HIT BY VEHICLE FROM THE RIGHT.,1,132378,1,0,0,1,1,2,2,5,Not at intersection,3,60,Arterial Other,BOROONDARA,-37.80097,145.06248,3103.0,True,Preston HS,8193.2
T20220011627,2022-02-04,13:20:00,8,No collision and no object struck,7,Saturday,174,OUT OF CONTROL ON CARRIAGEWAY (ON STRAIGHT),1,713137,1,0,0,1,0,1,2,5,Not at intersection,3,999,Local Road,BAYSIDE,-37.960457,145.04782,3192.0,True,Preston HS,24586.0
T20210000670,2021-11-01,12:00:00,1,Collision with vehicle,2,Monday,148,VEHICLE OFF FOOTPATH STRIKES VEH ON CARRIAGEWAY,1,672819,2,0,1,0,1,2,1,5,Not at intersection,2,60,Arterial Other,BASS COAST,-38.6371,145.715,3996.0,True,Preston HS,117219.2
T20220017487,2022-02-08,06:30:00,1,Collision with vehicle,2,Tuesday,113,RIGHT NEAR (INTERSECTIONS ONLY),2,784057,2,0,0,1,1,2,2,2,T intersection,3,40,Arterial Other,BOROONDARA,-37.82791,145.02689,3122.0,True,Preston HS,9742.6
T20220024818,2022-04-11,08:39:00,1,Collision with vehicle,5,Friday,110,CROSS TRAFFIC(INTERSECTIONS ONLY),1,733710,2,0,0,1,1,2,1,1,Cross intersection,3,60,,MELTON,-37.692314,144.54822,3338.0,True,William Ruthven SC,40016.4
T20210015099,2021-09-07,11:30:00,1,Collision with vehicle,6,Friday,113,RIGHT NEAR (INTERSECTIONS ONLY),1,298824,3,0,1,1,1,3,1,2,T intersection,2,80,Local Road,NILLUMBIK,-37.61082,145.17476,3754.0,True,Reservoir HS,17822.4
T20240031389,2024-06-12,22:49:00,1,Collision with vehicle,6,Friday,163,VEHICLE STRIKES DOOR OF PARKED/STATIONARY VEHICLE,3,37708,2,0,1,0,2,3,1,2,T intersection,2,40,Local Road,STONNINGTON,-37.850853,144.99352,3181.0,True,Preston HS,12195.8
T20210025409,2021-12-12,01:15:00,1,Collision with vehicle,1,Sunday,163,VEHICLE STRIKES DOOR OF PARKED/STATIONARY VEHICLE,3,37703,3,0,1,0,5,6,1,2,T intersection,2,40,Local Road,STONNINGTON,-37.849033,144.99379,3181.0,True,Preston HS,11992.0
T20220012827,2022-06-06,19:20:00,1,Collision with vehicle,2,Monday,110,CROSS TRAFFIC(INTERSECTIONS ONLY),3,36808,2,0,1,0,1,2,1,1,Cross intersection,2,60,Arterial Other,MELBOURNE,-37.810955,144.94783,3008.0,True,Preston HS,9297.2
T20220000179,2022-04-01,08:29:00,3,Struck animal,3,Tuesday,167,STRUCK ANIMAL,1,702899,1,0,0,1,0,1,1,5,Not at intersection,3,80,Local Road,NILLUMBIK,-37.61595,145.1883,3099.0,True,Reservoir HS,18322.4
T20240011088,2024-02-05,08:20:00,1,Collision with vehicle,5,Thursday,140,U TURN,1,806080,2,0,0,1,1,2,2,5,Not at intersection,3,50,Local Road,YARRA,-37.828773,144.98848,3121.0,True,Preston HS,9819.4
T20240031454,2024-08-12,08:50:00,1,Collision with vehicle,1,Sunday,133,LANE SIDE SWIPE (VEHICLES IN PARALLEL LANES),1,812819,2,0,1,0,1,2,1,5,Not at intersection,2,999,Arterial Other,MELTON,-37.75415,144.70361,3029.0,True,Preston HS,26719.7
T20220015341,2022-08-07,17:50:00,1,Collision with vehicle,5,Friday,121,RIGHT THROUGH,3,478,2,0,1,0,1,2,1,4,Multiple intersection,2,60,Arterial Other,BOROONDARA,-37.80748,145.02888,3101.0,True,Preston HS,7560.7
T20210003235,2021-12-02,11:19:00,8,No collision and no object struck,5,Friday,182,OFF CARRIAGEWAY ON LEFT BEND,1,773770,1,0,0,1,0,1,1,5,Not at intersection,3,100,Arterial Other,MURRINDINDI,-37.247654,145.17064,3658.0,True,William Ruthven SC,52060.4
T20230023354,2023-06-10,15:14:00,1,Collision with vehicle,6,Friday,114,TWO RIGHT TURNING (INTERSECTIONS ONLY),1,46519,2,0,1,0,1,2,1,2,T intersection,2,60,Arterial Other,STONNINGTON,-37.84698,144.995,3181.0,True,Preston HS,11754.8
T20240000289,2024-05-01,10:00:00,1,Collision with vehicle,6,Friday,137,LEFT TURN SIDESWIPE,1,33663,2,0,0,1,1,2,2,2,T intersection,3,60,Arterial Highway,MORNINGTON PENINSULA,-38.364727,144.87178,3940.0,True,Preston HS,70283.3
T20210010567,2021-11-05,07:50:00,2,Struck Pedestrian,3,Tuesday,100,PED NEAR SIDE. PED HIT BY VEHICLE FROM THE RIGHT.,1,689695,1,0,0,1,1,2,1,5,Not at intersection,3,50,Arterial Other,MELBOURNE,-37.80131,144.95671,3051.0,True,Preston HS,7971.9
T20230018811,2023-12-08,11:25:00,8,No collision and no object struck,7,Saturday,184,OUT OF CONTROL ON CARRIAGEWAY (ON BEND),1,805741,1,0,1,0,0,1,1,5,Not at intersection,2,100,Local Road,MURRINDINDI,-37.27465,145.54532,3717.0,True,William Ruthven SC,67011.2
T20250016087,2025-12-06,08:30:00,1,Collision with vehicle,4,Thursday,163,VEHICLE STRIKES DOOR OF PARKED/STATIONARY VEHICLE,1,819398,2,0,0,1,1,2,2,5,Not at intersection,3,50,Local Road,KINGSTON,-37.99246,145.08737,3195.0,True,Preston HS,28759.8
T20210022676,2021-09-11,18:17:00,1,Collision with vehicle,3,Tuesday,110,CROSS TRAFFIC(INTERSECTIONS ONLY),1,696799,2,0,0,1,1,2,1,4,Multiple intersection,3,60,Arterial Other,DAREBIN,-37.7377,145.00009,3072.0,True,Preston HS,760.1
T20240028601,2024-09-11,21:16:00,1,Collision with vehicle,7,Saturday,116,LEFT NEAR (INTERSECTIONS ONLY),3,222137,2,0,0,1,2,3,1,2,T intersection,3,60,Arterial Highway,BAYSIDE,-37.884083,144.99709,3186.0,True,Preston HS,15856.7
T20230016899,2023-12-07,08:10:00,6,Vehicle overturned (no collision),3,Wednesday,151,OUT OF CONTROL (OVERTAKING),2,777490,1,0,0,1,0,1,2,5,Not at intersection,3,50,Local Road,WHITTLESEA,-37.688473,145.03043,3074.0,True,William Ruthven SC,2575.7
T20230029367,2023-12-12,07:32:00,1,Collision with vehicle,3,Tuesday,110,CROSS TRAFFIC(INTERSECTIONS ONLY),1,63322,2,0,1,0,1,2,1,1,Cross intersection,2,60,Arterial Other,MOONEE VALLEY,-37.749474,144.90923,3040.0,True,Preston HS,8648.6
T20230000378,2023-06-01,16:50:00,1,Collision with vehicle,6,Friday,130,REAR END(VEHICLES IN SAME LANE),1,746746,2,0,1,0,1,2,1,5,Not at intersection,2,999,Freeway,WHITEHORSE,-37.798264,145.1384,3129.0,True,Reservoir HS,12766.2
T20220028162,2022-11-12,13:39:00,8,No collision and no object struck,1,Sunday,174,OUT OF CONTROL ON CARRIAGEWAY (ON STRAIGHT),1,22736,1,0,1,0,0,1,1,1,Cross intersection,2,50,Arterial Other,MOORABOOL,-37.60016,144.22546,3342.0,True,William Ruthven SC,69288.4
T20210005120,2021-06-02,11:30:00,6,Vehicle overturned (no collision),7,Saturday,174,OUT OF CONTROL ON CARRIAGEWAY (ON STRAIGHT),1,814532,1,0,0,1,0,1,2,2,T intersection,3,40,Local Road,WELLINGTON,-37.78609,146.97122,3860.0,True,Reservoir HS,170860.1
T20210015371,2021-12-07,19:25:00,2,Struck Pedestrian,2,Monday,106,VEH STRIKES PED ON FOOTPATH/MEDIAN/TRAFFIC ISLAND.,3,37951,1,0,0,2,1,3,1,2,T intersection,3,40,Local Road,DAREBIN,-37.765656,144.9994,3070.0,True,Preston HS,2748.5
T20250017619,2025-02-07,18:54:00,2,Struck Pedestrian,4,Wednesday,100,PED NEAR SIDE. PED HIT BY VEHICLE FROM THE RIGHT.,3,50099,1,0,1,0,1,2,1,1,Cross intersection,2,60,Arterial Highway,GEELONG,-38.17048,144.39146,3219.0,True,Preston HS,72018.1
T20220002373,2022-04-02,15:05:00,2,Struck Pedestrian,6,Friday,100,PED NEAR SIDE. PED HIT BY VEHICLE FROM THE RIGHT.,1,38572,1,0,0,1,1,2,1,1,Cross intersection,3,40,Arterial Highway,WHITTLESEA,-37.697838,145.05884,3083.0,True,Reservoir HS,3763.8
T20220027798,2022-06-12,22:00:00,1,Collision with vehicle,3,Tuesday,133,LANE SIDE SWIPE (VEHICLES IN PARALLEL LANES),5,760923,2,0,0,2,0,2,1,5,Not at intersection,3,80,Arterial Other,KNOX,-37.903446,145.21483,3179.0,True,Preston HS,25620.0
T20240031132,2024-05-12,11:30:00,1,Collision with vehicle,5,Thursday,110,CROSS TRAFFIC(INTERSECTIONS ONLY),1,63558,2,0,0,1,1,2,1,1,Cross intersection,3,50,Local Road,MOONEE VALLEY,-37.75651,144.93018,3040.0,True,Preston HS,6960.6
T20210025062,2021-08-12,02:15:00,8,No collision and no object struck,3,Wednesday,182,OFF CARRIAGEWAY ON LEFT BEND,3,813778,1,0,0,1,0,1,1,5,Not at intersection,3,50,Local Road,WHITTLESEA,-37.60048,144.99933,3750.0,True,William Ruthven SC,10686.2
T20220020221,2022-07-09,18:52:00,1,Collision with vehicle,3,Wednesday,154,PULLING OUT -REAR END,1,731898,2,0,1,0,1,2,1,5,Not at intersection,2,80,Freeway,BRIMBANK,-37.725945,144.86273,3042.0,True,William Ruthven SC,12764.1
T20220027561,2022-03-12,15:00:00,2,Struck Pedestrian,7,Saturday,108,PED STRUCK WALKING TO/FROM OR BOARDING/ALIGHTING VEHICLE.,1,739719,2,0,1,0,2,3,2,5,Not at intersection,2,60,Local Road,BAYSIDE,-37.964252,145.04623,3192.0,True,Preston HS,24984.0
T20250009308,2025-06-04,17:35:00,1,Collision with vehicle,1,Sunday,139,OTHER SAME DIRECTION-MANOUEVRES NOT INCLUDED IN DCAs 130-137,3,817094,2,0,0,1,1,2,1,5,Not at intersection,3,70,Arterial Highway,YARRA,-37.809,144.99147,3067.0,True,Preston HS,7608.5
T20230005690,2023-08-03,23:00:00,2,Struck Pedestrian,3,Wednesday,102,FAR SIDE. PED HIT BY VEHICLE FROM THE LEFT,3,773556,1,0,0,1,1,2,2,5,Not at intersection,3,40,Local Road,MELBOURNE,-37.807186,144.95963,3000.0,True,Preston HS,8392.3
T20220000164,2022-03-01,15:03:00,1,Collision with vehicle,2,Monday,148,VEHICLE OFF FOOTPATH STRIKES VEH ON CARRIAGEWAY,1,43129,2,0,1,0,1,2,1,1,Cross intersection,2,50,Local Road,CASEY,-37.995087,145.23802,3177.0,True,Preston HS,34709.2
T20250011731,2025-02-05,17:30:00,3,Struck animal,5,Friday,167,STRUCK ANIMAL,2,817913,1,0,1,0,0,1,1,5,Not at intersection,2,80,Local Road,YARRA RANGES,-37.61589,145.3709,3775.0,True,Reservoir HS,32306.8
T20220014808,2022-02-07,12:15:00,1,Collision with vehicle,6,Saturday,137,LEFT TURN SIDESWIPE,1,36278,2,0,0,1,1,2,1,1,Cross intersection,3,999,Local Road,MELBOURNE,-37.80456,144.96326,3053.0,True,Preston HS,7981.4
T20220013297,2022-12-06,18:30:00,2,Struck Pedestrian,0,Sunday,102,FAR SIDE. PED HIT BY VEHICLE FROM THE LEFT,3,715050,1,0,1,0,1,2,1,5,Not at intersection,2,50,,CARDINIA,-38.073208,145.438,3810.0,True,Preston HS,52801.1
T20220019826,2022-02-09,10:30:00,1,Collision with vehicle,6,Friday,148,VEHICLE OFF FOOTPATH STRIKES VEH ON CARRIAGEWAY,1,289523,2,0,1,0,1,2,1,5,Not at intersection,2,50,Local Road,MELBOURNE,-37.7778,144.9582,3056.0,True,Preston HS,5881.5
T20220005845,2022-11-03,20:50:00,2,Struck Pedestrian,5,Friday,101,PED EMERGES FROM IN FRONT OF PARKED OR STATIONARY VEHICLE,6,712943,1,0,0,1,1,2,2,5,Not at intersection,3,999,Local Road,BRIMBANK,-37.782913,144.77222,3026.0,True,Preston HS,21149.8
T20220005298,2022-09-03,09:35:00,1,Collision with vehicle,4,Wednesday,134,LANE CHANGE RIGHT (NOT OVERTAKING),1,706313,2,0,1,0,1,2,1,5,Not at intersection,2,60,Arterial Other,MELBOURNE,-37.80642,144.96066,3053.0,True,Preston HS,8273.5
T20230003731,2022-12-06,15:30:00,4,Collision with a fixed object,1,Sunday,171,LEFT OFF CARRIAGEWAY INTO OBJECT/PARKED VEHICLE,1,755494,1,0,0,1,0,1,2,5,Not at intersection,3,999,Local Road,BENDIGO,-36.762547,144.27388,3550.0,True,William Ruthven SC,122280.9
T20240005619,2024-05-03,13:20:00,2,Struck Pedestrian,3,Tuesday,102,FAR SIDE. PED HIT BY VEHICLE FROM THE LEFT,1,800661,1,0,0,1,1,2,1,1,Cross intersection,3,50,Arterial Other,MONASH,-37.923794,145.12,3168.0,True,Preston HS,22545.2
T20220027399,2022-03-12,10:15:00,2,Struck Pedestrian,7,Saturday,100,PED NEAR SIDE. PED HIT BY VEHICLE FROM THE RIGHT.,1,740677,1,0,1,0,2,3,1,5,Not at intersection,2,50,,MOONEE VALLEY,-37.756073,144.9158,3040.0,True,Preston HS,8184.8