ACCIDENT_NO,ACCIDENT_DATE,ACCIDENT_TIME,ACCIDENT_TYPE,ACCIDENT_TYPE_DESC,DAY_OF_WEEK,DAY_WEEK_DESC,DCA_CODE,DCA_DESC,LIGHT_CONDITION,NODE_ID,NO_OF_VEHICLES,NO_PERSONS_KILLED,NO_PERSONS_INJ_2,NO_PERSONS_INJ_3,NO_PERSONS_NOT_INJ,NO_PERSONS,POLICE_ATTEND,ROAD_GEOMETRY,ROAD_GEOMETRY_DESC,SEVERITY,SPEED_ZONE,RMA,LGA_NAME,LATITUDE,LONGITUDE,POSTCODE_CRASH,PED_OR_CYC,nearest_school,dist_to_gate_m
T20220027488,2022-04-12,07:45:00,2,Struck Pedestrian,1,Sunday,100,PED NEAR SIDE. PED HIT BY VEHICLE FROM THE RIGHT.,1,851,1,0,1,0,1,2,1,1,Cross intersection,2,60,Arterial Other,MORELAND,-37.72746,144.96368,3058.0,True,Preston HS,4133.6
T20220009367,2022-01-04,22:15:00,1,Collision with vehicle,6,Friday,169,OTHER ON PATH,5,710778,2,0,0,1,0,1,2,5,Not at intersection,3,999,Local Road,BASS COAST,-38.454407,145.22116,3922.0,True,Preston HS,81432.9
T20230003290,2023-10-02,16:40:00,1,Collision with vehicle,6,Friday,147,VEHICLE STRIKES ANOTHER VEH WHILE EMERGING FROM DRIVEWAY,9,754654,2,0,0,1,1,2,2,5,Not at intersection,3,999,Local Road,WYNDHAM,-37.90003,144.75168,3030.0,True,Preston HS,28518.2
T20220017412,2022-04-08,06:35:00,2,Struck Pedestrian,4,Thursday,102,FAR SIDE. PED HIT BY VEHICLE FROM THE LEFT,3,720447,1,0,1,1,0,2,1,5,Not at intersection,2,50,Local Road,MELBOURNE,-37.792145,144.96022,3052.0,True,Preston HS,6960.2
T20240014446,2024-11-05,11:50:00,1,Collision with vehicle,7,Saturday,163,VEHICLE STRIKES DOOR OF PARKED/STATIONARY VEHICLE,1,804831,2,0,0,1,1,2,2,1,Cross intersection,3,60,Arterial Other,YARRA,-37.82696,145.00954,3121.0,True,Preston HS,9482.9
T20230018605,2023-09-08,22:14:00,4,Collision with a fixed object,3,Wednesday,173,RIGHT OFF CARRIAGEWAY INTO OBJECT/PARKED VEHICLE,3,805632,1,0,1,0,0,1,1,2,T intersection,2,60,Local Road,MELTON,-37.664658,144.57193,3337.0,True,William Ruthven SC,38099.9
T20240020482,2024-12-08,15:15:00,2,Struck Pedestrian,2,Monday,102,FAR SIDE. PED HIT BY VEHICLE FROM THE LEFT,1,808118,1,0,1,0,1,2,1,5,Not at intersection,2,60,Arterial Other,GLEN EIRA,-37.886425,145.0393,3163.0,True,Preston HS,16339.4
T20220007564,2022-04-04,21:45:00,2,Struck Pedestrian,2,Monday,100,PED NEAR SIDE. PED HIT BY VEHICLE FROM THE RIGHT.,3,710083,1,0,1,0,1,2,1,1,Cross intersection,2,60,Arterial Highway,MORELAND,-37.741318,144.96655,3058.0,True,Preston HS,3565.8
T20220002565,2022-03-02,18:15:00,1,Collision with vehicle,4,Thursday,110,CROSS TRAFFIC(INTERSECTIONS ONLY),1,36733,2,0,0,1,1,2,9,1,Cross intersection,3,999,Local Road,YARRA,-37.799473,144.99983,3067.0,True,Preston HS,6455.8
T20230029079,2023-08-12,17:00:00,3,Struck animal,6,Friday,167,STRUCK ANIMAL,1,803740,1,0,1,0,0,1,1,5,Not at intersection,2,100,Arterial Highway,TOWONG,-36.175575,147.541,3701.0,True,Reservoir HS,281756.1
T20250003040,2025-05-02,10:06:00,1,Collision with vehicle,4,Wednesday,121,RIGHT THROUGH,1,814747,2,0,0,1,5,6,1,1,Cross intersection,3,40,Local Road,DAREBIN,-37.76934,144.999,3070.0,True,Preston HS,3154.8
T20210003090,2021-10-02,16:40:00,1,Collision with vehicle,4,Wednesday,116,LEFT NEAR (INTERSECTIONS ONLY),1,50318,2,0,1,0,1,2,1,1,Cross intersection,2,80,,SURF COAST,-38.28844,144.34355,3217.0,True,Preston HS,84113.2
T20230023711,2023-11-10,13:30:00,6,Vehicle overturned (no collision),4,Wednesday,174,OUT OF CONTROL ON CARRIAGEWAY (ON STRAIGHT),1,785776,1,0,1,0,0,1,1,5,Not at intersection,2,60,Arterial Other,YARRA RANGES,-37.55871,145.86359,3779.0,True,Reservoir HS,75672.2
T20210008779,2021-07-04,17:30:00,4,Collision with a fixed object,4,Wednesday,183,OFF LEFT BEND INTO OBJECT/PARKED VEHICLE,9,682047,1,0,0,1,0,1,2,5,Not at intersection,3,999,Local Road,NILLUMBIK,-37.643433,145.27213,3759.0,True,Reservoir HS,23094.7
T20240014557,2024-04-06,15:34:00,6,Vehicle overturned (no collision),3,Tuesday,179,OTHER ACCIDENTS-OFF STRAIGHT NOT INCLUDED IN DCAs 170-175,1,8589,1,0,1,0,0,1,1,2,T intersection,2,80,,DANDENONG,-38.028713,145.21254,3175.0,True,Preston HS,36654.9
T20240031883,2024-12-12,08:58:00,1,Collision with vehicle,4,Thursday,147,VEHICLE STRIKES ANOTHER VEH WHILE EMERGING FROM DRIVEWAY,1,812368,2,0,0,1,3,4,1,5,Not at intersection,3,40,Local Road,WHITTLESEA,-37.66495,145.05186,3082.0,True,William Ruthven SC,5552.9
T20230012501,2023-04-05,17:15:00,1,Collision with vehicle,5,Thursday,110,CROSS TRAFFIC(INTERSECTIONS ONLY),2,29359,2,0,0,1,1,2,2,1,Cross intersection,3,40,Local Road,YARRA,-37.781982,144.97162,3054.0,True,Preston HS,5458.1
T20230010610,2023-06-05,06:20:00,1,Collision with vehicle,7,Saturday,116,LEFT NEAR (INTERSECTIONS ONLY),3,346758,2,0,0,1,1,2,2,2,T intersection,3,70,Arterial Other,MONASH,-37.903885,145.16374,3150.0,True,Preston HS,22683.1
T20230026358,2023-10-11,14:50:00,4,Collision with a fixed object,5,Friday,183,OFF LEFT BEND INTO OBJECT/PARKED VEHICLE,1,790556,1,0,1,0,0,1,1,5,Not at intersection,2,100,Arterial Other,MURRINDINDI,-37.557922,145.47888,3777.0,True,Reservoir HS,43598.6
T20240016860,2024-03-07,18:37:00,1,Collision with vehicle,4,Wednesday,140,U TURN,3,809424,2,0,1,1,1,3,1,5,Not at intersection,2,40,Local Road,WHITTLESEA,-37.591625,145.09337,3754.0,True,William Ruthven SC,14121.6
T20230005251,2023-04-03,23:10:00,2,Struck Pedestrian,7,Saturday,104,PED WALKING WITH TRAFFIC,3,758918,1,0,1,0,1,2,1,5,Not at intersection,2,60,Arterial Highway,SOUTH GIPPSLAND,-38.438816,145.82806,3950.0,True,Preston HS,105689.9
T20240002753,2024-02-02,18:14:00,6,Vehicle overturned (no collision),5,Friday,180,OFF CARRIAGEWAY ON RIGHT BEND,1,798121,1,0,1,0,0,1,1,5,Not at intersection,2,100,Local Road,ALPINE,-36.759857,146.93268,3740.0,True,Reservoir HS,199596.4
T20250018142,2025-08-07,12:01:00,2,Struck Pedestrian,3,Tuesday,102,FAR SIDE. PED HIT BY VEHICLE FROM THE LEFT,1,41375,1,0,1,0,1,2,1,4,Multiple intersection,2,50,Arterial Other,GLEN EIRA,-37.88969,145.0448,3163.0,True,Preston HS,16785.7
T20210019085,2021-12-09,14:20:00,4,Collision with a fixed object,1,Sunday,171,LEFT OFF CARRIAGEWAY INTO OBJECT/PARKED VEHICLE,1,692551,3,1,1,0,1,3,1,5,Not at intersection,1,60,Arterial Other,HOBSONS BAY,-37.83711,144.8939,3015.0,True,Preston HS,14543.1
T20230007939,2023-04-04,12:05:00,1,Collision with vehicle,3,Tuesday,121,RIGHT THROUGH,1,38266,3,0,1,0,2,3,1,2,T intersection,2,70,Arterial Other,MANNINGHAM,-37.773796,145.09464,3105.0,True,Reservoir HS,8097.1
T20240017470,2024-08-07,14:30:00,1,Collision with vehicle,2,Monday,148,VEHICLE OFF FOOTPATH STRIKES VEH ON CARRIAGEWAY,1,806382,2,0,0,1,1,2,1,5,Not at intersection,3,50,Local Road,CARDINIA,-38.081505,145.4452,3810.0,True,Preston HS,53896.3
T20220005191,2022-07-03,13:12:00,1,Collision with vehicle,2,Monday,139,OTHER SAME DIRECTION-MANOUEVRES NOT INCLUDED IN DCAs 130-137,1,65367,2,0,0,1,1,2,1,2,T intersection,3,40,Local Road,YARRA,-37.801952,144.98686,3066.0,True,Preston HS,6931.9
T20240017487,2024-11-07,12:25:00,1,Collision with vehicle,5,Thursday,130,REAR END(VEHICLES IN SAME LANE),1,808554,2,0,0,1,1,2,1,5,Not at intersection,3,80,Arterial Highway,WHITEHORSE,-37.85883,145.19823,3133.0,True,Reservoir HS,21218.6
T20240028309,2024-06-11,08:20:00,1,Collision with vehicle,3,Wednesday,121,RIGHT THROUGH,1,40181,2,0,1,0,1,2,2,1,Cross intersection,2,60,Local Road,PORT PHILLIP,-37.862965,145.0034,3183.0,True,Preston HS,13488.0
T20220004548,2022-01-03,07:35:00,2,Struck Pedestrian,2,Tuesday,103,PED PLAYING/LYING/WORKING/STANDING ON CARRIAGEWAY.,1,61038,2,0,0,1,1,2,1,1,Cross intersection,3,40,Arterial Other,HUME,-37.598976,144.94173,3064.0,True,William Ruthven SC,12115.4
T20240005464,2024-02-03,19:30:00,5,collision with some other object,7,Saturday,171,LEFT OFF CARRIAGEWAY INTO OBJECT/PARKED VEHICLE,1,800141,1,0,0,1,0,1,1,5,Not at intersection,3,100,,MACEDON RANGES,-37.3937,144.83406,3756.0,True,William Ruthven SC,36820.8
T20240031642,2024-10-12,09:24:00,1,Collision with vehicle,3,Tuesday,133,LANE SIDE SWIPE (VEHICLES IN PARALLEL LANES),1,814940,2,0,1,0,1,2,1,5,Not at intersection,2,100,Arterial Highway,FRANKSTON,-38.08689,145.23753,3977.0,True,Preston HS,43380.9
T20250012700,2025-12-05,14:50:00,2,Struck Pedestrian,2,Monday,103,PED PLAYING/LYING/WORKING/STANDING ON CARRIAGEWAY.,1,818367,1,0,0,1,2,3,2,1,Cross intersection,3,40,Local Road,KINGSTON,-37.96705,145.05603,3192.0,True,Preston HS,25423.3
T20230007790,2023-02-04,21:20:00,1,Collision with vehicle,1,Sunday,116,LEFT NEAR (INTERSECTIONS ONLY),3,787405,2,0,0,1,1,2,1,2,T intersection,3,40,,MELBOURNE,-37.81036,144.97258,3002.0,True,Preston HS,8215.4
T20240008806,2024-08-04,16:18:00,2,Struck Pedestrian,2,Monday,100,PED NEAR SIDE. PED HIT BY VEHICLE FROM THE RIGHT.,2,801167,1,0,1,0,1,2,1,5,Not at intersection,2,40,Local Road,MELBOURNE,-37.807,144.95982,3000.0,True,Preston HS,8366.1
T20240027723,2024-01-11,08:30:00,1,Collision with vehicle,6,Friday,148,VEHICLE OFF FOOTPATH STRIKES VEH ON CARRIAGEWAY,1,278821,2,0,0,1,1,2,1,1,Cross intersection,3,40,Local Road,HUME,-37.57533,144.92088,3064.0,True,William Ruthven SC,15294.8
T20230005803,2023-10-03,18:15:00,1,Collision with vehicle,6,Friday,132,RIGHT REAR.,1,29469,2,0,1,0,1,2,1,2,T intersection,2,60,Arterial Other,STONNINGTON,-37.831673,144.98888,3141.0,True,Preston HS,10131.9
T20240019452,2024-01-08,12:28:00,1,Collision with vehicle,5,Thursday,136,RIGHT TURN SIDESWIPE,1,806944,2,1,0,0,1,2,1,2,T intersection,1,50,Local Road,WYNDHAM,-37.871674,144.66374,3030.0,True,Preston HS,33448.7
T20240008954,2024-10-04,08:28:00,1,Collision with vehicle,4,Wednesday,147,VEHICLE STRIKES ANOTHER VEH WHILE EMERGING FROM DRIVEWAY,1,39992,2,0,1,0,1,2,1,2,T intersection,2,60,Arterial Other,HOBSONS BAY,-37.847794,144.88672,3015.0,True,Preston HS,15844.7
T20230028613,2023-04-12,13:15:00,1,Collision with vehicle,2,Monday,110,CROSS TRAFFIC(INTERSECTIONS ONLY),1,43575,2,0,1,0,1,2,1,1,Cross intersection,2,50,Local Road,MORNINGTON PENINSULA,-38.18991,145.08263,3930.0,True,Preston HS,50276.6
T20230018572,2023-09-08,17:20:00,2,Struck Pedestrian,4,Wednesday,102,FAR SIDE. PED HIT BY VEHICLE FROM THE LEFT,1,39273,1,0,0,1,2,3,1,1,Cross intersection,3,60,Arterial Highway,WHITEHORSE,-37.816826,145.11504,3128.0,True,Preston HS,12640.2
T20240006347,2024-05-03,17:20:00,1,Collision with vehicle,2,Tuesday,147,VEHICLE STRIKES ANOTHER VEH WHILE EMERGING FROM DRIVEWAY,1,801747,2,0,0,1,1,2,2,5,Not at intersection,3,999,Local Road,SHEPPARTON,-36.384373,145.41258,3630.0,True,William Ruthven SC,150366.6
T20250006232,2025-07-03,15:00:00,2,Struck Pedestrian,5,Friday,100,PED NEAR SIDE. PED HIT BY VEHICLE FROM THE RIGHT.,1,820697,1,0,0,1,1,2,2,5,Not at intersection,3,777,Arterial Other,STONNINGTON,-37.86227,145.02756,3143.0,True,Preston HS,13526.7
T20240017435,2024-08-07,17:15:00,1,Collision with vehicle,1,Monday,111,RIGHT FAR (INTERSECTIONS ONLY),1,806289,2,0,0,1,1,2,2,1,Cross intersection,3,50,Local Road,DAREBIN,-37.70337,145.01555,3073.0,True,William Ruthven SC,1340.8
T20220005263,2022-08-03,19:47:00,1,Collision with vehicle,3,Tuesday,121,RIGHT THROUGH,2,718438,2,0,1,0,1,2,1,1,Cross intersection,2,60,Local Road,KINGSTON,-37.95744,145.05196,3190.0,True,Preston HS,24310.4
T20220005350,2022-09-03,15:30:00,1,Collision with vehicle,4,Wednesday,120,HEAD ON (NOT OVERTAKING),1,54858,2,0,2,0,1,3,1,2,T intersection,2,100,Local Road,TOWONG,-36.645027,147.29599,3701.0,True,Reservoir HS,233806.1
T20220000696,2022-12-01,16:45:00,2,Struck Pedestrian,4,Wednesday,100,PED NEAR SIDE. PED HIT BY VEHICLE FROM THE RIGHT.,1,290,1,0,1,0,1,2,1,1,Cross intersection,2,60,Arterial Other,YARRA,-37.81182,145.00041,3121.0,True,Preston HS,7819.1
T20220024643,2022-02-11,09:20:00,1,Collision with vehicle,4,Wednesday,121,RIGHT THROUGH,1,35414,2,0,0,1,1,2,1,1,Cross intersection,3,60,Arterial Other,STONNINGTON,-37.834843,144.99655,3141.0,True,Preston HS,10398.4
T20220022948,2022-12-10,06:54:00,1,Collision with vehicle,4,Wednesday,111,RIGHT FAR (INTERSECTIONS ONLY),2,29540,2,0,1,0,1,2,1,1,Cross intersection,2,60,Arterial Other,BOROONDARA,-37.7953,145.03629,3101.0,True,Preston HS,6488.9
T20230010901,2023-10-05,07:20:00,2,Struck Pedestrian,4,Wednesday,100,PED NEAR SIDE. PED HIT BY VEHICLE FROM THE RIGHT.,2,787189,1,0,0,1,1,2,1,5,Not at intersection,3,50,Arterial Other,MORELAND,-37.73977,144.94562,3044.0,True,Preston HS,5410.3
T20230029405,2023-07-11,11:00:00,5,collision with some other object,3,Tuesday,166,STRUCK OBJECT ON CARRIAGEWAY,1,803006,1,0,0,1,0,1,2,5,Not at intersection,3,100,,GOLDEN PLAINS,-37.77151,143.74147,3352.0,True,William Ruthven SC,111249.5
T20240002765,2024-04-02,11:30:00,1,Collision with vehicle,1,Sunday,130,REAR END(VEHICLES IN SAME LANE),1,798040,2,0,1,0,1,2,1,5,Not at intersection,2,60,Arterial Other,CARDINIA,-37.924324,145.48459,3782.0,True,Reservoir HS,45854.1
T20230000459,2023-07-01,09:23:00,1,Collision with vehicle,6,Saturday,130,REAR END(VEHICLES IN SAME LANE),1,777635,2,0,0,1,1,2,2,5,Not at intersection,3,60,Arterial Other,YARRA RANGES,-37.88282,145.39064,3788.0,True,Reservoir HS,36407.1
T20220007861,2022-07-04,11:25:00,3,Struck animal,5,Thursday,167,STRUCK ANIMAL,1,711513,1,0,1,0,0,1,1,5,Not at intersection,2,100,Arterial Highway,MOIRA,-36.023117,146.14156,3730.0,True,William Ruthven SC,211856.4
T20240019870,2024-03-08,11:30:00,6,Vehicle overturned (no collision),6,Saturday,174,OUT OF CONTROL ON CARRIAGEWAY (ON STRAIGHT),1,807256,1,0,0,1,0,1,2,5,Not at intersection,3,999,Arterial Other,ALPINE,-36.52054,146.76897,3737.0,True,William Ruthven SC,204011.7
T20210004921,2021-06-03,10:59:00,8,No collision and no object struck,7,Saturday,179,OTHER ACCIDENTS-OFF STRAIGHT NOT INCLUDED IN DCAs 170-175,1,729986,1,0,1,0,0,1,1,5,Not at intersection,2,60,Local Road,MELBOURNE,-37.789608,144.92339,3031.0,True,Preston HS,9084.2
T20220028505,2022-09-12,07:58:00,2,Struck Pedestrian,5,Friday,100,PED NEAR SIDE. PED HIT BY VEHICLE FROM THE RIGHT.,2,64279,1,0,0,1,1,2,2,2,T intersection,3,60,Arterial Other,MANNINGHAM,-37.7773,145.08556,3105.0,True,Reservoir HS,7851.5
T20230008065,2023-05-04,17:13:00,1,Collision with vehicle,4,Wednesday,121,RIGHT THROUGH,1,775349,2,0,1,0,1,2,1,2,T intersection,2,50,Local Road,BRIMBANK,-37.726685,144.79643,3038.0,True,William Ruthven SC,18476.9
T20220002595,2022-07-02,08:10:00,2,Struck Pedestrian,2,Monday,100,PED NEAR SIDE. PED HIT BY VEHICLE FROM THE RIGHT.,1,706901,1,0,0,1,1,2,1,1,Cross intersection,3,60,Arterial Highway,WARRNAMBOOL,-38.380596,142.48605,3280.0,True,Preston HS,231859.0
T20250015569,2025-11-06,08:50:00,2,Struck Pedestrian,4,Wednesday,100,PED NEAR SIDE. PED HIT BY VEHICLE FROM THE RIGHT.,1,823334,1,0,1,0,1,2,1,2,T intersection,2,40,Local Road,WYNDHAM,-37.85119,144.72702,3029.0,True,Preston HS,27456.2
T20220002978,2022-11-02,12:36:00,8,No collision and no object struck,6,Friday,170,OFF CARRIAGEWAY TO LEFT,1,704652,1,0,0,1,0,1,1,5,Not at intersection,3,60,Local Road,BENDIGO,-36.72385,144.30212,3550.0,True,William Ruthven SC,124701.0
T20220005284,2022-08-02,13:30:00,8,No collision and no object struck,3,Tuesday,174,OUT OF CONTROL ON CARRIAGEWAY (ON STRAIGHT),1,706312,1,0,0,1,0,1,2,2,T intersection,3,60,Arterial Other,MACEDON RANGES,-37.360577,144.52722,3442.0,True,William Ruthven SC,56176.2
T20250006745,2025-06-03,18:20:00,6,Vehicle overturned (no collision),4,Thursday,174,OUT OF CONTROL ON CARRIAGEWAY (ON STRAIGHT),1,816168,1,0,0,1,0,1,1,5,Not at intersection,3,60,Local Road,MERRI-BEK,-37.748558,144.93518,3044.0,True,Preston HS,6369.5
T20230023596,2023-10-10,09:38:00,1,Collision with vehicle,3,Tuesday,136,RIGHT TURN SIDESWIPE,1,782631,2,0,1,0,1,2,1,2,T intersection,2,60,Arterial Other,YARRA,-37.7849,145.0022,3068.0,True,Preston HS,4822.9
T20240005294,2024-01-03,11:15:00,2,Struck Pedestrian,5,Friday,100,PED NEAR SIDE. PED HIT BY VEHICLE FROM THE RIGHT.,1,799023,1,0,0,1,1,2,2,2,T intersection,3,999,Local Road,MORELAND,-37.766838,144.96039,3056.0,True,Preston HS,4967.6
T20240028297,2024-02-11,09:00:00,5,collision with some other object,7,Saturday,189,OTHER ACCIDENTS ON CURVE NOT INCLUDED IN DCAs 180-184,1,810620,1,0,0,1,0,1,2,5,Not at intersection,3,80,Arterial Highway,EAST GIPPSLAND,-37.55548,147.88632,3893.0,True,Reservoir HS,252232.7
T20240024749,2024-01-10,08:06:00,1,Collision with vehicle,3,Tuesday,163,VEHICLE STRIKES DOOR OF PARKED/STATIONARY VEHICLE,1,809133,2,0,1,0,1,2,1,5,Not at intersection,2,999,Local Road,MERRI-BEK,-37.761635,144.96992,3056.0,True,Preston HS,3949.5
T20210019236,2021-10-09,15:35:00,8,No collision and no object struck,6,Friday,174,OUT OF CONTROL ON CARRIAGEWAY (ON STRAIGHT),1,38901,2,0,1,0,2,3,2,4,Multiple intersection,2,60,Arterial Other,BOROONDARA,-37.806854,145.03064,3101.0,True,Preston HS,7534.4
T20230005441,2023-07-03,10:55:00,1,Collision with vehicle,3,Tuesday,142,LEAVING PARKING,1,759212,2,0,1,0,1,2,1,5,Not at intersection,2,50,Local Road,HOBSONS BAY,-37.83245,144.89354,3015.0,True,Preston HS,14192.0
T20220001201,2022-06-01,15:00:00,8,No collision and no object struck,5,Thursday,182,OFF CARRIAGEWAY ON LEFT BEND,1,702440,1,0,0,1,0,1,2,5,Not at intersection,3,100,Local Road,MURRINDINDI,-37.21732,145.6381,3714.0,True,William Ruthven SC,77344.1
T20230021463,2023-08-09,17:40:00,2,Struck Pedestrian,6,Friday,102,FAR SIDE. PED HIT BY VEHICLE FROM THE LEFT,2,790276,1,0,0,1,1,2,2,5,Not at intersection,3,40,Local Road,MARIBYRNONG,-37.80023,144.8939,3011.0,True,Preston HS,11889.3
T20230005488,2023-07-03,13:25:00,1,Collision with vehicle,3,Tuesday,160,VEHICLE COLLIDES WITH VEHICLE PARKED ON LEFT OF ROAD,1,778204,2,0,1,0,0,1,1,5,Not at intersection,2,40,Local Road,STONNINGTON,-37.851044,144.99348,3181.0,True,Preston HS,12217.3
T20250021144,2025-09-08,22:45:00,1,Collision with vehicle,6,Saturday,154,PULLING OUT -REAR END,6,821051,2,0,0,1,1,2,2,5,Not at intersection,3,40,Arterial Other,MELBOURNE,-37.813725,144.95169,3008.0,True,Preston HS,9373.2
T20220007901,2022-08-04,15:29:00,1,Collision with vehicle,6,Friday,147,VEHICLE STRIKES ANOTHER VEH WHILE EMERGING FROM DRIVEWAY,1,129949,2,0,1,0,6,7,1,5,Not at intersection,2,80,Arterial Other,CASEY,-38.00495,145.27364,3803.0,True,Preston HS,37472.5
T20240003011,2024-07-02,06:55:00,1,Collision with vehicle,4,Wednesday,135,LANE CHANGE LEFT (NOT OVERTAKING),2,797711,2,0,0,1,1,2,1,5,Not at intersection,3,100,Freeway,WHITTLESEA,-37.628323,144.9941,3076.0,True,William Ruthven SC,7625.6
T20220028338,2022-12-12,20:24:00,2,Struck Pedestrian,1,Monday,100,PED NEAR SIDE. PED HIT BY VEHICLE FROM THE RIGHT.,1,35355,1,0,0,1,1,2,1,1,Cross intersection,3,40,Local Road,MELBOURNE,-37.812283,144.96227,3000.0,True,Preston HS,8781.9
T20210011065,2021-09-05,11:00:00,1,Collision with vehicle,1,Sunday,120,HEAD ON (NOT OVERTAKING),1,686509,2,0,0,1,1,2,9,5,Not at intersection,3,999,Local Road,BANYULE,-37.739437,145.10516,3093.0,True,Reservoir HS,6926.7
T20240017756,2024-06-07,08:24:00,8,No collision and no object struck,7,Saturday,174,OUT OF CONTROL ON CARRIAGEWAY (ON STRAIGHT),1,806322,1,0,1,0,0,1,2,5,Not at intersection,2,80,Arterial Other,KNOX,-37.847527,145.23016,3152.0,True,Reservoir HS,22468.8
T20250014803,2025-02-06,18:02:00,1,Collision with vehicle,2,Monday,121,RIGHT THROUGH,3,44899,2,0,0,1,2,3,1,1,Cross intersection,3,70,Arterial Other,BRIMBANK,-37.768574,144.7681,3023.0,True,Preston HS,21223.0
T20210013648,2021-12-06,19:30:00,2,Struck Pedestrian,7,Saturday,102,FAR SIDE. PED HIT BY VEHICLE FROM THE LEFT,9,29466,1,0,0,1,0,1,2,1,Cross intersection,3,999,Arterial Highway,STONNINGTON,-37.850666,144.9842,3181.0,True,Preston HS,12282.4
T20220010360,2022-08-05,17:40:00,1,Collision with vehicle,1,Sunday,133,LANE SIDE SWIPE (VEHICLES IN PARALLEL LANES),3,712500,2,0,0,1,1,2,1,5,Not at intersection,3,60,Arterial Other,MARIBYRNONG,-37.778255,144.87602,3012.0,True,Preston HS,12219.0
T20220004567,2022-01-03,18:00:00,1,Collision with vehicle,3,Tuesday,116,LEFT NEAR (INTERSECTIONS ONLY),1,676131,2,0,0,1,1,2,1,1,Cross intersection,3,50,Local Road,WYNDHAM,-37.88921,144.77132,3030.0,True,Preston HS,26419.8
T20230015987,2023-01-07,11:40:00,1,Collision with vehicle,6,Saturday,121,RIGHT THROUGH,1,63803,2,0,0,1,1,2,2,2,T intersection,3,999,Local Road,MORELAND,-37.76385,144.95885,3056.0,True,Preston HS,4905.2
T20240028215,2024-06-11,11:55:00,8,No collision and no object struck,4,Wednesday,182,OFF CARRIAGEWAY ON LEFT BEND,1,814116,1,0,0,1,0,1,2,5,Not at intersection,3,100,Arterial Other,EAST GIPPSLAND,-37.0864,148.38452,3885.0,True,Reservoir HS,304658.6
T20240008266,2024-02-04,07:40:00,1,Collision with vehicle,3,Tuesday,110,CROSS TRAFFIC(INTERSECTIONS ONLY),2,44922,2,0,0,1,1,2,2,1,Cross intersection,3,50,Local Road,GLENELG,-38.350567,141.60617,3305.0,True,Preston HS,305390.0
T20210020474,2021-08-10,20:10:00,2,Struck Pedestrian,6,Friday,102,FAR SIDE. PED HIT BY VEHICLE FROM THE LEFT,3,694880,1,0,1,1,4,6,1,5,Not at intersection,2,60,Local Road,MARIBYRNONG,-37.79611,144.88597,3011.0,True,Preston HS,12246.0
T20230020122,2023-07-08,05:45:00,6,Vehicle overturned (no collision),2,Monday,174,OUT OF CONTROL ON CARRIAGEWAY (ON STRAIGHT),3,198777,1,0,1,0,0,1,2,5,Not at intersection,2,60,Arterial Other,MARIBYRNONG,-37.77922,144.8476,3019.0,True,Preston HS,14628.9
T20220015049,2022-05-07,14:50:00,4,Collision with a fixed object,2,Tuesday,181,OFF RIGHT BEND INTO OBJECT/PARKED VEHICLE,1,719329,1,0,1,0,0,1,1,5,Not at intersection,2,60,Arterial Other,NILLUMBIK,-37.622723,145.21852,3099.0,True,Reservoir HS,19997.5
T20220020038,2022-03-09,11:00:00,6,Vehicle overturned (no collision),7,Saturday,179,OTHER ACCIDENTS-OFF STRAIGHT NOT INCLUDED IN DCAs 170-175,1,724364,1,0,0,1,0,1,2,5,Not at intersection,3,60,Arterial Highway,HORSHAM,-36.7351,142.20549,3400.0,True,William Ruthven SC,269791.4
T20240028482,2024-05-11,17:40:00,2,Struck Pedestrian,3,Tuesday,102,FAR SIDE. PED HIT BY VEHICLE FROM THE LEFT,1,301787,1,0,0,1,1,2,2,1,Cross intersection,3,60,Local Road,KINGSTON,-38.05594,145.11803,3196.0,True,Preston HS,36272.2
T20220025877,2022-09-11,16:30:00,8,No collision and no object struck,4,Wednesday,180,OFF CARRIAGEWAY ON RIGHT BEND,1,735894,1,0,1,0,0,1,2,5,Not at intersection,2,60,,MITCHELL,-37.025406,145.20332,3660.0,True,William Ruthven SC,76698.2
T20240005775,2024-07-03,06:38:00,1,Collision with vehicle,5,Thursday,116,LEFT NEAR (INTERSECTIONS ONLY),2,35642,2,0,1,0,1,2,1,1,Cross intersection,2,80,Arterial Highway,MORNINGTON PENINSULA,-38.2204,145.05681,3931.0,True,Preston HS,53407.0
T20250019290,2025-05-07,14:00:00,6,Vehicle overturned (no collision),6,Saturday,170,OFF CARRIAGEWAY TO LEFT,1,820435,1,0,0,1,0,1,2,5,Not at intersection,3,80,Arterial Other,CARDINIA,-37.883083,145.5318,3781.0,True,Reservoir HS,47618.8
T20230020958,2023-07-09,11:27:00,1,Collision with vehicle,5,Thursday,111,RIGHT FAR (INTERSECTIONS ONLY),1,72296,2,0,0,1,1,2,1,3,Y intersection,3,50,Local Road,FRANKSTON,-38.166,145.11256,3199.0,True,Preston HS,48077.5
T20210025501,2021-12-12,15:30:00,6,Vehicle overturned (no collision),1,Sunday,174,OUT OF CONTROL ON CARRIAGEWAY (ON STRAIGHT),1,699401,1,0,2,0,0,2,1,5,Not at intersection,2,80,Arterial Other,HUME,-37.541058,144.95453,3064.0,True,William Ruthven SC,17807.9