ACCIDENT_NO,ACCIDENT_DATE,ACCIDENT_TIME,ACCIDENT_TYPE,ACCIDENT_TYPE_DESC,DAY_OF_WEEK,DAY_WEEK_DESC,DCA_CODE,DCA_DESC,LIGHT_CONDITION,NODE_ID,NO_OF_VEHICLES,NO_PERSONS_KILLED,NO_PERSONS_INJ_2,NO_PERSONS_INJ_3,NO_PERSONS_NOT_INJ,NO_PERSONS,POLICE_ATTEND,ROAD_GEOMETRY,ROAD_GEOMETRY_DESC,SEVERITY,SPEED_ZONE,RMA,LGA_NAME,LATITUDE,LONGITUDE,POSTCODE_CRASH,PED_OR_CYC,nearest_school,dist_to_gate_m
T20210008310,2021-12-04,23:56:00,1,Collision with vehicle,1,Monday,110,CROSS TRAFFIC(INTERSECTIONS ONLY),3,680683,2,0,0,1,1,2,1,1,Cross intersection,3,50,Local Road,MORELAND,-37.718292,144.96777,3060.0,True,William Ruthven SC,3930.6
T20210004964,2021-06-03,18:45:00,1,Collision with vehicle,7,Saturday,132,RIGHT REAR.,1,677588,2,0,0,1,1,2,1,5,Not at intersection,3,40,Local Road,MELBOURNE,-37.82746,144.96082,3006.0,True,Preston HS,10367.1
T20240003151,2024-08-02,16:10:00,2,Struck Pedestrian,4,Thursday,100,PED NEAR SIDE. PED HIT BY VEHICLE FROM THE RIGHT.,1,38165,1,0,0,1,2,3,1,1,Cross intersection,3,60,Arterial Other,BANYULE,-37.771793,145.04674,3079.0,True,Preston HS,4831.3
T20250009362,2025-07-04,11:30:00,1,Collision with vehicle,2,Monday,120,HEAD ON (NOT OVERTAKING),1,817185,2,0,1,0,1,2,1,5,Not at intersection,2,60,Arterial Highway,YARRA,-37.796738,144.99348,3067.0,True,Preston HS,6235.9
T20220000441,2022-08-01,08:40:00,1,Collision with vehicle,7,Saturday,110,CROSS TRAFFIC(INTERSECTIONS ONLY),1,73402,2,0,1,0,1,2,1,1,Cross intersection,2,60,Local Road,SURF COAST,-38.326717,144.32367,3228.0,True,Preston HS,88398.4
T20230021206,2023-10-09,17:15:00,8,No collision and no object struck,1,Sunday,174,OUT OF CONTROL ON CARRIAGEWAY (ON STRAIGHT),1,792069,1,0,1,0,0,1,1,5,Not at intersection,2,100,Local Road,YARRIAMBIACK,-36.53888,142.40143,3390.0,True,William Ruthven SC,264142.7
T20220022748,2022-09-10,15:45:00,2,Struck Pedestrian,1,Sunday,106,VEH STRIKES PED ON FOOTPATH/MEDIAN/TRAFFIC ISLAND.,1,783161,1,0,0,1,1,2,2,5,Not at intersection,3,40,Local Road,MELBOURNE,-37.8151,144.96635,3000.0,True,Preston HS,8912.9
T20220009941,2022-03-05,13:30:00,1,Collision with vehicle,3,Tuesday,130,REAR END(VEHICLES IN SAME LANE),1,716399,2,0,0,1,1,2,2,5,Not at intersection,3,50,Arterial Other,HUME,-37.684494,144.9153,3047.0,True,William Ruthven SC,7831.4
T20250009866,2025-11-04,15:53:00,1,Collision with vehicle,5,Friday,142,LEAVING PARKING,1,817286,2,0,1,0,1,2,1,2,T intersection,2,40,Local Road,GEELONG,-38.14802,144.37314,3220.0,True,Preston HS,71635.3
T20210008075,2021-08-04,09:27:00,2,Struck Pedestrian,5,Thursday,100,PED NEAR SIDE. PED HIT BY VEHICLE FROM THE RIGHT.,1,29970,1,0,1,0,1,2,2,1,Cross intersection,2,40,Arterial Highway,SHEPPARTON,-36.376972,145.40016,3630.0,True,William Ruthven SC,150904.4
T20240030938,2024-03-12,07:55:00,2,Struck Pedestrian,3,Tuesday,100,PED NEAR SIDE. PED HIT BY VEHICLE FROM THE RIGHT.,1,811990,1,0,0,1,1,2,1,2,T intersection,3,70,Arterial Other,MANNINGHAM,-37.784756,145.12456,3108.0,True,Reservoir HS,10865.9
T20230010956,2023-10-05,17:35:00,1,Collision with vehicle,4,Wednesday,133,LANE SIDE SWIPE (VEHICLES IN PARALLEL LANES),3,263,2,0,0,1,1,2,1,1,Cross intersection,3,60,Arterial Highway,STONNINGTON,-37.83063,144.98784,3141.0,True,Preston HS,10032.4
T20210012626,2021-07-06,13:29:00,2,Struck Pedestrian,1,Monday,100,PED NEAR SIDE. PED HIT BY VEHICLE FROM THE RIGHT.,1,44789,1,0,0,1,1,2,1,1,Cross intersection,3,50,Local Road,HORSHAM,-36.715473,142.19972,3400.0,True,William Ruthven SC,271160.5
T20220000219,2022-01-01,21:40:00,1,Collision with vehicle,6,Saturday,121,RIGHT THROUGH,9,715558,2,0,0,1,1,2,2,5,Not at intersection,3,999,Local Road,WYNDHAM,-37.926056,144.67957,3030.0,True,Preston HS,35321.3
T20240012090,2024-12-05,17:42:00,1,Collision with vehicle,1,Sunday,140,U TURN,2,91246,2,0,1,0,1,2,1,5,Not at intersection,2,40,Arterial Other,STONNINGTON,-37.855415,145.01988,3143.0,True,Preston HS,12694.3
T20210017306,2021-10-08,18:10:00,1,Collision with vehicle,3,Tuesday,121,RIGHT THROUGH,3,711905,2,0,0,1,1,2,1,2,T intersection,3,60,Local Road,SHEPPARTON,-36.393257,145.4035,3630.0,True,William Ruthven SC,149213.7
T20240031166,2024-02-12,17:35:00,2,Struck Pedestrian,2,Monday,100,PED NEAR SIDE. PED HIT BY VEHICLE FROM THE RIGHT.,1,35560,1,0,0,1,1,2,2,1,Cross intersection,3,999,Arterial Highway,MONASH,-37.913975,145.12187,3168.0,True,Preston HS,21646.3
T20230020464,2023-01-09,17:24:00,1,Collision with vehicle,6,Friday,130,REAR END(VEHICLES IN SAME LANE),2,780679,2,0,1,0,1,2,1,5,Not at intersection,2,60,Arterial Other,MAROONDAH,-37.793087,145.30283,3136.0,True,Reservoir HS,25290.1
T20240003137,2024-08-02,08:25:00,1,Collision with vehicle,4,Thursday,110,CROSS TRAFFIC(INTERSECTIONS ONLY),1,308759,2,0,0,1,1,2,1,1,Cross intersection,3,60,Arterial Highway,SHEPPARTON,-36.35184,145.40204,3630.0,True,William Ruthven SC,153662.7
T20250021531,2025-09-08,16:10:00,1,Collision with vehicle,7,Saturday,130,REAR END(VEHICLES IN SAME LANE),1,821459,2,0,1,0,1,2,2,5,Not at intersection,2,60,Arterial Other,MORNINGTON PENINSULA,-38.35392,144.94763,3936.0,True,Preston HS,68274.6
T20220025377,2022-10-11,12:02:00,2,Struck Pedestrian,4,Thursday,102,FAR SIDE. PED HIT BY VEHICLE FROM THE LEFT,1,43044,1,0,0,1,1,2,1,2,T intersection,3,999,Arterial Highway,MORELAND,-37.741104,144.96431,3058.0,True,Preston HS,3763.1
T20250000853,2025-09-01,12:45:00,6,Vehicle overturned (no collision),5,Thursday,179,OTHER ACCIDENTS-OFF STRAIGHT NOT INCLUDED IN DCAs 170-175,1,813619,1,0,0,1,0,1,2,5,Not at intersection,3,999,Local Road,MURRINDINDI,-37.232647,145.90886,3713.0,True,Reservoir HS,94806.7
T20220015436,2022-10-07,15:30:00,1,Collision with vehicle,0,Sunday,110,CROSS TRAFFIC(INTERSECTIONS ONLY),1,64547,2,0,0,1,2,3,1,1,Cross intersection,3,40,Local Road,YARRA,-37.784184,144.96819,3054.0,True,Preston HS,5832.3
T20220017435,2022-04-08,18:20:00,5,collision with some other object,5,Thursday,166,STRUCK OBJECT ON CARRIAGEWAY,3,73687,1,0,0,1,0,1,1,2,T intersection,3,70,Freeway,MORNINGTON PENINSULA,-38.376717,144.88911,3939.0,True,Preston HS,71362.3
T20230021237,2023-11-09,07:05:00,2,Struck Pedestrian,2,Monday,100,PED NEAR SIDE. PED HIT BY VEHICLE FROM THE RIGHT.,1,780588,1,0,0,1,3,4,2,1,Cross intersection,3,999,Arterial Other,MORELAND,-37.71874,144.963,3060.0,True,William Ruthven SC,4297.6
T20230015795,2023-07-07,18:00:00,2,Struck Pedestrian,6,Friday,102,FAR SIDE. PED HIT BY VEHICLE FROM THE LEFT,3,784428,1,0,1,0,1,2,1,5,Not at intersection,2,60,Local Road,CORANGAMITE,-38.23905,143.1351,3260.0,True,Preston HS,173118.1
T20240020570,2024-12-08,15:00:00,2,Struck Pedestrian,2,Monday,109,ANY MANOEUVRE INVOLVING PED NOT INCLUDED IN DCAs 100-108.,1,29590,1,0,0,1,1,2,2,1,Cross intersection,3,999,Arterial Other,PORT PHILLIP,-37.86717,144.98123,3182.0,True,Preston HS,14135.5
T20240005541,2024-04-03,15:55:00,4,Collision with a fixed object,2,Monday,181,OFF RIGHT BEND INTO OBJECT/PARKED VEHICLE,1,799125,1,1,0,0,0,1,1,5,Not at intersection,1,110,Freeway,MOORABOOL,-37.685276,144.47858,3340.0,True,William Ruthven SC,46160.2
T20210025258,2021-10-12,10:05:00,8,No collision and no object struck,6,Friday,184,OUT OF CONTROL ON CARRIAGEWAY (ON BEND),1,705390,1,0,0,1,0,1,1,5,Not at intersection,3,100,Local Road,MURRINDINDI,-37.481262,145.72185,3779.0,True,Reservoir HS,66634.9
T20210015245,2021-09-07,13:30:00,8,No collision and no object struck,5,Friday,174,OUT OF CONTROL ON CARRIAGEWAY (ON STRAIGHT),1,694043,1,0,1,0,0,1,1,5,Not at intersection,2,100,Local Road,CAMPASPE,-36.278427,144.29814,3572.0,True,William Ruthven SC,169658.1
T20230013309,2023-02-06,06:08:00,8,No collision and no object struck,6,Friday,174,OUT OF CONTROL ON CARRIAGEWAY (ON STRAIGHT),2,777208,2,0,0,1,1,2,2,5,Not at intersection,3,999,Local Road,SHEPPARTON,-36.427597,145.49817,3631.0,True,William Ruthven SC,147782.1
T20240025583,2024-10-10,07:57:00,1,Collision with vehicle,5,Thursday,121,RIGHT THROUGH,1,39114,2,0,1,0,1,2,1,2,T intersection,2,50,Local Road,BOROONDARA,-37.817192,145.07065,3126.0,True,Preston HS,10082.6
T20210005451,2021-12-03,08:49:00,2,Struck Pedestrian,6,Friday,102,FAR SIDE. PED HIT BY VEHICLE FROM THE LEFT,1,680125,1,0,0,2,1,3,1,1,Cross intersection,3,60,,MILDURA,-34.20181,142.17213,3500.0,True,William Ruthven SC,464635.3
T20240015374,2024-03-06,18:15:00,1,Collision with vehicle,1,Monday,140,U TURN,2,805300,2,0,0,1,1,2,1,5,Not at intersection,3,60,Local Road,HOBSONS BAY,-37.860443,144.81915,3018.0,True,Preston HS,21142.9
T20220005094,2022-06-03,19:00:00,6,Vehicle overturned (no collision),1,Sunday,184,OUT OF CONTROL ON CARRIAGEWAY (ON BEND),1,706120,1,0,1,0,0,1,2,5,Not at intersection,2,60,Local Road,FRANKSTON,-38.136463,145.18994,3910.0,True,Preston HS,46732.4
T20220008021,2022-10-04,12:15:00,1,Collision with vehicle,1,Sunday,114,TWO RIGHT TURNING (INTERSECTIONS ONLY),1,37804,2,0,0,1,2,3,1,2,T intersection,3,999,Arterial Other,MORELAND,-37.757023,144.97784,3058.0,True,Preston HS,3085.7
T20220015065,2022-05-07,15:38:00,2,Struck Pedestrian,3,Tuesday,107,PED ON FOOTHPATH STRUCK BY VEHENTERING/LEAVING DRIVEWAY.,1,720089,1,0,1,0,1,2,1,5,Not at intersection,2,888,Local Road,MONASH,-37.90007,145.08914,3166.0,True,Preston HS,19027.3
T20240002681,2024-03-02,07:40:00,1,Collision with vehicle,7,Saturday,121,RIGHT THROUGH,2,36685,2,0,0,1,1,2,1,1,Cross intersection,3,999,Arterial Highway,YARRA,-37.80716,144.99178,3067.0,True,Preston HS,7402.3
T20210005243,2021-09-03,20:35:00,2,Struck Pedestrian,2,Tuesday,101,PED EMERGES FROM IN FRONT OF PARKED OR STATIONARY VEHICLE,3,689425,2,0,0,1,2,3,1,5,Not at intersection,3,50,Local Road,WHITTLESEA,-37.636795,145.02971,3076.0,True,William Ruthven SC,7047.4
T20210012850,2021-10-06,19:05:00,1,Collision with vehicle,5,Thursday,121,RIGHT THROUGH,3,37545,2,0,0,1,1,2,1,1,Cross intersection,3,60,Arterial Other,PORT PHILLIP,-37.835224,144.9616,3205.0,True,Preston HS,11141.5
T20240025400,2024-08-10,07:47:00,1,Collision with vehicle,3,Tuesday,121,RIGHT THROUGH,1,7480,2,0,0,1,1,2,2,2,T intersection,3,999,,PORT PHILLIP,-37.83867,144.93706,3207.0,True,Preston HS,12415.4
T20210024235,2021-12-11,16:10:00,2,Struck Pedestrian,6,Friday,102,FAR SIDE. PED HIT BY VEHICLE FROM THE LEFT,2,758891,1,0,1,0,1,2,1,1,Cross intersection,2,60,Local Road,BANYULE,-37.752716,145.05023,3081.0,True,Reservoir HS,3836.5
T20240019412,2024-01-08,11:40:00,2,Struck Pedestrian,5,Thursday,109,ANY MANOEUVRE INVOLVING PED NOT INCLUDED IN DCAs 100-108.,1,807087,1,0,0,1,1,2,1,5,Not at intersection,3,50,Arterial Other,BAW BAW,-38.134907,145.85469,3818.0,True,Reservoir HS,85693.4
T20240009542,2024-04-04,23:00:00,4,Collision with a fixed object,5,Thursday,171,LEFT OFF CARRIAGEWAY INTO OBJECT/PARKED VEHICLE,3,801641,1,0,0,1,0,1,2,5,Not at intersection,3,70,Local Road,WYNDHAM,-37.892315,144.72916,3030.0,True,Preston HS,29606.6
T20240028602,2024-09-11,14:51:00,1,Collision with vehicle,7,Saturday,110,CROSS TRAFFIC(INTERSECTIONS ONLY),1,63707,2,0,1,0,1,2,1,1,Cross intersection,2,50,Local Road,MOONEE VALLEY,-37.76083,144.90865,3040.0,True,Preston HS,8913.2
T20210025320,2021-10-12,21:34:00,1,Collision with vehicle,6,Friday,111,RIGHT FAR (INTERSECTIONS ONLY),3,703175,2,0,1,0,2,3,1,2,T intersection,2,100,Arterial Highway,WELLINGTON,-38.138187,146.79457,3847.0,True,Reservoir HS,161568.9
T20230008314,2023-08-04,19:50:00,2,Struck Pedestrian,6,Saturday,102,FAR SIDE. PED HIT BY VEHICLE FROM THE LEFT,3,788227,1,0,0,1,1,2,1,5,Not at intersection,3,60,Arterial Other,WYNDHAM,-37.851944,144.72215,3029.0,True,Preston HS,27877.0
T20240000407,2024-06-01,13:15:00,1,Collision with vehicle,7,Saturday,132,RIGHT REAR.,1,795251,2,1,0,0,2,3,1,5,Not at intersection,1,100,Arterial Highway,WELLINGTON,-38.073563,147.0729,3850.0,True,Reservoir HS,183504.2
T20220020353,2022-06-09,19:45:00,6,Vehicle overturned (no collision),3,Tuesday,184,OUT OF CONTROL ON CARRIAGEWAY (ON BEND),5,727896,1,0,0,1,0,1,2,5,Not at intersection,3,60,Local Road,BENDIGO,-36.740437,144.3075,3550.0,True,William Ruthven SC,122861.8
T20240002835,2024-05-02,06:50:00,1,Collision with vehicle,2,Monday,121,RIGHT THROUGH,1,41580,2,0,1,0,1,2,1,1,Cross intersection,2,50,Arterial Other,MORELAND,-37.73027,144.92735,3044.0,True,Preston HS,7127.2
T20240003390,2024-11-02,03:45:00,2,Struck Pedestrian,1,Sunday,105,PED WALKING AGAINST TRAFFIC.,6,797886,1,1,0,0,1,2,1,5,Not at intersection,1,80,Arterial Other,WYNDHAM,-37.812862,144.77824,3026.0,True,Preston HS,21614.6
T20230005603,2023-08-03,18:38:00,7,Fall from or in moving vehicle,4,Wednesday,190,FELL IN/FROM VEHICLE,2,764084,1,0,0,1,1,2,1,5,Not at intersection,3,40,Arterial Other,YARRA,-37.81954,145.00864,3121.0,True,Preston HS,8656.5
T20230018110,2023-03-08,17:50:00,4,Collision with a fixed object,5,Thursday,181,OFF RIGHT BEND INTO OBJECT/PARKED VEHICLE,5,796289,1,0,1,0,0,1,1,5,Not at intersection,2,50,Local Road,FRANKSTON,-38.144394,145.16881,3199.0,True,Preston HS,46969.3
T20230015903,2023-09-07,08:45:00,1,Collision with vehicle,0,Sunday,118,TWO LEFT TURNING (INTERSECTIONS ONLY),2,776984,2,0,0,1,1,2,2,3,Y intersection,3,999,Local Road,CARDINIA,-38.01114,145.40263,3808.0,True,Preston HS,45856.3
T20210025347,2021-09-12,22:05:00,8,No collision and no object struck,4,Thursday,174,OUT OF CONTROL ON CARRIAGEWAY (ON STRAIGHT),4,66565,1,0,0,1,0,1,1,2,T intersection,3,40,Arterial Other,PORT PHILLIP,-37.831345,144.95981,3205.0,True,Preston HS,10799.6
T20240010926,2024-01-05,07:05:00,2,Struck Pedestrian,4,Wednesday,102,FAR SIDE. PED HIT BY VEHICLE FROM THE LEFT,1,7641,1,0,0,1,1,2,1,1,Cross intersection,3,50,,DAREBIN,-37.780556,145.03227,3078.0,True,Preston HS,4854.2
T20250000461,2025-06-01,03:21:00,1,Collision with vehicle,2,Monday,133,LANE SIDE SWIPE (VEHICLES IN PARALLEL LANES),3,816677,2,0,0,1,1,2,1,5,Not at intersection,3,999,Arterial Other,MELBOURNE,-37.794987,144.94893,3051.0,True,Preston HS,7826.4
T20250011894,2025-04-05,16:20:00,1,Collision with vehicle,1,Sunday,137,LEFT TURN SIDESWIPE,1,36481,2,0,0,1,1,2,1,1,Cross intersection,3,60,Arterial Other,YARRA,-37.78973,144.97992,3068.0,True,Preston HS,5850.7
T20240020064,2024-09-02,13:55:00,2,Struck Pedestrian,6,Friday,100,PED NEAR SIDE. PED HIT BY VEHICLE FROM THE RIGHT.,1,35349,1,0,0,1,1,2,1,1,Cross intersection,3,40,Arterial Other,MELBOURNE,-37.8211,144.95508,3008.0,True,Preston HS,9942.3
T20230003211,2023-09-02,14:40:00,2,Struck Pedestrian,4,Thursday,100,PED NEAR SIDE. PED HIT BY VEHICLE FROM THE RIGHT.,1,783692,1,0,0,1,1,2,2,5,Not at intersection,3,777,,MANNINGHAM,-37.79591,145.19655,3111.0,True,Reservoir HS,16814.6
T20240028186,2024-05-11,17:30:00,8,No collision and no object struck,3,Tuesday,174,OUT OF CONTROL ON CARRIAGEWAY (ON STRAIGHT),1,810573,1,0,0,1,0,1,1,5,Not at intersection,3,50,Local Road,CASEY,-38.030655,145.2697,3976.0,True,Preston HS,39540.4
T20230003618,2023-07-02,11:07:00,8,No collision and no object struck,3,Tuesday,174,OUT OF CONTROL ON CARRIAGEWAY (ON STRAIGHT),9,759725,1,0,0,1,0,1,2,5,Not at intersection,3,40,Local Road,MELBOURNE,-37.815533,144.96376,3000.0,True,Preston HS,9050.4
T20210006993,2021-12-02,19:15:00,1,Collision with vehicle,6,Friday,130,REAR END(VEHICLES IN SAME LANE),1,679360,2,0,0,1,1,2,2,4,Multiple intersection,3,999,Arterial Highway,PORT PHILLIP,-37.826866,144.94711,3006.0,True,Preston HS,10838.6
T20210025834,2021-10-12,15:00:00,1,Collision with vehicle,6,Friday,110,CROSS TRAFFIC(INTERSECTIONS ONLY),1,44431,2,0,0,1,1,2,2,1,Cross intersection,3,50,Local Road,DAREBIN,-37.74186,145.01656,3072.0,True,Preston HS,832.0
T20250003372,2025-08-02,11:50:00,6,Vehicle overturned (no collision),7,Saturday,182,OFF CARRIAGEWAY ON LEFT BEND,1,817078,1,0,1,0,0,1,1,5,Not at intersection,2,60,Arterial Highway,COLAC OTWAY,-38.745895,143.27377,3237.0,True,Preston HS,188094.9
T20220005030,2022-06-03,13:50:00,1,Collision with vehicle,0,Sunday,130,REAR END(VEHICLES IN SAME LANE),1,706118,2,0,1,0,2,3,1,5,Not at intersection,2,80,Arterial Highway,BENDIGO,-36.804314,144.24187,3555.0,True,William Ruthven SC,119920.5
T20230029244,2023-08-12,13:00:00,1,Collision with vehicle,6,Friday,163,VEHICLE STRIKES DOOR OF PARKED/STATIONARY VEHICLE,1,802116,2,0,1,0,1,2,2,5,Not at intersection,2,999,Local Road,GLEN EIRA,-37.8728,144.9991,3183.0,True,Preston HS,14594.6
T20220008401,2022-05-04,05:15:00,8,No collision and no object struck,3,Tuesday,174,OUT OF CONTROL ON CARRIAGEWAY (ON STRAIGHT),3,347838,1,0,0,1,0,1,2,5,Not at intersection,3,999,Arterial Other,CASEY,-38.029938,145.2799,3976.0,True,Preston HS,40004.9
T20240008641,2024-06-04,14:00:00,1,Collision with vehicle,7,Saturday,130,REAR END(VEHICLES IN SAME LANE),1,803916,4,0,0,2,2,4,2,2,T intersection,3,60,Arterial Other,BOROONDARA,-37.819996,145.01599,3122.0,True,Preston HS,8741.1
T20220027385,2022-03-12,07:55:00,8,No collision and no object struck,7,Saturday,174,OUT OF CONTROL ON CARRIAGEWAY (ON STRAIGHT),1,740979,1,0,0,1,0,1,1,5,Not at intersection,3,80,Arterial Highway,MORNINGTON PENINSULA,-38.295338,145.03018,3934.0,True,Preston HS,61594.9
T20240025147,2024-05-10,15:55:00,8,No collision and no object struck,7,Saturday,179,OTHER ACCIDENTS-OFF STRAIGHT NOT INCLUDED IN DCAs 170-175,1,809318,1,0,0,1,0,1,1,2,T intersection,3,888,,CAMPASPE,-36.111237,144.82205,3564.0,True,William Ruthven SC,177010.2
T20240027936,2024-03-11,13:00:00,1,Collision with vehicle,1,Sunday,136,RIGHT TURN SIDESWIPE,1,240903,2,0,1,2,0,3,1,2,T intersection,2,60,Local Road,BANYULE,-37.7301,145.05469,3081.0,True,Reservoir HS,2383.3
T20220015184,2022-06-07,19:29:00,2,Struck Pedestrian,4,Wednesday,100,PED NEAR SIDE. PED HIT BY VEHICLE FROM THE RIGHT.,3,720760,1,0,1,0,1,2,1,2,T intersection,2,50,Local Road,WHITEHORSE,-37.853157,145.18433,3133.0,True,Preston HS,19902.0
T20230000821,2023-12-01,14:30:00,8,No collision and no object struck,5,Thursday,182,OFF CARRIAGEWAY ON LEFT BEND,1,748479,1,0,1,0,0,1,2,5,Not at intersection,2,70,Arterial Other,YARRA RANGES,-37.55877,145.87347,3779.0,True,Reservoir HS,76515.3
T20250015596,2025-11-06,14:17:00,1,Collision with vehicle,4,Wednesday,110,CROSS TRAFFIC(INTERSECTIONS ONLY),1,36258,2,0,0,1,3,4,1,1,Cross intersection,3,50,Local Road,MELBOURNE,-37.804394,144.96178,3053.0,True,Preston HS,8029.0
T20230008031,2023-04-04,19:15:00,1,Collision with vehicle,3,Tuesday,134,LANE CHANGE RIGHT (NOT OVERTAKING),3,769550,2,0,0,1,1,2,2,5,Not at intersection,3,60,Arterial Highway,PORT PHILLIP,-37.856457,144.98273,3182.0,True,Preston HS,12938.8
T20230029224,2023-10-12,14:00:00,4,Collision with a fixed object,1,Sunday,171,LEFT OFF CARRIAGEWAY INTO OBJECT/PARKED VEHICLE,1,712167,1,0,1,0,0,1,1,2,T intersection,2,100,Arterial Other,BASS COAST,-38.627785,145.80865,3996.0,True,Preston HS,120894.3
T20250000942,2025-11-01,18:35:00,1,Collision with vehicle,6,Saturday,163,VEHICLE STRIKES DOOR OF PARKED/STATIONARY VEHICLE,1,814193,2,0,0,1,1,2,1,5,Not at intersection,3,40,Local Road,STONNINGTON,-37.852726,144.99321,3181.0,True,Preston HS,12405.7
T20230006355,2023-12-03,07:15:00,6,Vehicle overturned (no collision),1,Sunday,174,OUT OF CONTROL ON CARRIAGEWAY (ON STRAIGHT),9,761905,1,0,0,1,0,1,2,5,Not at intersection,3,50,Local Road,GEELONG,-38.162758,144.37335,3219.0,True,Preston HS,72661.7
T20240011292,2024-04-05,09:30:00,1,Collision with vehicle,7,Saturday,139,OTHER SAME DIRECTION-MANOUEVRES NOT INCLUDED IN DCAs 130-137,1,802947,2,0,1,0,1,2,1,2,T intersection,2,60,Local Road,YARRA RANGES,-37.813877,145.50824,3139.0,True,Reservoir HS,43301.2
T20240011276,2024-04-05,11:01:00,1,Collision with vehicle,7,Saturday,137,LEFT TURN SIDESWIPE,1,802717,2,0,0,1,1,2,1,5,Not at intersection,3,60,Arterial Other,PORT PHILLIP,-37.851013,144.98093,3004.0,True,Preston HS,12370.6
T20230000636,2023-10-01,10:48:00,4,Collision with a fixed object,3,Tuesday,173,RIGHT OFF CARRIAGEWAY INTO OBJECT/PARKED VEHICLE,1,747889,1,0,1,0,0,1,1,5,Not at intersection,2,110,Freeway,MACEDON RANGES,-37.564102,144.66856,3437.0,True,William Ruthven SC,32927.4
T20230028713,2023-04-12,13:30:00,6,Vehicle overturned (no collision),2,Monday,174,OUT OF CONTROL ON CARRIAGEWAY (ON STRAIGHT),1,793389,2,0,0,1,1,2,2,1,Cross intersection,3,80,Local Road,DANDENONG,-38.011543,145.17165,3173.0,True,Preston HS,33300.1
T20210016049,2021-10-07,16:00:00,8,No collision and no object struck,7,Saturday,182,OFF CARRIAGEWAY ON LEFT BEND,1,690562,1,0,0,1,0,1,9,5,Not at intersection,3,999,,YARRA RANGES,-37.563988,145.48218,3777.0,True,Reservoir HS,43584.1
T20250011790,2025-03-05,11:50:00,1,Collision with vehicle,7,Saturday,130,REAR END(VEHICLES IN SAME LANE),1,817917,2,0,0,1,1,2,1,5,Not at intersection,3,80,Arterial Other,NILLUMBIK,-37.6711,145.24913,3097.0,True,Reservoir HS,20156.7
T20240016739,2024-02-07,15:56:00,2,Struck Pedestrian,2,Tuesday,100,PED NEAR SIDE. PED HIT BY VEHICLE FROM THE RIGHT.,1,43129,1,0,0,1,3,4,1,1,Cross intersection,3,50,Local Road,CASEY,-37.995087,145.23802,3177.0,True,Preston HS,34709.2
T20250015200,2025-06-06,16:25:00,4,Collision with a fixed object,6,Friday,179,OTHER ACCIDENTS-OFF STRAIGHT NOT INCLUDED IN DCAs 170-175,1,819095,1,0,1,0,0,1,1,5,Not at intersection,2,50,Local Road,GEELONG,-38.07624,144.34753,3214.0,True,Preston HS,68790.2
T20230023481,2023-08-10,08:50:00,1,Collision with vehicle,1,Sunday,153,CUTTING IN (OVERTAKING),1,782928,2,0,0,1,1,2,1,5,Not at intersection,3,100,Freeway,WYNDHAM,-37.945114,144.59996,3211.0,True,Preston HS,42305.0
T20210005503,2021-09-03,18:11:00,1,Collision with vehicle,2,Tuesday,123,RIGHT/LEFT. ONE VEH TURNING RIGHT THE OTHER LEFT.,1,44571,2,0,0,1,1,2,2,1,Cross intersection,3,999,Local Road,HUME,-37.688866,144.92628,3047.0,True,William Ruthven SC,6803.3
T20210000606,2021-10-01,11:41:00,8,No collision and no object struck,1,Sunday,184,OUT OF CONTROL ON CARRIAGEWAY (ON BEND),1,673140,1,0,0,1,0,1,1,5,Not at intersection,3,100,Arterial Other,YARRA RANGES,-37.87108,145.78119,3797.0,True,Reservoir HS,68093.3
T20240028179,2024-05-11,15:45:00,8,No collision and no object struck,3,Tuesday,174,OUT OF CONTROL ON CARRIAGEWAY (ON STRAIGHT),1,810539,1,0,1,0,0,1,1,5,Not at intersection,2,888,Local Road,WELLINGTON,-37.534927,146.47351,3723.0,True,Reservoir HS,128870.8
T20220000434,2022-08-01,01:35:00,2,Struck Pedestrian,7,Saturday,105,PED WALKING AGAINST TRAFFIC.,3,701332,1,1,0,0,1,2,1,5,Not at intersection,1,70,Arterial Other,MORELAND,-37.69749,144.95923,3060.0,True,William Ruthven SC,3851.6
T20220009939,2022-01-05,19:00:00,1,Collision with vehicle,1,Sunday,163,VEHICLE STRIKES DOOR OF PARKED/STATIONARY VEHICLE,6,716307,2,0,0,1,1,2,2,5,Not at intersection,3,999,Arterial Other,STONNINGTON,-37.851902,144.99374,3181.0,True,Preston HS,12310.0
T20230002736,2023-02-02,16:00:00,2,Struck Pedestrian,4,Thursday,100,PED NEAR SIDE. PED HIT BY VEHICLE FROM THE RIGHT.,1,809355,1,0,0,1,1,2,2,2,T intersection,3,50,Arterial Other,CASEY,-38.114803,145.25143,3977.0,True,Preston HS,46694.9
T20230005290,2023-04-03,14:50:00,4,Collision with a fixed object,7,Saturday,181,OFF RIGHT BEND INTO OBJECT/PARKED VEHICLE,1,767726,2,0,1,0,1,2,1,5,Not at intersection,2,80,Arterial Highway,SURF COAST,-38.575294,143.9483,3232.0,True,Preston HS,131000.6