ACCIDENT_NO,ACCIDENT_DATE,ACCIDENT_TIME,ACCIDENT_TYPE,ACCIDENT_TYPE_DESC,DAY_OF_WEEK,DAY_WEEK_DESC,DCA_CODE,DCA_DESC,LIGHT_CONDITION,NODE_ID,NO_OF_VEHICLES,NO_PERSONS_KILLED,NO_PERSONS_INJ_2,NO_PERSONS_INJ_3,NO_PERSONS_NOT_INJ,NO_PERSONS,POLICE_ATTEND,ROAD_GEOMETRY,ROAD_GEOMETRY_DESC,SEVERITY,SPEED_ZONE,RMA,LGA_NAME,LATITUDE,LONGITUDE,POSTCODE_CRASH,PED_OR_CYC,nearest_school,dist_to_gate_m
T20240028736,2024-11-11,14:48:00,2,Struck Pedestrian,1,Monday,100,PED NEAR SIDE. PED HIT BY VEHICLE FROM THE RIGHT.,1,29474,1,0,0,1,1,2,1,2,T intersection,3,40,Arterial Other,STONNINGTON,-37.839684,144.99715,3141.0,True,Preston HS,10930.3
T20240014853,2024-11-06,13:00:00,5,collision with some other object,3,Tuesday,166,STRUCK OBJECT ON CARRIAGEWAY,1,805016,1,0,0,1,0,1,2,5,Not at intersection,3,999,Local Road,STRATHBOGIE,-36.804874,145.85793,3669.0,True,William Ruthven SC,124724.7
T20230003333,2023-10-02,16:15:00,1,Collision with vehicle,5,Friday,130,REAR END(VEHICLES IN SAME LANE),1,360501,3,0,0,1,2,3,1,2,T intersection,3,60,Freeway,BRIMBANK,-37.815285,144.80905,3020.0,True,Preston HS,19233.2
T20230005757,2023-09-03,17:00:00,6,Vehicle overturned (no collision),5,Thursday,174,OUT OF CONTROL ON CARRIAGEWAY (ON STRAIGHT),1,763742,1,0,1,0,0,1,1,5,Not at intersection,2,40,Arterial Highway,EAST GIPPSLAND,-37.12292,147.44736,3898.0,True,Reservoir HS,223680.5
T20240019683,2024-04-08,10:52:00,2,Struck Pedestrian,1,Sunday,100,PED NEAR SIDE. PED HIT BY VEHICLE FROM THE RIGHT.,1,810545,1,0,1,0,1,2,1,5,Not at intersection,2,50,Local Road,MONASH,-37.926617,145.1181,3168.0,True,Preston HS,22755.5
T20250003229,2025-02-02,16:10:00,1,Collision with vehicle,1,Sunday,147,VEHICLE STRIKES ANOTHER VEH WHILE EMERGING FROM DRIVEWAY,1,814877,2,0,0,1,1,2,2,5,Not at intersection,3,50,Local Road,CARDINIA,-38.064526,145.47476,3810.0,True,Preston HS,54517.5
T20210000731,2021-12-01,07:30:00,1,Collision with vehicle,3,Tuesday,130,REAR END(VEHICLES IN SAME LANE),1,672636,2,0,1,0,1,2,1,5,Not at intersection,2,100,Freeway,BRIMBANK,-37.811493,144.80812,3020.0,True,Preston HS,19132.8
T20220000141,2022-02-01,10:00:00,1,Collision with vehicle,1,Sunday,160,VEHICLE COLLIDES WITH VEHICLE PARKED ON LEFT OF ROAD,1,249649,2,0,0,1,0,1,2,5,Not at intersection,3,60,Arterial Other,PORT PHILLIP,-37.88625,144.98259,3184.0,True,Preston HS,16216.8
T20230015231,2023-01-07,12:37:00,1,Collision with vehicle,7,Saturday,130,REAR END(VEHICLES IN SAME LANE),1,41201,2,0,1,0,1,2,1,1,Cross intersection,2,50,Arterial Other,BAYSIDE,-37.89936,145.00272,3186.0,True,Preston HS,17535.2
T20220010446,2022-09-05,18:00:00,1,Collision with vehicle,2,Monday,130,REAR END(VEHICLES IN SAME LANE),1,785083,2,0,1,0,1,2,2,5,Not at intersection,2,60,Local Road,HOBSONS BAY,-37.864452,144.7785,3028.0,True,Preston HS,24283.4
T20240014845,2024-10-06,13:15:00,1,Collision with vehicle,1,Monday,148,VEHICLE OFF FOOTPATH STRIKES VEH ON CARRIAGEWAY,1,807047,2,0,0,1,1,2,2,5,Not at intersection,3,999,Local Road,MERRI-BEK,-37.742958,144.964,3058.0,True,Preston HS,3792.4
T20220000611,2022-11-01,13:20:00,1,Collision with vehicle,3,Tuesday,139,OTHER SAME DIRECTION-MANOUEVRES NOT INCLUDED IN DCAs 130-137,1,775925,3,0,1,0,1,2,1,5,Not at intersection,2,50,Local Road,HUME,-37.692,144.92953,3047.0,True,William Ruthven SC,6483.2
T20230000101,2023-02-01,14:50:00,1,Collision with vehicle,1,Monday,110,CROSS TRAFFIC(INTERSECTIONS ONLY),1,808014,2,0,1,0,1,2,1,1,Cross intersection,2,70,Arterial Other,WHITTLESEA,-37.65831,145.00743,3076.0,True,William Ruthven SC,4268.9
T20210020613,2021-09-10,19:30:00,8,No collision and no object struck,7,Saturday,179,OTHER ACCIDENTS-OFF STRAIGHT NOT INCLUDED IN DCAs 170-175,6,781369,1,0,0,1,0,1,2,5,Not at intersection,3,888,Local Road,BOROONDARA,-37.800877,145.0552,3101.0,True,Preston HS,7821.3
T20240024750,2024-01-10,09:10:00,2,Struck Pedestrian,3,Tuesday,100,PED NEAR SIDE. PED HIT BY VEHICLE FROM THE RIGHT.,1,45547,1,0,1,0,1,2,1,1,Cross intersection,2,50,Arterial Other,MORELAND,-37.75867,144.94485,3055.0,True,Preston HS,5789.2
T20230000443,2023-07-01,15:50:00,4,Collision with a fixed object,7,Saturday,183,OFF LEFT BEND INTO OBJECT/PARKED VEHICLE,1,757893,1,0,1,0,0,1,1,5,Not at intersection,2,80,Local Road,YARRA RANGES,-37.56235,145.87253,3779.0,True,Reservoir HS,76339.3
T20250005768,2025-03-03,10:15:00,5,collision with some other object,2,Monday,166,STRUCK OBJECT ON CARRIAGEWAY,1,816554,1,0,1,0,0,1,1,5,Not at intersection,2,100,Local Road,EAST GIPPSLAND,-37.41292,147.4095,3875.0,True,Reservoir HS,212572.2
T20220020404,2022-10-09,09:30:00,8,No collision and no object struck,7,Saturday,174,OUT OF CONTROL ON CARRIAGEWAY (ON STRAIGHT),1,724575,1,0,1,0,0,1,1,2,T intersection,2,50,Local Road,MONASH,-37.900738,145.08502,3166.0,True,Preston HS,18962.4
T20210000563,2021-09-01,16:10:00,4,Collision with a fixed object,7,Saturday,181,OFF RIGHT BEND INTO OBJECT/PARKED VEHICLE,1,677545,1,0,1,0,0,1,1,5,Not at intersection,2,100,Arterial Other,ALPINE,-36.634987,147.11644,3691.0,True,Reservoir HS,220918.0
T20230005880,2023-11-03,13:30:00,6,Vehicle overturned (no collision),7,Saturday,184,OUT OF CONTROL ON CARRIAGEWAY (ON BEND),1,786701,1,0,0,1,0,1,2,5,Not at intersection,3,888,Local Road,YARRA RANGES,-37.54965,145.92067,3779.0,True,Reservoir HS,80797.8
T20220005353,2022-06-02,18:00:00,8,No collision and no object struck,1,Sunday,180,OFF CARRIAGEWAY ON RIGHT BEND,1,706440,1,0,0,1,0,1,2,5,Not at intersection,3,100,Arterial Other,CARDINIA,-37.909363,145.58897,3783.0,True,Reservoir HS,53369.4
T20210022531,2021-07-11,20:09:00,4,Collision with a fixed object,1,Sunday,183,OFF LEFT BEND INTO OBJECT/PARKED VEHICLE,2,699960,1,0,0,1,0,1,1,5,Not at intersection,3,60,Local Road,CAMPASPE,-36.58058,145.00725,3612.0,True,William Ruthven SC,124089.7
T20250005771,2025-03-03,17:00:00,8,No collision and no object struck,2,Monday,184,OUT OF CONTROL ON CARRIAGEWAY (ON BEND),1,815949,1,0,0,1,0,1,2,5,Not at intersection,3,999,Local Road,MOORABOOL,-37.513973,144.2511,3342.0,True,William Ruthven SC,69276.7
T20210007831,2021-07-04,11:46:00,1,Collision with vehicle,3,Wednesday,135,LANE CHANGE LEFT (NOT OVERTAKING),1,781122,2,0,0,1,1,2,1,5,Not at intersection,3,40,Arterial Highway,MELBOURNE,-37.824436,144.96355,3006.0,True,Preston HS,9964.2
T20250011658,2025-02-05,09:20:00,2,Struck Pedestrian,6,Friday,102,FAR SIDE. PED HIT BY VEHICLE FROM THE LEFT,1,251474,1,0,0,1,1,2,1,1,Cross intersection,3,50,Local Road,HUME,-37.68094,144.91664,3047.0,True,William Ruthven SC,7793.7
T20250009809,2025-11-04,16:30:00,2,Struck Pedestrian,6,Friday,100,PED NEAR SIDE. PED HIT BY VEHICLE FROM THE RIGHT.,1,817378,1,0,1,0,2,3,1,2,T intersection,2,60,Arterial Other,MONASH,-37.932583,145.1936,3170.0,True,Preston HS,26809.4
T20230013421,2023-09-06,11:58:00,2,Struck Pedestrian,6,Friday,102,FAR SIDE. PED HIT BY VEHICLE FROM THE LEFT,1,775788,1,0,1,0,1,2,1,5,Not at intersection,2,999,Local Road,MELBOURNE,-37.81729,144.94595,3008.0,True,Preston HS,9976.5
T20230026236,2023-06-11,15:30:00,4,Collision with a fixed object,2,Monday,171,LEFT OFF CARRIAGEWAY INTO OBJECT/PARKED VEHICLE,1,786228,1,0,0,1,0,1,2,5,Not at intersection,3,999,Local Road,MACEDON RANGES,-37.417316,144.50316,3437.0,True,William Ruthven SC,53900.3
T20230002637,2023-02-02,16:50:00,6,Vehicle overturned (no collision),5,Thursday,174,OUT OF CONTROL ON CARRIAGEWAY (ON STRAIGHT),2,752079,1,0,0,1,0,1,2,5,Not at intersection,3,60,Arterial Other,STONNINGTON,-37.8503,145.01993,3143.0,True,Preston HS,12128.3
T20250021121,2025-10-08,00:00:00,2,Struck Pedestrian,1,Sunday,102,FAR SIDE. PED HIT BY VEHICLE FROM THE LEFT,3,823184,1,0,1,0,1,2,1,5,Not at intersection,2,60,Arterial Other,MERRI-BEK,-37.737316,144.96677,3058.0,True,Preston HS,3579.7
T20250008771,2025-01-04,13:11:00,2,Struck Pedestrian,2,Tuesday,100,PED NEAR SIDE. PED HIT BY VEHICLE FROM THE RIGHT.,1,42406,1,0,0,1,1,2,1,2,T intersection,3,40,Arterial Other,MONASH,-37.925007,145.11975,3168.0,True,Preston HS,22656.8
T20250022828,2025-09-08,13:00:00,8,No collision and no object struck,7,Saturday,189,OTHER ACCIDENTS ON CURVE NOT INCLUDED IN DCAs 180-184,1,821777,1,0,0,2,0,2,2,5,Not at intersection,3,999,Local Road,BAW BAW,-37.976097,146.30725,3825.0,True,Reservoir HS,115689.5
T20230026711,2023-03-11,11:30:00,6,Vehicle overturned (no collision),6,Friday,180,OFF CARRIAGEWAY ON RIGHT BEND,1,792972,1,0,1,0,0,1,2,2,T intersection,2,50,Local Road,ALPINE,-36.451942,146.80374,3737.0,True,William Ruthven SC,211356.9
T20240023364,2024-10-09,08:20:00,2,Struck Pedestrian,3,Tuesday,109,ANY MANOEUVRE INVOLVING PED NOT INCLUDED IN DCAs 100-108.,9,816096,1,0,1,0,1,2,2,5,Not at intersection,2,40,Local Road,MELBOURNE,-37.813904,144.963,3000.0,True,Preston HS,8915.3
T20230015789,2023-07-07,20:55:00,1,Collision with vehicle,6,Friday,169,OTHER ON PATH,3,777254,2,0,1,0,1,2,1,5,Not at intersection,2,60,Arterial Other,MOONEE VALLEY,-37.7409,144.90125,3041.0,True,Preston HS,9307.9
T20250000124,2025-02-01,15:00:00,1,Collision with vehicle,5,Thursday,130,REAR END(VEHICLES IN SAME LANE),1,813530,2,0,1,0,1,2,1,5,Not at intersection,2,70,Arterial Other,MARIBYRNONG,-37.779728,144.85338,3019.0,True,Preston HS,14159.3
T20230025740,2023-03-11,14:30:00,4,Collision with a fixed object,6,Friday,183,OFF LEFT BEND INTO OBJECT/PARKED VEHICLE,1,785387,1,0,1,0,0,1,2,5,Not at intersection,2,80,Arterial Other,(LAKE MOUNTAIN),-37.511585,145.874,3779.0,True,Reservoir HS,77996.7
T20220025413,2022-10-11,18:10:00,2,Struck Pedestrian,4,Thursday,100,PED NEAR SIDE. PED HIT BY VEHICLE FROM THE RIGHT.,1,35408,1,0,1,0,1,2,1,1,Cross intersection,2,60,Arterial Other,MELBOURNE,-37.85022,144.98064,3004.0,True,Preston HS,12288.8
T20220017718,2022-08-08,10:05:00,4,Collision with a fixed object,2,Monday,171,LEFT OFF CARRIAGEWAY INTO OBJECT/PARKED VEHICLE,1,721111,1,0,1,0,0,1,1,5,Not at intersection,2,100,Local Road,BAW BAW,-37.966434,146.01999,3831.0,True,Reservoir HS,91115.9
T20220026026,2022-02-10,08:45:00,8,No collision and no object struck,0,Sunday,179,OTHER ACCIDENTS-OFF STRAIGHT NOT INCLUDED IN DCAs 170-175,1,735906,1,0,0,1,0,1,2,5,Not at intersection,3,50,Arterial Other,MELBOURNE,-37.83707,144.97673,3141.0,True,Preston HS,10935.3
T20250012065,2025-06-05,16:30:00,1,Collision with vehicle,2,Tuesday,143,ENTERING PARKING,1,821235,2,0,0,1,1,2,1,5,Not at intersection,3,40,Arterial Other,MERRI-BEK,-37.770695,144.9615,3056.0,True,Preston HS,5144.5
T20210010050,2021-09-04,14:30:00,1,Collision with vehicle,5,Friday,163,VEHICLE STRIKES DOOR OF PARKED/STATIONARY VEHICLE,1,685164,2,0,0,1,0,1,2,5,Not at intersection,3,999,Local Road,MORELAND,-37.76718,144.97862,3057.0,True,Preston HS,3781.1
T20210022414,2021-06-11,09:25:00,1,Collision with vehicle,6,Saturday,121,RIGHT THROUGH,1,39511,2,0,1,0,1,2,1,2,T intersection,2,80,Local Road,WHITEHORSE,-37.82168,145.1754,3131.0,True,Reservoir HS,16927.6
T20230005183,2023-04-03,03:08:00,2,Struck Pedestrian,7,Saturday,104,PED WALKING WITH TRAFFIC,5,767025,1,1,0,1,0,2,1,5,Not at intersection,1,100,Freeway,HUME,-37.693043,144.9387,3046.0,True,William Ruthven SC,5670.0
T20230028466,2023-02-12,16:00:00,2,Struck Pedestrian,6,Saturday,106,VEH STRIKES PED ON FOOTPATH/MEDIAN/TRAFFIC ISLAND.,1,36239,1,0,1,1,1,3,1,2,T intersection,2,999,Local Road,MELBOURNE,-37.80863,144.95882,3000.0,True,Preston HS,8567.0
T20240031231,2024-05-12,15:35:00,1,Collision with vehicle,4,Thursday,110,CROSS TRAFFIC(INTERSECTIONS ONLY),1,55092,2,0,0,1,1,2,2,1,Cross intersection,3,50,Local Road,MORELAND,-37.76105,144.95003,3055.0,True,Preston HS,5459.4
T20250006115,2025-06-03,12:50:00,1,Collision with vehicle,5,Thursday,121,RIGHT THROUGH,1,65799,2,0,0,1,1,2,2,1,Cross intersection,3,40,Local Road,MELBOURNE,-37.811756,144.95645,3000.0,True,Preston HS,8972.1
T20230000017,2023-01-01,00:43:00,2,Struck Pedestrian,1,Sunday,103,PED PLAYING/LYING/WORKING/STANDING ON CARRIAGEWAY.,5,752847,1,0,1,0,2,3,1,5,Not at intersection,2,50,Local Road,MOIRA,-35.920563,145.65594,3644.0,True,William Ruthven SC,205855.8
T20230015409,2023-09-05,09:20:00,1,Collision with vehicle,3,Tuesday,133,LANE SIDE SWIPE (VEHICLES IN PARALLEL LANES),1,777789,2,0,0,1,1,2,2,1,Cross intersection,3,60,Arterial Other,MELBOURNE,-37.82525,144.957,3006.0,True,Preston HS,10280.8
T20220005105,2022-05-02,13:55:00,1,Collision with vehicle,7,Saturday,148,VEHICLE OFF FOOTPATH STRIKES VEH ON CARRIAGEWAY,1,706306,1,0,0,1,1,2,2,5,Not at intersection,3,50,Local Road,MOONEE VALLEY,-37.76512,144.92238,3039.0,True,Preston HS,7890.4
T20240009810,2024-11-04,15:40:00,2,Struck Pedestrian,5,Thursday,102,FAR SIDE. PED HIT BY VEHICLE FROM THE LEFT,1,801792,1,0,0,1,1,2,2,2,T intersection,3,60,Arterial Other,MORELAND,-37.7758,144.94966,3056.0,True,Preston HS,6314.7
T20220025801,2022-05-11,14:00:00,1,Collision with vehicle,7,Saturday,130,REAR END(VEHICLES IN SAME LANE),1,739883,2,0,0,1,1,2,2,2,T intersection,3,50,Local Road,GLENELG,-38.346363,141.60504,3305.0,True,Preston HS,305391.7
T20240022518,2024-04-09,15:02:00,2,Struck Pedestrian,4,Wednesday,100,PED NEAR SIDE. PED HIT BY VEHICLE FROM THE RIGHT.,1,38767,1,0,1,0,1,2,1,4,Multiple intersection,2,40,Local Road,MARIBYRNONG,-37.799713,144.89958,3011.0,True,Preston HS,11442.3
T20220005451,2022-10-03,16:33:00,1,Collision with vehicle,4,Thursday,113,RIGHT NEAR (INTERSECTIONS ONLY),1,48192,2,0,1,1,0,2,1,2,T intersection,2,60,Local Road,PORT PHILLIP,-37.845303,144.9555,3206.0,True,Preston HS,12380.3
T20240014947,2024-10-06,12:30:00,2,Struck Pedestrian,1,Monday,100,PED NEAR SIDE. PED HIT BY VEHICLE FROM THE RIGHT.,1,805076,1,0,0,1,1,2,2,5,Not at intersection,3,30,Local Road,BOROONDARA,-37.82934,145.05963,3124.0,True,Preston HS,10783.2
T20240025218,2024-06-10,16:02:00,1,Collision with vehicle,1,Sunday,116,LEFT NEAR (INTERSECTIONS ONLY),1,255935,2,0,1,0,1,2,1,2,T intersection,2,60,Local Road,SHEPPARTON,-36.40418,145.40851,3630.0,True,William Ruthven SC,148141.1
T20230012942,2023-12-05,14:50:00,1,Collision with vehicle,6,Friday,139,OTHER SAME DIRECTION-MANOUEVRES NOT INCLUDED IN DCAs 130-137,1,782284,2,0,0,1,1,2,1,5,Not at intersection,3,80,Arterial Highway,KNOX,-37.921432,145.23442,3178.0,True,Preston HS,28248.4
T20230019173,2023-03-08,06:00:00,2,Struck Pedestrian,4,Thursday,100,PED NEAR SIDE. PED HIT BY VEHICLE FROM THE RIGHT.,3,779600,1,0,0,1,1,2,2,5,Not at intersection,3,50,Local Road,GEELONG,-38.072,144.37096,3214.0,True,Preston HS,66811.4
T20230005502,2023-07-03,16:15:00,6,Vehicle overturned (no collision),3,Tuesday,170,OFF CARRIAGEWAY TO LEFT,1,767582,1,0,1,0,0,1,1,5,Not at intersection,2,100,Arterial Other,LATROBE,-38.21967,146.39781,3840.0,True,Reservoir HS,132080.3
T20220004940,2022-02-03,11:30:00,2,Struck Pedestrian,3,Wednesday,100,PED NEAR SIDE. PED HIT BY VEHICLE FROM THE RIGHT.,1,363,1,0,1,0,1,2,2,1,Cross intersection,2,50,Local Road,PORT PHILLIP,-37.833717,144.9581,3205.0,True,Preston HS,11101.0
T20220002328,2022-03-02,22:45:00,1,Collision with vehicle,5,Thursday,130,REAR END(VEHICLES IN SAME LANE),3,225656,2,0,1,0,1,2,1,1,Cross intersection,2,80,Arterial Highway,KNOX,-37.868797,145.2352,3152.0,True,Reservoir HS,24330.7
T20250015579,2025-11-06,11:45:00,2,Struck Pedestrian,4,Wednesday,100,PED NEAR SIDE. PED HIT BY VEHICLE FROM THE RIGHT.,1,49411,1,0,1,0,1,2,1,1,Cross intersection,2,40,Arterial Highway,COLAC OTWAY,-38.33971,143.58705,3250.0,True,Preston HS,141018.8
T20250009650,2025-10-04,10:52:00,6,Vehicle overturned (no collision),4,Thursday,174,OUT OF CONTROL ON CARRIAGEWAY (ON STRAIGHT),1,818659,1,0,0,1,0,1,1,5,Not at intersection,3,100,Local Road,MACEDON RANGES,-37.40283,144.55113,3440.0,True,William Ruthven SC,51511.5
T20240003714,2024-10-02,11:30:00,8,No collision and no object struck,6,Saturday,174,OUT OF CONTROL ON CARRIAGEWAY (ON STRAIGHT),1,799135,1,0,0,1,0,1,2,2,T intersection,3,80,Local Road,YARRA RANGES,-37.875965,145.57468,3139.0,True,Reservoir HS,50861.5
T20210010419,2021-09-05,10:15:00,1,Collision with vehicle,1,Sunday,137,LEFT TURN SIDESWIPE,1,29545,2,0,1,0,1,2,1,2,T intersection,2,40,Arterial Other,BOROONDARA,-37.80402,145.03848,3101.0,True,Preston HS,7458.4
T20230005961,2023-12-03,21:30:00,6,Vehicle overturned (no collision),1,Sunday,174,OUT OF CONTROL ON CARRIAGEWAY (ON STRAIGHT),3,775254,1,0,0,1,0,1,1,5,Not at intersection,3,50,Local Road,MONASH,-37.924454,145.13109,3168.0,True,Preston HS,23054.9
T20210019046,2021-12-09,00:30:00,4,Collision with a fixed object,1,Sunday,181,OFF RIGHT BEND INTO OBJECT/PARKED VEHICLE,5,692459,1,1,0,0,0,1,1,5,Not at intersection,1,100,Arterial Other,YARRA RANGES,-37.842754,145.52339,3139.0,True,Reservoir HS,45428.7
T20230012974,2023-03-06,10:30:00,6,Vehicle overturned (no collision),7,Saturday,184,OUT OF CONTROL ON CARRIAGEWAY (ON BEND),1,775531,1,0,1,0,0,1,1,3,Y intersection,2,100,Arterial Other,YARRA RANGES,-37.82732,145.51276,3139.0,True,Reservoir HS,44055.8
T20230000818,2023-10-01,18:00:00,2,Struck Pedestrian,2,Tuesday,104,PED WALKING WITH TRAFFIC,1,90906,1,0,0,1,1,2,2,5,Not at intersection,3,40,Arterial Other,PORT PHILLIP,-37.868565,144.9919,3183.0,True,Preston HS,14169.8
T20240025209,2024-05-10,10:20:00,2,Struck Pedestrian,6,Saturday,100,PED NEAR SIDE. PED HIT BY VEHICLE FROM THE RIGHT.,1,818874,1,0,0,1,1,2,2,5,Not at intersection,3,999,Local Road,BRIMBANK,-37.789143,144.83461,3020.0,True,Preston HS,16053.8
T20210010447,2021-09-05,20:05:00,1,Collision with vehicle,0,Sunday,121,RIGHT THROUGH,3,40086,2,0,1,0,1,2,1,1,Cross intersection,2,60,Arterial Other,PORT PHILLIP,-37.874176,144.97987,3184.0,True,Preston HS,14923.6
T20230005480,2023-07-03,09:25:00,1,Collision with vehicle,3,Tuesday,130,REAR END(VEHICLES IN SAME LANE),1,766900,3,0,2,0,2,4,1,5,Not at intersection,2,40,Arterial Highway,EAST GIPPSLAND,-37.889156,147.39014,3875.0,True,Reservoir HS,208222.8
T20210003002,2021-09-02,17:04:00,1,Collision with vehicle,3,Tuesday,133,LANE SIDE SWIPE (VEHICLES IN PARALLEL LANES),1,678072,3,0,1,0,1,2,1,5,Not at intersection,2,60,Local Road,WYNDHAM,-37.89356,144.67441,3030.0,True,Preston HS,33751.4
T20250012098,2025-06-05,19:00:00,1,Collision with vehicle,3,Tuesday,121,RIGHT THROUGH,3,43206,2,1,0,0,2,3,1,2,T intersection,1,40,Arterial Highway,MORELAND,-37.74148,144.96869,3058.0,True,Preston HS,3377.5
T20250018350,2025-10-07,06:30:00,2,Struck Pedestrian,5,Thursday,106,VEH STRIKES PED ON FOOTPATH/MEDIAN/TRAFFIC ISLAND.,3,29474,1,0,1,0,1,2,1,2,T intersection,2,40,Arterial Other,STONNINGTON,-37.839684,144.99715,3141.0,True,Preston HS,10930.3
T20250015009,2025-04-06,18:15:00,2,Struck Pedestrian,4,Wednesday,100,PED NEAR SIDE. PED HIT BY VEHICLE FROM THE RIGHT.,3,820994,1,0,2,0,0,2,1,2,T intersection,2,60,Arterial Other,MONASH,-37.90024,145.12436,3166.0,True,Preston HS,20417.1
T20250021155,2025-10-08,12:00:00,1,Collision with vehicle,1,Sunday,120,HEAD ON (NOT OVERTAKING),1,821112,2,0,0,1,1,2,2,5,Not at intersection,3,80,Local Road,MURRINDINDI,-37.222122,145.85884,3713.0,True,Reservoir HS,91936.4
T20250009202,2025-05-04,11:45:00,2,Struck Pedestrian,6,Saturday,108,PED STRUCK WALKING TO/FROM OR BOARDING/ALIGHTING VEHICLE.,1,817127,1,0,0,1,1,2,1,4,Multiple intersection,3,777,Freeway,MELTON,-37.739532,144.68451,3029.0,True,Preston HS,28366.9
T20240025415,2024-08-10,08:00:00,1,Collision with vehicle,3,Tuesday,113,RIGHT NEAR (INTERSECTIONS ONLY),1,809800,2,0,0,1,1,2,2,2,T intersection,3,50,Arterial Other,HOBSONS BAY,-37.86471,144.81265,3018.0,True,Preston HS,21884.9
T20220010436,2022-01-05,13:00:00,6,Vehicle overturned (no collision),1,Sunday,184,OUT OF CONTROL ON CARRIAGEWAY (ON BEND),1,757328,1,0,0,1,0,1,2,5,Not at intersection,3,999,Local Road,MURRINDINDI,-37.453224,146.0349,3713.0,True,Reservoir HS,93516.3
T20220012636,2022-04-06,09:00:00,8,No collision and no object struck,7,Saturday,184,OUT OF CONTROL ON CARRIAGEWAY (ON BEND),1,714822,1,0,0,1,0,1,2,5,Not at intersection,3,100,Local Road,MURRINDINDI,-37.318813,145.9079,3713.0,True,Reservoir HS,89535.0
T20230026434,2023-03-11,09:00:00,1,Collision with vehicle,6,Friday,133,LANE SIDE SWIPE (VEHICLES IN PARALLEL LANES),1,803831,2,0,1,0,1,2,2,5,Not at intersection,2,60,Arterial Highway,WARRNAMBOOL,-38.379593,142.4838,3280.0,True,Preston HS,232013.8
T20250009096,2025-02-04,12:00:00,2,Struck Pedestrian,4,Wednesday,100,PED NEAR SIDE. PED HIT BY VEHICLE FROM THE RIGHT.,1,817268,1,0,1,0,1,2,2,5,Not at intersection,2,50,Local Road,DANDENONG,-37.980736,145.21532,3175.0,True,Preston HS,32258.4
T20230021103,2023-09-09,10:00:00,1,Collision with vehicle,7,Saturday,130,REAR END(VEHICLES IN SAME LANE),1,782615,3,0,0,1,2,3,1,5,Not at intersection,3,50,Local Road,FRANKSTON,-38.195065,145.13068,3199.0,True,Preston HS,51562.7
T20240000146,2024-03-01,14:40:00,4,Collision with a fixed object,4,Wednesday,179,OTHER ACCIDENTS-OFF STRAIGHT NOT INCLUDED IN DCAs 170-175,1,797123,1,0,1,0,0,1,1,5,Not at intersection,2,888,Local Road,ALPINE,-36.77569,147.05698,3741.0,True,Reservoir HS,208054.1
T20240020451,2024-09-08,12:00:00,6,Vehicle overturned (no collision),6,Friday,180,OFF CARRIAGEWAY ON RIGHT BEND,1,807336,1,0,1,0,0,1,2,5,Not at intersection,2,50,Local Road,SOUTH GIPPSLAND,-38.402435,145.76662,3946.0,True,Preston HS,99086.3
T20220006209,2022-12-03,14:30:00,1,Collision with vehicle,7,Saturday,120,HEAD ON (NOT OVERTAKING),1,710021,2,0,1,0,2,3,2,5,Not at intersection,2,999,Arterial Other,CARDINIA,-37.91235,145.57397,3783.0,True,Reservoir HS,52290.8
T20230023271,2023-05-10,17:58:00,6,Vehicle overturned (no collision),5,Thursday,174,OUT OF CONTROL ON CARRIAGEWAY (ON STRAIGHT),2,782370,1,0,1,0,0,1,1,5,Not at intersection,2,60,Arterial Other,BOROONDARA,-37.821297,145.02405,3122.0,True,Preston HS,8975.3
T20220027675,2022-06-12,10:45:00,1,Collision with vehicle,3,Tuesday,121,RIGHT THROUGH,1,36475,2,0,1,0,1,2,1,2,T intersection,2,80,Arterial Other,KNOX,-37.893913,145.25266,3180.0,True,Reservoir HS,27357.2
T20230023190,2023-04-10,13:05:00,4,Collision with a fixed object,3,Wednesday,183,OFF LEFT BEND INTO OBJECT/PARKED VEHICLE,1,782131,1,1,1,0,0,2,1,5,Not at intersection,1,50,Local Road,WYNDHAM,-37.875694,144.69373,3029.0,True,Preston HS,31303.1
T20240000524,2023-06-12,16:30:00,1,Collision with vehicle,3,Wednesday,145,REVERSING IN STREAM OF TRAFFIC,1,795551,2,0,0,1,1,2,2,2,T intersection,3,50,Local Road,KINGSTON,-38.017838,145.09746,3195.0,True,Preston HS,31712.8
T20210003054,2021-10-02,08:00:00,1,Collision with vehicle,3,Wednesday,110,CROSS TRAFFIC(INTERSECTIONS ONLY),1,54963,2,0,0,1,1,2,2,1,Cross intersection,3,50,Local Road,STONNINGTON,-37.859283,145.03876,3144.0,True,Preston HS,13367.3
T20220028437,2022-10-12,21:30:00,1,Collision with vehicle,7,Saturday,148,VEHICLE OFF FOOTPATH STRIKES VEH ON CARRIAGEWAY,6,376,2,0,1,0,1,2,2,2,T intersection,2,999,Arterial Highway,PORT PHILLIP,-37.850716,144.97845,3004.0,True,Preston HS,12380.7
T20220007379,2022-02-04,13:59:00,1,Collision with vehicle,6,Saturday,121,RIGHT THROUGH,1,39630,2,0,0,1,2,3,1,2,T intersection,3,60,Arterial Other,MAROONDAH,-37.821636,145.22731,3134.0,True,Reservoir HS,20599.8