ACCIDENT_NO,ACCIDENT_DATE,ACCIDENT_TIME,ACCIDENT_TYPE,ACCIDENT_TYPE_DESC,DAY_OF_WEEK,DAY_WEEK_DESC,DCA_CODE,DCA_DESC,LIGHT_CONDITION,NODE_ID,NO_OF_VEHICLES,NO_PERSONS_KILLED,NO_PERSONS_INJ_2,NO_PERSONS_INJ_3,NO_PERSONS_NOT_INJ,NO_PERSONS,POLICE_ATTEND,ROAD_GEOMETRY,ROAD_GEOMETRY_DESC,SEVERITY,SPEED_ZONE,RMA,LGA_NAME,LATITUDE,LONGITUDE,POSTCODE_CRASH,PED_OR_CYC,nearest_school,dist_to_gate_m
T20210010154,2021-06-05,09:00:00,1,Collision with vehicle,5,Thursday,135,LANE CHANGE LEFT (NOT OVERTAKING),1,45640,2,0,0,1,1,2,9,1,Cross intersection,3,40,Arterial Other,MORELAND,-37.776115,144.9606,3056.0,True,Preston HS,5599.5
T20230021383,2023-12-09,09:27:00,6,Vehicle overturned (no collision),3,Tuesday,174,OUT OF CONTROL ON CARRIAGEWAY (ON STRAIGHT),1,790533,1,0,0,1,0,1,1,5,Not at intersection,3,40,Arterial Other,MORELAND,-37.730434,144.96382,3058.0,True,Preston HS,4006.8
T20230000542,2023-09-01,07:45:00,1,Collision with vehicle,2,Monday,116,LEFT NEAR (INTERSECTIONS ONLY),1,59079,2,0,1,0,1,2,1,2,T intersection,2,60,Local Road,SHEPPARTON,-36.379105,145.34634,3629.0,True,William Ruthven SC,149628.2
T20250017822,2025-04-07,18:30:00,4,Collision with a fixed object,6,Friday,183,OFF LEFT BEND INTO OBJECT/PARKED VEHICLE,3,819943,1,0,0,1,0,1,1,5,Not at intersection,3,60,Freeway,YARRA,-37.7945,144.99185,3068.0,True,Preston HS,6022.2
T20250017603,2025-02-07,12:53:00,2,Struck Pedestrian,4,Wednesday,100,PED NEAR SIDE. PED HIT BY VEHICLE FROM THE RIGHT.,1,820015,1,0,0,2,1,3,1,5,Not at intersection,3,60,Local Road,WANGARATTA,-36.358734,146.30397,3677.0,True,William Ruthven SC,188321.3
T20250009082,2024-03-11,13:55:00,2,Struck Pedestrian,1,Sunday,106,VEH STRIKES PED ON FOOTPATH/MEDIAN/TRAFFIC ISLAND.,1,818797,1,0,0,1,2,3,1,2,T intersection,3,50,Local Road,PORT PHILLIP,-37.831753,144.95618,3205.0,True,Preston HS,10967.8
T20220010742,2022-12-05,19:04:00,2,Struck Pedestrian,5,Thursday,100,PED NEAR SIDE. PED HIT BY VEHICLE FROM THE RIGHT.,3,712507,1,0,1,0,1,2,1,5,Not at intersection,2,40,Local Road,KINGSTON,-37.94884,145.04271,3190.0,True,Preston HS,23244.2
T20230010132,2023-01-05,10:03:00,1,Collision with vehicle,2,Monday,140,U TURN,1,771961,2,0,0,1,1,2,1,2,T intersection,3,40,Local Road,MORELAND,-37.77402,144.959,3056.0,True,Preston HS,5549.4
T20240031123,2024-05-12,09:25:00,1,Collision with vehicle,5,Thursday,121,RIGHT THROUGH,1,355748,2,0,1,0,1,2,1,1,Cross intersection,2,40,Arterial Other,MELBOURNE,-37.80495,144.95628,3051.0,True,Preston HS,8331.6
T20240023590,2024-07-09,14:00:00,8,No collision and no object struck,7,Saturday,184,OUT OF CONTROL ON CARRIAGEWAY (ON BEND),1,808699,1,0,0,1,0,1,2,5,Not at intersection,3,999,Local Road,MURRINDINDI,-37.460857,145.33636,3757.0,True,William Ruthven SC,39368.1
T20220006628,2022-03-03,09:06:00,2,Struck Pedestrian,5,Thursday,100,PED NEAR SIDE. PED HIT BY VEHICLE FROM THE RIGHT.,1,52218,1,0,1,0,1,2,1,1,Cross intersection,2,40,Local Road,LATROBE,-38.196247,146.53798,3844.0,True,Reservoir HS,142365.8
T20230028901,2023-07-12,13:20:00,1,Collision with vehicle,5,Thursday,121,RIGHT THROUGH,1,149,2,0,1,0,1,2,1,2,T intersection,2,30,Local Road,YARRA,-37.802357,144.9868,3066.0,True,Preston HS,6976.8
T20240025746,2024-11-10,23:00:00,1,Collision with vehicle,6,Friday,160,VEHICLE COLLIDES WITH VEHICLE PARKED ON LEFT OF ROAD,5,809560,2,0,0,1,0,1,1,2,T intersection,3,50,Local Road,WHITTLESEA,-37.595776,144.98885,3750.0,True,William Ruthven SC,11273.4
T20230021180,2023-10-09,11:05:00,1,Collision with vehicle,1,Sunday,148,VEHICLE OFF FOOTPATH STRIKES VEH ON CARRIAGEWAY,1,782086,2,0,0,1,2,3,2,5,Not at intersection,3,40,Freeway,MELBOURNE,-37.80477,144.93527,3003.0,True,Preston HS,9436.2
T20250017848,2025-02-07,12:45:00,5,collision with some other object,4,Wednesday,166,STRUCK OBJECT ON CARRIAGEWAY,1,819955,1,0,1,0,0,1,2,5,Not at intersection,2,999,Arterial Other,MELBOURNE,-37.803146,144.92964,3003.0,True,Preston HS,9645.5
T20250007523,2025-07-03,21:00:00,1,Collision with vehicle,5,Friday,137,LEFT TURN SIDESWIPE,6,816482,2,0,0,1,1,2,2,1,Cross intersection,3,50,Arterial Highway,BALLARAT,-37.561752,143.8548,3350.0,True,William Ruthven SC,102218.3
T20220007997,2022-09-04,04:28:00,3,Struck animal,6,Saturday,167,STRUCK ANIMAL,5,208351,1,0,0,1,0,1,1,5,Not at intersection,3,80,Arterial Other,YARRA RANGES,-37.934597,145.30626,3156.0,True,Reservoir HS,33882.1
T20240006262,2024-12-03,16:51:00,2,Struck Pedestrian,2,Tuesday,104,PED WALKING WITH TRAFFIC,1,800104,1,0,0,1,1,2,1,5,Not at intersection,3,60,Arterial Other,MONASH,-37.92173,145.12039,3168.0,True,Preston HS,22354.6
T20230013427,2023-09-06,14:10:00,1,Collision with vehicle,6,Friday,153,CUTTING IN (OVERTAKING),1,42471,2,0,0,1,1,2,1,1,Cross intersection,3,50,Local Road,MORELAND,-37.727642,144.95018,3044.0,True,Preston HS,5243.9
T20220015445,2022-10-07,16:40:00,1,Collision with vehicle,1,Sunday,183,OFF LEFT BEND INTO OBJECT/PARKED VEHICLE,1,722755,2,0,1,0,1,2,1,5,Not at intersection,2,50,Arterial Other,BOROONDARA,-37.788506,145.018,3101.0,True,Preston HS,5292.0
T20250021161,2025-10-08,14:10:00,1,Collision with vehicle,1,Sunday,110,CROSS TRAFFIC(INTERSECTIONS ONLY),1,37571,2,0,0,1,1,2,1,1,Cross intersection,3,50,Local Road,PORT PHILLIP,-37.832882,144.96535,3205.0,True,Preston HS,10782.4
T20230004523,2023-12-02,15:00:00,1,Collision with vehicle,0,Sunday,121,RIGHT THROUGH,9,1288,2,0,0,1,1,2,2,2,T intersection,3,60,Arterial Other,MARIBYRNONG,-37.76942,144.89597,3032.0,True,Preston HS,10244.6
T20230025837,2023-04-11,15:47:00,4,Collision with a fixed object,7,Saturday,183,OFF LEFT BEND INTO OBJECT/PARKED VEHICLE,1,797662,1,0,1,0,0,1,1,5,Not at intersection,2,100,Local Road,MILDURA,-34.3483,141.59744,3496.0,True,William Ruthven SC,482012.7
T20240008701,2024-07-04,12:40:00,4,Collision with a fixed object,1,Sunday,181,OFF RIGHT BEND INTO OBJECT/PARKED VEHICLE,1,809417,1,0,0,1,0,1,1,5,Not at intersection,3,40,Local Road,WYNDHAM,-37.890617,144.72375,3030.0,True,Preston HS,29894.9
T20220027611,2022-05-12,15:40:00,1,Collision with vehicle,2,Monday,130,REAR END(VEHICLES IN SAME LANE),1,750835,2,0,1,0,1,2,1,5,Not at intersection,2,60,Local Road,WODONGA,-36.112656,146.86191,3690.0,True,William Ruthven SC,241521.0
T20210022305,2021-05-11,12:20:00,1,Collision with vehicle,6,Friday,110,CROSS TRAFFIC(INTERSECTIONS ONLY),1,52211,2,0,0,1,1,2,1,1,Cross intersection,3,40,Local Road,LATROBE,-38.19332,146.53838,3844.0,True,Reservoir HS,142280.8
T20250018344,2025-10-07,05:50:00,2,Struck Pedestrian,4,Thursday,102,FAR SIDE. PED HIT BY VEHICLE FROM THE LEFT,3,282822,1,0,1,0,1,2,1,4,Multiple intersection,2,60,Freeway,STONNINGTON,-37.8824,145.09036,3148.0,True,Preston HS,17270.4
T20210022836,2021-11-11,13:42:00,1,Collision with vehicle,5,Thursday,147,VEHICLE STRIKES ANOTHER VEH WHILE EMERGING FROM DRIVEWAY,1,707967,2,0,1,1,0,2,1,5,Not at intersection,2,60,Arterial Highway,BANYULE,-37.74938,145.03674,3081.0,True,Preston HS,2742.5
T20220007910,2022-08-04,18:28:00,1,Collision with vehicle,6,Friday,121,RIGHT THROUGH,2,48998,2,0,0,2,0,2,1,1,Cross intersection,3,999,Arterial Highway,GEELONG,-38.075462,144.36894,3214.0,True,Preston HS,67170.3
T20220015382,2022-09-07,13:30:00,6,Vehicle overturned (no collision),6,Saturday,170,OFF CARRIAGEWAY TO LEFT,1,718619,1,0,0,1,0,1,1,5,Not at intersection,3,60,Arterial Other,STONNINGTON,-37.853256,145.0424,3146.0,True,Preston HS,12786.3
T20240014660,2024-08-06,13:42:00,1,Collision with vehicle,7,Saturday,113,RIGHT NEAR (INTERSECTIONS ONLY),1,815519,2,0,1,0,1,2,1,2,T intersection,2,80,Arterial Other,MANNINGHAM,-37.79828,145.17867,3111.0,True,Reservoir HS,15600.6
T20210020617,2021-11-10,12:45:00,2,Struck Pedestrian,2,Monday,100,PED NEAR SIDE. PED HIT BY VEHICLE FROM THE RIGHT.,1,699132,1,0,1,0,1,2,1,5,Not at intersection,2,70,,MONASH,-37.886955,145.16449,3150.0,True,Preston HS,21260.9
T20240031236,2024-02-12,06:50:00,1,Collision with vehicle,2,Monday,140,U TURN,1,812921,2,0,1,0,1,2,1,5,Not at intersection,2,60,Arterial Other,MOONEE VALLEY,-37.753674,144.88715,3040.0,True,Preston HS,10630.1
T20230013488,2023-10-06,09:55:00,1,Collision with vehicle,7,Saturday,152,PULLING OUT (OVERTAKING),1,775803,2,0,1,0,1,2,1,5,Not at intersection,2,60,Arterial Other,KNOX,-37.860313,145.32025,3154.0,True,Reservoir HS,29805.2
T20210013122,2021-12-06,10:00:00,8,No collision and no object struck,7,Saturday,182,OFF CARRIAGEWAY ON LEFT BEND,1,685875,1,0,0,1,0,1,2,5,Not at intersection,3,100,,INDIGO,-36.30892,146.61702,3746.0,True,William Ruthven SC,210587.1
T20240020198,2024-06-07,10:00:00,2,Struck Pedestrian,6,Saturday,100,PED NEAR SIDE. PED HIT BY VEHICLE FROM THE RIGHT.,1,43129,1,0,0,1,1,2,2,1,Cross intersection,3,50,Local Road,CASEY,-37.995087,145.23802,3177.0,True,Preston HS,34709.2
T20220002786,2022-06-02,20:30:00,8,No collision and no object struck,0,Sunday,174,OUT OF CONTROL ON CARRIAGEWAY (ON STRAIGHT),2,707477,1,0,0,1,0,1,2,5,Not at intersection,3,999,Arterial Other,YARRA RANGES,-37.53042,145.82544,3779.0,True,Reservoir HS,73282.9
T20220027881,2022-08-12,15:50:00,1,Collision with vehicle,5,Thursday,147,VEHICLE STRIKES ANOTHER VEH WHILE EMERGING FROM DRIVEWAY,1,763482,2,0,0,1,1,2,1,5,Not at intersection,3,50,Local Road,GLEN EIRA,-37.917213,145.06596,3165.0,True,Preston HS,20189.2
T20250018694,2025-02-04,17:22:00,1,Collision with vehicle,3,Wednesday,130,REAR END(VEHICLES IN SAME LANE),1,820251,2,0,0,1,1,2,2,1,Cross intersection,3,50,Local Road,DANDENONG,-37.97669,145.20203,3175.0,True,Preston HS,31234.9
T20250005864,2025-11-02,17:30:00,8,No collision and no object struck,2,Tuesday,184,OUT OF CONTROL ON CARRIAGEWAY (ON BEND),1,816125,1,0,0,1,0,1,2,5,Not at intersection,3,50,Local Road,FRANKSTON,-38.139797,145.14429,3199.0,True,Preston HS,45872.1
T20240013028,2024-06-05,14:49:00,1,Collision with vehicle,2,Monday,147,VEHICLE STRIKES ANOTHER VEH WHILE EMERGING FROM DRIVEWAY,1,764093,2,0,0,1,1,2,2,5,Not at intersection,3,888,Local Road,WYNDHAM,-37.8461,144.6668,3029.0,True,Preston HS,32076.0
T20240001125,2022-10-06,16:15:00,1,Collision with vehicle,6,Friday,113,RIGHT NEAR (INTERSECTIONS ONLY),2,797673,2,0,1,0,1,2,1,2,T intersection,2,60,Local Road,DAREBIN,-37.705074,144.9834,3073.0,True,William Ruthven SC,1967.5
T20240005226,2024-01-03,05:14:00,1,Collision with vehicle,6,Friday,110,CROSS TRAFFIC(INTERSECTIONS ONLY),3,29386,2,0,0,1,1,2,1,1,Cross intersection,3,50,Arterial Other,MELBOURNE,-37.78988,144.95876,3052.0,True,Preston HS,6837.9
T20210005259,2021-10-03,08:38:00,2,Struck Pedestrian,3,Wednesday,108,PED STRUCK WALKING TO/FROM OR BOARDING/ALIGHTING VEHICLE.,1,680362,2,0,1,0,2,3,1,5,Not at intersection,2,40,Local Road,MANNINGHAM,-37.782898,145.16016,3109.0,True,Reservoir HS,13319.7
T20240000759,2024-11-01,08:45:00,2,Struck Pedestrian,5,Thursday,100,PED NEAR SIDE. PED HIT BY VEHICLE FROM THE RIGHT.,1,795953,1,0,0,1,2,3,1,5,Not at intersection,3,40,Local Road,PORT PHILLIP,-37.831318,144.96046,3205.0,True,Preston HS,10775.0
T20230023033,2023-02-10,18:20:00,1,Collision with vehicle,2,Monday,148,VEHICLE OFF FOOTPATH STRIKES VEH ON CARRIAGEWAY,2,650875,2,0,0,1,1,2,1,2,T intersection,3,999,Arterial Other,WHITEHORSE,-37.83435,145.20499,3133.0,True,Reservoir HS,19826.9
T20240014604,2024-07-06,21:04:00,2,Struck Pedestrian,6,Friday,100,PED NEAR SIDE. PED HIT BY VEHICLE FROM THE RIGHT.,3,804854,2,1,0,0,3,4,1,5,Not at intersection,1,60,Arterial Highway,DANDENONG,-37.984863,145.22076,3175.0,True,Preston HS,32907.1
T20250009642,2025-10-04,09:20:00,2,Struck Pedestrian,5,Thursday,100,PED NEAR SIDE. PED HIT BY VEHICLE FROM THE RIGHT.,1,817487,1,0,1,0,1,2,1,2,T intersection,2,40,Arterial Other,MONASH,-37.92492,145.11977,3168.0,True,Preston HS,22648.9
T20220020470,2022-02-09,13:20:00,2,Struck Pedestrian,6,Friday,100,PED NEAR SIDE. PED HIT BY VEHICLE FROM THE RIGHT.,1,36794,1,0,0,1,1,2,1,1,Cross intersection,3,40,Arterial Highway,MELBOURNE,-37.812824,144.94296,3008.0,True,Preston HS,9712.0
T20210024828,2021-05-12,08:10:00,8,No collision and no object struck,1,Sunday,174,OUT OF CONTROL ON CARRIAGEWAY (ON STRAIGHT),1,698782,1,0,1,0,0,1,1,5,Not at intersection,2,60,Local Road,YARRA RANGES,-37.646137,145.39807,3775.0,True,Reservoir HS,33532.4
T20210020446,2021-08-10,06:16:00,2,Struck Pedestrian,6,Friday,100,PED NEAR SIDE. PED HIT BY VEHICLE FROM THE RIGHT.,1,359981,1,0,1,0,1,2,1,1,Cross intersection,2,60,Arterial Highway,GLEN EIRA,-37.904514,145.04393,3204.0,True,Preston HS,18390.8
T20220003772,2022-06-02,12:00:00,8,No collision and no object struck,1,Sunday,170,OFF CARRIAGEWAY TO LEFT,1,731395,1,0,0,1,0,1,2,5,Not at intersection,3,80,Arterial Other,MURRINDINDI,-37.51396,145.75584,3779.0,True,Reservoir HS,68051.1
T20220027459,2022-03-12,20:10:00,5,collision with some other object,7,Saturday,181,OFF RIGHT BEND INTO OBJECT/PARKED VEHICLE,1,757414,1,0,1,0,0,1,1,5,Not at intersection,2,90,Arterial Other,YARRA RANGES,-37.86563,145.53151,3139.0,True,Reservoir HS,46906.1
T20230021013,2023-08-09,08:05:00,6,Vehicle overturned (no collision),6,Friday,184,OUT OF CONTROL ON CARRIAGEWAY (ON BEND),1,780542,1,0,1,0,0,1,1,5,Not at intersection,2,100,Freeway,FRANKSTON,-38.100925,145.14183,3198.0,True,Preston HS,41655.6
T20250003009,2025-05-02,07:50:00,2,Struck Pedestrian,4,Wednesday,100,PED NEAR SIDE. PED HIT BY VEHICLE FROM THE RIGHT.,1,1224,1,0,0,1,1,2,1,2,T intersection,3,40,Arterial Other,BAW BAW,-38.136402,145.85753,3818.0,True,Reservoir HS,85992.1
T20220018606,2022-11-02,17:15:00,8,No collision and no object struck,6,Friday,170,OFF CARRIAGEWAY TO LEFT,1,722277,1,0,0,1,1,2,1,5,Not at intersection,3,60,Local Road,WARRNAMBOOL,-38.367195,142.50275,3280.0,True,Preston HS,230032.1
T20250015660,2025-12-06,08:39:00,1,Collision with vehicle,5,Thursday,130,REAR END(VEHICLES IN SAME LANE),1,819266,2,0,1,0,1,2,1,5,Not at intersection,2,100,Freeway,WYNDHAM,-37.868977,144.75891,3028.0,True,Preston HS,25995.0
T20220005803,2022-10-03,19:35:00,8,No collision and no object struck,4,Thursday,172,OFF CARRIAGEWAY TO RIGHT,3,706854,2,0,0,1,1,2,2,5,Not at intersection,3,60,Arterial Highway,WHITEHORSE,-37.81857,145.12636,3128.0,True,Preston HS,13524.6
T20250015708,2025-12-06,17:52:00,1,Collision with vehicle,5,Thursday,110,CROSS TRAFFIC(INTERSECTIONS ONLY),3,58096,2,0,1,0,1,2,1,1,Cross intersection,2,60,Arterial Highway,MILDURA,-34.167923,142.05856,3505.0,True,William Ruthven SC,473463.2
T20230020538,2023-02-09,14:47:00,1,Collision with vehicle,7,Saturday,121,RIGHT THROUGH,1,38707,2,0,1,0,1,2,1,2,T intersection,2,60,Arterial Other,MARIBYRNONG,-37.79014,144.88689,3011.0,True,Preston HS,11860.3
T20220005333,2022-09-03,15:28:00,2,Struck Pedestrian,4,Wednesday,102,FAR SIDE. PED HIT BY VEHICLE FROM THE LEFT,1,708132,1,0,0,1,3,4,1,5,Not at intersection,3,50,Local Road,HOBSONS BAY,-37.84821,144.87566,3015.0,True,Preston HS,16542.4
T20240014756,2024-08-06,13:00:00,6,Vehicle overturned (no collision),6,Saturday,184,OUT OF CONTROL ON CARRIAGEWAY (ON BEND),1,805327,1,0,0,1,0,1,2,5,Not at intersection,3,888,Local Road,MACEDON RANGES,-37.49105,144.47739,3437.0,True,William Ruthven SC,51638.7
T20230018393,2023-07-08,10:45:00,2,Struck Pedestrian,2,Monday,108,PED STRUCK WALKING TO/FROM OR BOARDING/ALIGHTING VEHICLE.,1,798500,1,0,1,0,1,2,1,1,Cross intersection,2,60,Arterial Highway,PORT PHILLIP,-37.82957,144.9638,3205.0,True,Preston HS,10485.5
T20230011414,2023-11-05,16:30:00,1,Collision with vehicle,5,Thursday,130,REAR END(VEHICLES IN SAME LANE),1,774116,2,0,0,1,1,2,2,5,Not at intersection,3,60,Arterial Highway,YARRA RANGES,-37.780617,145.45215,3139.0,True,Reservoir HS,37727.2
T20230013033,2023-02-06,17:57:00,1,Collision with vehicle,5,Friday,163,VEHICLE STRIKES DOOR OF PARKED/STATIONARY VEHICLE,3,776076,2,0,0,1,2,3,2,5,Not at intersection,3,40,Local Road,YARRA,-37.824715,144.99347,3121.0,True,Preston HS,9308.2
T20220028287,2022-12-12,21:15:00,2,Struck Pedestrian,1,Monday,100,PED NEAR SIDE. PED HIT BY VEHICLE FROM THE RIGHT.,3,745007,1,0,1,0,2,3,1,5,Not at intersection,2,70,Arterial Other,BRIMBANK,-37.767063,144.77544,3023.0,True,Preston HS,20560.8
T20220008230,2022-07-04,13:00:00,2,Struck Pedestrian,4,Thursday,101,PED EMERGES FROM IN FRONT OF PARKED OR STATIONARY VEHICLE,1,242703,1,0,0,1,1,2,2,5,Not at intersection,3,40,Local Road,MELBOURNE,-37.8169,144.96439,3000.0,True,Preston HS,9165.7
T20210004949,2021-06-03,11:45:00,4,Collision with a fixed object,7,Saturday,181,OFF RIGHT BEND INTO OBJECT/PARKED VEHICLE,1,677377,1,1,0,0,0,1,1,5,Not at intersection,1,100,,TOWONG,-36.111088,147.07848,3691.0,True,William Ruthven SC,255204.6
T20210010643,2021-12-05,10:01:00,6,Vehicle overturned (no collision),4,Wednesday,184,OUT OF CONTROL ON CARRIAGEWAY (ON BEND),1,683118,1,0,1,0,0,1,1,4,Multiple intersection,2,70,Arterial Highway,GEELONG,-38.20394,144.30217,3216.0,True,Preston HS,80373.3
T20230011158,2023-12-05,14:46:00,1,Collision with vehicle,6,Friday,147,VEHICLE STRIKES ANOTHER VEH WHILE EMERGING FROM DRIVEWAY,1,774927,2,0,1,1,0,2,1,5,Not at intersection,2,999,Local Road,EAST GIPPSLAND,-37.795567,147.76036,3882.0,True,Reservoir HS,240207.9
T20240016286,2024-07-05,08:30:00,2,Struck Pedestrian,2,Tuesday,100,PED NEAR SIDE. PED HIT BY VEHICLE FROM THE RIGHT.,1,810845,1,0,0,1,1,2,1,5,Not at intersection,3,50,Local Road,HOBSONS BAY,-37.82757,144.83919,3025.0,True,Preston HS,17575.7
T20210022294,2021-05-11,09:15:00,2,Struck Pedestrian,6,Friday,102,FAR SIDE. PED HIT BY VEHICLE FROM THE LEFT,1,696535,1,0,1,0,1,2,1,5,Not at intersection,2,60,Arterial Other,YARRA,-37.811707,145.01242,3121.0,True,Preston HS,7798.5
T20220017309,2022-03-08,06:10:00,8,No collision and no object struck,4,Wednesday,170,OFF CARRIAGEWAY TO LEFT,5,720325,1,0,0,1,0,1,1,5,Not at intersection,3,60,Arterial Other,YARRA RANGES,-37.91339,145.36829,3159.0,True,Reservoir HS,36567.1
T20240006743,2023-10-11,06:50:00,1,Collision with vehicle,6,Friday,131,LEFT REAR,2,43389,2,0,1,0,1,2,2,1,Cross intersection,2,60,Arterial Other,MORELAND,-37.735428,144.97769,3058.0,True,Preston HS,2678.5
T20240014816,2024-10-06,22:30:00,6,Vehicle overturned (no collision),2,Monday,174,OUT OF CONTROL ON CARRIAGEWAY (ON STRAIGHT),3,805022,1,0,1,0,0,1,1,2,T intersection,2,60,Local Road,WHITTLESEA,-37.627296,145.00479,3076.0,True,William Ruthven SC,7701.2
T20240014329,2024-02-03,12:00:00,1,Collision with vehicle,7,Saturday,130,REAR END(VEHICLES IN SAME LANE),1,931,2,0,0,1,1,2,2,1,Cross intersection,3,80,Arterial Highway,FRANKSTON,-38.09948,145.17279,3201.0,True,Preston HS,42355.0
T20210015175,2021-10-07,06:40:00,4,Collision with a fixed object,7,Saturday,183,OFF LEFT BEND INTO OBJECT/PARKED VEHICLE,3,701039,1,0,1,0,0,1,1,5,Not at intersection,2,60,Arterial Other,MELBOURNE,-37.820843,144.91974,3207.0,True,Preston HS,11678.6
T20220012965,2022-02-06,18:00:00,1,Collision with vehicle,5,Thursday,121,RIGHT THROUGH,3,45303,2,0,1,0,2,3,1,1,Cross intersection,2,60,Arterial Other,MOONEE VALLEY,-37.77052,144.90521,3032.0,True,Preston HS,9513.5
T20210010587,2021-11-05,16:15:00,1,Collision with vehicle,2,Tuesday,147,VEHICLE STRIKES ANOTHER VEH WHILE EMERGING FROM DRIVEWAY,1,687182,2,0,0,1,0,1,2,2,T intersection,3,999,Arterial Other,FRANKSTON,-38.119087,145.14087,3198.0,True,Preston HS,43572.8
T20240032148,2024-10-12,08:15:00,1,Collision with vehicle,3,Tuesday,110,CROSS TRAFFIC(INTERSECTIONS ONLY),1,38830,2,0,0,1,1,2,2,1,Cross intersection,3,40,Local Road,MELBOURNE,-37.794468,144.93044,3031.0,True,Preston HS,8934.9
T20240019399,2024-01-08,08:54:00,1,Collision with vehicle,5,Thursday,112,LEFT FAR (INTERSECTIONS ONLY),1,44187,2,0,0,1,1,2,1,2,T intersection,3,50,Arterial Other,DAREBIN,-37.713146,145.0082,3073.0,True,William Ruthven SC,1902.5
T20220008149,2022-12-04,06:48:00,6,Vehicle overturned (no collision),3,Tuesday,174,OUT OF CONTROL ON CARRIAGEWAY (ON STRAIGHT),1,709498,2,0,1,0,1,2,1,2,T intersection,2,80,Arterial Other,CASEY,-38.081165,145.26788,3977.0,True,Preston HS,44138.5
T20220000606,2022-11-01,10:30:00,1,Collision with vehicle,2,Tuesday,121,RIGHT THROUGH,1,51693,2,0,0,1,1,2,2,2,T intersection,3,60,Local Road,BENDIGO,-36.776287,144.28938,3550.0,True,William Ruthven SC,120256.4
T20240014126,2024-03-06,07:26:00,1,Collision with vehicle,2,Monday,119,OTHER ADJACENT (INTERSECTIONS ONLY),1,812028,2,0,0,1,1,2,1,2,T intersection,3,60,Arterial Highway,BASS COAST,-38.60598,145.60353,3995.0,True,Preston HS,109334.2
T20210003847,2021-11-02,11:05:00,1,Collision with vehicle,5,Thursday,130,REAR END(VEHICLES IN SAME LANE),1,676448,2,0,1,0,1,2,1,5,Not at intersection,2,100,Freeway,MELTON,-37.785515,144.74837,3023.0,True,Preston HS,23259.5
T20230025693,2023-01-11,09:28:00,1,Collision with vehicle,4,Wednesday,130,REAR END(VEHICLES IN SAME LANE),1,792849,2,0,0,1,1,2,2,5,Not at intersection,3,80,Freeway,MELBOURNE,-37.826546,144.94925,3006.0,True,Preston HS,10717.0
T20220011482,2022-12-05,22:30:00,8,No collision and no object struck,5,Thursday,174,OUT OF CONTROL ON CARRIAGEWAY (ON STRAIGHT),6,39785,1,0,0,1,0,1,2,1,Cross intersection,3,80,Arterial Other,MAROONDAH,-37.826,145.28758,3153.0,True,Reservoir HS,25448.6
T20230006269,2023-06-03,22:30:00,7,Fall from or in moving vehicle,2,Monday,184,OUT OF CONTROL ON CARRIAGEWAY (ON BEND),6,35847,1,0,0,1,0,1,2,2,T intersection,3,50,Local Road,MELBOURNE,-37.823788,144.9349,3207.0,True,Preston HS,11116.5
T20210009340,2021-10-04,09:45:00,8,No collision and no object struck,7,Saturday,184,OUT OF CONTROL ON CARRIAGEWAY (ON BEND),1,682004,1,0,0,1,0,1,2,5,Not at intersection,3,999,,BAW BAW,-37.86218,146.19183,3833.0,True,Reservoir HS,103318.3
T20230006993,2023-07-03,14:30:00,6,Vehicle overturned (no collision),2,Tuesday,182,OFF CARRIAGEWAY ON LEFT BEND,1,762943,1,0,0,1,0,1,2,5,Not at intersection,3,999,Local Road,BAW BAW,-37.93198,146.37474,3825.0,True,Reservoir HS,120434.7
T20240015014,2024-10-06,10:30:00,8,No collision and no object struck,2,Monday,174,OUT OF CONTROL ON CARRIAGEWAY (ON STRAIGHT),1,805733,1,0,0,1,0,1,2,5,Not at intersection,3,60,Arterial Other,WHITEHORSE,-37.83067,145.13847,3130.0,True,Preston HS,15203.5
T20240006477,2024-03-03,05:20:00,8,No collision and no object struck,0,Sunday,174,OUT OF CONTROL ON CARRIAGEWAY (ON STRAIGHT),2,800379,1,0,1,0,0,1,2,5,Not at intersection,2,60,Arterial Other,MELBOURNE,-37.826866,144.95775,3006.0,True,Preston HS,10415.8
T20210012758,2021-06-03,10:30:00,1,Collision with vehicle,7,Saturday,137,LEFT TURN SIDESWIPE,1,692675,2,0,0,1,1,2,2,5,Not at intersection,3,60,Arterial Highway,YARRA RANGES,-37.655952,145.51173,3777.0,True,Reservoir HS,43079.9
T20250000800,2025-10-01,22:13:00,1,Collision with vehicle,5,Friday,121,RIGHT THROUGH,3,35500,2,0,1,0,1,2,1,1,Cross intersection,2,40,Arterial Highway,STONNINGTON,-37.857506,144.9923,3181.0,True,Preston HS,12942.5
T20240008465,2024-04-04,17:30:00,1,Collision with vehicle,5,Thursday,116,LEFT NEAR (INTERSECTIONS ONLY),1,63680,2,0,0,1,1,2,1,1,Cross intersection,3,50,Local Road,MORELAND,-37.759666,144.9733,3056.0,True,Preston HS,3580.8
T20240008574,2024-05-04,19:19:00,2,Struck Pedestrian,5,Friday,100,PED NEAR SIDE. PED HIT BY VEHICLE FROM THE RIGHT.,3,310565,1,0,1,0,2,3,1,2,T intersection,2,50,Arterial Highway,STONNINGTON,-37.87785,145.09116,3148.0,True,Preston HS,16844.2