ACCIDENT_NO,ACCIDENT_DATE,ACCIDENT_TIME,ACCIDENT_TYPE,ACCIDENT_TYPE_DESC,DAY_OF_WEEK,DAY_WEEK_DESC,DCA_CODE,DCA_DESC,LIGHT_CONDITION,NODE_ID,NO_OF_VEHICLES,NO_PERSONS_KILLED,NO_PERSONS_INJ_2,NO_PERSONS_INJ_3,NO_PERSONS_NOT_INJ,NO_PERSONS,POLICE_ATTEND,ROAD_GEOMETRY,ROAD_GEOMETRY_DESC,SEVERITY,SPEED_ZONE,RMA,LGA_NAME,LATITUDE,LONGITUDE,POSTCODE_CRASH,PED_OR_CYC,nearest_school,dist_to_gate_m
T20240003217,2024-09-02,08:01:00,1,Collision with vehicle,6,Friday,116,LEFT NEAR (INTERSECTIONS ONLY),1,239272,2,0,1,0,3,4,1,2,T intersection,2,60,Local Road,MELTON,-37.716385,144.5725,3338.0,True,William Ruthven SC,37935.4
T20230010521,2023-05-05,08:20:00,1,Collision with vehicle,6,Friday,150,HEAD ON(OVERTAKING),1,776939,2,0,1,0,1,2,1,5,Not at intersection,2,60,,NILLUMBIK,-37.639072,145.16483,3089.0,True,Reservoir HS,15096.2
T20230013232,2023-07-06,07:12:00,1,Collision with vehicle,4,Wednesday,121,RIGHT THROUGH,2,40639,2,0,1,0,2,3,1,2,T intersection,2,60,Local Road,MOONEE VALLEY,-37.71797,144.89198,3042.0,True,William Ruthven SC,10052.2
T20240017259,2024-04-07,18:35:00,1,Collision with vehicle,4,Thursday,130,REAR END(VEHICLES IN SAME LANE),3,811796,3,0,0,1,2,3,2,5,Not at intersection,3,60,Arterial Highway,PORT PHILLIP,-37.832573,144.9671,3205.0,True,Preston HS,10698.5
T20210018749,2021-06-09,13:05:00,1,Collision with vehicle,2,Monday,110,CROSS TRAFFIC(INTERSECTIONS ONLY),1,359243,2,0,1,0,1,2,1,1,Cross intersection,2,50,Local Road,BRIMBANK,-37.781452,144.81828,3020.0,True,Preston HS,17177.1
T20210017139,2021-07-08,11:00:00,2,Struck Pedestrian,6,Saturday,102,FAR SIDE. PED HIT BY VEHICLE FROM THE LEFT,1,35399,1,0,1,0,1,2,2,4,Multiple intersection,2,60,Arterial Other,PORT PHILLIP,-37.84217,144.9592,3206.0,True,Preston HS,11938.3
T20250015063,2025-05-06,10:53:00,2,Struck Pedestrian,5,Thursday,102,FAR SIDE. PED HIT BY VEHICLE FROM THE LEFT,1,37733,1,0,1,0,1,2,1,1,Cross intersection,2,40,Arterial Other,STONNINGTON,-37.84738,144.99792,3181.0,True,Preston HS,11778.7
T20250003267,2025-07-02,07:57:00,1,Collision with vehicle,5,Friday,130,REAR END(VEHICLES IN SAME LANE),1,816834,2,0,0,2,1,3,1,5,Not at intersection,3,60,Arterial Highway,BULOKE,-36.26574,143.34904,3525.0,True,William Ruthven SC,216546.2
T20240031475,2024-08-12,12:23:00,4,Collision with a fixed object,1,Sunday,183,OFF LEFT BEND INTO OBJECT/PARKED VEHICLE,1,813872,1,1,0,0,0,1,1,5,Not at intersection,1,80,Local Road,SURF COAST,-38.287987,144.06395,3241.0,True,Preston HS,102550.1
T20220013220,2022-09-06,14:00:00,1,Collision with vehicle,5,Thursday,136,RIGHT TURN SIDESWIPE,1,248666,2,0,1,0,1,2,2,2,T intersection,2,999,Local Road,STONNINGTON,-37.847393,144.99135,3181.0,True,Preston HS,11833.7
T20240008430,2024-04-04,08:33:00,1,Collision with vehicle,5,Thursday,133,LANE SIDE SWIPE (VEHICLES IN PARALLEL LANES),1,800979,2,0,0,1,1,2,2,5,Not at intersection,3,50,Local Road,GLEN EIRA,-37.888493,145.03961,3163.0,True,Preston HS,16570.6
T20250008584,2025-05-03,08:00:00,1,Collision with vehicle,3,Wednesday,163,VEHICLE STRIKES DOOR OF PARKED/STATIONARY VEHICLE,1,321122,2,0,0,1,1,2,2,5,Not at intersection,3,40,Local Road,MELBOURNE,-37.813835,144.97218,3000.0,True,Preston HS,8588.1
T20250003087,2025-04-02,08:30:00,2,Struck Pedestrian,3,Tuesday,100,PED NEAR SIDE. PED HIT BY VEHICLE FROM THE RIGHT.,1,83387,1,0,0,1,1,2,2,1,Cross intersection,3,70,Arterial Other,MANNINGHAM,-37.752586,145.13527,3106.0,True,Reservoir HS,9896.3
T20250005652,2025-02-03,13:10:00,1,Collision with vehicle,0,Sunday,132,RIGHT REAR.,1,44101,2,0,0,1,1,2,1,2,T intersection,3,70,Arterial Other,MORNINGTON PENINSULA,-38.316025,145.1835,3918.0,True,Preston HS,65704.4
T20250021136,2025-10-08,09:38:00,1,Collision with vehicle,0,Sunday,113,RIGHT NEAR (INTERSECTIONS ONLY),1,821708,2,0,0,1,1,2,1,2,T intersection,3,60,Local Road,MORNINGTON PENINSULA,-38.2234,145.17305,3912.0,True,Preston HS,55502.2
T20250017967,2025-05-07,06:30:00,2,Struck Pedestrian,6,Saturday,100,PED NEAR SIDE. PED HIT BY VEHICLE FROM THE RIGHT.,6,42614,1,0,1,0,1,2,2,2,T intersection,2,50,Local Road,DANDENONG,-37.9471,145.19757,3175.0,True,Preston HS,28308.3
T20220024926,2022-04-11,20:56:00,2,Struck Pedestrian,6,Friday,107,PED ON FOOTHPATH STRUCK BY VEHENTERING/LEAVING DRIVEWAY.,6,764050,1,0,1,1,0,2,1,5,Not at intersection,2,60,Local Road,PYRENEES,-37.61169,143.58464,3351.0,True,William Ruthven SC,125218.4
T20250012241,2025-08-05,11:45:00,2,Struck Pedestrian,5,Thursday,102,FAR SIDE. PED HIT BY VEHICLE FROM THE LEFT,1,816437,1,0,1,0,1,2,1,2,T intersection,2,60,Local Road,HUME,-37.629787,144.91968,3064.0,True,William Ruthven SC,10434.2
T20240008772,2024-08-04,11:50:00,6,Vehicle overturned (no collision),2,Monday,174,OUT OF CONTROL ON CARRIAGEWAY (ON STRAIGHT),1,805307,1,0,0,1,0,1,1,5,Not at intersection,3,40,Local Road,KNOX,-37.876205,145.27821,3156.0,True,Reservoir HS,27755.9
T20220015209,2022-03-07,15:00:00,8,No collision and no object struck,1,Sunday,174,OUT OF CONTROL ON CARRIAGEWAY (ON STRAIGHT),1,722011,1,0,1,0,0,1,2,2,T intersection,2,999,Local Road,WANGARATTA,-36.285934,146.16153,3675.0,True,William Ruthven SC,187585.8
T20210012628,2021-07-06,12:45:00,2,Struck Pedestrian,1,Monday,100,PED NEAR SIDE. PED HIT BY VEHICLE FROM THE RIGHT.,1,22,1,0,0,1,1,2,1,1,Cross intersection,3,60,Arterial Other,MELBOURNE,-37.796597,144.9512,3052.0,True,Preston HS,7836.1
T20250009758,2025-10-04,16:30:00,1,Collision with vehicle,5,Thursday,137,LEFT TURN SIDESWIPE,1,41079,2,0,1,0,1,2,2,2,T intersection,2,60,Arterial Other,PORT PHILLIP,-37.876286,144.977,3184.0,True,Preston HS,15197.1
T20220005312,2022-01-03,09:30:00,1,Collision with vehicle,2,Tuesday,121,RIGHT THROUGH,1,709146,2,0,0,1,1,2,1,5,Not at intersection,3,60,Local Road,GEELONG,-38.18133,144.39099,3219.0,True,Preston HS,72850.0
T20230023229,2023-07-07,10:31:00,1,Collision with vehicle,6,Friday,110,CROSS TRAFFIC(INTERSECTIONS ONLY),1,39805,2,0,0,1,1,2,2,1,Cross intersection,3,60,Local Road,MAROONDAH,-37.797615,145.30077,3136.0,True,Reservoir HS,25279.4
T20250012102,2025-06-05,21:18:00,2,Struck Pedestrian,3,Tuesday,100,PED NEAR SIDE. PED HIT BY VEHICLE FROM THE RIGHT.,3,821262,1,0,1,0,2,3,1,1,Cross intersection,2,60,Arterial Other,STONNINGTON,-37.839504,144.99565,3141.0,True,Preston HS,10921.8
T20250009541,2025-09-04,10:06:00,2,Struck Pedestrian,4,Wednesday,100,PED NEAR SIDE. PED HIT BY VEHICLE FROM THE RIGHT.,1,817193,1,0,1,0,2,3,1,5,Not at intersection,2,40,Local Road,MELBOURNE,-37.81226,144.95853,3000.0,True,Preston HS,8932.0
T20230018469,2023-08-08,10:26:00,4,Collision with a fixed object,2,Tuesday,171,LEFT OFF CARRIAGEWAY INTO OBJECT/PARKED VEHICLE,1,778475,1,0,0,1,0,1,1,2,T intersection,3,50,Local Road,MELBOURNE,-37.7956,144.94017,3051.0,True,Preston HS,8398.3
T20250005970,2025-04-03,14:30:00,1,Collision with vehicle,3,Tuesday,135,LANE CHANGE LEFT (NOT OVERTAKING),1,817779,2,0,1,0,1,2,2,5,Not at intersection,2,50,Arterial Other,DAREBIN,-37.761097,145.00018,3071.0,True,Preston HS,2241.0
T20250011613,2025-09-01,14:00:00,6,Vehicle overturned (no collision),4,Thursday,174,OUT OF CONTROL ON CARRIAGEWAY (ON STRAIGHT),1,819643,1,0,0,1,0,1,2,5,Not at intersection,3,888,,COLAC OTWAY,-38.62943,143.89168,3234.0,True,Preston HS,138734.3
T20220027946,2022-05-12,18:30:00,7,Fall from or in moving vehicle,2,Monday,190,FELL IN/FROM VEHICLE,1,59041,1,0,0,1,0,1,2,1,Cross intersection,3,50,Local Road,WANGARATTA,-36.36545,146.31705,3677.0,True,William Ruthven SC,188445.3
T20230005224,2023-03-03,19:25:00,1,Collision with vehicle,5,Friday,153,CUTTING IN (OVERTAKING),2,234574,2,0,0,1,1,2,2,2,T intersection,3,40,Local Road,MELBOURNE,-37.81496,144.98277,3002.0,True,Preston HS,8422.1
T20230030715,2023-06-12,22:00:00,2,Struck Pedestrian,4,Wednesday,100,PED NEAR SIDE. PED HIT BY VEHICLE FROM THE RIGHT.,9,36291,1,0,0,1,1,2,2,1,Cross intersection,3,999,Local Road,MELBOURNE,-37.807465,144.96284,3000.0,True,Preston HS,8283.0
T20220025517,2022-11-11,18:40:00,2,Struck Pedestrian,6,Friday,100,PED NEAR SIDE. PED HIT BY VEHICLE FROM THE RIGHT.,1,746070,1,0,1,0,1,2,1,5,Not at intersection,2,70,Arterial Other,FRANKSTON,-38.14837,145.1449,3199.0,True,Preston HS,46806.2
T20220020304,2022-03-09,08:00:00,6,Vehicle overturned (no collision),6,Saturday,184,OUT OF CONTROL ON CARRIAGEWAY (ON BEND),1,42591,1,0,1,0,0,1,2,1,Cross intersection,2,999,Arterial Other,DANDENONG,-37.9376,145.19249,3174.0,True,Preston HS,27194.4
T20230017675,2023-03-07,03:00:00,1,Collision with vehicle,2,Monday,134,LANE CHANGE RIGHT (NOT OVERTAKING),3,787144,2,0,0,1,1,2,2,5,Not at intersection,3,60,Local Road,MELBOURNE,-37.826485,144.96127,3006.0,True,Preston HS,10251.9
T20250008861,2025-09-03,17:05:00,8,No collision and no object struck,1,Sunday,174,OUT OF CONTROL ON CARRIAGEWAY (ON STRAIGHT),1,817021,1,0,0,1,0,1,2,5,Not at intersection,3,999,Local Road,MANSFIELD,-37.385185,146.1299,3723.0,True,Reservoir HS,104006.1
T20250018884,2025-05-07,14:00:00,8,No collision and no object struck,6,Saturday,174,OUT OF CONTROL ON CARRIAGEWAY (ON STRAIGHT),9,821328,1,0,0,1,0,1,2,5,Not at intersection,3,888,Local Road,MITCHELL,-37.379395,145.07877,3658.0,True,William Ruthven SC,35892.3
T20210015527,2021-10-07,15:34:00,2,Struck Pedestrian,7,Saturday,101,PED EMERGES FROM IN FRONT OF PARKED OR STATIONARY VEHICLE,1,688658,1,0,0,1,1,2,1,5,Not at intersection,3,40,Local Road,MELBOURNE,-37.823845,144.97688,3004.0,True,Preston HS,9512.4
T20240002882,2024-05-02,16:00:00,1,Collision with vehicle,2,Monday,147,VEHICLE STRIKES ANOTHER VEH WHILE EMERGING FROM DRIVEWAY,1,797614,2,0,1,0,1,2,1,5,Not at intersection,2,888,Arterial Other,MORELAND,-37.705826,144.9609,3060.0,True,William Ruthven SC,3844.3
T20220027689,2022-03-12,02:00:00,8,No collision and no object struck,7,Saturday,174,OUT OF CONTROL ON CARRIAGEWAY (ON STRAIGHT),3,72738,1,0,2,0,0,2,1,1,Cross intersection,2,40,Local Road,LATROBE,-38.195816,146.53328,3844.0,True,Reservoir HS,141965.7
T20230018585,2023-03-08,16:55:00,2,Struck Pedestrian,4,Thursday,102,FAR SIDE. PED HIT BY VEHICLE FROM THE LEFT,1,331008,1,0,0,1,1,2,1,5,Not at intersection,3,40,Arterial Other,MELBOURNE,-37.81771,144.95633,3000.0,True,Preston HS,9557.4
T20240032014,2024-12-12,10:30:00,2,Struck Pedestrian,4,Thursday,104,PED WALKING WITH TRAFFIC,1,35671,1,0,0,1,1,2,2,1,Cross intersection,3,50,Arterial Highway,GEELONG,-38.144608,144.32907,3220.0,True,Preston HS,74446.1
T20240020092,2024-08-08,15:10:00,2,Struck Pedestrian,5,Thursday,100,PED NEAR SIDE. PED HIT BY VEHICLE FROM THE RIGHT.,1,39989,1,0,0,1,1,2,1,2,T intersection,3,999,Local Road,HOBSONS BAY,-37.842262,144.881,3015.0,True,Preston HS,15742.1
T20220021117,2022-11-09,20:30:00,2,Struck Pedestrian,1,Sunday,108,PED STRUCK WALKING TO/FROM OR BOARDING/ALIGHTING VEHICLE.,3,676570,1,0,0,1,1,2,2,2,T intersection,3,60,Arterial Other,MARIBYRNONG,-37.769028,144.89255,3032.0,True,Preston HS,10519.1
T20210010570,2021-10-05,22:54:00,1,Collision with vehicle,2,Monday,148,VEHICLE OFF FOOTPATH STRIKES VEH ON CARRIAGEWAY,3,683321,2,0,0,1,1,2,1,1,Cross intersection,3,40,Local Road,MELBOURNE,-37.82112,144.955,3008.0,True,Preston HS,9947.5
T20250002784,2025-02-02,13:00:00,2,Struck Pedestrian,1,Sunday,100,PED NEAR SIDE. PED HIT BY VEHICLE FROM THE RIGHT.,1,815123,1,1,0,0,2,3,1,2,T intersection,1,70,Local Road,CASEY,-38.070522,145.26,3975.0,True,Preston HS,42769.0
T20210007797,2021-07-04,18:00:00,1,Collision with vehicle,4,Wednesday,124,RIGHT/RIGHT BOTH VEHs FROM OPPOSITE DIRECTIONS TURNING RIGHT,9,45604,2,0,0,1,1,2,2,1,Cross intersection,3,50,Local Road,MORELAND,-37.770775,144.95485,3056.0,True,Preston HS,5617.1
T20250020337,2025-01-08,14:40:00,2,Struck Pedestrian,6,Friday,100,PED NEAR SIDE. PED HIT BY VEHICLE FROM THE RIGHT.,1,45286,1,0,1,0,1,2,1,2,T intersection,2,50,Arterial Other,MOONEE VALLEY,-37.74282,144.9059,3041.0,True,Preston HS,8899.4
T20230016180,2023-12-07,15:40:00,2,Struck Pedestrian,3,Wednesday,102,FAR SIDE. PED HIT BY VEHICLE FROM THE LEFT,1,778242,1,0,1,0,1,2,1,5,Not at intersection,2,40,Local Road,MONASH,-37.899597,145.16849,3150.0,True,Preston HS,22565.9
T20250000125,2024-08-12,20:54:00,1,Collision with vehicle,1,Sunday,147,VEHICLE STRIKES ANOTHER VEH WHILE EMERGING FROM DRIVEWAY,5,813648,2,0,0,1,1,2,2,5,Not at intersection,3,999,Arterial Other,BOROONDARA,-37.810745,145.02577,3101.0,True,Preston HS,7850.8
T20220002769,2022-08-02,21:00:00,2,Struck Pedestrian,2,Tuesday,100,PED NEAR SIDE. PED HIT BY VEHICLE FROM THE RIGHT.,3,720035,1,0,1,0,1,2,2,5,Not at intersection,2,60,Arterial Other,HOBSONS BAY,-37.88579,144.75624,3028.0,True,Preston HS,27245.6
T20240025055,2024-02-10,07:45:00,1,Collision with vehicle,3,Wednesday,110,CROSS TRAFFIC(INTERSECTIONS ONLY),1,862,2,0,0,1,1,2,2,1,Cross intersection,3,999,Local Road,MORELAND,-37.737328,144.96257,3058.0,True,Preston HS,3945.7
T20240020313,2024-10-08,12:58:00,1,Collision with vehicle,7,Saturday,136,RIGHT TURN SIDESWIPE,1,807818,2,0,0,1,1,2,1,1,Cross intersection,3,60,Arterial Other,WYNDHAM,-37.862644,144.68536,3029.0,True,Preston HS,31303.6
T20220025190,2022-08-11,13:10:00,2,Struck Pedestrian,2,Tuesday,101,PED EMERGES FROM IN FRONT OF PARKED OR STATIONARY VEHICLE,1,734674,1,0,1,0,1,2,1,5,Not at intersection,2,60,Arterial Other,MOONEE VALLEY,-37.75234,144.90869,3040.0,True,Preston HS,8733.1
T20210006220,2021-12-03,13:15:00,1,Collision with vehicle,6,Friday,131,LEFT REAR,1,63088,2,0,0,1,1,2,2,2,T intersection,3,50,Local Road,MORELAND,-37.741833,144.93976,3044.0,True,Preston HS,5921.3
T20240008338,2024-03-04,07:00:00,1,Collision with vehicle,4,Wednesday,113,RIGHT NEAR (INTERSECTIONS ONLY),3,341471,2,0,0,1,1,2,2,2,T intersection,3,60,Local Road,MAROONDAH,-37.826813,145.30328,3153.0,True,Reservoir HS,26725.3
T20250000044,2025-01-01,14:40:00,1,Collision with vehicle,4,Wednesday,121,RIGHT THROUGH,1,42055,2,0,2,0,1,3,1,2,T intersection,2,60,Arterial Other,BAYSIDE,-37.951145,145.00285,3191.0,True,Preston HS,23292.2
T20230010368,2023-03-05,18:20:00,1,Collision with vehicle,4,Wednesday,121,RIGHT THROUGH,3,772602,2,0,0,1,1,2,1,5,Not at intersection,3,60,Local Road,WODONGA,-36.126762,146.86505,3690.0,True,William Ruthven SC,240561.3
T20220025035,2022-05-11,19:15:00,2,Struck Pedestrian,7,Saturday,108,PED STRUCK WALKING TO/FROM OR BOARDING/ALIGHTING VEHICLE.,9,735481,1,0,0,1,1,2,2,5,Not at intersection,3,60,Arterial Other,MARIBYRNONG,-37.790382,144.88965,3011.0,True,Preston HS,11657.1
T20220020285,2022-08-09,15:20:00,2,Struck Pedestrian,4,Thursday,100,PED NEAR SIDE. PED HIT BY VEHICLE FROM THE RIGHT.,1,725065,1,0,0,1,1,2,1,5,Not at intersection,3,40,Local Road,MITCHELL,-37.41178,144.9738,3756.0,True,William Ruthven SC,31768.3
T20230013329,2023-07-06,18:30:00,2,Struck Pedestrian,3,Wednesday,105,PED WALKING AGAINST TRAFFIC.,2,38836,1,0,0,1,1,2,2,1,Cross intersection,3,40,Local Road,MELBOURNE,-37.809963,144.9584,3000.0,True,Preston HS,8714.1
T20250005900,2025-01-03,18:00:00,8,No collision and no object struck,7,Saturday,174,OUT OF CONTROL ON CARRIAGEWAY (ON STRAIGHT),1,41155,1,0,0,1,0,1,2,1,Cross intersection,3,60,Local Road,BAYSIDE,-37.89231,144.99545,3186.0,True,Preston HS,16778.3
T20210012869,2021-11-06,08:56:00,1,Collision with vehicle,6,Friday,110,CROSS TRAFFIC(INTERSECTIONS ONLY),1,53182,2,0,1,0,1,2,1,1,Cross intersection,2,50,Local Road,GEELONG,-38.262093,144.52702,3226.0,True,Preston HS,71538.7
T20240019471,2024-01-08,21:45:00,2,Struck Pedestrian,5,Thursday,102,FAR SIDE. PED HIT BY VEHICLE FROM THE LEFT,3,35500,1,0,0,2,1,3,1,1,Cross intersection,3,70,Arterial Highway,STONNINGTON,-37.857506,144.9923,3181.0,True,Preston HS,12942.5
T20220009989,2022-04-04,16:00:00,8,No collision and no object struck,2,Monday,179,OTHER ACCIDENTS-OFF STRAIGHT NOT INCLUDED IN DCAs 170-175,1,711633,1,0,0,1,0,1,2,5,Not at intersection,3,60,Arterial Other,MONASH,-37.874207,145.11055,3148.0,True,Preston HS,17311.6
T20220019829,2022-02-09,10:45:00,2,Struck Pedestrian,5,Friday,100,PED NEAR SIDE. PED HIT BY VEHICLE FROM THE RIGHT.,1,741789,1,0,1,0,1,2,1,5,Not at intersection,2,60,Local Road,BRIMBANK,-37.75222,144.77432,3023.0,True,Preston HS,20500.4
T20220024594,2022-01-11,12:20:00,2,Struck Pedestrian,2,Tuesday,101,PED EMERGES FROM IN FRONT OF PARKED OR STATIONARY VEHICLE,1,733180,1,0,0,1,1,2,1,5,Not at intersection,3,50,,GLEN EIRA,-37.885826,145.05852,3163.0,True,Preston HS,16650.5
T20250007105,2025-01-02,23:58:00,2,Struck Pedestrian,7,Saturday,106,VEH STRIKES PED ON FOOTPATH/MEDIAN/TRAFFIC ISLAND.,3,816383,1,0,0,1,1,2,1,5,Not at intersection,3,50,Local Road,FRANKSTON,-38.120705,145.13803,3198.0,True,Preston HS,43679.9
T20220005212,2022-05-03,21:45:00,1,Collision with vehicle,7,Saturday,110,CROSS TRAFFIC(INTERSECTIONS ONLY),3,41375,2,0,0,1,1,2,2,4,Multiple intersection,3,60,Arterial Other,GLEN EIRA,-37.88969,145.0448,3163.0,True,Preston HS,16785.7
T20240005671,2024-05-03,23:55:00,4,Collision with a fixed object,3,Tuesday,181,OFF RIGHT BEND INTO OBJECT/PARKED VEHICLE,3,76873,1,0,1,0,0,1,1,5,Not at intersection,2,60,Arterial Highway,STONNINGTON,-37.83116,144.98795,3141.0,True,Preston HS,10088.8
T20220003133,2022-05-02,16:00:00,4,Collision with a fixed object,7,Saturday,171,LEFT OFF CARRIAGEWAY INTO OBJECT/PARKED VEHICLE,1,707061,1,0,1,0,0,1,2,3,Y intersection,2,60,Arterial Other,YARRA RANGES,-37.862545,145.35295,3787.0,True,Reservoir HS,32421.1
T20250006259,2025-03-03,18:30:00,1,Collision with vehicle,2,Monday,160,VEHICLE COLLIDES WITH VEHICLE PARKED ON LEFT OF ROAD,1,816908,2,0,1,0,1,2,2,5,Not at intersection,2,999,Local Road,BAYSIDE,-37.88563,144.99672,3186.0,True,Preston HS,16030.2
T20230018010,2023-01-08,19:45:00,1,Collision with vehicle,3,Tuesday,137,LEFT TURN SIDESWIPE,2,29380,2,0,0,1,1,2,2,1,Cross intersection,3,40,Local Road,MELBOURNE,-37.80114,144.95146,3051.0,True,Preston HS,8222.0
T20240005513,2024-03-03,11:30:00,8,No collision and no object struck,1,Sunday,184,OUT OF CONTROL ON CARRIAGEWAY (ON BEND),1,642216,1,0,0,1,0,1,2,5,Not at intersection,3,80,Local Road,BAW BAW,-38.000698,146.04417,3831.0,True,Reservoir HS,94305.7
T20250009783,2025-11-04,13:13:00,1,Collision with vehicle,6,Friday,134,LANE CHANGE RIGHT (NOT OVERTAKING),1,817339,2,0,1,0,1,2,1,5,Not at intersection,2,80,Freeway,WYNDHAM,-37.825424,144.8141,3026.0,True,Preston HS,19348.0
T20250003720,2025-11-02,20:15:00,1,Collision with vehicle,3,Tuesday,110,CROSS TRAFFIC(INTERSECTIONS ONLY),2,35972,2,0,1,0,1,2,1,1,Cross intersection,2,50,Local Road,MORELAND,-37.746925,144.97092,3058.0,True,Preston HS,3233.8
T20230020586,2023-12-08,10:30:00,6,Vehicle overturned (no collision),7,Saturday,174,OUT OF CONTROL ON CARRIAGEWAY (ON STRAIGHT),1,780492,1,0,0,1,0,1,2,1,Cross intersection,3,60,Local Road,MOIRA,-36.017525,144.9654,3639.0,True,William Ruthven SC,186727.9
T20250022569,2024-03-09,03:00:00,8,No collision and no object struck,2,Tuesday,151,OUT OF CONTROL (OVERTAKING),3,821643,1,0,0,1,0,1,2,5,Not at intersection,3,60,Arterial Highway,MELBOURNE,-37.81507,144.99042,3121.0,True,Preston HS,8289.0
T20250023581,2022-07-03,08:30:00,1,Collision with vehicle,2,Monday,135,LANE CHANGE LEFT (NOT OVERTAKING),1,342456,2,0,0,1,1,2,2,5,Not at intersection,3,999,Arterial Highway,MONASH,-37.918407,145.15811,3170.0,True,Preston HS,23706.0
T20230010291,2023-02-05,17:50:00,2,Struck Pedestrian,3,Tuesday,100,PED NEAR SIDE. PED HIT BY VEHICLE FROM THE RIGHT.,3,775457,1,0,1,0,2,3,1,5,Not at intersection,2,60,Arterial Other,MAROONDAH,-37.78519,145.28365,3136.0,True,Reservoir HS,23417.7
T20220012895,2022-07-06,06:15:00,2,Struck Pedestrian,3,Tuesday,102,FAR SIDE. PED HIT BY VEHICLE FROM THE LEFT,2,289043,1,0,0,1,1,2,2,1,Cross intersection,3,60,Arterial Other,MELBOURNE,-37.799652,144.95503,3051.0,True,Preston HS,7903.9
T20240005802,2024-07-03,09:08:00,1,Collision with vehicle,4,Thursday,130,REAR END(VEHICLES IN SAME LANE),1,799348,2,0,0,1,1,2,1,2,T intersection,3,50,Local Road,MORELAND,-37.758,144.93907,3055.0,True,Preston HS,6249.8
T20230023489,2023-08-10,17:00:00,2,Struck Pedestrian,1,Sunday,103,PED PLAYING/LYING/WORKING/STANDING ON CARRIAGEWAY.,1,782399,1,1,0,0,1,2,1,5,Not at intersection,1,50,Local Road,CASEY,-38.01526,145.28012,3803.0,True,Preston HS,38723.1
T20230000756,2023-11-01,21:18:00,1,Collision with vehicle,4,Wednesday,133,LANE SIDE SWIPE (VEHICLES IN PARALLEL LANES),3,747373,2,0,0,1,1,2,1,5,Not at intersection,3,60,,MELTON,-37.684784,144.56151,3337.0,True,William Ruthven SC,38868.3
T20210017778,2021-09-07,05:00:00,8,No collision and no object struck,6,Friday,174,OUT OF CONTROL ON CARRIAGEWAY (ON STRAIGHT),5,65622,1,0,1,0,0,1,2,2,T intersection,2,70,Arterial Other,MAROONDAH,-37.807514,145.27101,3136.0,True,Reservoir HS,23251.5
T20210020451,2021-08-10,09:25:00,2,Struck Pedestrian,5,Friday,109,ANY MANOEUVRE INVOLVING PED NOT INCLUDED IN DCAs 100-108.,1,696744,2,0,0,1,1,2,2,5,Not at intersection,3,777,Arterial Other,HUME,-37.68346,144.9144,3047.0,True,William Ruthven SC,7929.7
T20240000136,2024-02-01,17:00:00,4,Collision with a fixed object,2,Tuesday,181,OFF RIGHT BEND INTO OBJECT/PARKED VEHICLE,1,803715,1,0,1,0,0,1,1,5,Not at intersection,2,100,Arterial Highway,ALPINE,-36.923424,147.06148,3741.0,True,Reservoir HS,200444.6
T20250000089,2025-01-01,01:10:00,2,Struck Pedestrian,3,Wednesday,100,PED NEAR SIDE. PED HIT BY VEHICLE FROM THE RIGHT.,9,814286,1,0,0,1,1,2,2,2,T intersection,3,999,Local Road,PORT PHILLIP,-37.831593,144.96547,3205.0,True,Preston HS,10644.1
T20250008906,2025-02-04,06:45:00,2,Struck Pedestrian,4,Wednesday,100,PED NEAR SIDE. PED HIT BY VEHICLE FROM THE RIGHT.,3,817536,1,0,1,0,1,2,1,5,Not at intersection,2,70,Arterial Highway,YARRA,-37.79845,144.9932,3067.0,True,Preston HS,6427.5
T20240028283,2024-07-11,05:27:00,1,Collision with vehicle,5,Thursday,123,RIGHT/LEFT. ONE VEH TURNING RIGHT THE OTHER LEFT.,2,48555,2,0,0,1,1,2,1,2,T intersection,3,50,Local Road,CASEY,-38.010975,145.25531,3803.0,True,Preston HS,37028.8
T20250006747,2025-12-03,14:00:00,1,Collision with vehicle,4,Wednesday,110,CROSS TRAFFIC(INTERSECTIONS ONLY),1,39952,2,0,1,0,2,3,1,1,Cross intersection,2,50,Local Road,HOBSONS BAY,-37.839127,144.85306,3025.0,True,Preston HS,17337.3
T20230026387,2023-10-11,18:35:00,4,Collision with a fixed object,6,Friday,171,LEFT OFF CARRIAGEWAY INTO OBJECT/PARKED VEHICLE,1,798626,1,0,1,0,0,1,1,2,T intersection,2,50,Local Road,CASEY,-38.065353,145.28488,3805.0,True,Preston HS,43464.5
T20230023283,2023-05-10,18:44:00,2,Struck Pedestrian,4,Thursday,102,FAR SIDE. PED HIT BY VEHICLE FROM THE LEFT,2,35349,1,0,0,1,1,2,1,1,Cross intersection,3,50,Arterial Other,MELBOURNE,-37.8211,144.95508,3008.0,True,Preston HS,9942.3
T20240011839,2024-09-05,19:28:00,2,Struck Pedestrian,4,Thursday,102,FAR SIDE. PED HIT BY VEHICLE FROM THE LEFT,6,803791,1,0,0,1,1,2,1,2,T intersection,3,50,Local Road,MONASH,-37.88996,145.07909,3166.0,True,Preston HS,17657.0
T20240000691,2024-10-01,14:30:00,1,Collision with vehicle,4,Wednesday,114,TWO RIGHT TURNING (INTERSECTIONS ONLY),1,795949,2,0,0,1,1,2,2,1,Cross intersection,3,60,Local Road,KNOX,-37.878757,145.27806,3156.0,True,Reservoir HS,27921.0