ACCIDENT_NO,ACCIDENT_DATE,ACCIDENT_TIME,ACCIDENT_TYPE,ACCIDENT_TYPE_DESC,DAY_OF_WEEK,DAY_WEEK_DESC,DCA_CODE,DCA_DESC,LIGHT_CONDITION,NODE_ID,NO_OF_VEHICLES,NO_PERSONS_KILLED,NO_PERSONS_INJ_2,NO_PERSONS_INJ_3,NO_PERSONS_NOT_INJ,NO_PERSONS,POLICE_ATTEND,ROAD_GEOMETRY,ROAD_GEOMETRY_DESC,SEVERITY,SPEED_ZONE,RMA,LGA_NAME,LATITUDE,LONGITUDE,POSTCODE_CRASH,PED_OR_CYC,nearest_school,dist_to_gate_m
T20240024939,2024-02-10,08:30:00,1,Collision with vehicle,4,Wednesday,163,VEHICLE STRIKES DOOR OF PARKED/STATIONARY VEHICLE,1,809257,2,0,0,1,1,2,2,5,Not at intersection,3,50,Arterial Other,STONNINGTON,-37.86416,145.04224,3145.0,True,Preston HS,13962.5
T20210005390,2021-11-03,13:10:00,1,Collision with vehicle,5,Thursday,110,CROSS TRAFFIC(INTERSECTIONS ONLY),1,49417,2,0,1,0,1,2,1,4,Multiple intersection,2,50,Arterial Highway,WARRNAMBOOL,-38.373768,142.49236,3280.0,True,Preston HS,231111.1
T20230030014,2023-08-12,12:30:00,4,Collision with a fixed object,5,Friday,171,LEFT OFF CARRIAGEWAY INTO OBJECT/PARKED VEHICLE,1,793068,1,0,1,0,0,1,2,5,Not at intersection,2,60,Arterial Other,MONASH,-37.929333,145.1253,3169.0,True,Preston HS,23303.4
T20220000061,2022-01-01,17:40:00,8,No collision and no object struck,7,Saturday,174,OUT OF CONTROL ON CARRIAGEWAY (ON STRAIGHT),1,705746,1,0,1,0,0,1,1,5,Not at intersection,2,50,Local Road,SHEPPARTON,-36.403137,145.41412,3630.0,True,William Ruthven SC,148375.3
T20220004743,2022-01-03,17:21:00,6,Vehicle overturned (no collision),3,Tuesday,174,OUT OF CONTROL ON CARRIAGEWAY (ON STRAIGHT),1,705848,1,0,0,1,0,1,2,5,Not at intersection,3,50,Local Road,MARIBYRNONG,-37.786964,144.85088,3019.0,True,Preston HS,14625.6
T20250006690,2025-12-03,06:30:00,3,Struck animal,4,Wednesday,167,STRUCK ANIMAL,5,816226,1,0,1,0,0,1,1,5,Not at intersection,2,100,Arterial Other,MACEDON RANGES,-37.53648,144.57182,3437.0,True,William Ruthven SC,41940.6
T20230002892,2023-05-02,21:20:00,1,Collision with vehicle,1,Sunday,121,RIGHT THROUGH,3,783641,2,0,0,1,2,3,1,2,T intersection,3,60,Arterial Other,STONNINGTON,-37.85173,145.05281,3146.0,True,Preston HS,12877.1
T20220027390,2022-03-12,08:12:00,8,No collision and no object struck,7,Saturday,174,OUT OF CONTROL ON CARRIAGEWAY (ON STRAIGHT),1,775731,1,0,1,0,0,1,1,5,Not at intersection,2,888,Arterial Other,HUME,-37.653717,144.92917,3048.0,True,William Ruthven SC,8055.0
T20230026427,2023-11-11,06:05:00,1,Collision with vehicle,7,Saturday,110,CROSS TRAFFIC(INTERSECTIONS ONLY),1,22517,3,0,1,1,1,3,1,1,Cross intersection,2,60,,BALLARAT,-37.552055,143.78548,3350.0,True,William Ruthven SC,108422.0
T20240017098,2024-06-07,11:00:00,5,collision with some other object,7,Saturday,166,STRUCK OBJECT ON CARRIAGEWAY,1,806131,1,0,1,0,0,1,1,5,Not at intersection,2,100,Local Road,BAW BAW,-37.862446,146.16382,3833.0,True,Reservoir HS,100890.1
T20210000830,2021-09-01,07:10:00,8,No collision and no object struck,7,Saturday,182,OFF CARRIAGEWAY ON LEFT BEND,1,672738,2,0,1,0,0,1,2,5,Not at intersection,2,50,Arterial Highway,SURF COAST,-38.481937,144.03215,3231.0,True,Preston HS,118534.1
T20220022768,2022-10-10,07:44:00,1,Collision with vehicle,1,Monday,121,RIGHT THROUGH,2,786712,2,0,1,0,1,2,1,5,Not at intersection,2,60,Local Road,MANNINGHAM,-37.76212,145.16681,3109.0,True,Reservoir HS,12864.4
T20220005203,2022-08-03,11:45:00,2,Struck Pedestrian,3,Tuesday,102,FAR SIDE. PED HIT BY VEHICLE FROM THE LEFT,1,41563,1,0,1,0,1,2,1,4,Multiple intersection,2,999,Local Road,MONASH,-37.900066,145.08861,3166.0,True,Preston HS,19009.3
T20250000039,2025-01-01,14:41:00,4,Collision with a fixed object,4,Wednesday,171,LEFT OFF CARRIAGEWAY INTO OBJECT/PARKED VEHICLE,1,813336,1,0,0,1,0,1,1,5,Not at intersection,3,60,Local Road,LATROBE,-38.217106,146.42,3840.0,True,Reservoir HS,133733.6
T20230005559,2023-08-03,12:06:00,1,Collision with vehicle,4,Wednesday,121,RIGHT THROUGH,1,775663,2,0,1,0,1,2,1,5,Not at intersection,2,80,,CASEY,-37.976624,145.35892,3806.0,True,Reservoir HS,40449.9
T20230016491,2023-12-07,10:52:00,1,Collision with vehicle,4,Wednesday,113,RIGHT NEAR (INTERSECTIONS ONLY),1,48852,2,0,0,1,1,2,1,2,T intersection,3,60,Local Road,DAREBIN,-37.75725,145.01352,3071.0,True,Preston HS,1818.9
T20250011310,2025-10-03,03:00:00,6,Vehicle overturned (no collision),1,Monday,179,OTHER ACCIDENTS-OFF STRAIGHT NOT INCLUDED IN DCAs 170-175,3,37705,2,0,0,1,1,2,2,1,Cross intersection,3,40,Arterial Other,STONNINGTON,-37.85185,144.99338,3181.0,True,Preston HS,12307.3
T20220024984,2022-09-09,09:00:00,2,Struck Pedestrian,6,Friday,107,PED ON FOOTHPATH STRUCK BY VEHENTERING/LEAVING DRIVEWAY.,1,782656,1,0,0,1,1,2,1,5,Not at intersection,3,40,Local Road,CARDINIA,-38.06992,145.47537,3810.0,True,Preston HS,54953.1
T20230015477,2023-03-07,12:10:00,1,Collision with vehicle,2,Monday,121,RIGHT THROUGH,1,29949,2,0,0,1,1,2,2,1,Cross intersection,3,60,Arterial Other,GEELONG,-38.160984,144.35162,3220.0,True,Preston HS,74005.0
T20220005093,2022-07-03,08:13:00,1,Collision with vehicle,2,Monday,148,VEHICLE OFF FOOTPATH STRIKES VEH ON CARRIAGEWAY,1,323062,2,0,0,1,1,2,1,2,T intersection,3,60,Freeway,DANDENONG,-37.93875,145.20619,3175.0,True,Preston HS,28031.0
T20230025619,2023-01-11,17:50:00,8,No collision and no object struck,4,Wednesday,174,OUT OF CONTROL ON CARRIAGEWAY (ON STRAIGHT),1,36370,2,0,0,1,1,2,2,1,Cross intersection,3,999,Local Road,MELBOURNE,-37.79748,144.97049,3053.0,True,Preston HS,6987.5
T20250006276,2025-07-03,19:00:00,1,Collision with vehicle,5,Friday,130,REAR END(VEHICLES IN SAME LANE),1,222930,2,0,0,1,1,2,1,5,Not at intersection,3,100,Freeway,STONNINGTON,-37.880367,145.08626,3145.0,True,Preston HS,16914.7
T20230029176,2023-09-12,20:14:00,2,Struck Pedestrian,7,Saturday,102,FAR SIDE. PED HIT BY VEHICLE FROM THE LEFT,2,57645,1,0,1,1,1,3,1,2,T intersection,2,40,Local Road,GEELONG,-38.14416,144.36218,3220.0,True,Preston HS,72117.7
T20220017794,2022-12-06,11:00:00,6,Vehicle overturned (no collision),1,Sunday,174,OUT OF CONTROL ON CARRIAGEWAY (ON STRAIGHT),1,728148,1,0,0,1,0,1,2,5,Not at intersection,3,999,,WELLINGTON,-37.468365,146.72913,3858.0,True,Reservoir HS,152391.6
T20230023119,2023-03-10,15:03:00,4,Collision with a fixed object,3,Tuesday,171,LEFT OFF CARRIAGEWAY INTO OBJECT/PARKED VEHICLE,1,782298,1,0,0,1,0,1,1,2,T intersection,3,40,Local Road,MORELAND,-37.76887,144.97217,3057.0,True,Preston HS,4307.8
T20240017369,2024-09-07,21:00:00,2,Struck Pedestrian,3,Tuesday,100,PED NEAR SIDE. PED HIT BY VEHICLE FROM THE RIGHT.,3,813609,1,0,0,1,1,2,1,1,Cross intersection,3,60,Local Road,MELBOURNE,-37.823177,144.96603,3006.0,True,Preston HS,9752.3
T20230005234,2023-04-03,15:35:00,2,Struck Pedestrian,6,Saturday,101,PED EMERGES FROM IN FRONT OF PARKED OR STATIONARY VEHICLE,1,759339,1,0,1,0,2,3,1,5,Not at intersection,2,60,Local Road,GLEN EIRA,-37.897804,145.02686,3162.0,True,Preston HS,17444.5
T20220007951,2022-09-04,07:45:00,1,Collision with vehicle,7,Saturday,110,CROSS TRAFFIC(INTERSECTIONS ONLY),1,713742,2,0,1,0,1,2,1,1,Cross intersection,2,60,Arterial Other,BOROONDARA,-37.82373,145.04478,3122.0,True,Preston HS,9703.8
T20230020652,2023-04-09,08:30:00,2,Struck Pedestrian,2,Monday,100,PED NEAR SIDE. PED HIT BY VEHICLE FROM THE RIGHT.,1,789675,1,0,1,0,1,2,1,5,Not at intersection,2,50,Local Road,WHITTLESEA,-37.665558,145.01082,3075.0,True,William Ruthven SC,3513.3
T20210015181,2021-10-07,10:30:00,8,No collision and no object struck,7,Saturday,174,OUT OF CONTROL ON CARRIAGEWAY (ON STRAIGHT),1,690584,1,0,1,0,0,1,1,5,Not at intersection,2,110,Freeway,STRATHBOGIE,-36.908318,145.2409,3664.0,True,William Ruthven SC,90136.9
T20230018152,2023-04-08,07:15:00,1,Collision with vehicle,5,Friday,123,RIGHT/LEFT. ONE VEH TURNING RIGHT THE OTHER LEFT.,1,805743,2,0,1,0,1,2,1,2,T intersection,2,60,Arterial Other,WYNDHAM,-37.842113,144.7712,3026.0,True,Preston HS,23544.6
T20230021253,2023-08-09,20:55:00,2,Struck Pedestrian,5,Friday,103,PED PLAYING/LYING/WORKING/STANDING ON CARRIAGEWAY.,3,799152,1,0,0,1,1,2,2,5,Not at intersection,3,40,Local Road,MELBOURNE,-37.810993,144.96727,3000.0,True,Preston HS,8463.0
T20220025546,2022-12-11,09:55:00,3,Struck animal,7,Saturday,167,STRUCK ANIMAL,1,735684,1,0,1,0,0,1,1,5,Not at intersection,2,80,,BAW BAW,-38.04182,146.30289,3825.0,True,Reservoir HS,117272.6
T20230018642,2023-07-08,16:10:00,1,Collision with vehicle,2,Monday,121,RIGHT THROUGH,1,37036,2,0,0,1,1,2,2,1,Cross intersection,3,40,Local Road,MELBOURNE,-37.810997,144.98877,3002.0,True,Preston HS,7872.1
T20250006931,2025-11-03,18:00:00,2,Struck Pedestrian,2,Tuesday,101,PED EMERGES FROM IN FRONT OF PARKED OR STATIONARY VEHICLE,1,817579,1,0,0,1,1,2,2,5,Not at intersection,3,40,Local Road,WYNDHAM,-37.90864,144.75026,3030.0,True,Preston HS,29214.2
T20220001051,2021-12-12,18:30:00,8,No collision and no object struck,0,Sunday,149,OTHER MANOEUVRING NOT INCLUDED IN DCAs 140-148,1,781403,1,0,0,1,0,1,2,5,Not at intersection,3,40,Local Road,HOBSONS BAY,-37.86833,144.8301,3018.0,True,Preston HS,20978.0
T20230011114,2023-12-05,09:52:00,1,Collision with vehicle,6,Friday,137,LEFT TURN SIDESWIPE,1,38684,2,0,0,1,1,2,1,2,T intersection,3,60,Local Road,MARIBYRNONG,-37.79818,144.88449,3011.0,True,Preston HS,12473.4
T20250018301,2025-06-07,15:00:00,8,No collision and no object struck,0,Sunday,179,OTHER ACCIDENTS-OFF STRAIGHT NOT INCLUDED IN DCAs 170-175,1,821224,1,0,0,1,0,1,2,5,Not at intersection,3,80,Local Road,ALPINE,-36.501392,146.69252,3737.0,True,William Ruthven SC,200276.6
T20220025121,2022-07-11,17:00:00,1,Collision with vehicle,2,Monday,121,RIGHT THROUGH,1,42515,2,0,0,1,2,3,1,2,T intersection,3,80,Arterial Highway,MONASH,-37.925453,145.15723,3170.0,True,Preston HS,24317.0
T20220000221,2022-04-01,14:40:00,6,Vehicle overturned (no collision),3,Tuesday,180,OFF CARRIAGEWAY ON RIGHT BEND,1,701282,1,0,1,0,0,1,1,5,Not at intersection,2,100,Arterial Other,TOWONG,-36.664646,147.43808,3701.0,True,Reservoir HS,243614.9
T20220002817,2022-08-02,20:00:00,2,Struck Pedestrian,3,Tuesday,102,FAR SIDE. PED HIT BY VEHICLE FROM THE LEFT,2,710862,1,0,0,1,1,2,2,5,Not at intersection,3,999,Local Road,CASEY,-38.116753,145.29526,3977.0,True,Preston HS,48764.5
T20250006052,2025-05-03,21:50:00,1,Collision with vehicle,4,Wednesday,133,LANE SIDE SWIPE (VEHICLES IN PARALLEL LANES),5,815960,2,0,0,1,1,2,1,5,Not at intersection,3,100,Arterial Other,WELLINGTON,-38.200638,147.31194,3851.0,True,Reservoir HS,207046.3
T20220016706,2022-04-07,18:30:00,6,Vehicle overturned (no collision),1,Monday,182,OFF CARRIAGEWAY ON LEFT BEND,5,782089,1,0,0,1,0,1,2,5,Not at intersection,3,70,Arterial Other,YARRA RANGES,-37.86607,145.34372,3787.0,True,Reservoir HS,31906.2
T20230005428,2023-04-03,17:42:00,1,Collision with vehicle,7,Saturday,113,RIGHT NEAR (INTERSECTIONS ONLY),1,66110,3,0,1,1,1,3,1,1,Cross intersection,2,40,Arterial Other,BOROONDARA,-37.818825,145.03606,3122.0,True,Preston HS,8945.6
T20230021375,2023-12-09,12:30:00,1,Collision with vehicle,3,Tuesday,147,VEHICLE STRIKES ANOTHER VEH WHILE EMERGING FROM DRIVEWAY,1,799638,2,0,1,0,1,2,1,5,Not at intersection,2,40,Local Road,MELBOURNE,-37.81242,144.96942,3000.0,True,Preston HS,8532.6
T20220020137,2022-06-09,17:42:00,2,Struck Pedestrian,2,Tuesday,100,PED NEAR SIDE. PED HIT BY VEHICLE FROM THE RIGHT.,1,724167,1,0,0,1,2,3,1,5,Not at intersection,3,50,Local Road,KINGSTON,-37.990536,145.0819,3195.0,True,Preston HS,28437.7
T20220027586,2022-03-12,07:45:00,1,Collision with vehicle,7,Saturday,160,VEHICLE COLLIDES WITH VEHICLE PARKED ON LEFT OF ROAD,1,739895,2,0,1,0,0,1,2,5,Not at intersection,2,60,Arterial Other,PORT PHILLIP,-37.85747,144.96742,3182.0,True,Preston HS,13336.8
T20210015518,2021-11-07,13:45:00,2,Struck Pedestrian,1,Sunday,107,PED ON FOOTHPATH STRUCK BY VEHENTERING/LEAVING DRIVEWAY.,1,693034,1,0,0,1,2,3,1,5,Not at intersection,3,60,Arterial Other,MORELAND,-37.716324,144.93483,3044.0,True,William Ruthven SC,6387.0
T20240010943,2024-01-05,10:05:00,1,Collision with vehicle,4,Wednesday,113,RIGHT NEAR (INTERSECTIONS ONLY),1,36284,2,0,1,0,1,2,1,2,T intersection,2,80,Arterial Highway,MONASH,-37.923565,145.19902,3170.0,True,Preston HS,26325.5
T20240025764,2024-12-10,10:07:00,2,Struck Pedestrian,7,Saturday,102,FAR SIDE. PED HIT BY VEHICLE FROM THE LEFT,1,811321,1,0,1,0,1,2,1,2,T intersection,2,60,Arterial Other,BAYSIDE,-37.912506,144.98576,3186.0,True,Preston HS,19085.0
T20230011767,2023-10-05,19:30:00,2,Struck Pedestrian,3,Wednesday,100,PED NEAR SIDE. PED HIT BY VEHICLE FROM THE RIGHT.,5,812320,1,0,0,1,1,2,2,5,Not at intersection,3,50,Arterial Other,BRIMBANK,-37.76923,144.77,3023.0,True,Preston HS,21068.0
T20240011894,2024-05-05,16:00:00,8,No collision and no object struck,1,Sunday,184,OUT OF CONTROL ON CARRIAGEWAY (ON BEND),1,803415,1,0,0,1,0,1,2,5,Not at intersection,3,100,Arterial Other,NILLUMBIK,-37.56279,145.31332,3763.0,True,Reservoir HS,30658.0
T20240005833,2024-07-03,15:40:00,1,Collision with vehicle,4,Thursday,136,RIGHT TURN SIDESWIPE,1,801784,2,0,1,0,1,2,1,5,Not at intersection,2,50,Local Road,DANDENONG,-37.966885,145.19682,3175.0,True,Preston HS,30073.6
T20220022820,2022-10-10,18:37:00,2,Struck Pedestrian,2,Monday,100,PED NEAR SIDE. PED HIT BY VEHICLE FROM THE RIGHT.,1,269946,1,0,1,0,2,3,1,5,Not at intersection,2,60,Arterial Other,HUME,-37.664494,144.92831,3048.0,True,William Ruthven SC,7475.9
T20220022162,2022-02-10,11:20:00,1,Collision with vehicle,1,Sunday,131,LEFT REAR,1,727397,2,0,0,1,1,2,1,2,T intersection,3,40,Local Road,BALLARAT,-37.553112,143.82236,3350.0,True,William Ruthven SC,105192.4
T20230025695,2023-03-11,10:55:00,2,Struck Pedestrian,5,Friday,100,PED NEAR SIDE. PED HIT BY VEHICLE FROM THE RIGHT.,1,50759,1,0,0,2,1,3,1,1,Cross intersection,3,40,Local Road,WARRNAMBOOL,-38.38364,142.48369,3280.0,True,Preston HS,232155.1
T20210000467,2021-06-01,17:00:00,8,No collision and no object struck,4,Wednesday,174,OUT OF CONTROL ON CARRIAGEWAY (ON STRAIGHT),1,36002,1,0,0,1,0,1,2,2,T intersection,3,70,Local Road,YARRA RANGES,-37.774883,145.60498,3797.0,True,Reservoir HS,50941.6
T20220005157,2022-07-03,18:20:00,2,Struck Pedestrian,2,Monday,100,PED NEAR SIDE. PED HIT BY VEHICLE FROM THE RIGHT.,1,35546,1,0,0,1,1,2,1,1,Cross intersection,3,70,Arterial Highway,STONNINGTON,-37.88389,145.05807,3145.0,True,Preston HS,16432.6
T20240000084,2024-02-01,11:48:00,1,Collision with vehicle,3,Tuesday,120,HEAD ON (NOT OVERTAKING),1,797250,2,0,1,0,1,2,1,5,Not at intersection,2,100,Local Road,HEPBURN,-37.41083,144.19276,3461.0,True,William Ruthven SC,78171.0
T20210015068,2021-08-07,16:30:00,6,Vehicle overturned (no collision),5,Thursday,174,OUT OF CONTROL ON CARRIAGEWAY (ON STRAIGHT),1,687552,1,0,1,0,0,1,1,5,Not at intersection,2,60,Arterial Other,WHITTLESEA,-37.672436,145.01532,3075.0,True,William Ruthven SC,2891.5
T20240002875,2024-05-02,15:10:00,8,No collision and no object struck,2,Monday,172,OFF CARRIAGEWAY TO RIGHT,1,799119,2,0,1,0,1,2,1,5,Not at intersection,2,40,Local Road,YARRA,-37.803738,144.97754,3065.0,True,Preston HS,7371.4
T20230003206,2023-09-02,15:25:00,1,Collision with vehicle,5,Thursday,148,VEHICLE OFF FOOTPATH STRIKES VEH ON CARRIAGEWAY,1,72671,2,0,0,1,1,2,2,1,Cross intersection,3,50,Local Road,GEELONG,-38.19679,144.35255,3216.0,True,Preston HS,76504.0
T20230020591,2023-03-09,10:56:00,9,Other accident,1,Sunday,149,OTHER MANOEUVRING NOT INCLUDED IN DCAs 140-148,1,780470,1,0,1,0,0,1,1,5,Not at intersection,2,50,Local Road,MORNINGTON PENINSULA,-38.356518,144.90295,3939.0,True,Preston HS,68970.2
T20250007975,2025-01-03,13:45:00,6,Vehicle overturned (no collision),6,Saturday,184,OUT OF CONTROL ON CARRIAGEWAY (ON BEND),1,816576,1,0,0,1,0,1,2,5,Not at intersection,3,80,Arterial Other,BAW BAW,-38.236607,146.16835,3824.0,True,Reservoir HS,115039.7
T20240006197,2024-12-03,08:24:00,2,Struck Pedestrian,3,Tuesday,100,PED NEAR SIDE. PED HIT BY VEHICLE FROM THE RIGHT.,1,801940,1,0,1,0,1,2,1,5,Not at intersection,2,60,Arterial Other,KINGSTON,-37.997658,145.07318,3195.0,True,Preston HS,29046.3
T20250006491,2025-08-03,08:00:00,1,Collision with vehicle,6,Saturday,121,RIGHT THROUGH,1,44062,2,0,0,1,1,2,2,1,Cross intersection,3,60,Arterial Highway,MORNINGTON PENINSULA,-38.35369,144.9112,3939.0,True,Preston HS,68566.4
T20240005846,2024-07-03,16:11:00,2,Struck Pedestrian,5,Thursday,100,PED NEAR SIDE. PED HIT BY VEHICLE FROM THE RIGHT.,1,51566,1,0,0,1,1,2,1,1,Cross intersection,3,50,Arterial Other,BENDIGO,-36.748604,144.2852,3550.0,True,William Ruthven SC,123083.0
T20210012852,2021-10-06,18:18:00,1,Collision with vehicle,4,Thursday,121,RIGHT THROUGH,3,39324,2,0,0,1,1,2,1,2,T intersection,3,60,Arterial Other,WHITEHORSE,-37.821968,145.1231,3128.0,True,Preston HS,13549.5
T20250015361,2024-06-03,14:00:00,1,Collision with vehicle,3,Wednesday,160,VEHICLE COLLIDES WITH VEHICLE PARKED ON LEFT OF ROAD,9,820508,2,0,0,1,0,1,2,5,Not at intersection,3,60,Arterial Other,BAYSIDE,-37.99306,145.04099,3193.0,True,Preston HS,28107.8
T20210024987,2021-07-12,09:02:00,2,Struck Pedestrian,3,Tuesday,100,PED NEAR SIDE. PED HIT BY VEHICLE FROM THE RIGHT.,1,702774,1,0,1,0,1,2,1,5,Not at intersection,2,40,Local Road,MONASH,-37.866547,145.1769,3150.0,True,Preston HS,20378.1
T20220006911,2022-11-03,09:05:00,2,Struck Pedestrian,6,Friday,100,PED NEAR SIDE. PED HIT BY VEHICLE FROM THE RIGHT.,1,29468,1,0,1,0,1,2,2,1,Cross intersection,2,40,Arterial Highway,STONNINGTON,-37.845688,144.98503,3181.0,True,Preston HS,11724.4
T20220003078,2022-12-02,13:10:00,6,Vehicle overturned (no collision),7,Saturday,174,OUT OF CONTROL ON CARRIAGEWAY (ON STRAIGHT),1,704656,2,0,1,0,1,2,2,5,Not at intersection,2,60,Arterial Other,BAYSIDE,-37.98977,145.02858,3193.0,True,Preston HS,27648.5
T20210002780,2021-07-02,14:22:00,1,Collision with vehicle,1,Sunday,148,VEHICLE OFF FOOTPATH STRIKES VEH ON CARRIAGEWAY,1,675043,5,0,0,1,11,12,1,2,T intersection,3,80,Local Road,YARRA RANGES,-37.807186,145.35007,3765.0,True,Reservoir HS,29722.7
T20240003570,2024-04-02,10:23:00,1,Collision with vehicle,1,Sunday,142,LEAVING PARKING,1,798515,2,0,1,1,2,4,1,5,Not at intersection,2,999,Arterial Other,MORNINGTON PENINSULA,-38.323254,144.98166,3936.0,True,Preston HS,64704.2
T20220012962,2022-05-06,07:20:00,1,Collision with vehicle,1,Sunday,148,VEHICLE OFF FOOTPATH STRIKES VEH ON CARRIAGEWAY,1,715335,2,0,0,1,1,2,2,1,Cross intersection,3,50,Local Road,DAREBIN,-37.762802,144.99258,3070.0,True,Preston HS,2671.2
T20230023470,2023-08-10,13:20:00,1,Collision with vehicle,1,Sunday,120,HEAD ON (NOT OVERTAKING),1,805544,2,0,1,0,1,2,1,1,Cross intersection,2,70,Local Road,WYNDHAM,-37.846222,144.66943,3029.0,True,Preston HS,31865.6
T20230002870,2023-05-02,15:20:00,2,Struck Pedestrian,1,Sunday,102,FAR SIDE. PED HIT BY VEHICLE FROM THE LEFT,1,771663,1,0,1,0,1,2,1,5,Not at intersection,2,60,Local Road,BASS COAST,-38.456154,145.23714,3922.0,True,Preston HS,81954.1
T20250017821,2025-04-07,18:45:00,5,collision with some other object,6,Friday,166,STRUCK OBJECT ON CARRIAGEWAY,2,819942,1,0,1,0,0,1,1,5,Not at intersection,2,80,Arterial Other,HUME,-37.656517,144.88245,3059.0,True,William Ruthven SC,11504.1
T20250020613,2022-11-02,15:00:00,1,Collision with vehicle,5,Friday,147,VEHICLE STRIKES ANOTHER VEH WHILE EMERGING FROM DRIVEWAY,1,820885,2,0,0,1,1,2,2,5,Not at intersection,3,999,Local Road,MELTON,-37.68462,144.56334,3337.0,True,William Ruthven SC,38708.0
T20220008006,2022-10-04,04:45:00,1,Collision with vehicle,0,Sunday,130,REAR END(VEHICLES IN SAME LANE),3,755726,2,0,1,0,1,2,1,4,Multiple intersection,2,60,Freeway,MORELAND,-37.692177,144.95877,3060.0,True,William Ruthven SC,3920.9
T20210009311,2021-12-04,16:00:00,8,No collision and no object struck,2,Monday,174,OUT OF CONTROL ON CARRIAGEWAY (ON STRAIGHT),1,683401,1,0,1,0,0,1,2,5,Not at intersection,2,999,Local Road,MOORABOOL,-37.60628,144.44827,3340.0,True,William Ruthven SC,49856.8
T20230018203,2023-04-08,21:20:00,2,Struck Pedestrian,6,Friday,100,PED NEAR SIDE. PED HIT BY VEHICLE FROM THE RIGHT.,3,778718,1,1,0,0,1,2,1,2,T intersection,1,60,Arterial Highway,BENALLA,-36.555096,145.97643,3672.0,True,William Ruthven SC,153482.1
T20230003096,2023-08-02,12:33:00,1,Collision with vehicle,4,Wednesday,152,PULLING OUT (OVERTAKING),1,754077,3,0,0,1,2,3,1,5,Not at intersection,3,50,Local Road,KINGSTON,-38.004353,145.08629,3195.0,True,Preston HS,30021.4
T20230026256,2023-09-11,13:38:00,6,Vehicle overturned (no collision),5,Thursday,174,OUT OF CONTROL ON CARRIAGEWAY (ON STRAIGHT),1,786235,1,0,1,0,0,1,1,5,Not at intersection,2,60,Arterial Highway,BENDIGO,-36.77762,144.25247,3555.0,True,William Ruthven SC,121879.9
T20220002439,2022-05-02,09:11:00,1,Collision with vehicle,7,Saturday,130,REAR END(VEHICLES IN SAME LANE),1,714905,2,1,0,0,1,2,1,1,Cross intersection,1,70,Arterial Highway,YARRA,-37.79992,144.99298,3067.0,True,Preston HS,6591.7
T20250015294,2025-07-06,13:05:00,2,Struck Pedestrian,7,Saturday,194,PARKED CAR RUN AWAY,1,819623,1,0,1,0,0,1,1,5,Not at intersection,2,888,Local Road,BENALLA,-36.768154,145.85358,3670.0,True,William Ruthven SC,127777.9
T20230013183,2023-06-06,14:45:00,4,Collision with a fixed object,2,Tuesday,141,U TURN INTO FIXED OBJECT/PARKED VEHICLE,1,791066,1,0,0,1,0,1,1,5,Not at intersection,3,50,Local Road,SOUTH GIPPSLAND,-38.400364,146.15468,3871.0,True,Reservoir HS,124049.8
T20230005193,2023-04-03,11:30:00,8,No collision and no object struck,6,Saturday,184,OUT OF CONTROL ON CARRIAGEWAY (ON BEND),1,812386,1,0,0,1,0,1,1,1,Cross intersection,3,80,Freeway,FRANKSTON,-38.108974,145.16162,3198.0,True,Preston HS,43029.2
T20230021205,2023-10-09,16:49:00,4,Collision with a fixed object,1,Sunday,181,OFF RIGHT BEND INTO OBJECT/PARKED VEHICLE,1,780757,1,0,1,0,0,1,1,5,Not at intersection,2,60,Arterial Other,YARRA RANGES,-37.866,145.34357,3787.0,True,Reservoir HS,31890.9
T20230015768,2023-07-07,17:30:00,1,Collision with vehicle,5,Friday,163,VEHICLE STRIKES DOOR OF PARKED/STATIONARY VEHICLE,3,776986,2,0,0,1,1,2,1,5,Not at intersection,3,50,Local Road,MELBOURNE,-37.81201,144.95126,3003.0,True,Preston HS,9230.8
T20220007750,2022-01-04,17:15:00,1,Collision with vehicle,5,Friday,163,VEHICLE STRIKES DOOR OF PARKED/STATIONARY VEHICLE,1,711387,2,0,0,1,1,2,2,5,Not at intersection,3,40,Local Road,MELBOURNE,-37.81813,144.95741,3000.0,True,Preston HS,9555.0
T20240017429,2024-07-07,15:00:00,3,Struck animal,0,Sunday,167,STRUCK ANIMAL,1,806237,1,0,0,1,0,1,2,5,Not at intersection,3,999,Local Road,MURRINDINDI,-37.4655,145.4272,3777.0,True,Reservoir HS,45215.1
T20230019690,2023-11-08,15:30:00,8,No collision and no object struck,6,Friday,174,OUT OF CONTROL ON CARRIAGEWAY (ON STRAIGHT),1,798100,1,0,0,1,0,1,2,5,Not at intersection,3,50,Local Road,BENDIGO,-36.759197,144.25252,3555.0,True,William Ruthven SC,123604.3
T20220005460,2022-10-03,17:00:00,1,Collision with vehicle,5,Thursday,137,LEFT TURN SIDESWIPE,1,708668,2,0,1,0,1,2,1,2,T intersection,2,50,Local Road,GEELONG,-38.093433,144.34991,3214.0,True,Preston HS,69664.1
T20240028092,2024-05-11,08:07:00,2,Struck Pedestrian,3,Tuesday,100,PED NEAR SIDE. PED HIT BY VEHICLE FROM THE RIGHT.,1,44334,1,0,0,1,1,2,1,1,Cross intersection,3,50,Arterial Other,WYNDHAM,-37.90184,144.65363,3030.0,True,Preston HS,35791.1