ACCIDENT_NO,ACCIDENT_DATE,ACCIDENT_TIME,ACCIDENT_TYPE,ACCIDENT_TYPE_DESC,DAY_OF_WEEK,DAY_WEEK_DESC,DCA_CODE,DCA_DESC,LIGHT_CONDITION,NODE_ID,NO_OF_VEHICLES,NO_PERSONS_KILLED,NO_PERSONS_INJ_2,NO_PERSONS_INJ_3,NO_PERSONS_NOT_INJ,NO_PERSONS,POLICE_ATTEND,ROAD_GEOMETRY,ROAD_GEOMETRY_DESC,SEVERITY,SPEED_ZONE,RMA,LGA_NAME,LATITUDE,LONGITUDE,POSTCODE_CRASH,PED_OR_CYC,nearest_school,dist_to_gate_m
T20240003139,2024-02-02,15:43:00,1,Collision with vehicle,6,Friday,110,CROSS TRAFFIC(INTERSECTIONS ONLY),1,40007,2,0,0,1,1,2,1,1,Cross intersection,3,60,Arterial Other,HOBSONS BAY,-37.856316,144.89249,3016.0,True,Preston HS,16242.9
T20230002751,2023-03-02,18:42:00,1,Collision with vehicle,6,Friday,111,RIGHT FAR (INTERSECTIONS ONLY),1,787479,2,0,1,0,1,2,1,2,T intersection,2,50,Local Road,WHITTLESEA,-37.59366,145.11784,3754.0,True,William Ruthven SC,15268.3
T20220022316,2022-04-10,10:43:00,3,Struck animal,3,Tuesday,167,STRUCK ANIMAL,1,727833,1,0,0,1,0,1,1,5,Not at intersection,3,70,Arterial Other,YARRA RANGES,-37.59281,145.48676,3777.0,True,Reservoir HS,42762.5
T20210010887,2021-11-05,11:25:00,6,Vehicle overturned (no collision),3,Tuesday,170,OFF CARRIAGEWAY TO LEFT,1,37083,2,0,0,1,1,2,2,1,Cross intersection,3,50,Local Road,YARRA,-37.811047,144.99217,3121.0,True,Preston HS,7821.9
T20210019058,2021-12-09,09:46:00,1,Collision with vehicle,0,Sunday,147,VEHICLE STRIKES ANOTHER VEH WHILE EMERGING FROM DRIVEWAY,1,435,2,0,0,1,1,2,1,5,Not at intersection,3,80,Arterial Highway,YARRA RANGES,-37.75884,145.3131,3116.0,True,Reservoir HS,25273.2
T20210024806,2021-05-12,10:15:00,1,Collision with vehicle,0,Sunday,153,CUTTING IN (OVERTAKING),1,809168,2,0,1,1,0,2,1,5,Not at intersection,2,100,Arterial Other,WHITTLESEA,-37.571896,145.1046,3754.0,True,William Ruthven SC,16497.0
T20250018912,2025-10-07,10:30:00,8,No collision and no object struck,5,Thursday,174,OUT OF CONTROL ON CARRIAGEWAY (ON STRAIGHT),1,821783,1,0,1,0,0,1,2,5,Not at intersection,2,60,Arterial Other,YARRA,-37.820354,144.99886,3121.0,True,Preston HS,8775.9
T20240028911,2024-12-11,15:50:00,1,Collision with vehicle,2,Tuesday,121,RIGHT THROUGH,1,36063,2,0,1,0,1,2,2,2,T intersection,2,50,Local Road,MELBOURNE,-37.795177,144.93663,3051.0,True,Preston HS,8586.5
T20250000831,2025-11-01,11:00:00,1,Collision with vehicle,7,Saturday,121,RIGHT THROUGH,1,302394,2,0,1,0,1,2,1,2,T intersection,2,80,Arterial Other,MORNINGTON PENINSULA,-38.353622,145.07399,3926.0,True,Preston HS,68294.3
T20220017619,2022-06-08,21:39:00,2,Struck Pedestrian,6,Saturday,100,PED NEAR SIDE. PED HIT BY VEHICLE FROM THE RIGHT.,3,39605,1,0,0,1,1,2,1,1,Cross intersection,3,60,Arterial Highway,MAROONDAH,-37.81696,145.22049,3134.0,True,Reservoir HS,19815.9
T20250006203,2025-07-03,10:30:00,8,No collision and no object struck,5,Friday,174,OUT OF CONTROL ON CARRIAGEWAY (ON STRAIGHT),1,817052,1,0,0,1,0,1,1,5,Not at intersection,3,100,Arterial Highway,HEPBURN,-37.303875,144.1635,3461.0,True,William Ruthven SC,85969.4
T20230021130,2023-09-09,13:30:00,7,Fall from or in moving vehicle,7,Saturday,190,FELL IN/FROM VEHICLE,1,708792,1,0,2,0,0,2,1,5,Not at intersection,2,60,Local Road,MILDURA,-34.214104,142.11742,3500.0,True,William Ruthven SC,466204.9
T20220028055,2022-10-12,10:09:00,1,Collision with vehicle,7,Saturday,140,U TURN,1,29527,2,0,1,0,1,2,1,1,Cross intersection,2,60,Arterial Other,MARIBYRNONG,-37.803185,144.90514,3011.0,True,Preston HS,11271.8
T20220005555,2022-11-03,20:48:00,1,Collision with vehicle,6,Friday,135,LANE CHANGE LEFT (NOT OVERTAKING),3,707357,2,0,1,0,1,2,1,5,Not at intersection,2,100,Freeway,HUME,-37.692196,144.94896,3047.0,True,William Ruthven SC,4778.4
T20250012259,2025-08-05,07:00:00,2,Struck Pedestrian,5,Thursday,104,PED WALKING WITH TRAFFIC,2,818260,1,1,0,0,1,2,1,1,Cross intersection,1,110,Freeway,MELTON,-37.70257,144.62105,3335.0,True,William Ruthven SC,33610.0
T20250017110,2025-08-04,11:00:00,8,No collision and no object struck,2,Tuesday,174,OUT OF CONTROL ON CARRIAGEWAY (ON STRAIGHT),1,819667,1,0,0,1,0,1,2,5,Not at intersection,3,50,Local Road,BENDIGO,-36.738934,144.25557,3550.0,True,William Ruthven SC,125372.0
T20230025969,2023-06-11,09:00:00,1,Collision with vehicle,2,Monday,135,LANE CHANGE LEFT (NOT OVERTAKING),1,786218,2,0,1,0,1,2,1,1,Cross intersection,2,60,Arterial Highway,BANYULE,-37.75981,145.06908,3084.0,True,Reservoir HS,5429.4
T20210005723,2021-11-03,17:39:00,1,Collision with vehicle,5,Thursday,163,VEHICLE STRIKES DOOR OF PARKED/STATIONARY VEHICLE,1,678495,2,0,1,0,0,1,2,5,Not at intersection,2,999,Arterial Other,STONNINGTON,-37.880882,145.06818,3145.0,True,Preston HS,16380.1
T20240016596,2024-01-07,08:45:00,1,Collision with vehicle,2,Monday,121,RIGHT THROUGH,1,37890,3,0,1,1,1,3,1,2,T intersection,2,60,Arterial Highway,DAREBIN,-37.7442,144.99394,3072.0,True,Preston HS,1190.1
T20230000841,2023-12-01,14:40:00,1,Collision with vehicle,5,Thursday,111,RIGHT FAR (INTERSECTIONS ONLY),1,37058,3,0,1,0,3,4,1,2,T intersection,2,70,Arterial Highway,MELBOURNE,-37.81533,144.99037,3121.0,True,Preston HS,8318.3
T20240026591,2024-08-08,17:27:00,1,Collision with vehicle,5,Thursday,148,VEHICLE OFF FOOTPATH STRIKES VEH ON CARRIAGEWAY,2,37049,2,0,0,1,1,2,2,2,T intersection,3,999,Arterial Highway,MELBOURNE,-37.828552,144.98813,3121.0,True,Preston HS,9800.3
T20250009879,2025-12-04,12:20:00,2,Struck Pedestrian,6,Saturday,108,PED STRUCK WALKING TO/FROM OR BOARDING/ALIGHTING VEHICLE.,1,819562,1,0,0,1,1,2,1,5,Not at intersection,3,40,Arterial Other,YARRA,-37.810555,145.00052,3121.0,True,Preston HS,7678.1
T20240028695,2024-11-11,05:30:00,1,Collision with vehicle,2,Monday,130,REAR END(VEHICLES IN SAME LANE),5,814237,2,0,1,0,1,2,1,5,Not at intersection,2,80,Arterial Other,MOORABOOL,-37.685524,144.51465,3340.0,True,William Ruthven SC,42986.8
T20230005685,2023-09-03,16:00:00,2,Struck Pedestrian,5,Thursday,100,PED NEAR SIDE. PED HIT BY VEHICLE FROM THE RIGHT.,1,759613,1,0,0,1,1,2,2,2,T intersection,3,60,Arterial Other,HOBSONS BAY,-37.86277,144.81497,3018.0,True,Preston HS,21591.2
T20230011369,2023-12-05,13:30:00,6,Vehicle overturned (no collision),6,Friday,184,OUT OF CONTROL ON CARRIAGEWAY (ON BEND),1,774054,1,0,1,0,0,1,2,5,Not at intersection,2,100,,GOLDEN PLAINS,-37.859924,144.11896,3333.0,True,Preston HS,79131.5
T20210012749,2021-09-06,09:55:00,1,Collision with vehicle,4,Wednesday,121,RIGHT THROUGH,1,55566,2,0,0,1,1,2,1,1,Cross intersection,3,50,Local Road,MORELAND,-37.770557,144.95316,3056.0,True,Preston HS,5725.7
T20230029356,2023-12-12,05:00:00,3,Struck animal,2,Tuesday,167,STRUCK ANIMAL,3,792187,1,0,1,0,0,1,1,5,Not at intersection,2,60,Local Road,BENDIGO,-36.77995,144.2281,3555.0,True,William Ruthven SC,122853.6
T20240022533,2024-04-09,17:05:00,1,Collision with vehicle,4,Wednesday,110,CROSS TRAFFIC(INTERSECTIONS ONLY),1,809284,2,0,0,1,1,2,1,1,Cross intersection,3,50,Local Road,MOIRA,-36.01305,146.00728,3730.0,True,William Ruthven SC,207424.5
T20210005543,2021-12-03,21:25:00,4,Collision with a fixed object,6,Friday,164,PERMANENT OBSTRUCTION ON CARRIAGEWAY,3,678696,1,0,1,0,0,1,1,5,Not at intersection,2,40,Arterial Other,YARRA,-37.824783,144.99011,3121.0,True,Preston HS,9358.3
T20220022878,2022-05-10,10:30:00,8,No collision and no object struck,4,Wednesday,174,OUT OF CONTROL ON CARRIAGEWAY (ON STRAIGHT),1,773168,1,0,0,1,0,1,2,5,Not at intersection,3,100,Local Road,GOLDEN PLAINS,-38.091652,144.13768,3218.0,True,Preston HS,85620.4
T20240002680,2024-03-02,06:25:00,2,Struck Pedestrian,7,Saturday,102,FAR SIDE. PED HIT BY VEHICLE FROM THE LEFT,1,797416,1,0,1,0,1,2,1,5,Not at intersection,2,60,Local Road,GEELONG,-38.18581,144.31029,3216.0,True,Preston HS,78550.4
T20240018697,2024-09-07,09:00:00,8,No collision and no object struck,3,Tuesday,174,OUT OF CONTROL ON CARRIAGEWAY (ON STRAIGHT),1,806681,1,0,0,1,0,1,2,5,Not at intersection,3,999,Arterial Other,YARRA,-37.810303,144.99803,3121.0,True,Preston HS,7669.8
T20240011008,2024-01-05,15:49:00,1,Collision with vehicle,4,Wednesday,110,CROSS TRAFFIC(INTERSECTIONS ONLY),1,39940,2,0,1,0,1,2,1,1,Cross intersection,2,50,Local Road,HOBSONS BAY,-37.836704,144.84839,3025.0,True,Preston HS,17495.8
T20240031218,2024-04-12,14:00:00,6,Vehicle overturned (no collision),4,Wednesday,174,OUT OF CONTROL ON CARRIAGEWAY (ON STRAIGHT),1,812097,1,0,0,1,0,1,2,5,Not at intersection,3,999,Local Road,NORTHERN GRAMPIANS,-36.89621,142.61382,3385.0,True,William Ruthven SC,229301.8
T20230028733,2023-05-12,17:50:00,1,Collision with vehicle,3,Tuesday,153,CUTTING IN (OVERTAKING),1,792491,2,0,0,1,2,3,2,5,Not at intersection,3,60,Arterial Other,STONNINGTON,-37.85007,145.04279,3144.0,True,Preston HS,12451.6
T20230010876,2023-09-05,18:46:00,1,Collision with vehicle,3,Tuesday,121,RIGHT THROUGH,3,41326,2,0,1,0,2,3,1,2,T intersection,2,60,Local Road,GLEN EIRA,-37.876858,145.03545,3161.0,True,Preston HS,15233.9
T20220005707,2022-03-03,16:30:00,8,No collision and no object struck,4,Thursday,174,OUT OF CONTROL ON CARRIAGEWAY (ON STRAIGHT),1,756121,1,0,1,0,0,1,2,5,Not at intersection,2,100,Local Road,CORANGAMITE,-38.452488,142.92258,3268.0,True,Preston HS,198789.5
T20230020460,2023-01-09,16:40:00,1,Collision with vehicle,6,Friday,130,REAR END(VEHICLES IN SAME LANE),2,780183,2,0,1,0,1,2,1,5,Not at intersection,2,70,Arterial Highway,MONASH,-37.893,145.08739,3166.0,True,Preston HS,18242.3
T20250017203,2025-05-06,08:35:00,1,Collision with vehicle,4,Thursday,114,TWO RIGHT TURNING (INTERSECTIONS ONLY),1,819691,2,0,0,1,1,2,2,2,T intersection,3,50,Local Road,GEELONG,-38.158676,144.36398,3220.0,True,Preston HS,73003.9
T20250006214,2025-07-03,08:44:00,1,Collision with vehicle,5,Friday,121,RIGHT THROUGH,1,227971,2,0,1,0,1,2,1,2,T intersection,2,40,Arterial Other,MORELAND,-37.754574,144.96428,3058.0,True,Preston HS,4027.8
T20210020529,2021-09-10,19:49:00,6,Vehicle overturned (no collision),6,Saturday,172,OFF CARRIAGEWAY TO RIGHT,3,697868,1,0,1,0,0,1,1,5,Not at intersection,2,80,,DANDENONG,-37.964424,145.14981,3172.0,True,Preston HS,27754.9
T20250006604,2025-11-03,11:15:00,1,Collision with vehicle,3,Tuesday,159,OTHER OVERTAKING MANOEUVRES NOT INCLUDED IN DCAs 150-154,1,37843,2,0,0,1,1,2,1,2,T intersection,3,50,Local Road,WHITTLESEA,-37.678864,145.0182,3074.0,True,William Ruthven SC,2377.9
T20220013158,2022-10-06,18:00:00,1,Collision with vehicle,6,Friday,163,VEHICLE STRIKES DOOR OF PARKED/STATIONARY VEHICLE,3,728826,2,0,0,1,1,2,1,5,Not at intersection,3,999,Arterial Other,MORELAND,-37.733624,144.96141,3058.0,True,Preston HS,4116.9
T20240011854,2024-08-05,07:37:00,1,Collision with vehicle,4,Wednesday,133,LANE SIDE SWIPE (VEHICLES IN PARALLEL LANES),1,802997,2,0,0,1,1,2,1,5,Not at intersection,3,80,Freeway,HOBSONS BAY,-37.827908,144.89561,3015.0,True,Preston HS,13707.1
T20230028919,2023-05-06,07:56:00,2,Struck Pedestrian,2,Monday,102,FAR SIDE. PED HIT BY VEHICLE FROM THE LEFT,2,796771,1,0,0,1,1,2,1,5,Not at intersection,3,60,Arterial Highway,CASEY,-38.044495,145.25336,3975.0,True,Preston HS,40007.3
T20240006686,2024-09-03,09:01:00,6,Vehicle overturned (no collision),7,Saturday,170,OFF CARRIAGEWAY TO LEFT,1,799890,1,0,1,0,0,1,1,2,T intersection,2,80,Local Road,BENALLA,-36.515545,146.07587,3673.0,True,William Ruthven SC,162161.6
T20230011023,2023-11-05,13:42:00,1,Collision with vehicle,5,Thursday,121,RIGHT THROUGH,1,65831,2,0,1,1,1,3,1,1,Cross intersection,2,40,Arterial Other,MELBOURNE,-37.812466,144.95392,3003.0,True,Preston HS,9152.3
T20250012050,2025-06-05,12:52:00,2,Struck Pedestrian,3,Tuesday,102,FAR SIDE. PED HIT BY VEHICLE FROM THE LEFT,1,673,1,0,1,0,1,2,1,1,Cross intersection,2,80,Arterial Highway,GLEN EIRA,-37.89761,145.00566,3186.0,True,Preston HS,17336.9
T20240028801,2024-12-11,08:32:00,1,Collision with vehicle,2,Tuesday,139,OTHER SAME DIRECTION-MANOUEVRES NOT INCLUDED IN DCAs 130-137,1,253230,2,0,1,0,1,2,1,1,Cross intersection,2,40,Local Road,BOROONDARA,-37.851753,145.06018,3146.0,True,Preston HS,13096.0
T20210014946,2021-07-07,09:30:00,2,Struck Pedestrian,4,Wednesday,100,PED NEAR SIDE. PED HIT BY VEHICLE FROM THE RIGHT.,1,689181,1,0,0,1,1,2,1,5,Not at intersection,3,50,Arterial Highway,EAST GIPPSLAND,-37.82603,147.63031,3875.0,True,Reservoir HS,228881.7
T20220025306,2022-06-10,10:30:00,8,No collision and no object struck,5,Thursday,179,OTHER ACCIDENTS-OFF STRAIGHT NOT INCLUDED IN DCAs 170-175,1,734871,1,0,0,1,0,1,2,2,T intersection,3,50,Local Road,HUME,-37.583733,144.75351,3429.0,True,William Ruthven SC,25296.0
T20210005076,2021-08-03,11:38:00,1,Collision with vehicle,2,Monday,121,RIGHT THROUGH,1,30027,2,0,0,1,1,2,1,1,Cross intersection,3,50,Arterial Other,WANGARATTA,-36.357933,146.32092,3677.0,True,William Ruthven SC,189318.1
T20210014800,2021-06-07,05:00:00,3,Struck animal,3,Tuesday,167,STRUCK ANIMAL,5,687368,1,0,1,0,0,1,1,5,Not at intersection,2,60,Arterial Other,MANNINGHAM,-37.751106,145.23468,3113.0,True,Reservoir HS,18331.6
T20240003895,2024-09-02,08:40:00,8,No collision and no object struck,6,Friday,174,OUT OF CONTROL ON CARRIAGEWAY (ON STRAIGHT),1,798239,2,0,0,1,1,2,2,1,Cross intersection,3,60,Freeway,MELBOURNE,-37.816055,144.97241,3000.0,True,Preston HS,8812.1
T20210002728,2021-06-02,18:10:00,2,Struck Pedestrian,7,Saturday,101,PED EMERGES FROM IN FRONT OF PARKED OR STATIONARY VEHICLE,1,677185,1,0,0,1,1,2,1,5,Not at intersection,3,40,Local Road,MELTON,-37.719925,144.74786,3037.0,True,William Ruthven SC,22594.0
T20210025403,2021-11-12,21:50:00,6,Vehicle overturned (no collision),7,Saturday,184,OUT OF CONTROL ON CARRIAGEWAY (ON BEND),5,49521,1,0,0,1,0,1,1,3,Y intersection,3,80,Local Road,MURRINDINDI,-37.539173,145.38947,3763.0,True,Reservoir HS,37689.8
T20210012909,2021-09-06,08:55:00,1,Collision with vehicle,4,Wednesday,120,HEAD ON (NOT OVERTAKING),1,687020,2,0,1,0,0,1,2,5,Not at intersection,2,50,Local Road,SURF COAST,-38.309494,144.32933,3228.0,True,Preston HS,86663.2
T20220010749,2022-12-05,18:20:00,2,Struck Pedestrian,5,Thursday,101,PED EMERGES FROM IN FRONT OF PARKED OR STATIONARY VEHICLE,3,714303,1,0,0,1,1,2,1,5,Not at intersection,3,40,Local Road,YARRA,-37.806236,144.97713,3065.0,True,Preston HS,7644.3
T20240009191,2024-12-04,17:08:00,1,Collision with vehicle,6,Friday,149,OTHER MANOEUVRING NOT INCLUDED IN DCAs 140-148,1,802733,2,0,0,2,1,3,1,5,Not at intersection,3,50,,DANDENONG,-37.999756,145.21722,3175.0,True,Preston HS,34110.8
T20240001216,2024-05-01,13:00:00,1,Collision with vehicle,6,Friday,130,REAR END(VEHICLES IN SAME LANE),1,796474,2,0,1,0,1,2,2,5,Not at intersection,2,60,Arterial Other,BAYSIDE,-37.937546,144.9982,3188.0,True,Preston HS,21791.1
T20230005752,2023-10-03,12:30:00,1,Collision with vehicle,5,Friday,121,RIGHT THROUGH,1,780337,2,0,0,1,1,2,1,5,Not at intersection,3,40,Local Road,MELBOURNE,-37.811726,144.96417,3000.0,True,Preston HS,8652.5
T20230003184,2023-09-02,13:20:00,1,Collision with vehicle,5,Thursday,121,RIGHT THROUGH,1,753391,2,0,0,1,1,2,1,5,Not at intersection,3,40,Local Road,MELBOURNE,-37.812008,144.9632,3000.0,True,Preston HS,8718.1
T20230026733,2023-06-11,21:00:00,3,Struck animal,2,Monday,167,STRUCK ANIMAL,2,796183,1,0,1,0,0,1,2,5,Not at intersection,2,999,Local Road,EAST GIPPSLAND,-37.383717,148.09874,3885.0,True,Reservoir HS,273170.3
T20210002871,2021-06-02,10:30:00,1,Collision with vehicle,7,Saturday,130,REAR END(VEHICLES IN SAME LANE),1,232994,1,0,0,1,0,1,2,2,T intersection,3,60,Arterial Other,KINGSTON,-37.99212,145.06572,3194.0,True,Preston HS,28316.9
T20250020938,2025-07-08,09:50:00,8,No collision and no object struck,5,Thursday,174,OUT OF CONTROL ON CARRIAGEWAY (ON STRAIGHT),1,821018,1,0,1,0,0,1,2,5,Not at intersection,2,40,Local Road,MELBOURNE,-37.800865,144.94899,3051.0,True,Preston HS,8328.8
T20220009865,2022-02-05,23:45:00,2,Struck Pedestrian,2,Monday,103,PED PLAYING/LYING/WORKING/STANDING ON CARRIAGEWAY.,3,739682,1,0,1,0,3,4,1,5,Not at intersection,2,50,Local Road,BRIMBANK,-37.696632,144.78835,3038.0,True,William Ruthven SC,18884.9
T20250000254,2025-04-01,13:06:00,2,Struck Pedestrian,7,Saturday,109,ANY MANOEUVRE INVOLVING PED NOT INCLUDED IN DCAs 100-108.,1,43952,2,0,0,1,1,2,2,1,Cross intersection,3,60,Arterial Other,DAREBIN,-37.737537,144.99966,3072.0,True,Preston HS,801.4
T20230007741,2023-02-04,08:45:00,3,Struck animal,1,Sunday,167,STRUCK ANIMAL,1,766237,1,0,1,0,0,1,1,5,Not at intersection,2,50,Local Road,LATROBE,-38.24758,146.32582,3840.0,True,Reservoir HS,127746.3
T20210022802,2021-11-11,12:20:00,1,Collision with vehicle,4,Thursday,130,REAR END(VEHICLES IN SAME LANE),1,701414,2,0,1,0,1,2,1,5,Not at intersection,2,50,Local Road,KINGSTON,-38.070473,145.12198,3196.0,True,Preston HS,37921.8
T20220025391,2022-10-11,09:55:00,2,Struck Pedestrian,5,Thursday,102,FAR SIDE. PED HIT BY VEHICLE FROM THE LEFT,1,768919,1,0,0,1,1,2,1,2,T intersection,3,50,Local Road,MILDURA,-34.203358,142.13536,3500.0,True,William Ruthven SC,466312.3
T20210000510,2021-09-01,02:25:00,2,Struck Pedestrian,7,Saturday,108,PED STRUCK WALKING TO/FROM OR BOARDING/ALIGHTING VEHICLE.,3,672396,1,0,0,1,1,2,1,5,Not at intersection,3,60,Local Road,KNOX,-37.86084,145.25174,3152.0,True,Reservoir HS,24873.2
T20240011567,2024-02-05,19:20:00,1,Collision with vehicle,4,Thursday,111,RIGHT FAR (INTERSECTIONS ONLY),3,40327,2,0,0,1,1,2,2,2,T intersection,3,50,Arterial Other,STONNINGTON,-37.85767,145.03731,3144.0,True,Preston HS,13165.6
T20230028464,2023-02-12,12:46:00,5,collision with some other object,6,Saturday,171,LEFT OFF CARRIAGEWAY INTO OBJECT/PARKED VEHICLE,1,86256,1,0,0,1,0,1,1,2,T intersection,3,40,Arterial Other,BOROONDARA,-37.80784,145.03813,3101.0,True,Preston HS,7843.8
T20220002483,2022-05-02,17:15:00,1,Collision with vehicle,7,Saturday,113,RIGHT NEAR (INTERSECTIONS ONLY),1,808922,2,0,1,0,1,2,1,2,T intersection,2,50,Local Road,MELTON,-37.721973,144.67613,3336.0,True,William Ruthven SC,28892.3
T20250021051,2025-09-08,09:30:00,1,Collision with vehicle,7,Saturday,130,REAR END(VEHICLES IN SAME LANE),1,821787,2,0,1,0,1,2,1,5,Not at intersection,2,80,Arterial Other,LATROBE,-38.141747,146.48474,3844.0,True,Reservoir HS,135887.7
T20250002860,2025-03-02,07:05:00,7,Fall from or in moving vehicle,1,Monday,190,FELL IN/FROM VEHICLE,1,817357,1,0,0,1,1,2,2,5,Not at intersection,3,50,Local Road,WHITTLESEA,-37.693424,145.0266,3074.0,True,William Ruthven SC,2106.0
T20230003327,2023-10-02,05:50:00,1,Collision with vehicle,5,Friday,136,RIGHT TURN SIDESWIPE,2,778816,2,0,0,1,1,2,1,5,Not at intersection,3,60,Arterial Other,DAREBIN,-37.7482,145.02164,3072.0,True,Preston HS,1468.6
T20220003063,2022-12-02,04:00:00,6,Vehicle overturned (no collision),7,Saturday,184,OUT OF CONTROL ON CARRIAGEWAY (ON BEND),3,288432,1,0,0,1,0,1,2,2,T intersection,3,80,Local Road,MILDURA,-34.19931,142.18994,3501.0,True,William Ruthven SC,463993.9
T20220008444,2022-04-04,07:50:00,1,Collision with vehicle,2,Monday,137,LEFT TURN SIDESWIPE,1,29588,2,0,0,1,1,2,2,1,Cross intersection,3,40,Arterial Other,PORT PHILLIP,-37.85981,144.97731,3182.0,True,Preston HS,13391.5
T20250003639,2025-11-02,07:45:00,1,Collision with vehicle,3,Tuesday,147,VEHICLE STRIKES ANOTHER VEH WHILE EMERGING FROM DRIVEWAY,1,814955,2,0,1,0,1,2,1,5,Not at intersection,2,60,Arterial Other,BOROONDARA,-37.815346,145.02129,3122.0,True,Preston HS,8283.5
T20230000317,2023-05-01,14:00:00,4,Collision with a fixed object,5,Thursday,181,OFF RIGHT BEND INTO OBJECT/PARKED VEHICLE,1,749771,2,0,0,2,0,2,1,5,Not at intersection,3,80,Arterial Other,CARDINIA,-37.92906,145.55931,3783.0,True,Reservoir HS,51906.0
T20230007989,2023-04-04,18:57:00,1,Collision with vehicle,3,Tuesday,137,LEFT TURN SIDESWIPE,3,232235,2,0,0,1,1,2,1,2,T intersection,3,60,Arterial Other,DAREBIN,-37.783764,145.01501,3078.0,True,Preston HS,4728.7
T20210010156,2021-06-05,13:05:00,2,Struck Pedestrian,5,Thursday,100,PED NEAR SIDE. PED HIT BY VEHICLE FROM THE RIGHT.,1,682567,1,0,0,1,1,2,1,2,T intersection,3,60,Arterial Other,BANYULE,-37.743538,145.04759,3081.0,True,Reservoir HS,2843.1
T20210012988,2021-12-06,20:00:00,5,collision with some other object,7,Saturday,175,OFF END OF ROAD/T-INTERSECTION.,3,61925,1,0,1,0,0,1,1,2,T intersection,2,50,Local Road,DAREBIN,-37.69764,145.01198,3073.0,True,William Ruthven SC,800.4
T20210025124,2021-08-12,17:45:00,1,Collision with vehicle,4,Wednesday,148,VEHICLE OFF FOOTPATH STRIKES VEH ON CARRIAGEWAY,1,704588,2,0,0,1,1,2,1,1,Cross intersection,3,50,Local Road,MELTON,-37.730896,144.5733,3338.0,True,William Ruthven SC,37989.7
T20210006571,2021-07-03,12:00:00,6,Vehicle overturned (no collision),0,Sunday,184,OUT OF CONTROL ON CARRIAGEWAY (ON BEND),1,679350,1,0,1,0,0,1,2,5,Not at intersection,2,999,Arterial Other,COLAC OTWAY,-38.479218,143.73589,3236.0,True,Preston HS,138182.3
T20240016419,2024-11-06,09:00:00,3,Struck animal,3,Tuesday,167,STRUCK ANIMAL,1,807236,1,0,0,1,0,1,2,5,Not at intersection,3,100,Local Road,MILDURA,-34.307266,142.23166,3496.0,True,William Ruthven SC,451807.5
T20230028657,2023-04-12,16:10:00,1,Collision with vehicle,2,Monday,113,RIGHT NEAR (INTERSECTIONS ONLY),1,43417,2,0,1,0,1,2,1,2,T intersection,2,50,Local Road,DAREBIN,-37.71031,144.9826,3073.0,True,William Ruthven SC,2358.4
T20240030117,2024-04-11,12:30:00,5,collision with some other object,2,Monday,166,STRUCK OBJECT ON CARRIAGEWAY,1,811654,1,0,0,1,0,1,2,5,Not at intersection,3,999,Local Road,CASEY,-38.106182,145.33955,3978.0,True,Preston HS,49928.8
T20250006485,2025-09-03,17:30:00,1,Collision with vehicle,1,Sunday,133,LANE SIDE SWIPE (VEHICLES IN PARALLEL LANES),1,818473,2,0,0,2,2,4,1,5,Not at intersection,3,80,Arterial Other,YARRA RANGES,-37.675552,145.85915,3799.0,True,Reservoir HS,73187.8
T20210000781,2021-12-01,17:15:00,1,Collision with vehicle,3,Tuesday,148,VEHICLE OFF FOOTPATH STRIKES VEH ON CARRIAGEWAY,1,729749,2,0,1,0,1,2,2,5,Not at intersection,2,999,Local Road,MONASH,-37.877205,145.17867,3150.0,True,Preston HS,21312.1
T20250021129,2025-01-08,06:30:00,2,Struck Pedestrian,6,Friday,102,FAR SIDE. PED HIT BY VEHICLE FROM THE LEFT,2,612,1,0,0,1,1,2,2,1,Cross intersection,3,60,Arterial Highway,WHITEHORSE,-37.850487,145.11996,3125.0,True,Preston HS,15641.8
T20210015617,2021-07-07,18:15:00,1,Collision with vehicle,3,Wednesday,121,RIGHT THROUGH,3,35321,2,0,0,1,1,2,2,1,Cross intersection,3,60,Local Road,MELBOURNE,-37.798836,144.96877,3053.0,True,Preston HS,7191.3
T20210010152,2021-06-05,13:10:00,2,Struck Pedestrian,4,Thursday,102,FAR SIDE. PED HIT BY VEHICLE FROM THE LEFT,1,49871,1,0,0,1,1,2,1,1,Cross intersection,3,40,Local Road,GEELONG,-38.138077,144.3488,3218.0,True,Preston HS,72630.9
T20240028707,2024-11-11,07:07:00,1,Collision with vehicle,2,Monday,121,RIGHT THROUGH,1,39213,2,0,0,2,0,2,1,2,T intersection,3,60,Arterial Other,BOROONDARA,-37.8146,145.09596,3127.0,True,Preston HS,11256.1
T20250006599,2025-11-03,07:35:00,1,Collision with vehicle,2,Tuesday,135,LANE CHANGE LEFT (NOT OVERTAKING),1,816975,2,0,0,1,1,2,2,5,Not at intersection,3,80,Arterial Other,MELTON,-37.691013,144.73567,3037.0,True,William Ruthven SC,23528.8