ACCIDENT_NO,ACCIDENT_DATE,ACCIDENT_TIME,ACCIDENT_TYPE,ACCIDENT_TYPE_DESC,DAY_OF_WEEK,DAY_WEEK_DESC,DCA_CODE,DCA_DESC,LIGHT_CONDITION,NODE_ID,NO_OF_VEHICLES,NO_PERSONS_KILLED,NO_PERSONS_INJ_2,NO_PERSONS_INJ_3,NO_PERSONS_NOT_INJ,NO_PERSONS,POLICE_ATTEND,ROAD_GEOMETRY,ROAD_GEOMETRY_DESC,SEVERITY,SPEED_ZONE,RMA,LGA_NAME,LATITUDE,LONGITUDE,POSTCODE_CRASH,PED_OR_CYC,nearest_school,dist_to_gate_m
T20230002471,2023-10-01,19:00:00,4,Collision with a fixed object,2,Tuesday,171,LEFT OFF CARRIAGEWAY INTO OBJECT/PARKED VEHICLE,1,773190,1,0,1,0,0,1,2,5,Not at intersection,2,80,Local Road,MOYNE,-38.328957,142.59967,3279.0,True,Preston HS,220716.4
T20240009154,2024-12-02,08:40:00,2,Struck Pedestrian,2,Monday,103,PED PLAYING/LYING/WORKING/STANDING ON CARRIAGEWAY.,1,801414,1,0,0,1,1,2,2,5,Not at intersection,3,40,Local Road,WYNDHAM,-37.854496,144.6653,3029.0,True,Preston HS,32545.6
T20250011950,2025-03-05,14:00:00,8,No collision and no object struck,6,Saturday,174,OUT OF CONTROL ON CARRIAGEWAY (ON STRAIGHT),9,818141,1,0,0,1,0,1,2,5,Not at intersection,3,999,Local Road,SURF COAST,-38.415325,143.97719,3235.0,True,Preston HS,117203.6
T20210020390,2021-05-10,15:18:00,2,Struck Pedestrian,3,Tuesday,106,VEH STRIKES PED ON FOOTPATH/MEDIAN/TRAFFIC ISLAND.,1,707049,1,0,0,2,0,2,2,5,Not at intersection,3,999,Arterial Other,GEELONG,-38.07514,144.35834,3214.0,True,Preston HS,67928.0
T20230004983,2023-01-03,18:45:00,1,Collision with vehicle,4,Wednesday,120,HEAD ON (NOT OVERTAKING),1,758280,2,0,1,0,1,2,1,2,T intersection,2,60,Local Road,MOONEE VALLEY,-37.73778,144.87831,3033.0,True,Preston HS,11333.3
T20240000544,2024-04-01,17:30:00,1,Collision with vehicle,5,Thursday,137,LEFT TURN SIDESWIPE,1,58969,2,0,0,1,1,2,2,1,Cross intersection,3,40,Arterial Other,WANGARATTA,-36.353977,146.32864,3677.0,True,William Ruthven SC,190089.4
T20230010716,2023-07-05,20:30:00,2,Struck Pedestrian,1,Sunday,100,PED NEAR SIDE. PED HIT BY VEHICLE FROM THE RIGHT.,5,775133,1,0,0,1,1,2,1,2,T intersection,3,60,Arterial Other,MARIBYRNONG,-37.785496,144.87543,3012.0,True,Preston HS,12557.2
T20240025466,2024-06-10,15:00:00,3,Struck animal,0,Sunday,167,STRUCK ANIMAL,1,809687,1,0,0,1,0,1,2,2,T intersection,3,100,Arterial Highway,TOWONG,-36.193382,147.3347,3700.0,True,Reservoir HS,266185.2
T20220023258,2022-11-10,16:30:00,8,No collision and no object struck,3,Tuesday,184,OUT OF CONTROL ON CARRIAGEWAY (ON BEND),1,729668,1,0,1,0,0,1,2,5,Not at intersection,2,100,Arterial Highway,(MOUNT HOTHAM),-37.0052,147.08507,3741.0,True,Reservoir HS,198401.7
T20230021078,2023-08-09,16:20:00,4,Collision with a fixed object,6,Friday,173,RIGHT OFF CARRIAGEWAY INTO OBJECT/PARKED VEHICLE,1,781450,1,0,0,1,1,2,1,5,Not at intersection,3,40,Local Road,MELBOURNE,-37.809605,144.97292,3002.0,True,Preston HS,8126.3
T20250003201,2025-06-02,15:55:00,1,Collision with vehicle,5,Thursday,140,U TURN,1,814834,2,0,1,0,1,2,1,5,Not at intersection,2,60,Local Road,HUME,-37.67426,144.93044,3047.0,True,William Ruthven SC,6848.0
T20210003299,2021-12-02,17:12:00,1,Collision with vehicle,5,Friday,140,U TURN,1,65926,2,0,0,1,1,2,1,2,T intersection,3,50,Local Road,MELBOURNE,-37.814995,144.945,3008.0,True,Preston HS,9808.7
T20220025587,2022-12-11,19:30:00,6,Vehicle overturned (no collision),7,Saturday,174,OUT OF CONTROL ON CARRIAGEWAY (ON STRAIGHT),3,735066,1,0,0,1,0,1,2,1,Cross intersection,3,40,Local Road,MONASH,-37.914486,145.13504,3168.0,True,Preston HS,22257.6
T20240031566,2024-08-12,20:15:00,1,Collision with vehicle,1,Sunday,148,VEHICLE OFF FOOTPATH STRIKES VEH ON CARRIAGEWAY,2,816547,2,0,0,1,1,2,2,5,Not at intersection,3,50,Local Road,MONASH,-37.872883,145.18271,3150.0,True,Preston HS,21231.9
T20230000442,2023-07-01,11:15:00,4,Collision with a fixed object,7,Saturday,171,LEFT OFF CARRIAGEWAY INTO OBJECT/PARKED VEHICLE,1,751145,1,1,0,0,0,1,1,5,Not at intersection,1,888,,WELLINGTON,-38.422955,146.89497,3851.0,True,Reservoir HS,180927.0
T20220002951,2022-03-02,06:00:00,1,Collision with vehicle,5,Thursday,123,RIGHT/LEFT. ONE VEH TURNING RIGHT THE OTHER LEFT.,2,679304,2,0,0,1,1,2,2,1,Cross intersection,3,50,Arterial Other,MELTON,-37.69185,144.74426,3037.0,True,William Ruthven SC,22770.8
T20210020458,2021-06-10,13:00:00,1,Collision with vehicle,4,Wednesday,150,HEAD ON(OVERTAKING),1,695011,2,0,0,1,1,2,2,5,Not at intersection,3,50,Local Road,WYNDHAM,-37.89908,144.77834,3030.0,True,Preston HS,26645.8
T20240028854,2024-12-11,13:00:00,2,Struck Pedestrian,3,Tuesday,100,PED NEAR SIDE. PED HIT BY VEHICLE FROM THE RIGHT.,1,764093,1,0,0,1,1,2,2,5,Not at intersection,3,999,Local Road,WYNDHAM,-37.8461,144.6668,3029.0,True,Preston HS,32076.0
T20220000682,2022-07-01,10:00:00,1,Collision with vehicle,6,Friday,114,TWO RIGHT TURNING (INTERSECTIONS ONLY),1,35626,2,0,0,1,1,2,1,1,Cross intersection,3,60,Arterial Highway,KINGSTON,-38.008427,145.08789,3195.0,True,Preston HS,30494.6
T20250003264,2025-06-02,12:00:00,8,No collision and no object struck,5,Thursday,182,OFF CARRIAGEWAY ON LEFT BEND,1,814837,1,0,1,0,0,1,2,5,Not at intersection,2,100,Arterial Other,EAST GIPPSLAND,-37.24956,148.74573,3888.0,True,Reservoir HS,332069.4
T20230003256,2023-10-02,07:15:00,1,Collision with vehicle,6,Friday,110,CROSS TRAFFIC(INTERSECTIONS ONLY),1,16889,2,1,0,1,0,2,1,1,Cross intersection,1,999,Arterial Other,MOYNE,-38.3157,142.4004,3282.0,True,Preston HS,237060.6
T20240017205,2024-08-07,06:52:00,2,Struck Pedestrian,2,Monday,102,FAR SIDE. PED HIT BY VEHICLE FROM THE LEFT,2,350769,1,0,0,1,1,2,2,1,Cross intersection,3,70,Arterial Other,WYNDHAM,-37.871906,144.72531,3029.0,True,Preston HS,28679.0
T20240002735,2024-03-02,20:50:00,1,Collision with vehicle,7,Saturday,179,OTHER ACCIDENTS-OFF STRAIGHT NOT INCLUDED IN DCAs 170-175,3,801992,2,0,0,1,2,3,1,5,Not at intersection,3,50,Arterial Other,MITCHELL,-37.20524,145.04613,3658.0,True,William Ruthven SC,54762.6
T20230001203,2023-06-01,20:00:00,4,Collision with a fixed object,6,Friday,171,LEFT OFF CARRIAGEWAY INTO OBJECT/PARKED VEHICLE,2,749614,1,0,0,1,0,1,2,5,Not at intersection,3,80,Arterial Other,MITCHELL,-37.41527,145.02286,3756.0,True,William Ruthven SC,31324.8
T20230002687,2023-03-02,08:20:00,2,Struck Pedestrian,6,Friday,100,PED NEAR SIDE. PED HIT BY VEHICLE FROM THE RIGHT.,1,752082,1,0,1,0,1,2,1,2,T intersection,2,40,Local Road,GLEN EIRA,-37.87423,145.00328,3183.0,True,Preston HS,14740.5
T20230020523,2023-02-09,16:25:00,1,Collision with vehicle,7,Saturday,113,RIGHT NEAR (INTERSECTIONS ONLY),1,61460,2,0,1,0,1,2,1,2,T intersection,2,50,,MOORABOOL,-37.6708,144.43336,3340.0,True,William Ruthven SC,50208.7
T20220010064,2022-05-05,07:40:00,2,Struck Pedestrian,5,Thursday,100,PED NEAR SIDE. PED HIT BY VEHICLE FROM THE RIGHT.,1,711636,1,0,0,1,1,2,1,5,Not at intersection,3,70,Arterial Highway,BENDIGO,-36.75856,144.30138,3550.0,True,William Ruthven SC,121394.9
T20210012933,2021-11-06,17:50:00,1,Collision with vehicle,6,Friday,132,RIGHT REAR.,3,270849,2,0,1,0,1,2,1,2,T intersection,2,60,Local Road,MORNINGTON PENINSULA,-38.30772,145.1778,3915.0,True,Preston HS,64690.2
T20240028775,2024-11-11,14:20:00,4,Collision with a fixed object,2,Monday,171,LEFT OFF CARRIAGEWAY INTO OBJECT/PARKED VEHICLE,1,810861,2,1,0,2,0,3,1,5,Not at intersection,1,70,Arterial Other,MACEDON RANGES,-37.463615,144.6757,3431.0,True,William Ruthven SC,38763.9
T20250003286,2025-06-02,17:00:00,1,Collision with vehicle,4,Thursday,148,VEHICLE OFF FOOTPATH STRIKES VEH ON CARRIAGEWAY,1,818733,2,0,0,1,1,2,2,1,Cross intersection,3,999,Local Road,MILDURA,-34.185,142.15549,3500.0,True,William Ruthven SC,467033.8
T20220022522,2022-01-10,12:00:00,6,Vehicle overturned (no collision),6,Saturday,172,OFF CARRIAGEWAY TO RIGHT,1,654571,1,0,0,1,0,1,2,1,Cross intersection,3,100,Local Road,ARARAT,-37.258396,143.22475,3377.0,True,William Ruthven SC,164304.0
T20230000822,2023-12-01,14:35:00,2,Struck Pedestrian,4,Thursday,100,PED NEAR SIDE. PED HIT BY VEHICLE FROM THE RIGHT.,1,753159,2,0,0,1,2,3,2,5,Not at intersection,3,50,Local Road,MORELAND,-37.710655,144.97113,3060.0,True,William Ruthven SC,3212.4
T20220015058,2022-05-07,15:54:00,1,Collision with vehicle,2,Tuesday,113,RIGHT NEAR (INTERSECTIONS ONLY),1,41483,2,0,1,0,1,2,1,2,T intersection,2,60,Arterial Other,STONNINGTON,-37.879883,145.07094,3145.0,True,Preston HS,16356.7
T20250003196,2025-06-02,16:10:00,2,Struck Pedestrian,4,Thursday,100,PED NEAR SIDE. PED HIT BY VEHICLE FROM THE RIGHT.,1,817162,1,0,0,1,1,2,2,5,Not at intersection,3,50,Local Road,BOROONDARA,-37.79404,145.08499,3104.0,True,Preston HS,8985.9
T20210003309,2021-12-02,22:07:00,6,Vehicle overturned (no collision),6,Friday,174,OUT OF CONTROL ON CARRIAGEWAY (ON STRAIGHT),3,675547,1,0,1,0,0,1,1,5,Not at intersection,2,60,Arterial Other,MORELAND,-37.735905,144.98239,3058.0,True,Preston HS,2266.4
T20240014552,2024-06-06,11:26:00,1,Collision with vehicle,5,Thursday,137,LEFT TURN SIDESWIPE,1,36847,2,0,0,1,1,2,1,2,T intersection,3,40,Local Road,MELBOURNE,-37.810677,144.95595,3003.0,True,Preston HS,8890.3
T20220022929,2022-11-10,16:30:00,1,Collision with vehicle,3,Tuesday,120,HEAD ON (NOT OVERTAKING),1,752156,2,1,0,1,0,2,1,5,Not at intersection,1,100,Local Road,LATROBE,-38.2966,146.52612,3840.0,True,Reservoir HS,145845.2
T20220013327,2022-12-06,11:30:00,8,No collision and no object struck,1,Sunday,174,OUT OF CONTROL ON CARRIAGEWAY (ON STRAIGHT),1,728264,1,0,1,0,0,1,2,2,T intersection,2,999,Local Road,ALPINE,-36.807125,146.96297,3744.0,True,Reservoir HS,199082.0
T20230000813,2023-12-01,12:20:00,2,Struck Pedestrian,5,Thursday,100,PED NEAR SIDE. PED HIT BY VEHICLE FROM THE RIGHT.,1,30356,1,0,1,0,1,2,1,1,Cross intersection,2,40,Local Road,HUME,-37.670006,144.85344,3045.0,True,William Ruthven SC,13487.1
T20220025532,2022-12-11,04:50:00,2,Struck Pedestrian,7,Saturday,100,PED NEAR SIDE. PED HIT BY VEHICLE FROM THE RIGHT.,3,36816,1,0,1,0,1,2,1,1,Cross intersection,2,80,Arterial Other,HUME,-37.643826,144.9289,3048.0,True,William Ruthven SC,8768.2
T20240025588,2024-10-10,11:36:00,2,Struck Pedestrian,5,Thursday,101,PED EMERGES FROM IN FRONT OF PARKED OR STATIONARY VEHICLE,1,809567,1,0,1,0,1,2,1,2,T intersection,2,40,Arterial Other,MOONEE VALLEY,-37.739502,144.89787,3040.0,True,Preston HS,9607.9
T20250000876,2025-11-01,22:50:00,1,Collision with vehicle,7,Saturday,133,LANE SIDE SWIPE (VEHICLES IN PARALLEL LANES),4,813874,2,0,0,1,2,3,1,5,Not at intersection,3,999,Arterial Highway,MELBOURNE,-37.82434,144.94833,3008.0,True,Preston HS,10541.1
T20220015615,2022-12-07,21:30:00,2,Struck Pedestrian,3,Tuesday,100,PED NEAR SIDE. PED HIT BY VEHICLE FROM THE RIGHT.,3,45434,1,0,1,0,1,2,1,1,Cross intersection,2,60,Arterial Other,MOONEE VALLEY,-37.772564,144.92392,3039.0,True,Preston HS,8077.8
T20230026136,2023-08-11,08:05:00,1,Collision with vehicle,4,Wednesday,121,RIGHT THROUGH,1,47097,2,0,0,1,1,2,1,2,T intersection,3,50,Local Road,MELBOURNE,-37.813835,144.98297,3002.0,True,Preston HS,8296.7
T20210017356,2021-11-08,19:30:00,2,Struck Pedestrian,4,Wednesday,100,PED NEAR SIDE. PED HIT BY VEHICLE FROM THE RIGHT.,3,36826,1,0,1,0,1,2,1,1,Cross intersection,2,40,Arterial Other,MELBOURNE,-37.80924,144.95236,3003.0,True,Preston HS,8919.0
T20250021635,2025-10-08,16:00:00,5,collision with some other object,1,Sunday,166,STRUCK OBJECT ON CARRIAGEWAY,1,822237,1,0,1,0,0,1,2,5,Not at intersection,2,888,,MITCHELL,-37.30707,145.24176,3717.0,True,William Ruthven SC,48157.6
T20250017524,2025-05-03,10:45:00,1,Collision with vehicle,4,Wednesday,119,OTHER ADJACENT (INTERSECTIONS ONLY),1,67484,2,0,0,2,1,3,2,2,T intersection,3,999,Local Road,KNOX,-37.85745,145.22865,3152.0,True,Reservoir HS,23066.5
T20230020966,2023-07-09,15:03:00,1,Collision with vehicle,5,Thursday,130,REAR END(VEHICLES IN SAME LANE),1,780665,2,0,0,2,1,3,1,2,T intersection,3,50,Local Road,MORELAND,-37.694717,144.91614,3046.0,True,William Ruthven SC,7644.2
T20210005219,2021-09-03,16:18:00,2,Struck Pedestrian,3,Tuesday,102,FAR SIDE. PED HIT BY VEHICLE FROM THE LEFT,1,47705,1,0,0,1,3,4,1,4,Multiple intersection,3,70,Arterial Highway,GEELONG,-38.084167,144.35867,3214.0,True,Preston HS,68454.0
T20250016273,2025-12-06,08:45:00,1,Collision with vehicle,4,Thursday,121,RIGHT THROUGH,1,29471,2,0,0,1,1,2,2,1,Cross intersection,3,40,Arterial Other,STONNINGTON,-37.851055,144.98723,3181.0,True,Preston HS,12284.4
T20210010349,2021-08-05,10:00:00,2,Struck Pedestrian,7,Saturday,106,VEH STRIKES PED ON FOOTPATH/MEDIAN/TRAFFIC ISLAND.,1,683156,1,0,0,5,0,5,1,2,T intersection,3,40,Local Road,MORNINGTON PENINSULA,-38.339382,144.73933,3943.0,True,Preston HS,70474.8
T20220017405,2022-04-08,12:30:00,2,Struck Pedestrian,4,Thursday,108,PED STRUCK WALKING TO/FROM OR BOARDING/ALIGHTING VEHICLE.,1,721057,1,0,0,1,1,2,1,5,Not at intersection,3,40,Arterial Other,BRIMBANK,-37.74405,144.79839,3021.0,True,Preston HS,18353.5
T20210016473,2021-11-07,17:45:00,1,Collision with vehicle,1,Sunday,130,REAR END(VEHICLES IN SAME LANE),2,689135,2,0,0,1,1,2,1,5,Not at intersection,3,80,Arterial Other,MAROONDAH,-37.771267,145.29521,3136.0,True,Reservoir HS,23994.5
T20230018686,2023-07-08,21:32:00,2,Struck Pedestrian,2,Monday,105,PED WALKING AGAINST TRAFFIC.,3,795417,1,0,0,1,1,2,1,5,Not at intersection,3,999,Arterial Highway,WHITEHORSE,-37.818386,145.17564,3131.0,True,Reservoir HS,16707.5
T20250000780,2025-10-01,18:40:00,6,Vehicle overturned (no collision),6,Friday,179,OTHER ACCIDENTS-OFF STRAIGHT NOT INCLUDED IN DCAs 170-175,1,817235,1,0,0,1,0,1,1,5,Not at intersection,3,60,Arterial Other,CAMPASPE,-36.58587,145.0156,3612.0,True,William Ruthven SC,123505.9
T20230010932,2023-10-05,10:20:00,2,Struck Pedestrian,4,Wednesday,100,PED NEAR SIDE. PED HIT BY VEHICLE FROM THE RIGHT.,1,775202,1,1,0,0,1,2,1,1,Cross intersection,1,50,Arterial Highway,DAREBIN,-37.743893,144.98912,3072.0,True,Preston HS,1599.7
T20230010257,2023-07-04,10:00:00,6,Vehicle overturned (no collision),6,Friday,174,OUT OF CONTROL ON CARRIAGEWAY (ON STRAIGHT),1,772468,1,0,0,1,0,1,2,5,Not at intersection,3,777,,MANSFIELD,-36.96725,145.77829,3715.0,True,William Ruthven SC,106182.8
T20210012729,2021-08-06,20:30:00,2,Struck Pedestrian,3,Tuesday,102,FAR SIDE. PED HIT BY VEHICLE FROM THE LEFT,3,781087,1,0,0,1,1,2,1,1,Cross intersection,3,60,Arterial Highway,STONNINGTON,-37.85075,144.98419,3181.0,True,Preston HS,12291.8
T20230000666,2023-08-01,10:00:00,6,Vehicle overturned (no collision),1,Sunday,170,OFF CARRIAGEWAY TO LEFT,1,747156,1,0,1,0,0,1,2,5,Not at intersection,2,999,Local Road,YARRA RANGES,-37.792603,145.64693,3797.0,True,Reservoir HS,54846.4
T20250009676,2025-10-04,13:16:00,1,Collision with vehicle,5,Thursday,121,RIGHT THROUGH,1,38769,2,0,0,1,1,2,1,2,T intersection,3,40,Local Road,MARIBYRNONG,-37.799328,144.8958,3011.0,True,Preston HS,11694.7
T20220027289,2022-02-12,08:54:00,6,Vehicle overturned (no collision),6,Friday,174,OUT OF CONTROL ON CARRIAGEWAY (ON STRAIGHT),1,50669,1,0,0,1,0,1,1,1,Cross intersection,3,40,Local Road,WARRNAMBOOL,-38.372643,142.4827,3280.0,True,Preston HS,231880.6
T20230026002,2023-06-11,14:00:00,4,Collision with a fixed object,1,Monday,171,LEFT OFF CARRIAGEWAY INTO OBJECT/PARKED VEHICLE,1,790060,1,0,1,0,0,1,1,5,Not at intersection,2,100,Local Road,BENDIGO,-36.545525,144.16805,3570.0,True,William Ruthven SC,147852.3
T20210022304,2021-05-11,07:06:00,1,Collision with vehicle,6,Friday,110,CROSS TRAFFIC(INTERSECTIONS ONLY),1,42084,2,0,1,0,1,2,1,1,Cross intersection,2,50,Local Road,BAYSIDE,-37.934612,145.01657,3188.0,True,Preston HS,21466.9
T20220024316,2022-01-01,12:30:00,8,No collision and no object struck,7,Saturday,149,OTHER MANOEUVRING NOT INCLUDED IN DCAs 140-148,1,732118,1,0,0,1,0,1,2,5,Not at intersection,3,50,Local Road,GEELONG,-38.11018,144.63348,3223.0,True,Preston HS,52466.2
T20210003555,2021-11-02,08:00:00,1,Collision with vehicle,4,Thursday,116,LEFT NEAR (INTERSECTIONS ONLY),1,218,2,0,0,1,1,2,1,1,Cross intersection,3,80,Arterial Other,HUME,-37.63808,144.9503,3062.0,True,William Ruthven SC,7985.3
T20240023222,2024-12-09,20:00:00,1,Collision with vehicle,5,Thursday,121,RIGHT THROUGH,3,45229,3,0,0,1,3,4,1,1,Cross intersection,3,60,Arterial Other,MOONEE VALLEY,-37.753933,144.88948,3040.0,True,Preston HS,10430.6
T20240003247,2024-09-02,12:24:00,2,Struck Pedestrian,6,Friday,108,PED STRUCK WALKING TO/FROM OR BOARDING/ALIGHTING VEHICLE.,1,199952,1,0,0,1,1,2,2,5,Not at intersection,3,999,Arterial Other,BOROONDARA,-37.831345,145.0565,3123.0,True,Preston HS,10872.3
T20240007426,2024-09-03,14:00:00,8,No collision and no object struck,7,Saturday,174,OUT OF CONTROL ON CARRIAGEWAY (ON STRAIGHT),1,803569,1,0,0,1,0,1,2,5,Not at intersection,3,999,Local Road,ALPINE,-36.76694,147.04137,3741.0,True,Reservoir HS,207369.2
T20240015769,2024-08-06,15:00:00,4,Collision with a fixed object,6,Saturday,171,LEFT OFF CARRIAGEWAY INTO OBJECT/PARKED VEHICLE,1,805827,1,0,0,1,0,1,2,5,Not at intersection,3,888,Local Road,ALPINE,-36.72964,146.92793,3740.0,True,Reservoir HS,201094.4
T20210005368,2021-09-03,16:00:00,8,No collision and no object struck,3,Tuesday,174,OUT OF CONTROL ON CARRIAGEWAY (ON STRAIGHT),1,677688,1,0,0,1,0,1,2,5,Not at intersection,3,999,,MOORABOOL,-37.502934,144.29326,3458.0,True,William Ruthven SC,66128.5
T20220010225,2022-06-05,20:19:00,1,Collision with vehicle,5,Friday,160,VEHICLE COLLIDES WITH VEHICLE PARKED ON LEFT OF ROAD,3,41233,2,0,1,0,0,1,1,5,Not at intersection,2,60,Local Road,GLEN EIRA,-37.885803,145.013,3185.0,True,Preston HS,16031.9
T20240005638,2024-05-03,16:25:00,1,Collision with vehicle,2,Tuesday,121,RIGHT THROUGH,1,37705,2,0,0,1,1,2,1,1,Cross intersection,3,40,Arterial Other,STONNINGTON,-37.85185,144.99338,3181.0,True,Preston HS,12307.3
T20240020173,2024-09-08,08:59:00,1,Collision with vehicle,6,Friday,110,CROSS TRAFFIC(INTERSECTIONS ONLY),1,16746,2,1,0,0,1,2,1,1,Cross intersection,1,100,Arterial Other,GOLDEN PLAINS,-37.76338,143.50461,3360.0,True,William Ruthven SC,131982.2
T20240000394,2024-06-01,13:25:00,4,Collision with a fixed object,7,Saturday,181,OFF RIGHT BEND INTO OBJECT/PARKED VEHICLE,1,805717,1,0,1,0,0,1,1,5,Not at intersection,2,80,Arterial Other,SOUTH GIPPSLAND,-38.333237,145.72638,3988.0,True,Preston HS,91074.1
T20250012685,2025-12-05,08:29:00,2,Struck Pedestrian,2,Monday,100,PED NEAR SIDE. PED HIT BY VEHICLE FROM THE RIGHT.,1,819014,1,1,0,0,1,2,1,5,Not at intersection,1,60,Arterial Other,MARIBYRNONG,-37.80272,144.88184,3012.0,True,Preston HS,12932.5
T20220027911,2022-08-12,19:08:00,2,Struck Pedestrian,4,Thursday,100,PED NEAR SIDE. PED HIT BY VEHICLE FROM THE RIGHT.,1,29780,1,0,0,1,2,3,1,1,Cross intersection,3,60,Arterial Other,DAREBIN,-37.737972,145.004,3072.0,True,Preston HS,496.1
T20250018587,2025-12-07,14:35:00,2,Struck Pedestrian,6,Saturday,102,FAR SIDE. PED HIT BY VEHICLE FROM THE LEFT,1,247451,1,0,1,0,1,2,1,2,T intersection,2,80,Local Road,WHITTLESEA,-37.601788,145.13876,3754.0,True,William Ruthven SC,15933.8
T20250012485,2025-10-05,13:00:00,6,Vehicle overturned (no collision),6,Saturday,184,OUT OF CONTROL ON CARRIAGEWAY (ON BEND),1,819143,1,0,1,0,0,1,1,5,Not at intersection,2,60,Arterial Other,NILLUMBIK,-37.56034,145.3302,3763.0,True,Reservoir HS,32034.3
T20220027742,2022-07-12,08:55:00,1,Collision with vehicle,3,Wednesday,121,RIGHT THROUGH,1,763483,2,0,0,1,1,2,1,5,Not at intersection,3,60,Arterial Other,GLEN EIRA,-37.888226,145.06679,3163.0,True,Preston HS,17115.9
T20230000013,2023-01-01,00:30:00,2,Struck Pedestrian,1,Sunday,102,FAR SIDE. PED HIT BY VEHICLE FROM THE LEFT,4,804251,1,0,0,1,1,2,1,2,T intersection,3,50,Local Road,HUME,-37.658474,144.9148,3048.0,True,William Ruthven SC,8840.5
T20250015691,2025-04-05,15:00:00,8,No collision and no object struck,0,Sunday,179,OTHER ACCIDENTS-OFF STRAIGHT NOT INCLUDED IN DCAs 170-175,9,821115,1,0,0,1,0,1,2,5,Not at intersection,3,999,Local Road,MOORABOOL,-37.5056,144.28964,3458.0,True,William Ruthven SC,66333.6
T20230021583,2023-11-09,15:55:00,1,Collision with vehicle,2,Monday,133,LANE SIDE SWIPE (VEHICLES IN PARALLEL LANES),1,390,2,0,0,1,1,2,2,1,Cross intersection,3,60,Arterial Other,STONNINGTON,-37.84059,145.0047,3142.0,True,Preston HS,10998.1
T20240018202,2024-08-07,01:00:00,6,Vehicle overturned (no collision),2,Monday,179,OTHER ACCIDENTS-OFF STRAIGHT NOT INCLUDED IN DCAs 170-175,6,806498,1,0,0,1,0,1,2,5,Not at intersection,3,50,Local Road,HOBSONS BAY,-37.82859,144.84251,3025.0,True,Preston HS,17394.1
T20220024958,2022-05-11,19:35:00,1,Collision with vehicle,7,Saturday,110,CROSS TRAFFIC(INTERSECTIONS ONLY),2,262819,2,0,1,0,2,3,1,1,Cross intersection,2,60,Arterial Other,MITCHELL,-37.20649,145.04308,3658.0,True,William Ruthven SC,54605.9
T20240020522,2024-06-08,05:40:00,1,Collision with vehicle,3,Tuesday,133,LANE SIDE SWIPE (VEHICLES IN PARALLEL LANES),2,810407,2,0,1,0,1,2,2,5,Not at intersection,2,999,Arterial Other,STONNINGTON,-37.87722,145.08435,3145.0,True,Preston HS,16526.8
T20220022983,2022-12-10,10:13:00,2,Struck Pedestrian,4,Wednesday,103,PED PLAYING/LYING/WORKING/STANDING ON CARRIAGEWAY.,1,731248,1,1,0,0,1,2,1,5,Not at intersection,1,50,Local Road,MARIBYRNONG,-37.807316,144.904,3011.0,True,Preston HS,11633.9
T20210005636,2021-12-03,13:00:00,8,No collision and no object struck,6,Friday,174,OUT OF CONTROL ON CARRIAGEWAY (ON STRAIGHT),1,37685,1,0,1,0,0,1,2,1,Cross intersection,2,50,Local Road,STONNINGTON,-37.840443,144.99542,3141.0,True,Preston HS,11027.6
T20210012652,2021-07-06,06:50:00,1,Collision with vehicle,1,Monday,121,RIGHT THROUGH,2,51570,2,0,0,1,1,2,1,1,Cross intersection,3,60,Arterial Highway,BENDIGO,-36.74978,144.29076,3550.0,True,William Ruthven SC,122717.0
T20230007665,2023-01-04,09:00:00,1,Collision with vehicle,6,Saturday,112,LEFT FAR (INTERSECTIONS ONLY),1,774453,2,0,0,1,2,3,1,2,T intersection,3,100,Local Road,ALPINE,-36.744114,146.9546,3741.0,True,Reservoir HS,202188.1
T20240014543,2024-04-06,13:35:00,1,Collision with vehicle,3,Tuesday,163,VEHICLE STRIKES DOOR OF PARKED/STATIONARY VEHICLE,1,804872,3,0,0,1,2,3,2,2,T intersection,3,40,Local Road,MELBOURNE,-37.848007,144.98209,3004.0,True,Preston HS,12023.3
T20220024598,2022-01-11,09:10:00,4,Collision with a fixed object,3,Tuesday,173,RIGHT OFF CARRIAGEWAY INTO OBJECT/PARKED VEHICLE,1,735678,1,0,1,0,0,1,1,5,Not at intersection,2,100,Arterial Highway,EAST GIPPSLAND,-37.73905,148.15308,3887.0,True,Reservoir HS,274701.1
T20240028957,2024-12-10,12:15:00,1,Collision with vehicle,7,Saturday,130,REAR END(VEHICLES IN SAME LANE),1,810984,2,0,0,1,2,3,2,5,Not at intersection,3,60,Arterial Other,YARRA RANGES,-37.855984,145.36517,3788.0,True,Reservoir HS,33033.4
T20220025833,2022-06-10,00:01:00,1,Collision with vehicle,4,Thursday,116,LEFT NEAR (INTERSECTIONS ONLY),9,66341,2,0,0,1,1,2,2,2,T intersection,3,999,Local Road,MELBOURNE,-37.825428,144.96928,3006.0,True,Preston HS,9885.6
T20230010731,2023-08-05,07:00:00,2,Struck Pedestrian,2,Monday,100,PED NEAR SIDE. PED HIT BY VEHICLE FROM THE RIGHT.,2,777023,1,0,0,1,1,2,1,2,T intersection,3,50,Local Road,MONASH,-37.924763,145.1212,3168.0,True,Preston HS,22688.4