ACCIDENT_NO,ACCIDENT_DATE,ACCIDENT_TIME,ACCIDENT_TYPE,ACCIDENT_TYPE_DESC,DAY_OF_WEEK,DAY_WEEK_DESC,DCA_CODE,DCA_DESC,LIGHT_CONDITION,NODE_ID,NO_OF_VEHICLES,NO_PERSONS_KILLED,NO_PERSONS_INJ_2,NO_PERSONS_INJ_3,NO_PERSONS_NOT_INJ,NO_PERSONS,POLICE_ATTEND,ROAD_GEOMETRY,ROAD_GEOMETRY_DESC,SEVERITY,SPEED_ZONE,RMA,LGA_NAME,LATITUDE,LONGITUDE,POSTCODE_CRASH,PED_OR_CYC,nearest_school,dist_to_gate_m
T20230025890,2023-05-11,11:40:00,6,Vehicle overturned (no collision),1,Sunday,174,OUT OF CONTROL ON CARRIAGEWAY (ON STRAIGHT),1,793168,1,0,1,0,0,1,1,2,T intersection,2,50,Local Road,MACEDON RANGES,-37.27747,144.72476,3435.0,True,William Ruthven SC,52669.3
T20230020923,2023-03-09,11:30:00,6,Vehicle overturned (no collision),1,Sunday,174,OUT OF CONTROL ON CARRIAGEWAY (ON STRAIGHT),9,780556,2,0,0,1,2,3,2,5,Not at intersection,3,999,Local Road,MURRINDINDI,-37.545685,145.48364,3777.0,True,Reservoir HS,44565.4
T20240002514,2024-01-02,15:16:00,2,Struck Pedestrian,5,Thursday,100,PED NEAR SIDE. PED HIT BY VEHICLE FROM THE RIGHT.,1,797344,1,0,0,1,1,2,1,5,Not at intersection,3,40,Local Road,BENDIGO,-36.776367,144.295,3550.0,True,William Ruthven SC,119988.2
T20240003034,2024-07-02,09:36:00,1,Collision with vehicle,4,Wednesday,160,VEHICLE COLLIDES WITH VEHICLE PARKED ON LEFT OF ROAD,1,798042,2,0,1,0,1,2,1,5,Not at intersection,2,50,Local Road,BENDIGO,-36.765884,144.2722,3550.0,True,William Ruthven SC,122043.9
T20240031393,2024-07-12,12:30:00,6,Vehicle overturned (no collision),7,Saturday,174,OUT OF CONTROL ON CARRIAGEWAY (ON STRAIGHT),1,43940,1,0,1,0,0,1,1,1,Cross intersection,2,100,Arterial Highway,FRANKSTON,-38.18493,145.21873,3911.0,True,Preston HS,52661.3
T20250003698,2025-11-02,16:57:00,1,Collision with vehicle,2,Tuesday,137,LEFT TURN SIDESWIPE,1,247461,2,0,1,1,0,2,1,2,T intersection,2,60,Arterial Other,MELBOURNE,-37.792004,144.95853,3052.0,True,Preston HS,7036.7
T20220025180,2022-08-11,12:25:00,2,Struck Pedestrian,2,Tuesday,100,PED NEAR SIDE. PED HIT BY VEHICLE FROM THE RIGHT.,1,240323,1,0,0,1,1,2,1,2,T intersection,3,60,Arterial Highway,WHITEHORSE,-37.85076,145.10002,3125.0,True,Preston HS,14619.2
T20230008383,2023-09-04,23:10:00,1,Collision with vehicle,0,Sunday,113,RIGHT NEAR (INTERSECTIONS ONLY),3,40265,2,0,0,1,1,2,1,2,T intersection,3,60,Arterial Other,STONNINGTON,-37.85121,145.0269,3143.0,True,Preston HS,12300.6
T20250011624,2025-01-05,18:48:00,4,Collision with a fixed object,5,Thursday,164,PERMANENT OBSTRUCTION ON CARRIAGEWAY,3,517,1,0,1,0,0,1,1,1,Cross intersection,2,60,Arterial Other,MAROONDAH,-37.79382,145.23538,3134.0,True,Reservoir HS,19772.8
T20220002944,2022-10-02,19:07:00,6,Vehicle overturned (no collision),5,Thursday,172,OFF CARRIAGEWAY TO RIGHT,1,327464,1,0,1,0,0,1,1,2,T intersection,2,60,Arterial Other,KNOX,-37.890526,145.26,3156.0,True,Reservoir HS,27566.7
T20230018824,2023-12-08,18:15:00,2,Struck Pedestrian,7,Saturday,100,PED NEAR SIDE. PED HIT BY VEHICLE FROM THE RIGHT.,3,29997,1,0,1,0,1,2,1,5,Not at intersection,2,60,Arterial Other,DAREBIN,-37.740627,145.02771,3072.0,True,Preston HS,1816.2
T20230002730,2023-02-02,16:30:00,1,Collision with vehicle,4,Thursday,137,LEFT TURN SIDESWIPE,1,65879,2,0,0,1,1,2,2,2,T intersection,3,50,Local Road,MELBOURNE,-37.81348,144.95033,3008.0,True,Preston HS,9412.7
T20230023139,2023-01-10,14:30:00,6,Vehicle overturned (no collision),0,Sunday,184,OUT OF CONTROL ON CARRIAGEWAY (ON BEND),1,782194,1,0,0,1,0,1,2,5,Not at intersection,3,999,Local Road,BAW BAW,-37.968952,146.18782,3825.0,True,Reservoir HS,105346.2
T20250020394,2025-01-08,22:42:00,1,Collision with vehicle,6,Friday,140,U TURN,3,820810,2,0,1,0,2,3,1,5,Not at intersection,2,60,Arterial Other,MOONEE VALLEY,-37.735497,144.88774,3042.0,True,Preston HS,10518.5
T20250018294,2025-09-07,15:55:00,8,No collision and no object struck,3,Wednesday,149,OTHER MANOEUVRING NOT INCLUDED IN DCAs 140-148,1,820233,1,0,0,1,0,1,1,5,Not at intersection,3,70,Arterial Highway,BASS COAST,-38.58813,145.57999,3995.0,True,Preston HS,106614.8
T20240025442,2024-08-10,20:45:00,1,Collision with vehicle,3,Tuesday,121,RIGHT THROUGH,3,43567,2,0,1,0,5,6,1,1,Cross intersection,2,80,Arterial Highway,MORNINGTON PENINSULA,-38.2232,145.05325,3931.0,True,Preston HS,53692.9
T20220022492,2022-06-10,09:01:00,2,Struck Pedestrian,4,Thursday,100,PED NEAR SIDE. PED HIT BY VEHICLE FROM THE RIGHT.,1,37154,1,0,0,1,1,2,1,2,T intersection,3,40,Arterial Other,YARRA,-37.810146,144.99657,3121.0,True,Preston HS,7666.9
T20240002542,2024-01-02,19:30:00,1,Collision with vehicle,5,Thursday,147,VEHICLE STRIKES ANOTHER VEH WHILE EMERGING FROM DRIVEWAY,1,798486,2,0,0,1,1,2,1,5,Not at intersection,3,50,Local Road,HUME,-37.6219,144.91682,3064.0,True,William Ruthven SC,11243.7
T20220022963,2022-09-10,10:00:00,8,No collision and no object struck,1,Sunday,174,OUT OF CONTROL ON CARRIAGEWAY (ON STRAIGHT),1,728090,1,0,1,0,0,1,2,5,Not at intersection,2,80,,MONASH,-37.874508,145.1668,3150.0,True,Preston HS,20369.6
T20220008116,2022-10-04,15:30:00,6,Vehicle overturned (no collision),1,Sunday,174,OUT OF CONTROL ON CARRIAGEWAY (ON STRAIGHT),1,712166,1,0,1,0,0,1,1,5,Not at intersection,2,60,Arterial Other,STONNINGTON,-37.842873,145.02388,3142.0,True,Preston HS,11346.1
T20250006210,2025-06-03,15:00:00,1,Collision with vehicle,5,Thursday,110,CROSS TRAFFIC(INTERSECTIONS ONLY),9,804482,2,0,0,1,1,2,2,1,Cross intersection,3,999,Arterial Other,YARRA,-37.82971,145.01266,3121.0,True,Preston HS,9798.5
T20250000510,2025-07-01,14:36:00,2,Struck Pedestrian,3,Tuesday,101,PED EMERGES FROM IN FRONT OF PARKED OR STATIONARY VEHICLE,1,813428,1,0,0,1,1,2,1,5,Not at intersection,3,50,Local Road,HORSHAM,-36.72319,142.18202,3400.0,True,William Ruthven SC,272242.3
T20250015365,2025-08-06,19:39:00,2,Struck Pedestrian,1,Sunday,102,FAR SIDE. PED HIT BY VEHICLE FROM THE LEFT,3,44911,1,0,2,0,0,2,1,2,T intersection,2,60,Arterial Other,BRIMBANK,-37.773987,144.77426,3023.0,True,Preston HS,20781.7
T20230021408,2023-12-09,19:38:00,6,Vehicle overturned (no collision),3,Tuesday,174,OUT OF CONTROL ON CARRIAGEWAY (ON STRAIGHT),3,359878,2,0,0,1,1,2,1,2,T intersection,3,50,Local Road,MELBOURNE,-37.827293,144.96074,3006.0,True,Preston HS,10352.8
T20230011928,2023-12-05,23:15:00,2,Struck Pedestrian,5,Friday,102,FAR SIDE. PED HIT BY VEHICLE FROM THE LEFT,9,45555,1,0,0,1,1,2,2,2,T intersection,3,50,Arterial Other,MORELAND,-37.769577,144.94502,3055.0,True,Preston HS,6276.6
T20220023421,2022-06-09,09:00:00,7,Fall from or in moving vehicle,3,Tuesday,190,FELL IN/FROM VEHICLE,1,37013,2,0,0,1,1,2,2,2,T intersection,3,70,Arterial Other,MELBOURNE,-37.808983,144.98112,3002.0,True,Preston HS,7822.2
T20220025462,2022-11-11,07:50:00,1,Collision with vehicle,6,Friday,110,CROSS TRAFFIC(INTERSECTIONS ONLY),1,42352,2,0,1,0,1,2,1,1,Cross intersection,2,60,Arterial Other,KINGSTON,-37.94067,145.09793,3169.0,True,Preston HS,23518.2
T20240014277,2024-04-06,08:30:00,2,Struck Pedestrian,2,Tuesday,102,FAR SIDE. PED HIT BY VEHICLE FROM THE LEFT,1,805444,1,0,0,1,1,2,2,2,T intersection,3,999,Local Road,MAROONDAH,-37.796,145.25687,3136.0,True,Reservoir HS,21606.7
T20220022926,2022-11-10,16:00:00,2,Struck Pedestrian,2,Tuesday,100,PED NEAR SIDE. PED HIT BY VEHICLE FROM THE RIGHT.,1,808281,1,0,1,1,0,2,1,5,Not at intersection,2,60,Local Road,MELTON,-37.65559,144.57379,3337.0,True,William Ruthven SC,38046.6
T20240011689,2024-08-05,13:40:00,1,Collision with vehicle,4,Wednesday,163,VEHICLE STRIKES DOOR OF PARKED/STATIONARY VEHICLE,1,803685,2,0,0,1,1,2,2,5,Not at intersection,3,40,Arterial Other,BOROONDARA,-37.805954,145.03311,3101.0,True,Preston HS,7501.5
T20230026522,2023-12-11,09:40:00,1,Collision with vehicle,0,Sunday,120,HEAD ON (NOT OVERTAKING),1,803816,2,0,1,1,0,2,1,5,Not at intersection,2,80,Arterial Other,YARRA RANGES,-37.625336,145.90492,3799.0,True,Reservoir HS,77807.3
T20220004831,2022-04-03,08:50:00,1,Collision with vehicle,6,Friday,121,RIGHT THROUGH,1,1063,2,0,0,1,1,2,1,2,T intersection,3,50,Arterial Highway,MORNINGTON PENINSULA,-38.35718,144.8999,3939.0,True,Preston HS,69079.0
T20240003200,2024-06-01,11:12:00,1,Collision with vehicle,7,Saturday,140,U TURN,1,29634,2,0,0,1,1,2,1,2,T intersection,3,60,Arterial Other,PORT PHILLIP,-37.87534,144.97688,3184.0,True,Preston HS,15095.4
T20220027889,2022-08-12,17:15:00,1,Collision with vehicle,5,Thursday,120,HEAD ON (NOT OVERTAKING),1,763433,2,0,0,1,1,2,1,5,Not at intersection,3,60,Local Road,MORNINGTON PENINSULA,-38.232674,145.04013,3931.0,True,Preston HS,54670.5
T20240020060,2024-08-08,09:45:00,6,Vehicle overturned (no collision),5,Thursday,174,OUT OF CONTROL ON CARRIAGEWAY (ON STRAIGHT),1,807287,2,0,0,1,1,2,2,1,Cross intersection,3,60,Arterial Highway,EAST GIPPSLAND,-37.83124,147.61092,3875.0,True,Reservoir HS,227201.9
T20220007537,2022-04-04,16:55:00,1,Collision with vehicle,2,Monday,121,RIGHT THROUGH,1,36430,2,0,1,0,1,2,1,4,Multiple intersection,2,40,Arterial Other,MELBOURNE,-37.79795,144.97488,3065.0,True,Preston HS,6866.0
T20210005567,2021-10-03,21:00:00,2,Struck Pedestrian,4,Wednesday,102,FAR SIDE. PED HIT BY VEHICLE FROM THE LEFT,6,678172,1,0,0,1,1,2,2,1,Cross intersection,3,30,Local Road,WYNDHAM,-37.842453,144.6707,3029.0,True,Preston HS,31611.5
T20240005376,2024-02-03,19:30:00,1,Collision with vehicle,7,Saturday,110,CROSS TRAFFIC(INTERSECTIONS ONLY),1,43056,2,0,0,1,1,2,1,1,Cross intersection,3,50,Local Road,DANDENONG,-37.988213,145.21277,3175.0,True,Preston HS,32822.7
T20210008282,2021-12-04,18:35:00,1,Collision with vehicle,2,Monday,148,VEHICLE OFF FOOTPATH STRIKES VEH ON CARRIAGEWAY,3,694282,2,0,1,0,0,1,2,4,Multiple intersection,2,60,Local Road,WARRNAMBOOL,-38.380627,142.48882,3280.0,True,Preston HS,231629.2
T20220028360,2022-08-12,19:30:00,7,Fall from or in moving vehicle,5,Thursday,190,FELL IN/FROM VEHICLE,1,783462,1,0,0,1,0,1,2,5,Not at intersection,3,50,Arterial Other,BRIMBANK,-37.745552,144.81091,3021.0,True,Preston HS,17256.0
T20220013095,2022-07-06,13:25:00,7,Fall from or in moving vehicle,3,Tuesday,190,FELL IN/FROM VEHICLE,1,714832,1,0,0,1,0,1,2,5,Not at intersection,3,60,Arterial Other,WYNDHAM,-37.87881,144.70824,3029.0,True,Preston HS,30360.2
T20250003255,2025-07-02,11:35:00,4,Collision with a fixed object,6,Friday,179,OTHER ACCIDENTS-OFF STRAIGHT NOT INCLUDED IN DCAs 170-175,1,814836,1,0,1,0,0,1,1,5,Not at intersection,2,50,Local Road,CASEY,-38.080894,145.31543,3977.0,True,Preston HS,46413.4
T20240012977,2024-10-05,21:10:00,2,Struck Pedestrian,6,Friday,102,FAR SIDE. PED HIT BY VEHICLE FROM THE LEFT,3,514,1,0,0,1,1,2,1,1,Cross intersection,3,50,Arterial Highway,MAROONDAH,-37.814587,145.23103,3134.0,True,Reservoir HS,20473.9
T20210020558,2021-10-10,11:13:00,3,Struck animal,1,Sunday,167,STRUCK ANIMAL,1,697289,1,0,1,0,0,1,1,5,Not at intersection,2,100,Local Road,COLAC OTWAY,-38.482037,143.7621,3243.0,True,Preston HS,136530.6
T20220007783,2022-07-04,10:50:00,1,Collision with vehicle,5,Thursday,121,RIGHT THROUGH,1,710084,2,0,1,0,2,3,1,4,Multiple intersection,2,999,Arterial Other,BOROONDARA,-37.803013,145.00894,3101.0,True,Preston HS,6819.6
T20250021251,2025-10-08,16:34:00,3,Struck animal,0,Sunday,167,STRUCK ANIMAL,1,822611,1,0,0,1,1,2,1,5,Not at intersection,3,100,Arterial Other,CORANGAMITE,-38.534286,143.00948,3268.0,True,Preston HS,195671.2
T20220014889,2022-03-07,14:05:00,6,Vehicle overturned (no collision),1,Sunday,189,OTHER ACCIDENTS ON CURVE NOT INCLUDED IN DCAs 180-184,1,718550,2,0,1,0,1,2,1,5,Not at intersection,2,100,Arterial Other,YARRA RANGES,-37.547543,145.84943,3779.0,True,Reservoir HS,74781.1
T20240030977,2024-03-12,15:29:00,3,Struck animal,3,Tuesday,167,STRUCK ANIMAL,1,815216,1,0,0,1,0,1,1,5,Not at intersection,3,100,Arterial Highway,BENALLA,-36.850323,146.0074,3673.0,True,William Ruthven SC,129429.5
T20230008499,2023-08-04,21:00:00,2,Struck Pedestrian,7,Saturday,100,PED NEAR SIDE. PED HIT BY VEHICLE FROM THE RIGHT.,3,788187,1,0,0,1,1,2,2,4,Multiple intersection,3,999,Local Road,MELBOURNE,-37.814617,144.95416,3000.0,True,Preston HS,9348.1
T20230028897,2023-07-12,10:01:00,1,Collision with vehicle,5,Thursday,130,REAR END(VEHICLES IN SAME LANE),1,791491,2,1,0,0,1,2,1,2,T intersection,1,50,Local Road,CASEY,-38.039402,145.31438,3805.0,True,Preston HS,42695.5
T20210005509,2021-12-03,16:57:00,1,Collision with vehicle,6,Friday,121,RIGHT THROUGH,1,35668,2,0,0,1,1,2,1,2,T intersection,3,60,Arterial Other,CARDINIA,-38.053772,145.379,3807.0,True,Preston HS,47634.1
T20250000791,2025-10-01,19:45:00,1,Collision with vehicle,6,Friday,120,HEAD ON (NOT OVERTAKING),2,813988,2,0,1,0,1,2,1,5,Not at intersection,2,60,Arterial Other,CARDINIA,-37.92146,145.47034,3782.0,True,Reservoir HS,44608.8
T20250019416,2025-09-07,14:58:00,2,Struck Pedestrian,3,Wednesday,107,PED ON FOOTHPATH STRUCK BY VEHENTERING/LEAVING DRIVEWAY.,1,822662,1,0,0,1,1,2,1,5,Not at intersection,3,50,Local Road,FRANKSTON,-38.131187,145.12784,3199.0,True,Preston HS,44584.6
T20240005523,2024-04-03,17:41:00,1,Collision with vehicle,2,Monday,130,REAR END(VEHICLES IN SAME LANE),1,50051,2,0,0,1,1,2,1,1,Cross intersection,3,60,Arterial Highway,GEELONG,-38.160397,144.35019,3220.0,True,Preston HS,74061.5
T20210000522,2021-09-01,07:15:00,8,No collision and no object struck,7,Saturday,174,OUT OF CONTROL ON CARRIAGEWAY (ON STRAIGHT),1,43213,1,0,1,0,0,1,1,2,T intersection,2,40,Arterial Highway,KINGSTON,-38.037415,145.10783,3196.0,True,Preston HS,34049.4
T20210012779,2021-09-06,15:33:00,1,Collision with vehicle,4,Wednesday,134,LANE CHANGE RIGHT (NOT OVERTAKING),1,141300,2,0,1,0,1,2,1,5,Not at intersection,2,50,Local Road,MELBOURNE,-37.81839,144.96225,3000.0,True,Preston HS,9394.4
T20230000582,2023-09-01,10:30:00,4,Collision with a fixed object,2,Monday,181,OFF RIGHT BEND INTO OBJECT/PARKED VEHICLE,1,807617,1,0,1,0,0,1,1,5,Not at intersection,2,80,Arterial Other,BAW BAW,-38.16104,145.83203,3818.0,True,Reservoir HS,85632.0
T20230003292,2023-10-02,17:30:00,1,Collision with vehicle,6,Friday,163,VEHICLE STRIKES DOOR OF PARKED/STATIONARY VEHICLE,1,753596,3,0,0,1,2,3,1,5,Not at intersection,3,40,Local Road,MELBOURNE,-37.809017,144.96075,3000.0,True,Preston HS,8522.0
T20240000324,2024-05-01,15:10:00,2,Struck Pedestrian,6,Friday,100,PED NEAR SIDE. PED HIT BY VEHICLE FROM THE RIGHT.,1,233797,1,0,1,0,1,2,1,1,Cross intersection,2,40,Arterial Other,MELBOURNE,-37.79956,144.95523,3000.0,True,Preston HS,7885.4
T20240032619,2024-07-12,11:30:00,6,Vehicle overturned (no collision),7,Saturday,174,OUT OF CONTROL ON CARRIAGEWAY (ON STRAIGHT),1,812839,1,0,0,1,0,1,2,5,Not at intersection,3,100,Local Road,EAST GIPPSLAND,-37.47394,147.51755,3875.0,True,Reservoir HS,220935.2
T20240022259,2024-01-09,04:00:00,1,Collision with vehicle,1,Sunday,160,VEHICLE COLLIDES WITH VEHICLE PARKED ON LEFT OF ROAD,3,814154,5,0,1,0,0,1,1,5,Not at intersection,2,50,Local Road,STONNINGTON,-37.850727,144.99353,3181.0,True,Preston HS,12181.7
T20240002786,2024-02-02,13:00:00,8,No collision and no object struck,6,Friday,174,OUT OF CONTROL ON CARRIAGEWAY (ON STRAIGHT),1,804507,1,0,0,1,0,1,2,5,Not at intersection,3,40,Arterial Highway,SOUTH GIPPSLAND,-38.477173,145.94478,3953.0,True,Preston HS,115837.2
T20210020577,2021-10-10,15:30:00,4,Collision with a fixed object,1,Sunday,171,LEFT OFF CARRIAGEWAY INTO OBJECT/PARKED VEHICLE,1,694631,1,0,1,0,0,1,1,5,Not at intersection,2,100,,INDIGO,-36.333115,146.81226,3747.0,True,William Ruthven SC,220874.0
T20240020529,2024-11-08,10:40:00,8,No collision and no object struck,1,Sunday,184,OUT OF CONTROL ON CARRIAGEWAY (ON BEND),1,807392,1,0,1,0,0,1,2,5,Not at intersection,2,80,Local Road,MACEDON RANGES,-37.4101,144.80702,3433.0,True,William Ruthven SC,36234.1
T20250002778,2025-01-02,21:30:00,1,Collision with vehicle,7,Saturday,121,RIGHT THROUGH,3,465,2,0,1,0,1,2,2,1,Cross intersection,2,40,Local Road,MARIBYRNONG,-37.799007,144.89314,3011.0,True,Preston HS,11871.8
T20210020450,2021-08-10,10:44:00,2,Struck Pedestrian,6,Friday,100,PED NEAR SIDE. PED HIT BY VEHICLE FROM THE RIGHT.,1,694485,1,0,0,1,2,3,1,5,Not at intersection,3,40,Arterial Other,YARRA,-37.784492,144.97733,3068.0,True,Preston HS,5430.4
T20230000497,2023-08-01,13:25:00,6,Vehicle overturned (no collision),1,Sunday,174,OUT OF CONTROL ON CARRIAGEWAY (ON STRAIGHT),1,747366,1,0,1,0,0,1,1,5,Not at intersection,2,50,Local Road,MELTON,-37.70042,144.57791,3338.0,True,William Ruthven SC,37401.8
T20220003116,2022-12-02,20:30:00,1,Collision with vehicle,7,Saturday,121,RIGHT THROUGH,3,61817,2,1,1,2,0,4,1,2,T intersection,1,50,Local Road,HUME,-37.692802,144.9255,3047.0,True,William Ruthven SC,6830.7
T20210025287,2021-08-12,15:25:00,2,Struck Pedestrian,4,Wednesday,100,PED NEAR SIDE. PED HIT BY VEHICLE FROM THE RIGHT.,1,700661,1,0,0,3,0,3,2,5,Not at intersection,3,40,Local Road,MONASH,-37.8834,145.17915,3150.0,True,Preston HS,21833.3
T20250009694,2025-10-04,15:45:00,2,Struck Pedestrian,4,Thursday,102,FAR SIDE. PED HIT BY VEHICLE FROM THE LEFT,1,685,1,0,0,1,2,3,1,1,Cross intersection,3,40,Local Road,GLEN EIRA,-37.888878,145.03766,3163.0,True,Preston HS,16584.2
T20250009185,2024-07-08,13:50:00,6,Vehicle overturned (no collision),3,Wednesday,174,OUT OF CONTROL ON CARRIAGEWAY (ON STRAIGHT),1,799670,1,0,0,1,0,1,2,2,T intersection,3,50,Local Road,GEELONG,-38.162064,144.30579,3216.0,True,Preston HS,77239.4
T20220022257,2022-03-10,09:20:00,1,Collision with vehicle,1,Monday,130,REAR END(VEHICLES IN SAME LANE),1,98996,2,0,0,1,1,2,1,5,Not at intersection,3,60,Arterial Highway,KINGSTON,-37.92741,145.08177,3167.0,True,Preston HS,21666.2
T20220025572,2022-12-11,09:40:00,1,Collision with vehicle,6,Saturday,163,VEHICLE STRIKES DOOR OF PARKED/STATIONARY VEHICLE,1,66824,3,0,0,1,2,3,2,2,T intersection,3,60,Local Road,PORT PHILLIP,-37.839893,144.96375,3206.0,True,Preston HS,11564.0
T20240022891,2024-08-09,15:20:00,7,Fall from or in moving vehicle,1,Sunday,190,FELL IN/FROM VEHICLE,1,808365,1,0,0,1,0,1,1,5,Not at intersection,3,60,Arterial Other,MACEDON RANGES,-37.254723,144.45222,3444.0,True,William Ruthven SC,69106.9
T20230028677,2023-05-12,08:41:00,1,Collision with vehicle,3,Tuesday,140,U TURN,1,801246,2,0,0,2,0,2,1,5,Not at intersection,3,50,Local Road,DANDENONG,-37.9759,145.20697,3175.0,True,Preston HS,31401.7
T20220024899,2022-05-11,10:25:00,2,Struck Pedestrian,7,Saturday,109,ANY MANOEUVRE INVOLVING PED NOT INCLUDED IN DCAs 100-108.,1,735881,1,0,0,1,1,2,1,5,Not at intersection,3,777,,BENALLA,-36.556377,145.99902,3672.0,True,William Ruthven SC,154499.6
T20240011291,2024-04-05,13:09:00,1,Collision with vehicle,7,Saturday,121,RIGHT THROUGH,1,802670,2,0,0,1,1,2,1,2,T intersection,3,80,,WHITEHORSE,-37.822178,145.17522,3131.0,True,Reservoir HS,16951.8
T20220005449,2022-10-03,17:50:00,1,Collision with vehicle,5,Thursday,135,LANE CHANGE LEFT (NOT OVERTAKING),1,709554,4,0,1,2,1,4,1,5,Not at intersection,2,60,Arterial Other,MOONEE VALLEY,-37.786232,144.93932,3032.0,True,Preston HS,7747.2
T20240003346,2024-10-02,12:13:00,6,Vehicle overturned (no collision),7,Saturday,174,OUT OF CONTROL ON CARRIAGEWAY (ON STRAIGHT),1,803612,1,0,1,0,0,1,1,5,Not at intersection,2,999,Local Road,MITCHELL,-37.32532,145.10655,3658.0,True,William Ruthven SC,42276.4
T20210022389,2021-05-11,15:50:00,1,Collision with vehicle,6,Friday,148,VEHICLE OFF FOOTPATH STRIKES VEH ON CARRIAGEWAY,1,696648,2,0,0,1,1,2,1,5,Not at intersection,3,40,Local Road,BRIMBANK,-37.755093,144.80264,3021.0,True,Preston HS,18038.2
T20230020965,2023-07-09,16:15:00,8,No collision and no object struck,4,Thursday,180,OFF CARRIAGEWAY ON RIGHT BEND,1,805349,1,0,1,0,0,1,1,2,T intersection,2,50,Local Road,CASEY,-38.076195,145.3685,3806.0,True,Preston HS,48874.1
T20240005894,2024-07-03,09:30:00,1,Collision with vehicle,5,Thursday,131,LEFT REAR,1,799460,2,0,1,0,1,2,2,5,Not at intersection,2,50,Local Road,EAST GIPPSLAND,-37.820446,147.61916,3875.0,True,Reservoir HS,227881.1
T20250006731,2025-11-03,19:20:00,8,No collision and no object struck,2,Tuesday,174,OUT OF CONTROL ON CARRIAGEWAY (ON STRAIGHT),1,330602,1,0,0,1,0,1,2,2,T intersection,3,999,Local Road,HUME,-37.677547,144.92886,3047.0,True,William Ruthven SC,6856.5
T20230019230,2023-05-08,10:50:00,1,Collision with vehicle,7,Saturday,110,CROSS TRAFFIC(INTERSECTIONS ONLY),1,64228,2,0,0,1,1,2,2,1,Cross intersection,3,50,Local Road,BRIMBANK,-37.77588,144.83492,3020.0,True,Preston HS,15606.2
T20210007714,2021-07-04,09:16:00,1,Collision with vehicle,4,Wednesday,163,VEHICLE STRIKES DOOR OF PARKED/STATIONARY VEHICLE,1,680766,2,0,0,1,1,2,1,2,T intersection,3,40,Local Road,MELBOURNE,-37.79665,144.97064,3053.0,True,Preston HS,6899.6
T20220015494,2022-11-07,07:00:00,1,Collision with vehicle,2,Monday,121,RIGHT THROUGH,1,41819,2,0,1,0,1,2,1,2,T intersection,2,80,Arterial Other,MONASH,-37.90481,145.17357,3150.0,True,Preston HS,23296.8
T20230005125,2023-03-03,08:00:00,1,Collision with vehicle,6,Friday,137,LEFT TURN SIDESWIPE,1,36464,2,0,1,0,1,2,2,1,Cross intersection,2,40,Local Road,YARRA,-37.802338,144.97777,3065.0,True,Preston HS,7218.7
T20210025233,2021-10-12,01:10:00,1,Collision with vehicle,6,Friday,147,VEHICLE STRIKES ANOTHER VEH WHILE EMERGING FROM DRIVEWAY,3,703382,2,0,2,0,0,2,1,2,T intersection,2,60,Local Road,DAREBIN,-37.74647,145.02199,3072.0,True,Preston HS,1412.6
T20230021836,2023-12-09,15:15:00,1,Collision with vehicle,2,Tuesday,121,RIGHT THROUGH,1,797239,2,0,1,0,1,2,2,5,Not at intersection,2,60,Arterial Other,HUME,-37.643867,144.95564,3062.0,True,William Ruthven SC,7188.4
T20210005180,2021-08-03,18:00:00,1,Collision with vehicle,1,Monday,137,LEFT TURN SIDESWIPE,2,389,2,0,0,1,1,2,2,1,Cross intersection,3,999,Arterial Other,WHITTLESEA,-37.659706,145.0191,3075.0,True,William Ruthven SC,4334.2
T20230020878,2023-02-09,11:00:00,1,Collision with vehicle,7,Saturday,135,LANE CHANGE LEFT (NOT OVERTAKING),1,783752,2,0,0,1,1,2,2,5,Not at intersection,3,999,Arterial Other,BAYSIDE,-37.977306,145.01671,3193.0,True,Preston HS,26211.8
T20210022671,2021-09-11,07:15:00,2,Struck Pedestrian,3,Tuesday,103,PED PLAYING/LYING/WORKING/STANDING ON CARRIAGEWAY.,1,696652,2,1,1,1,0,3,1,5,Not at intersection,1,40,Local Road,FRANKSTON,-38.10164,145.19,3201.0,True,Preston HS,43119.2
T20250015341,2025-08-06,13:30:00,8,No collision and no object struck,0,Sunday,174,OUT OF CONTROL ON CARRIAGEWAY (ON STRAIGHT),9,824291,1,0,1,0,0,1,1,5,Not at intersection,2,110,Freeway,HUME,-37.609528,144.70525,3429.0,True,William Ruthven SC,27940.4
T20220027277,2022-01-12,22:45:00,2,Struck Pedestrian,5,Thursday,109,ANY MANOEUVRE INVOLVING PED NOT INCLUDED IN DCAs 100-108.,5,764475,1,0,0,2,1,3,1,5,Not at intersection,3,50,Local Road,YARRA RANGES,-37.86513,145.75504,3797.0,True,Reservoir HS,65706.3
T20250011951,2025-05-05,13:45:00,1,Collision with vehicle,1,Monday,137,LEFT TURN SIDESWIPE,1,36210,2,0,1,0,1,2,1,1,Cross intersection,2,40,Arterial Other,MELBOURNE,-37.799717,144.95755,3052.0,True,Preston HS,7783.7
T20240025625,2024-10-10,17:20:00,6,Vehicle overturned (no collision),5,Thursday,151,OUT OF CONTROL (OVERTAKING),1,812351,2,0,1,0,1,2,1,5,Not at intersection,2,100,Arterial Other,LATROBE,-38.288036,146.54103,3844.0,True,Reservoir HS,146616.7