ACCIDENT_NO,ACCIDENT_DATE,ACCIDENT_TIME,ACCIDENT_TYPE,ACCIDENT_TYPE_DESC,DAY_OF_WEEK,DAY_WEEK_DESC,DCA_CODE,DCA_DESC,LIGHT_CONDITION,NODE_ID,NO_OF_VEHICLES,NO_PERSONS_KILLED,NO_PERSONS_INJ_2,NO_PERSONS_INJ_3,NO_PERSONS_NOT_INJ,NO_PERSONS,POLICE_ATTEND,ROAD_GEOMETRY,ROAD_GEOMETRY_DESC,SEVERITY,SPEED_ZONE,RMA,LGA_NAME,LATITUDE,LONGITUDE,POSTCODE_CRASH,PED_OR_CYC,nearest_school,dist_to_gate_m
T20230000862,2023-05-01,16:37:00,1,Collision with vehicle,5,Thursday,169,OTHER ON PATH,1,763582,2,0,0,1,1,2,2,5,Not at intersection,3,50,Arterial Other,BALLARAT,-37.557816,143.84799,3350.0,True,William Ruthven SC,102879.0
T20240031870,2024-12-12,07:15:00,1,Collision with vehicle,4,Thursday,133,LANE SIDE SWIPE (VEHICLES IN PARALLEL LANES),1,277152,2,0,0,1,1,2,2,4,Multiple intersection,3,60,Arterial Highway,PORT PHILLIP,-37.829544,144.96378,3205.0,True,Preston HS,10483.4
T20230021601,2023-02-09,10:00:00,7,Fall from or in moving vehicle,7,Saturday,184,OUT OF CONTROL ON CARRIAGEWAY (ON BEND),1,709151,1,0,0,1,0,1,2,5,Not at intersection,3,999,,BAW BAW,-38.07002,146.07326,3821.0,True,Reservoir HS,99416.4
T20230023436,2023-07-10,21:30:00,1,Collision with vehicle,6,Saturday,121,RIGHT THROUGH,3,36459,2,0,0,1,1,2,1,1,Cross intersection,3,60,Arterial Other,YARRA,-37.79822,144.97739,3065.0,True,Preston HS,6805.7
T20210012857,2021-10-06,16:30:00,2,Struck Pedestrian,5,Thursday,103,PED PLAYING/LYING/WORKING/STANDING ON CARRIAGEWAY.,1,687019,1,0,0,1,1,2,1,5,Not at intersection,3,50,Local Road,DANDENONG,-38.00678,145.22061,3175.0,True,Preston HS,34928.6
T20250018796,2025-07-07,09:00:00,8,No collision and no object struck,2,Monday,170,OFF CARRIAGEWAY TO LEFT,1,821488,1,0,1,0,0,1,2,2,T intersection,2,60,Arterial Highway,BALLARAT,-37.56806,143.85365,3350.0,True,William Ruthven SC,102213.9
T20240028369,2024-07-11,18:45:00,2,Struck Pedestrian,5,Thursday,100,PED NEAR SIDE. PED HIT BY VEHICLE FROM THE RIGHT.,1,251474,1,0,0,1,2,3,1,1,Cross intersection,3,40,Local Road,HUME,-37.68094,144.91664,3047.0,True,William Ruthven SC,7793.7
T20210022831,2021-11-11,12:30:00,1,Collision with vehicle,5,Thursday,147,VEHICLE STRIKES ANOTHER VEH WHILE EMERGING FROM DRIVEWAY,1,699059,2,0,1,0,1,2,2,2,T intersection,2,80,Arterial Highway,MONASH,-37.89304,145.0877,3166.0,True,Preston HS,18256.9
T20220024607,2022-01-11,14:30:00,1,Collision with vehicle,3,Tuesday,163,VEHICLE STRIKES DOOR OF PARKED/STATIONARY VEHICLE,1,733533,2,0,0,1,2,3,1,5,Not at intersection,3,40,Local Road,PORT PHILLIP,-37.8673,144.99054,3182.0,True,Preston HS,14041.7
T20220000455,2022-08-01,14:00:00,1,Collision with vehicle,6,Saturday,148,VEHICLE OFF FOOTPATH STRIKES VEH ON CARRIAGEWAY,1,296711,2,0,0,1,1,2,1,5,Not at intersection,3,60,Arterial Other,KNOX,-37.91084,145.27486,3178.0,True,Reservoir HS,30065.8
T20240011177,2024-03-05,12:00:00,1,Collision with vehicle,6,Friday,110,CROSS TRAFFIC(INTERSECTIONS ONLY),1,19424,2,0,1,0,1,2,1,1,Cross intersection,2,60,Arterial Other,BENDIGO,-36.74357,144.27423,3550.0,True,William Ruthven SC,124066.1
T20220003026,2022-11-02,18:40:00,1,Collision with vehicle,6,Friday,143,ENTERING PARKING,1,704653,2,0,1,0,1,2,2,5,Not at intersection,2,999,Arterial Other,YARRA,-37.7845,144.98282,3068.0,True,Preston HS,5215.8
T20220004881,2022-04-03,21:00:00,1,Collision with vehicle,5,Friday,113,RIGHT NEAR (INTERSECTIONS ONLY),3,29382,2,0,0,1,1,2,2,1,Cross intersection,3,60,Arterial Other,PORT PHILLIP,-37.831802,144.95119,3205.0,True,Preston HS,11158.7
T20210010233,2021-10-04,09:40:00,1,Collision with vehicle,7,Saturday,137,LEFT TURN SIDESWIPE,1,59814,2,0,0,1,4,5,2,2,T intersection,3,40,Local Road,BENDIGO,-36.776676,144.30013,3550.0,True,William Ruthven SC,119722.2
T20230015264,2023-01-07,18:51:00,2,Struck Pedestrian,7,Saturday,100,PED NEAR SIDE. PED HIT BY VEHICLE FROM THE RIGHT.,3,799005,1,0,1,0,1,2,1,5,Not at intersection,2,777,Local Road,HUME,-37.638905,144.93419,3064.0,True,William Ruthven SC,8817.2
T20250017568,2025-02-07,13:10:00,8,No collision and no object struck,3,Wednesday,170,OFF CARRIAGEWAY TO LEFT,1,821382,1,0,0,1,0,1,1,1,Cross intersection,3,60,Arterial Other,WHITEHORSE,-37.827667,145.11292,3127.0,True,Preston HS,13336.2
T20250020554,2025-04-08,08:50:00,1,Collision with vehicle,2,Monday,121,RIGHT THROUGH,1,810114,2,0,1,0,1,2,1,2,T intersection,2,40,Local Road,MELBOURNE,-37.81178,144.97473,3002.0,True,Preston HS,8295.6
T20250000045,2025-01-01,13:30:00,4,Collision with a fixed object,3,Wednesday,183,OFF LEFT BEND INTO OBJECT/PARKED VEHICLE,1,813295,1,0,0,1,0,1,1,5,Not at intersection,3,60,Arterial Other,NILLUMBIK,-37.558468,145.33037,3763.0,True,Reservoir HS,32164.5
T20230023276,2023-05-10,16:36:00,2,Struck Pedestrian,4,Thursday,100,PED NEAR SIDE. PED HIT BY VEHICLE FROM THE RIGHT.,1,785969,1,0,0,1,1,2,1,5,Not at intersection,3,50,Local Road,WHITEHORSE,-37.83567,145.1663,3131.0,True,Reservoir HS,17418.2
T20240025776,2024-12-10,14:40:00,2,Struck Pedestrian,7,Saturday,100,PED NEAR SIDE. PED HIT BY VEHICLE FROM THE RIGHT.,1,45332,1,0,0,2,2,4,1,2,T intersection,3,60,Arterial Other,MELBOURNE,-37.77939,144.91359,3032.0,True,Preston HS,9227.0
T20230000793,2023-12-01,10:56:00,1,Collision with vehicle,4,Thursday,110,CROSS TRAFFIC(INTERSECTIONS ONLY),1,784377,2,0,0,1,1,2,1,1,Cross intersection,3,999,Local Road,DAREBIN,-37.764324,144.99213,3070.0,True,Preston HS,2839.2
T20250000592,2025-03-01,19:10:00,1,Collision with vehicle,6,Friday,110,CROSS TRAFFIC(INTERSECTIONS ONLY),1,45046,2,0,0,1,1,2,1,1,Cross intersection,3,60,Local Road,LATROBE,-38.20213,146.55115,3844.0,True,Reservoir HS,143675.6
T20210000773,2021-12-01,15:05:00,2,Struck Pedestrian,3,Tuesday,103,PED PLAYING/LYING/WORKING/STANDING ON CARRIAGEWAY.,1,684827,1,0,0,1,2,3,1,5,Not at intersection,3,100,,CAMPASPE,-36.221394,144.98137,3621.0,True,William Ruthven SC,164040.0
T20250012368,2025-03-04,08:55:00,9,Other accident,4,Thursday,198,OTHER ACCIDENTS NOT CLASSIFIABLE ELSEWHERE,1,821166,1,0,0,1,0,1,2,5,Not at intersection,3,999,Local Road,MELBOURNE,-37.816677,144.94568,3008.0,True,Preston HS,9932.0
T20240028068,2024-04-11,19:13:00,4,Collision with a fixed object,2,Monday,181,OFF RIGHT BEND INTO OBJECT/PARKED VEHICLE,2,810491,1,0,1,0,0,1,1,5,Not at intersection,2,100,Arterial Other,CARDINIA,-37.90814,145.59103,3783.0,True,Reservoir HS,53483.8
T20230000832,2023-12-01,17:27:00,4,Collision with a fixed object,5,Thursday,181,OFF RIGHT BEND INTO OBJECT/PARKED VEHICLE,1,781011,1,0,1,0,0,1,1,5,Not at intersection,2,80,Local Road,LATROBE,-38.201084,146.30936,3825.0,True,Reservoir HS,124194.6
T20240014266,2024-04-06,12:30:00,2,Struck Pedestrian,3,Tuesday,103,PED PLAYING/LYING/WORKING/STANDING ON CARRIAGEWAY.,1,39303,1,0,0,1,1,2,2,2,T intersection,3,999,Arterial Other,MANNINGHAM,-37.790092,145.12537,3108.0,True,Reservoir HS,11306.6
T20230015196,2023-09-06,13:30:00,1,Collision with vehicle,5,Friday,130,REAR END(VEHICLES IN SAME LANE),1,776593,2,0,0,1,1,2,2,3,Y intersection,3,40,Arterial Highway,MELBOURNE,-37.82948,144.96408,3006.0,True,Preston HS,10467.3
T20230005917,2023-12-03,12:00:00,6,Vehicle overturned (no collision),1,Sunday,174,OUT OF CONTROL ON CARRIAGEWAY (ON STRAIGHT),1,760239,1,0,0,1,0,1,1,5,Not at intersection,3,40,Local Road,MELBOURNE,-37.810165,144.96954,3000.0,True,Preston HS,8297.9
T20240020239,2024-09-08,15:00:00,3,Struck animal,5,Friday,167,STRUCK ANIMAL,1,807282,1,0,0,1,0,1,2,5,Not at intersection,3,50,Local Road,NILLUMBIK,-37.65843,145.17664,3096.0,True,Reservoir HS,14780.1
T20250020792,2025-06-08,11:25:00,1,Collision with vehicle,4,Wednesday,110,CROSS TRAFFIC(INTERSECTIONS ONLY),1,38776,2,0,1,0,1,2,1,1,Cross intersection,2,50,Local Road,MARIBYRNONG,-37.805683,144.8971,3011.0,True,Preston HS,12003.8
T20230018121,2023-03-08,19:00:00,1,Collision with vehicle,4,Thursday,121,RIGHT THROUGH,2,778346,2,0,0,1,1,2,1,5,Not at intersection,3,60,Arterial Highway,DAREBIN,-37.744614,144.99814,3072.0,True,Preston HS,851.9
T20230003263,2023-10-02,08:20:00,1,Collision with vehicle,6,Friday,137,LEFT TURN SIDESWIPE,1,753952,2,0,0,1,1,2,1,2,T intersection,3,60,Arterial Other,MOONEE VALLEY,-37.781364,144.9327,3032.0,True,Preston HS,7888.4
T20220005495,2022-09-03,12:47:00,1,Collision with vehicle,3,Wednesday,142,LEAVING PARKING,1,738342,2,0,0,1,1,2,2,5,Not at intersection,3,999,Arterial Other,DAREBIN,-37.78245,145.00818,3070.0,True,Preston HS,4532.2
T20240006168,2024-10-03,12:04:00,2,Struck Pedestrian,0,Sunday,101,PED EMERGES FROM IN FRONT OF PARKED OR STATIONARY VEHICLE,1,54201,1,0,1,0,1,2,1,2,T intersection,2,50,Local Road,DANDENONG,-37.980473,145.17538,3174.0,True,Preston HS,30383.6
T20230002862,2023-05-02,13:45:00,4,Collision with a fixed object,1,Sunday,181,OFF RIGHT BEND INTO OBJECT/PARKED VEHICLE,1,760934,1,0,1,0,0,1,1,5,Not at intersection,2,80,Arterial Other,YARRA RANGES,-37.642647,145.88487,3799.0,True,Reservoir HS,75802.3
T20210005227,2021-09-03,16:50:00,2,Struck Pedestrian,3,Tuesday,100,PED NEAR SIDE. PED HIT BY VEHICLE FROM THE RIGHT.,1,679337,1,0,1,0,1,2,1,5,Not at intersection,2,50,Local Road,MELBOURNE,-37.826443,144.95596,3006.0,True,Preston HS,10439.9
T20220010622,2022-11-05,12:58:00,1,Collision with vehicle,4,Wednesday,121,RIGHT THROUGH,1,405,2,0,1,0,1,2,1,2,T intersection,2,40,Local Road,DAREBIN,-37.77962,144.99695,3070.0,True,Preston HS,4309.9
T20240028510,2024-04-11,20:47:00,1,Collision with vehicle,2,Monday,129,OTHER OPPOSING MANOEUVRES NOT INCLUDED IN DCAs 120-125.,3,810637,3,0,0,1,1,2,1,5,Not at intersection,3,50,Local Road,BANYULE,-37.736485,145.04771,3081.0,True,Reservoir HS,2246.3
T20230028690,2023-05-12,07:43:00,1,Collision with vehicle,2,Tuesday,130,REAR END(VEHICLES IN SAME LANE),1,804813,5,0,0,1,4,5,1,1,Cross intersection,3,60,Arterial Other,MELBOURNE,-37.807304,144.96893,3053.0,True,Preston HS,8029.3
T20220016754,2022-01-03,13:00:00,8,No collision and no object struck,3,Tuesday,174,OUT OF CONTROL ON CARRIAGEWAY (ON STRAIGHT),1,36146,1,0,0,1,0,1,1,1,Cross intersection,3,60,Arterial Other,MOONEE VALLEY,-37.7721,144.91957,3032.0,True,Preston HS,8404.7
T20230005223,2023-04-03,10:30:00,1,Collision with vehicle,6,Saturday,137,LEFT TURN SIDESWIPE,1,781780,2,0,0,1,1,2,1,5,Not at intersection,3,50,Local Road,BALLARAT,-37.540684,143.8312,3355.0,True,William Ruthven SC,104651.4
T20240002666,2024-02-02,22:53:00,1,Collision with vehicle,6,Friday,130,REAR END(VEHICLES IN SAME LANE),3,797415,2,0,1,1,1,3,1,5,Not at intersection,2,60,Arterial Other,STONNINGTON,-37.879463,145.06845,3145.0,True,Preston HS,16239.0
T20250002866,2025-03-02,13:24:00,1,Collision with vehicle,2,Monday,140,U TURN,1,41212,2,0,0,1,1,2,1,1,Cross intersection,3,40,Local Road,GLEN EIRA,-37.885136,145.00745,3185.0,True,Preston HS,15949.4
T20230008987,2023-10-03,18:30:00,6,Vehicle overturned (no collision),5,Friday,180,OFF CARRIAGEWAY ON RIGHT BEND,1,787123,1,0,0,1,0,1,2,5,Not at intersection,3,777,,BANYULE,-37.72226,145.08186,3085.0,True,Reservoir HS,4614.1
T20240009164,2024-07-04,17:00:00,6,Vehicle overturned (no collision),0,Sunday,174,OUT OF CONTROL ON CARRIAGEWAY (ON STRAIGHT),2,803602,1,0,0,1,0,1,2,5,Not at intersection,3,60,Local Road,MACEDON RANGES,-37.28539,144.72472,3435.0,True,William Ruthven SC,51892.8
T20240008447,2024-04-04,12:35:00,2,Struck Pedestrian,5,Thursday,107,PED ON FOOTHPATH STRUCK BY VEHENTERING/LEAVING DRIVEWAY.,1,800994,1,0,0,1,2,3,1,5,Not at intersection,3,50,Local Road,BENDIGO,-36.719227,144.25323,3556.0,True,William Ruthven SC,127350.8
T20240013010,2024-11-05,07:00:00,8,No collision and no object struck,7,Saturday,174,OUT OF CONTROL ON CARRIAGEWAY (ON STRAIGHT),1,705416,1,0,0,1,0,1,2,2,T intersection,3,80,Freeway,DANDENONG,-38.003597,145.251,3175.0,True,Preston HS,36143.9
T20210016041,2021-06-01,16:45:00,6,Vehicle overturned (no collision),4,Wednesday,174,OUT OF CONTROL ON CARRIAGEWAY (ON STRAIGHT),1,30939,1,0,0,1,0,1,2,1,Cross intersection,3,999,Arterial Highway,YARRA,-37.79312,144.97934,3068.0,True,Preston HS,6216.6
T20230002742,2023-03-02,13:53:00,2,Struck Pedestrian,5,Friday,100,PED NEAR SIDE. PED HIT BY VEHICLE FROM THE RIGHT.,1,754437,1,0,0,1,1,2,1,5,Not at intersection,3,50,Local Road,DANDENONG,-37.9773,145.19005,3174.0,True,Preston HS,30729.0
T20240024738,2024-01-10,08:10:00,1,Collision with vehicle,3,Tuesday,135,LANE CHANGE LEFT (NOT OVERTAKING),1,810513,2,0,0,1,1,2,1,5,Not at intersection,3,100,Freeway,MONASH,-37.8992,145.14973,3150.0,True,Preston HS,21532.9
T20250009752,2025-10-04,11:35:00,1,Collision with vehicle,5,Thursday,130,REAR END(VEHICLES IN SAME LANE),1,817428,2,0,1,0,1,2,1,5,Not at intersection,2,80,Local Road,ALPINE,-36.704624,147.21501,3697.0,True,Reservoir HS,224194.4
T20220007681,2022-01-04,11:00:00,1,Collision with vehicle,5,Friday,163,VEHICLE STRIKES DOOR OF PARKED/STATIONARY VEHICLE,1,714823,2,0,0,1,1,2,2,5,Not at intersection,3,999,Arterial Other,DAREBIN,-37.77394,145.02602,3078.0,True,Preston HS,3952.0
T20240025732,2024-11-10,15:15:00,1,Collision with vehicle,6,Friday,130,REAR END(VEHICLES IN SAME LANE),1,809559,2,0,1,0,1,2,1,5,Not at intersection,2,50,Local Road,HOBSONS BAY,-37.85469,144.86736,3016.0,True,Preston HS,17567.1
T20240019251,2024-09-07,17:28:00,2,Struck Pedestrian,3,Tuesday,102,FAR SIDE. PED HIT BY VEHICLE FROM THE LEFT,3,91787,1,0,0,2,1,3,1,1,Cross intersection,3,60,Arterial Other,STONNINGTON,-37.85322,145.04214,3146.0,True,Preston HS,12776.9
T20210010586,2021-11-05,16:20:00,1,Collision with vehicle,3,Tuesday,121,RIGHT THROUGH,1,29538,2,0,1,0,1,2,1,2,T intersection,2,60,Arterial Other,BOROONDARA,-37.822254,145.03232,3122.0,True,Preston HS,9227.3
T20240008915,2024-09-04,17:10:00,1,Collision with vehicle,2,Tuesday,121,RIGHT THROUGH,1,37648,2,0,0,1,1,2,2,2,T intersection,3,40,Arterial Other,STONNINGTON,-37.838802,144.99019,3141.0,True,Preston HS,10899.0
T20210003181,2021-11-02,17:00:00,1,Collision with vehicle,4,Thursday,130,REAR END(VEHICLES IN SAME LANE),1,675948,2,0,0,1,0,1,2,5,Not at intersection,3,40,,BALLARAT,-37.54758,143.82254,3350.0,True,William Ruthven SC,105275.6
T20230024107,2023-12-10,07:50:00,1,Collision with vehicle,5,Thursday,137,LEFT TURN SIDESWIPE,1,74274,2,0,1,0,1,2,2,1,Cross intersection,2,60,Arterial Other,PORT PHILLIP,-37.841393,144.97719,3004.0,True,Preston HS,11392.7
T20230005337,2023-06-03,11:00:00,8,No collision and no object struck,2,Monday,172,OFF CARRIAGEWAY TO RIGHT,1,759343,1,0,1,0,0,1,1,5,Not at intersection,2,100,Freeway,WYNDHAM,-37.972324,144.55183,3030.0,True,Preston HS,47488.9
T20210002716,2021-06-02,12:10:00,2,Struck Pedestrian,7,Saturday,100,PED NEAR SIDE. PED HIT BY VEHICLE FROM THE RIGHT.,1,56573,1,0,1,0,1,2,1,2,T intersection,2,40,Local Road,DAREBIN,-37.768883,144.99518,3070.0,True,Preston HS,3199.1
T20230020720,2023-04-09,21:10:00,2,Struck Pedestrian,2,Monday,100,PED NEAR SIDE. PED HIT BY VEHICLE FROM THE RIGHT.,6,780472,1,0,1,0,1,2,1,5,Not at intersection,2,50,,CASEY,-38.054012,145.25212,3975.0,True,Preston HS,40843.8
T20220001087,2022-07-01,18:10:00,6,Vehicle overturned (no collision),6,Friday,174,OUT OF CONTROL ON CARRIAGEWAY (ON STRAIGHT),1,702954,1,0,0,1,0,1,2,5,Not at intersection,3,50,Local Road,HOBSONS BAY,-37.866848,144.82086,3018.0,True,Preston HS,21479.7
T20220022832,2022-11-10,01:20:00,4,Collision with a fixed object,2,Tuesday,171,LEFT OFF CARRIAGEWAY INTO OBJECT/PARKED VEHICLE,3,783223,1,0,0,1,1,2,1,1,Cross intersection,3,40,Local Road,GEELONG,-38.14439,144.35693,3220.0,True,Preston HS,72495.0
T20210017156,2021-07-08,20:10:00,8,No collision and no object struck,7,Saturday,180,OFF CARRIAGEWAY ON RIGHT BEND,3,693470,1,0,1,0,1,2,1,2,T intersection,2,50,Local Road,MORNINGTON PENINSULA,-38.35911,144.92822,3938.0,True,Preston HS,68999.4
T20210015519,2021-11-07,13:45:00,2,Struck Pedestrian,1,Sunday,107,PED ON FOOTHPATH STRUCK BY VEHENTERING/LEAVING DRIVEWAY.,1,689413,1,0,0,1,2,3,1,5,Not at intersection,3,60,Arterial Other,MORELAND,-37.71633,144.93488,3044.0,True,William Ruthven SC,6383.1
T20230022955,2023-02-10,09:30:00,1,Collision with vehicle,2,Monday,147,VEHICLE STRIKES ANOTHER VEH WHILE EMERGING FROM DRIVEWAY,1,790619,2,0,0,1,1,2,1,5,Not at intersection,3,50,Arterial Highway,STONNINGTON,-37.883263,145.05377,3145.0,True,Preston HS,16266.2
T20210025280,2021-10-12,08:09:00,2,Struck Pedestrian,6,Friday,108,PED STRUCK WALKING TO/FROM OR BOARDING/ALIGHTING VEHICLE.,1,706399,4,1,0,0,3,4,1,5,Not at intersection,1,100,Freeway,STONNINGTON,-37.86874,145.06337,3145.0,True,Preston HS,14966.3
T20230013673,2023-12-06,19:40:00,9,Other accident,2,Monday,151,OUT OF CONTROL (OVERTAKING),3,775869,1,0,0,1,0,1,1,5,Not at intersection,3,60,Arterial Other,MOONEE VALLEY,-37.780247,144.9144,3032.0,True,Preston HS,9207.5
T20210005398,2021-11-03,15:10:00,1,Collision with vehicle,4,Thursday,148,VEHICLE OFF FOOTPATH STRIKES VEH ON CARRIAGEWAY,1,776786,2,0,0,1,1,2,1,5,Not at intersection,3,40,Local Road,LATROBE,-38.226475,146.42369,3840.0,True,Reservoir HS,134452.3
T20220017799,2022-05-08,15:55:00,8,No collision and no object struck,5,Friday,179,OTHER ACCIDENTS-OFF STRAIGHT NOT INCLUDED IN DCAs 170-175,1,721803,1,0,0,1,0,1,2,5,Not at intersection,3,100,,MANSFIELD,-37.1743,145.99745,3723.0,True,Reservoir HS,104962.6
T20240020200,2024-09-08,12:00:00,1,Collision with vehicle,5,Friday,120,HEAD ON (NOT OVERTAKING),1,811036,2,0,0,1,1,2,1,5,Not at intersection,3,100,Local Road,HEPBURN,-37.447357,143.88466,3363.0,True,William Ruthven SC,102380.3
T20250022067,2025-05-07,11:24:00,8,No collision and no object struck,6,Saturday,174,OUT OF CONTROL ON CARRIAGEWAY (ON STRAIGHT),1,823614,1,0,0,1,0,1,2,5,Not at intersection,3,100,Local Road,ARARAT,-37.310284,142.63312,3381.0,True,William Ruthven SC,213412.9
T20230012256,2023-11-05,17:15:00,4,Collision with a fixed object,5,Thursday,171,LEFT OFF CARRIAGEWAY INTO OBJECT/PARKED VEHICLE,1,775430,1,0,1,0,0,1,2,5,Not at intersection,2,100,Local Road,CENTRAL GOLDFIELDS,-36.843357,143.70486,3472.0,True,William Ruthven SC,148977.3
T20240025412,2024-08-10,14:20:00,1,Collision with vehicle,2,Tuesday,120,HEAD ON (NOT OVERTAKING),1,815351,2,0,0,1,2,3,1,5,Not at intersection,3,50,Local Road,MORNINGTON PENINSULA,-38.312275,145.18915,3915.0,True,Preston HS,65418.2
T20240030777,2024-01-12,01:30:00,8,No collision and no object struck,1,Sunday,179,OTHER ACCIDENTS-OFF STRAIGHT NOT INCLUDED IN DCAs 170-175,3,594058,1,0,1,0,0,1,2,5,Not at intersection,2,40,Local Road,MELBOURNE,-37.81931,144.95332,3008.0,True,Preston HS,9839.4
T20220000501,2022-09-01,12:02:00,1,Collision with vehicle,1,Sunday,169,OTHER ON PATH,1,711947,3,0,0,1,2,3,1,5,Not at intersection,3,60,Arterial Other,BRIMBANK,-37.745613,144.8114,3021.0,True,Preston HS,17213.0
T20210008072,2021-10-04,10:51:00,2,Struck Pedestrian,7,Saturday,104,PED WALKING WITH TRAFFIC,1,38349,1,0,0,1,1,2,1,1,Cross intersection,3,70,Arterial Other,MANNINGHAM,-37.77276,145.14044,3106.0,True,Reservoir HS,11255.0
T20220029038,2022-08-12,17:30:00,1,Collision with vehicle,5,Thursday,121,RIGHT THROUGH,1,265474,2,0,0,1,1,2,2,2,T intersection,3,40,Local Road,MELBOURNE,-37.81218,144.95494,3003.0,True,Preston HS,9079.3
T20230005566,2023-08-03,09:30:00,1,Collision with vehicle,4,Wednesday,160,VEHICLE COLLIDES WITH VEHICLE PARKED ON LEFT OF ROAD,1,759926,2,0,0,1,1,2,1,5,Not at intersection,3,50,Arterial Other,YARRA,-37.830498,145.0265,3121.0,True,Preston HS,10020.0
T20250002759,2025-01-02,11:30:00,8,No collision and no object struck,7,Saturday,174,OUT OF CONTROL ON CARRIAGEWAY (ON STRAIGHT),1,41718,2,0,0,1,1,2,2,2,T intersection,3,60,Arterial Other,MONASH,-37.8794,145.12836,3149.0,True,Preston HS,18652.6
T20240023687,2024-01-09,13:30:00,1,Collision with vehicle,1,Sunday,130,REAR END(VEHICLES IN SAME LANE),9,822727,2,0,0,1,1,2,2,5,Not at intersection,3,80,Arterial Highway,MONASH,-37.9216,145.13884,3168.0,True,Preston HS,23108.9
T20220027363,2022-02-12,18:28:00,1,Collision with vehicle,6,Friday,130,REAR END(VEHICLES IN SAME LANE),1,764222,2,0,0,1,2,3,1,2,T intersection,3,60,Arterial Highway,MORELAND,-37.742306,144.97507,3058.0,True,Preston HS,2817.2
T20240005520,2023-09-10,16:00:00,1,Collision with vehicle,2,Monday,116,LEFT NEAR (INTERSECTIONS ONLY),1,799272,2,0,0,1,1,2,2,1,Cross intersection,3,70,Arterial Highway,GLEN EIRA,-37.86289,145.01945,3161.0,True,Preston HS,13519.3
T20220013510,2022-12-06,13:17:00,4,Collision with a fixed object,1,Sunday,173,RIGHT OFF CARRIAGEWAY INTO OBJECT/PARKED VEHICLE,1,782094,1,0,0,1,0,1,2,5,Not at intersection,3,999,Local Road,COLAC OTWAY,-38.547703,143.77103,3243.0,True,Preston HS,140413.4
T20230028938,2023-07-12,18:59:00,1,Collision with vehicle,4,Thursday,130,REAR END(VEHICLES IN SAME LANE),1,797898,2,0,1,0,1,2,1,5,Not at intersection,2,50,Local Road,NILLUMBIK,-37.725754,145.15642,3095.0,True,Reservoir HS,11177.8
T20250012880,2025-11-05,17:00:00,1,Collision with vehicle,1,Sunday,163,VEHICLE STRIKES DOOR OF PARKED/STATIONARY VEHICLE,2,40105,2,0,0,1,0,1,2,1,Cross intersection,3,50,Arterial Other,PORT PHILLIP,-37.864098,144.98178,3182.0,True,Preston HS,13790.6
T20220022426,2022-05-10,10:15:00,2,Struck Pedestrian,4,Wednesday,103,PED PLAYING/LYING/WORKING/STANDING ON CARRIAGEWAY.,1,742907,1,0,0,2,0,2,2,5,Not at intersection,3,40,Arterial Other,WHITTLESEA,-37.60165,145.10474,3754.0,True,William Ruthven SC,13841.1
T20230028365,2023-01-12,11:30:00,2,Struck Pedestrian,6,Friday,102,FAR SIDE. PED HIT BY VEHICLE FROM THE LEFT,1,266895,1,0,1,0,1,2,2,2,T intersection,2,50,Local Road,CASEY,-38.053844,145.25198,3975.0,True,Preston HS,40821.4
T20240020030,2024-07-08,10:15:00,5,collision with some other object,4,Wednesday,179,OTHER ACCIDENTS-OFF STRAIGHT NOT INCLUDED IN DCAs 170-175,1,807354,1,0,0,1,0,1,2,5,Not at intersection,3,60,Local Road,WHITTLESEA,-37.67742,145.05397,3083.0,True,William Ruthven SC,4964.3
T20220015431,2022-10-07,14:29:00,2,Struck Pedestrian,0,Sunday,101,PED EMERGES FROM IN FRONT OF PARKED OR STATIONARY VEHICLE,1,773152,1,0,0,1,1,2,1,5,Not at intersection,3,50,Local Road,CASEY,-38.125893,145.33482,3978.0,True,Preston HS,51488.8
T20230010673,2023-07-05,08:40:00,1,Collision with vehicle,1,Sunday,110,CROSS TRAFFIC(INTERSECTIONS ONLY),1,36422,2,0,1,0,1,2,1,1,Cross intersection,2,60,Arterial Other,MORNINGTON PENINSULA,-38.238914,145.06592,3931.0,True,Preston HS,55527.4
T20240014609,2024-07-06,20:10:00,1,Collision with vehicle,6,Friday,163,VEHICLE STRIKES DOOR OF PARKED/STATIONARY VEHICLE,3,805360,2,0,0,1,0,1,2,5,Not at intersection,3,40,Local Road,DAREBIN,-37.742344,145.00333,3072.0,True,Preston HS,339.1
T20250014941,2025-04-06,08:50:00,2,Struck Pedestrian,3,Wednesday,101,PED EMERGES FROM IN FRONT OF PARKED OR STATIONARY VEHICLE,1,818981,1,0,0,1,0,1,2,2,T intersection,3,50,Local Road,DAREBIN,-37.71194,145.00711,3073.0,True,William Ruthven SC,1750.3
T20210003338,2021-12-02,20:52:00,2,Struck Pedestrian,5,Friday,100,PED NEAR SIDE. PED HIT BY VEHICLE FROM THE RIGHT.,3,677193,1,0,0,1,1,2,1,5,Not at intersection,3,50,,MONASH,-37.859783,145.14452,3149.0,True,Preston HS,17837.6
T20240028816,2024-12-11,11:38:00,1,Collision with vehicle,3,Tuesday,163,VEHICLE STRIKES DOOR OF PARKED/STATIONARY VEHICLE,1,810903,2,0,1,0,1,2,1,5,Not at intersection,2,50,Local Road,BENDIGO,-36.77126,144.25388,3555.0,True,William Ruthven SC,122407.3