ACCIDENT_NO,ACCIDENT_DATE,ACCIDENT_TIME,ACCIDENT_TYPE,ACCIDENT_TYPE_DESC,DAY_OF_WEEK,DAY_WEEK_DESC,DCA_CODE,DCA_DESC,LIGHT_CONDITION,NODE_ID,NO_OF_VEHICLES,NO_PERSONS_KILLED,NO_PERSONS_INJ_2,NO_PERSONS_INJ_3,NO_PERSONS_NOT_INJ,NO_PERSONS,POLICE_ATTEND,ROAD_GEOMETRY,ROAD_GEOMETRY_DESC,SEVERITY,SPEED_ZONE,RMA,LGA_NAME,LATITUDE,LONGITUDE,POSTCODE_CRASH,PED_OR_CYC,nearest_school,dist_to_gate_m
T20230026006,2023-06-11,15:00:00,1,Collision with vehicle,2,Monday,130,REAR END(VEHICLES IN SAME LANE),1,785825,2,0,1,1,0,2,1,2,T intersection,2,50,Local Road,HOBSONS BAY,-37.826515,144.8744,3015.0,True,Preston HS,14998.0
T20220025932,2022-01-11,02:40:00,8,No collision and no object struck,3,Tuesday,170,OFF CARRIAGEWAY TO LEFT,3,47706,1,0,1,0,0,1,1,1,Cross intersection,2,60,Local Road,HOBSONS BAY,-37.83881,144.85007,3025.0,True,Preston HS,17521.5
T20250006833,2025-10-03,18:00:00,1,Collision with vehicle,1,Monday,139,OTHER SAME DIRECTION-MANOUEVRES NOT INCLUDED IN DCAs 130-137,1,351384,2,0,0,1,1,2,2,1,Cross intersection,3,70,Arterial Other,HUME,-37.68811,144.88248,3043.0,True,William Ruthven SC,10644.9
T20220004809,2022-04-03,08:07:00,2,Struck Pedestrian,6,Friday,100,PED NEAR SIDE. PED HIT BY VEHICLE FROM THE RIGHT.,1,708845,1,0,1,0,1,2,1,5,Not at intersection,2,999,Arterial Other,BRIMBANK,-37.745605,144.81136,3021.0,True,Preston HS,17216.5
T20220028035,2022-10-12,08:30:00,1,Collision with vehicle,7,Saturday,121,RIGHT THROUGH,1,36826,2,0,1,0,5,6,1,1,Cross intersection,2,999,Arterial Other,MELBOURNE,-37.80924,144.95236,3003.0,True,Preston HS,8919.0
T20240024903,2024-03-10,07:50:00,1,Collision with vehicle,5,Thursday,113,RIGHT NEAR (INTERSECTIONS ONLY),1,809268,2,0,0,1,1,2,1,2,T intersection,3,50,Local Road,WHITTLESEA,-37.65786,145.00307,3076.0,True,William Ruthven SC,4301.0
T20220005184,2022-06-03,11:00:00,5,collision with some other object,1,Sunday,166,STRUCK OBJECT ON CARRIAGEWAY,1,706218,1,0,0,1,0,1,2,5,Not at intersection,3,888,Local Road,CAMPASPE,-35.89492,144.39067,3566.0,True,William Ruthven SC,207616.3
T20240028103,2024-05-11,07:40:00,1,Collision with vehicle,3,Tuesday,133,LANE SIDE SWIPE (VEHICLES IN PARALLEL LANES),1,814309,2,0,1,0,1,2,1,5,Not at intersection,2,60,Local Road,WHITEHORSE,-37.858288,145.198,3133.0,True,Reservoir HS,21161.5
T20220010372,2022-09-05,00:10:00,8,No collision and no object struck,2,Monday,172,OFF CARRIAGEWAY TO RIGHT,3,43819,1,0,0,1,2,3,1,1,Cross intersection,3,50,Local Road,DAREBIN,-37.7395,144.99469,3072.0,True,Preston HS,1118.3
T20210007986,2021-09-04,19:20:00,3,Struck animal,6,Friday,167,STRUCK ANIMAL,3,694711,1,0,1,1,0,2,1,2,T intersection,2,70,Arterial Other,WYNDHAM,-37.889744,144.628,3024.0,True,Preston HS,37147.7
T20230007874,2023-03-04,07:30:00,2,Struck Pedestrian,1,Monday,100,PED NEAR SIDE. PED HIT BY VEHICLE FROM THE RIGHT.,9,36985,1,0,0,1,1,2,2,1,Cross intersection,3,40,Local Road,MELBOURNE,-37.809402,144.97214,3002.0,True,Preston HS,8131.0
T20210010444,2021-09-05,13:53:00,1,Collision with vehicle,1,Sunday,137,LEFT TURN SIDESWIPE,1,683154,2,0,1,0,2,3,1,9,Unknown,2,60,Arterial Other,PORT PHILLIP,-37.86758,144.97478,3182.0,True,Preston HS,14282.3
T20220000059,2022-01-01,14:00:00,2,Struck Pedestrian,7,Saturday,100,PED NEAR SIDE. PED HIT BY VEHICLE FROM THE RIGHT.,1,677510,1,0,0,1,1,2,2,1,Cross intersection,3,80,Arterial Highway,YARRA RANGES,-37.758575,145.31621,3138.0,True,Reservoir HS,25538.5
T20220008394,2022-02-03,17:30:00,1,Collision with vehicle,4,Wednesday,159,OTHER OVERTAKING MANOEUVRES NOT INCLUDED IN DCAs 150-154,9,711518,2,0,0,1,1,2,2,5,Not at intersection,3,60,Local Road,MELBOURNE,-37.800125,144.96115,3053.0,True,Preston HS,7649.7
T20240008306,2024-02-04,17:00:00,1,Collision with vehicle,3,Tuesday,163,VEHICLE STRIKES DOOR OF PARKED/STATIONARY VEHICLE,1,800899,2,0,0,1,1,2,1,5,Not at intersection,3,50,Local Road,GLEN EIRA,-37.867756,145.01044,3161.0,True,Preston HS,14019.9
T20220025666,2022-09-11,16:00:00,8,No collision and no object struck,4,Wednesday,174,OUT OF CONTROL ON CARRIAGEWAY (ON STRAIGHT),1,737123,1,0,0,1,0,1,2,2,T intersection,3,100,Arterial Highway,WELLINGTON,-38.632504,146.56448,3967.0,True,Reservoir HS,168061.0
T20220020178,2022-07-09,08:35:00,1,Collision with vehicle,4,Wednesday,130,REAR END(VEHICLES IN SAME LANE),1,724291,3,0,0,1,3,4,1,5,Not at intersection,3,60,Arterial Highway,MELBOURNE,-37.82104,144.98944,3121.0,True,Preston HS,8957.7
T20220001150,2022-04-01,10:00:00,8,No collision and no object struck,3,Tuesday,174,OUT OF CONTROL ON CARRIAGEWAY (ON STRAIGHT),1,702404,2,0,0,1,1,2,2,5,Not at intersection,3,40,Local Road,STONNINGTON,-37.848946,144.98895,3181.0,True,Preston HS,12031.4
T20210018954,2021-10-09,06:40:00,2,Struck Pedestrian,6,Friday,106,VEH STRIKES PED ON FOOTPATH/MEDIAN/TRAFFIC ISLAND.,1,696173,1,0,0,1,1,2,1,5,Not at intersection,3,80,Arterial Other,CARDINIA,-38.07105,145.47577,3810.0,True,Preston HS,55062.6
T20230021257,2023-11-09,09:15:00,2,Struck Pedestrian,1,Monday,100,PED NEAR SIDE. PED HIT BY VEHICLE FROM THE RIGHT.,1,7568,1,0,0,1,1,2,1,1,Cross intersection,3,40,,WHITTLESEA,-37.680244,145.01384,3074.0,True,William Ruthven SC,2048.2
T20240017398,2024-07-07,15:30:00,4,Collision with a fixed object,1,Sunday,183,OFF LEFT BEND INTO OBJECT/PARKED VEHICLE,1,806180,1,0,0,1,0,1,2,5,Not at intersection,3,999,Local Road,BAW BAW,-37.90887,145.92245,3832.0,True,Reservoir HS,81141.4
T20210015339,2021-12-07,15:00:00,1,Collision with vehicle,1,Monday,148,VEHICLE OFF FOOTPATH STRIKES VEH ON CARRIAGEWAY,1,36355,2,0,0,1,1,2,1,1,Cross intersection,3,60,Local Road,MELBOURNE,-37.805065,144.9677,3053.0,True,Preston HS,7850.9
T20240000443,2024-07-01,12:45:00,2,Struck Pedestrian,1,Sunday,102,FAR SIDE. PED HIT BY VEHICLE FROM THE LEFT,1,46407,1,0,0,1,1,2,1,2,T intersection,3,60,Arterial Other,WHITTLESEA,-37.652775,145.08585,3752.0,True,William Ruthven SC,8767.2
T20210022792,2021-05-11,16:00:00,8,No collision and no object struck,6,Friday,174,OUT OF CONTROL ON CARRIAGEWAY (ON STRAIGHT),1,63769,1,0,1,0,0,1,2,2,T intersection,2,60,Arterial Other,MOONEE VALLEY,-37.76273,144.90599,3039.0,True,Preston HS,9191.8
T20220017400,2022-04-08,05:50:00,8,No collision and no object struck,5,Thursday,174,OUT OF CONTROL ON CARRIAGEWAY (ON STRAIGHT),3,722968,1,0,0,1,0,1,1,5,Not at intersection,3,999,Arterial Other,KNOX,-37.848026,145.26945,3153.0,True,Reservoir HS,25301.1
T20240020041,2024-08-08,01:30:00,6,Vehicle overturned (no collision),5,Thursday,174,OUT OF CONTROL ON CARRIAGEWAY (ON STRAIGHT),3,808344,1,0,1,0,0,1,1,5,Not at intersection,2,50,Local Road,YARRA,-37.806644,144.98656,3066.0,True,Preston HS,7443.7
T20240014733,2024-09-06,20:00:00,1,Collision with vehicle,1,Sunday,134,LANE CHANGE RIGHT (NOT OVERTAKING),3,804914,2,0,0,1,1,2,1,5,Not at intersection,3,60,Arterial Other,MOONEE VALLEY,-37.764404,144.92317,3039.0,True,Preston HS,7798.8
T20240016695,2024-09-06,18:30:00,6,Vehicle overturned (no collision),1,Sunday,170,OFF CARRIAGEWAY TO LEFT,3,41109,2,0,1,0,1,2,2,2,T intersection,2,60,Arterial Other,BAYSIDE,-37.900402,144.98906,3186.0,True,Preston HS,17717.9
T20230000615,2023-10-01,03:15:00,8,No collision and no object struck,3,Tuesday,170,OFF CARRIAGEWAY TO LEFT,3,775263,1,0,1,0,0,1,1,5,Not at intersection,2,60,Arterial Other,GEELONG,-38.09788,144.3459,3215.0,True,Preston HS,70231.7
T20250000411,2025-06-01,13:44:00,6,Vehicle overturned (no collision),2,Monday,174,OUT OF CONTROL ON CARRIAGEWAY (ON STRAIGHT),1,813342,1,0,0,1,0,1,1,5,Not at intersection,3,60,Arterial Other,MOONEE VALLEY,-37.75876,144.92635,3039.0,True,Preston HS,7348.6
T20210008175,2021-11-04,08:30:00,1,Collision with vehicle,1,Sunday,110,CROSS TRAFFIC(INTERSECTIONS ONLY),1,680484,2,0,0,1,1,2,2,1,Cross intersection,3,999,Local Road,MORELAND,-37.759266,144.96986,3056.0,True,Preston HS,3812.5
T20210015014,2021-07-07,10:00:00,1,Collision with vehicle,3,Wednesday,130,REAR END(VEHICLES IN SAME LANE),1,689708,2,0,0,1,1,2,2,5,Not at intersection,3,50,Local Road,GLEN EIRA,-37.89952,145.05605,3163.0,True,Preston HS,18067.8
T20230020889,2023-06-09,15:18:00,2,Struck Pedestrian,3,Wednesday,102,FAR SIDE. PED HIT BY VEHICLE FROM THE LEFT,1,782380,1,0,0,1,1,2,1,1,Cross intersection,3,80,Arterial Other,CASEY,-38.118244,145.25075,3977.0,True,Preston HS,47007.8
T20240017042,2024-05-07,16:15:00,1,Collision with vehicle,6,Friday,148,VEHICLE OFF FOOTPATH STRIKES VEH ON CARRIAGEWAY,1,287483,2,0,0,3,2,5,1,2,T intersection,3,50,Local Road,MELTON,-37.696762,144.56024,3338.0,True,William Ruthven SC,38954.9
T20210012226,2021-10-05,15:05:00,2,Struck Pedestrian,1,Monday,107,PED ON FOOTHPATH STRUCK BY VEHENTERING/LEAVING DRIVEWAY.,1,785010,1,0,0,1,3,4,1,5,Not at intersection,3,50,Local Road,SWAN HILL,-34.585094,142.77457,3549.0,True,William Ruthven SC,399644.3
T20220023444,2022-06-09,16:30:00,2,Struck Pedestrian,2,Tuesday,100,PED NEAR SIDE. PED HIT BY VEHICLE FROM THE RIGHT.,1,728756,1,0,1,0,1,2,2,5,Not at intersection,2,40,Arterial Highway,MELBOURNE,-37.78798,144.92783,3031.0,True,Preston HS,8662.4
T20220019861,2022-02-09,16:30:00,2,Struck Pedestrian,5,Friday,100,PED NEAR SIDE. PED HIT BY VEHICLE FROM THE RIGHT.,1,43643,1,0,0,1,1,2,1,1,Cross intersection,3,60,Arterial Other,CASEY,-38.03295,145.34334,3806.0,True,Preston HS,43812.2
T20230005494,2023-07-03,16:44:00,1,Collision with vehicle,2,Tuesday,110,CROSS TRAFFIC(INTERSECTIONS ONLY),1,57663,2,0,1,0,3,4,1,1,Cross intersection,2,60,Arterial Other,GEELONG,-38.185215,144.31609,3216.0,True,Preston HS,78114.0
T20240003077,2024-07-02,19:00:00,1,Collision with vehicle,4,Wednesday,113,RIGHT NEAR (INTERSECTIONS ONLY),1,797714,2,0,0,1,1,2,1,2,T intersection,3,50,Local Road,CASEY,-38.007874,145.30959,3805.0,True,Preston HS,39760.6
T20230015511,2023-04-07,15:05:00,2,Struck Pedestrian,3,Tuesday,100,PED NEAR SIDE. PED HIT BY VEHICLE FROM THE RIGHT.,1,119022,1,0,1,0,1,2,1,5,Not at intersection,2,60,Arterial Other,MELBOURNE,-37.794575,144.94865,3052.0,True,Preston HS,7807.9
T20230026482,2023-11-11,18:40:00,1,Collision with vehicle,7,Saturday,148,VEHICLE OFF FOOTPATH STRIKES VEH ON CARRIAGEWAY,1,786653,2,0,0,1,1,2,1,2,T intersection,3,50,,BRIMBANK,-37.71068,144.8009,3038.0,True,William Ruthven SC,17848.4
T20240007043,2024-12-03,16:50:00,6,Vehicle overturned (no collision),3,Tuesday,182,OFF CARRIAGEWAY ON LEFT BEND,1,91563,1,0,1,0,0,1,2,5,Not at intersection,2,60,Arterial Highway,STONNINGTON,-37.868427,145.03157,3161.0,True,Preston HS,14254.4
T20240031823,2024-11-12,19:39:00,2,Struck Pedestrian,4,Wednesday,101,PED EMERGES FROM IN FRONT OF PARKED OR STATIONARY VEHICLE,1,813063,1,0,0,1,1,2,2,5,Not at intersection,3,50,Local Road,YARRA,-37.792057,144.97925,3068.0,True,Preston HS,6111.2
T20230026087,2023-02-11,18:40:00,6,Vehicle overturned (no collision),5,Thursday,174,OUT OF CONTROL ON CARRIAGEWAY (ON STRAIGHT),1,792922,1,0,0,1,0,1,2,5,Not at intersection,3,999,Local Road,INDIGO,-36.10101,146.6826,3688.0,True,William Ruthven SC,231901.8
T20220009843,2022-02-05,17:15:00,1,Collision with vehicle,2,Monday,110,CROSS TRAFFIC(INTERSECTIONS ONLY),2,50587,2,0,1,0,1,2,1,1,Cross intersection,2,60,Local Road,COLAC OTWAY,-38.33382,143.60246,3250.0,True,Preston HS,139524.4
T20240002692,2024-03-02,11:19:00,6,Vehicle overturned (no collision),6,Saturday,170,OFF CARRIAGEWAY TO LEFT,1,803869,1,0,1,0,0,1,1,5,Not at intersection,2,100,Arterial Highway,CAMPASPE,-36.166977,144.73068,3564.0,True,William Ruthven SC,171793.0
T20230018348,2023-01-08,18:15:00,1,Collision with vehicle,2,Tuesday,121,RIGHT THROUGH,2,275196,2,0,0,1,1,2,2,2,T intersection,3,999,Local Road,MELBOURNE,-37.793995,144.9711,3053.0,True,Preston HS,6620.2
T20250011922,2025-05-05,07:00:00,1,Collision with vehicle,2,Monday,130,REAR END(VEHICLES IN SAME LANE),1,823328,3,0,2,0,1,3,1,5,Not at intersection,2,80,Freeway,MOONEE VALLEY,-37.73281,144.91882,3041.0,True,Preston HS,7825.7
T20250002648,2025-01-02,01:27:00,4,Collision with a fixed object,7,Saturday,173,RIGHT OFF CARRIAGEWAY INTO OBJECT/PARKED VEHICLE,3,774712,2,1,0,1,0,2,1,5,Not at intersection,1,60,Arterial Other,MELBOURNE,-37.80192,144.9575,3000.0,True,Preston HS,7990.3
T20230000138,2023-03-01,12:27:00,1,Collision with vehicle,3,Tuesday,142,LEAVING PARKING,1,780935,2,0,0,1,1,2,2,5,Not at intersection,3,40,Local Road,BOROONDARA,-37.8643,145.08072,3147.0,True,Preston HS,15089.1
T20230024256,2023-05-10,21:45:00,1,Collision with vehicle,4,Thursday,148,VEHICLE OFF FOOTPATH STRIKES VEH ON CARRIAGEWAY,6,783322,2,0,0,1,1,2,1,5,Not at intersection,3,999,Local Road,CASEY,-38.09819,145.26755,3977.0,True,Preston HS,45752.2
T20230020462,2023-01-09,18:11:00,1,Collision with vehicle,5,Friday,140,U TURN,3,782175,2,0,0,1,2,3,1,2,T intersection,3,40,Arterial Other,STONNINGTON,-37.8392,144.99326,3141.0,True,Preston HS,10909.5
T20250001218,2024-12-12,12:40:00,6,Vehicle overturned (no collision),5,Thursday,184,OUT OF CONTROL ON CARRIAGEWAY (ON BEND),1,813831,1,0,0,1,0,1,2,2,T intersection,3,100,Local Road,PYRENEES,-37.08364,143.45674,3467.0,True,William Ruthven SC,152659.3
T20250003652,2025-08-02,09:15:00,2,Struck Pedestrian,6,Saturday,107,PED ON FOOTHPATH STRUCK BY VEHENTERING/LEAVING DRIVEWAY.,1,816474,1,0,0,1,1,2,2,5,Not at intersection,3,999,Arterial Other,MERRI-BEK,-37.73249,144.9647,3058.0,True,Preston HS,3866.6
T20240002887,2024-05-02,17:28:00,8,No collision and no object struck,2,Monday,180,OFF CARRIAGEWAY ON RIGHT BEND,1,803615,1,0,1,0,0,1,1,5,Not at intersection,2,100,Arterial Other,CARDINIA,-37.901527,145.59407,3783.0,True,Reservoir HS,53454.0
T20230000734,2023-11-01,06:31:00,1,Collision with vehicle,4,Wednesday,134,LANE CHANGE RIGHT (NOT OVERTAKING),1,137879,2,0,1,0,1,2,1,5,Not at intersection,2,60,Local Road,HOBSONS BAY,-37.845882,144.79057,3018.0,True,Preston HS,22275.5
T20230016420,2023-07-07,17:00:00,1,Collision with vehicle,5,Friday,179,OTHER ACCIDENTS-OFF STRAIGHT NOT INCLUDED IN DCAs 170-175,2,781037,2,0,0,1,1,2,2,5,Not at intersection,3,999,,WYNDHAM,-37.883286,144.70035,3029.0,True,Preston HS,31208.9
T20230024838,2023-07-10,10:22:00,7,Fall from or in moving vehicle,6,Saturday,190,FELL IN/FROM VEHICLE,1,784267,1,0,0,1,0,1,2,5,Not at intersection,3,100,Local Road,BAW BAW,-37.992077,146.04245,3831.0,True,Reservoir HS,93857.3
T20220003412,2021-11-12,00:10:00,1,Collision with vehicle,7,Saturday,160,VEHICLE COLLIDES WITH VEHICLE PARKED ON LEFT OF ROAD,3,708184,2,0,0,1,1,2,1,5,Not at intersection,3,50,Local Road,GEELONG,-38.073547,144.35359,3214.0,True,Preston HS,68182.0
T20220015329,2022-08-07,16:11:00,1,Collision with vehicle,5,Friday,116,LEFT NEAR (INTERSECTIONS ONLY),1,38102,2,0,1,0,1,2,1,2,T intersection,2,60,Arterial Other,DAREBIN,-37.766567,145.03061,3071.0,True,Preston HS,3452.2
T20210018923,2021-09-09,12:00:00,8,No collision and no object struck,5,Thursday,170,OFF CARRIAGEWAY TO LEFT,1,692851,1,0,1,0,0,1,1,5,Not at intersection,2,100,Local Road,NILLUMBIK,-37.603573,145.18315,3099.0,True,Reservoir HS,18914.1
T20220015860,2022-12-07,16:00:00,4,Collision with a fixed object,3,Tuesday,183,OFF LEFT BEND INTO OBJECT/PARKED VEHICLE,1,782115,1,0,0,1,0,1,2,5,Not at intersection,3,50,Local Road,CARDINIA,-38.070473,145.4568,3810.0,True,Preston HS,53787.7
T20240028770,2024-11-11,20:10:00,2,Struck Pedestrian,2,Monday,100,PED NEAR SIDE. PED HIT BY VEHICLE FROM THE RIGHT.,2,812056,1,0,1,0,1,2,1,5,Not at intersection,2,80,Arterial Other,MILDURA,-34.177643,142.10408,3500.0,True,William Ruthven SC,470274.6
T20240016964,2024-04-07,17:45:00,2,Struck Pedestrian,4,Thursday,100,PED NEAR SIDE. PED HIT BY VEHICLE FROM THE RIGHT.,5,823021,1,0,1,0,1,2,1,1,Cross intersection,2,40,Local Road,WYNDHAM,-37.905304,144.65945,3030.0,True,Preston HS,35543.6
T20240023126,2024-11-09,19:30:00,1,Collision with vehicle,4,Wednesday,114,TWO RIGHT TURNING (INTERSECTIONS ONLY),3,808697,2,0,0,1,1,2,2,2,T intersection,3,60,Local Road,BALLARAT,-37.57092,143.82008,3356.0,True,William Ruthven SC,105097.1
T20210025018,2021-07-12,12:08:00,2,Struck Pedestrian,2,Tuesday,102,FAR SIDE. PED HIT BY VEHICLE FROM THE LEFT,1,243678,1,0,0,1,2,3,1,5,Not at intersection,3,60,Arterial Other,KINGSTON,-37.95716,145.04941,3192.0,True,Preston HS,24244.4
T20220007877,2022-10-03,15:00:00,8,No collision and no object struck,5,Thursday,184,OUT OF CONTROL ON CARRIAGEWAY (ON BEND),1,709155,1,0,0,1,0,1,2,5,Not at intersection,3,50,Local Road,GEELONG,-38.085663,144.36307,3214.0,True,Preston HS,68226.2
T20220019959,2022-03-09,23:49:00,2,Struck Pedestrian,6,Saturday,100,PED NEAR SIDE. PED HIT BY VEHICLE FROM THE RIGHT.,3,782639,1,0,0,1,1,2,1,5,Not at intersection,3,40,Local Road,MELBOURNE,-37.803688,144.96642,3053.0,True,Preston HS,7764.9
T20230018440,2023-02-08,14:45:00,1,Collision with vehicle,3,Wednesday,147,VEHICLE STRIKES ANOTHER VEH WHILE EMERGING FROM DRIVEWAY,1,797751,2,0,0,1,2,3,2,5,Not at intersection,3,999,Arterial Other,MAROONDAH,-37.83186,145.22725,3134.0,True,Reservoir HS,21225.2
T20230005208,2023-04-03,12:59:00,2,Struck Pedestrian,7,Saturday,102,FAR SIDE. PED HIT BY VEHICLE FROM THE LEFT,1,760589,1,0,1,0,1,2,1,5,Not at intersection,2,999,Arterial Other,MARIBYRNONG,-37.79437,144.86295,3012.0,True,Preston HS,13958.7
T20220027688,2022-01-12,14:30:00,1,Collision with vehicle,4,Thursday,121,RIGHT THROUGH,1,36827,2,0,0,1,1,2,2,2,T intersection,3,40,Arterial Other,MELBOURNE,-37.810345,144.95293,3003.0,True,Preston HS,8996.1
T20230018892,2023-08-07,13:40:00,6,Vehicle overturned (no collision),6,Saturday,179,OTHER ACCIDENTS-OFF STRAIGHT NOT INCLUDED IN DCAs 170-175,1,719529,1,0,0,1,0,1,1,5,Not at intersection,3,80,Arterial Highway,KNOX,-37.899242,145.23323,3180.0,True,Preston HS,26483.9
T20250008718,2025-01-04,05:51:00,1,Collision with vehicle,3,Tuesday,110,CROSS TRAFFIC(INTERSECTIONS ONLY),5,51897,2,0,1,0,1,2,1,1,Cross intersection,2,60,Arterial Highway,MITCHELL,-37.281563,144.95006,3764.0,True,William Ruthven SC,46379.0
T20210015217,2021-10-07,17:20:00,3,Struck animal,7,Saturday,167,STRUCK ANIMAL,2,688016,1,0,1,0,0,1,1,5,Not at intersection,2,100,Arterial Other,YARRA RANGES,-37.95982,145.37248,3804.0,True,Reservoir HS,40057.0
T20220029455,2022-06-12,18:36:00,1,Collision with vehicle,2,Tuesday,121,RIGHT THROUGH,1,45553,2,0,0,1,1,2,2,2,T intersection,3,60,Arterial Other,MORELAND,-37.769993,144.94853,3055.0,True,Preston HS,6034.1
T20240031229,2024-05-12,18:23:00,2,Struck Pedestrian,4,Thursday,100,PED NEAR SIDE. PED HIT BY VEHICLE FROM THE RIGHT.,1,812098,1,0,0,1,1,2,1,5,Not at intersection,3,60,Arterial Highway,DAREBIN,-37.72591,145.02388,3073.0,True,Reservoir HS,622.9
T20250000324,2025-05-01,09:50:00,1,Collision with vehicle,1,Sunday,189,OTHER ACCIDENTS ON CURVE NOT INCLUDED IN DCAs 180-184,1,813316,2,0,1,1,0,2,1,5,Not at intersection,2,60,Arterial Other,YARRA RANGES,-37.869102,145.77226,3797.0,True,Reservoir HS,67279.6
T20220026040,2022-10-10,17:30:00,1,Collision with vehicle,1,Monday,139,OTHER SAME DIRECTION-MANOUEVRES NOT INCLUDED IN DCAs 130-137,1,736199,2,0,1,0,1,2,2,5,Not at intersection,2,999,Local Road,MELBOURNE,-37.801895,144.95816,3000.0,True,Preston HS,7956.4
T20250023170,2025-02-08,08:30:00,8,No collision and no object struck,7,Saturday,174,OUT OF CONTROL ON CARRIAGEWAY (ON STRAIGHT),1,821945,1,0,0,1,0,1,2,5,Not at intersection,3,60,Arterial Other,BALLARAT,-37.571903,143.8292,3350.0,True,William Ruthven SC,104285.9
T20250017904,2025-05-07,14:29:00,8,No collision and no object struck,7,Saturday,174,OUT OF CONTROL ON CARRIAGEWAY (ON STRAIGHT),1,820020,1,0,1,0,0,1,1,5,Not at intersection,2,999,Arterial Other,WYNDHAM,-37.8784,144.70929,3029.0,True,Preston HS,30257.6
T20220011301,2022-04-05,11:00:00,8,No collision and no object struck,3,Wednesday,174,OUT OF CONTROL ON CARRIAGEWAY (ON STRAIGHT),1,712529,1,0,0,1,0,1,2,5,Not at intersection,3,40,Local Road,YARRA,-37.80666,144.98051,3065.0,True,Preston HS,7591.9
T20240020042,2024-08-08,03:23:00,3,Struck animal,5,Thursday,167,STRUCK ANIMAL,3,807227,1,0,1,0,0,1,1,5,Not at intersection,2,80,Arterial Other,HUME,-37.648663,144.87956,3059.0,True,William Ruthven SC,12097.7
T20230017877,2023-10-07,18:15:00,1,Collision with vehicle,2,Monday,131,LEFT REAR,2,778368,2,0,0,1,1,2,2,5,Not at intersection,3,50,Local Road,MELBOURNE,-37.809486,144.97293,3002.0,True,Preston HS,8113.7
T20250014273,2025-06-03,16:04:00,2,Struck Pedestrian,4,Thursday,107,PED ON FOOTHPATH STRUCK BY VEHENTERING/LEAVING DRIVEWAY.,1,820454,1,0,0,2,1,3,2,5,Not at intersection,3,999,Arterial Other,CASEY,-38.039032,145.26672,3976.0,True,Preston HS,40151.3
T20230018578,2023-09-08,17:30:00,2,Struck Pedestrian,3,Wednesday,100,PED NEAR SIDE. PED HIT BY VEHICLE FROM THE RIGHT.,2,779940,1,0,0,1,1,2,1,2,T intersection,3,50,Local Road,BOROONDARA,-37.845303,145.05019,3123.0,True,Preston HS,12126.4
T20240019948,2024-07-08,03:46:00,8,No collision and no object struck,3,Wednesday,174,OUT OF CONTROL ON CARRIAGEWAY (ON STRAIGHT),3,810343,1,0,0,1,0,1,1,2,T intersection,3,50,Arterial Other,DAREBIN,-37.716774,145.00807,3073.0,True,Reservoir HS,1977.7
T20220005594,2022-11-03,18:40:00,1,Collision with vehicle,6,Friday,110,CROSS TRAFFIC(INTERSECTIONS ONLY),1,57056,2,0,1,0,1,2,2,1,Cross intersection,2,50,Local Road,YARRA,-37.794968,144.98132,3065.0,True,Preston HS,6341.8
T20250000618,2025-08-01,13:30:00,1,Collision with vehicle,4,Wednesday,120,HEAD ON (NOT OVERTAKING),1,813425,2,1,1,0,0,2,1,5,Not at intersection,1,100,Arterial Other,YARRA RANGES,-37.873096,145.78334,3797.0,True,Reservoir HS,68330.3
T20230022042,2023-03-09,13:00:00,2,Struck Pedestrian,0,Sunday,100,PED NEAR SIDE. PED HIT BY VEHICLE FROM THE RIGHT.,1,781428,1,0,0,1,1,2,2,5,Not at intersection,3,60,Local Road,KINGSTON,-37.94272,145.05217,3189.0,True,Preston HS,22700.1
T20230018765,2023-08-08,22:20:00,2,Struck Pedestrian,3,Tuesday,103,PED PLAYING/LYING/WORKING/STANDING ON CARRIAGEWAY.,3,778799,1,0,0,1,1,2,1,5,Not at intersection,3,50,Local Road,SHEPPARTON,-36.426575,145.23448,3616.0,True,William Ruthven SC,142699.6
T20240021740,2024-12-07,08:00:00,2,Struck Pedestrian,6,Friday,108,PED STRUCK WALKING TO/FROM OR BOARDING/ALIGHTING VEHICLE.,1,807828,1,0,0,1,1,2,2,2,T intersection,3,50,Arterial Other,BANYULE,-37.705135,145.1074,3088.0,True,Reservoir HS,7124.7
T20230023838,2023-12-10,16:59:00,1,Collision with vehicle,4,Thursday,137,LEFT TURN SIDESWIPE,1,224040,2,0,0,1,1,2,1,2,T intersection,3,50,Arterial Other,MELBOURNE,-37.82871,144.97112,3006.0,True,Preston HS,10178.6
T20250012669,2025-05-05,14:30:00,1,Collision with vehicle,1,Monday,133,LANE SIDE SWIPE (VEHICLES IN PARALLEL LANES),1,818230,2,0,0,1,1,2,2,5,Not at intersection,3,80,Freeway,NILLUMBIK,-37.693573,145.0934,3088.0,True,Reservoir HS,6478.6
T20230005323,2023-06-03,08:45:00,2,Struck Pedestrian,2,Monday,107,PED ON FOOTHPATH STRUCK BY VEHENTERING/LEAVING DRIVEWAY.,1,759022,1,0,0,1,1,2,1,5,Not at intersection,3,999,Local Road,BENDIGO,-36.72945,144.30574,3550.0,True,William Ruthven SC,124000.2
T20230026612,2023-04-11,00:30:00,6,Vehicle overturned (no collision),7,Saturday,149,OTHER MANOEUVRING NOT INCLUDED IN DCAs 140-148,9,786898,1,0,1,0,0,1,2,5,Not at intersection,2,999,Local Road,KNOX,-37.884815,145.2799,3156.0,True,Reservoir HS,28469.5