ACCIDENT_NO,ACCIDENT_DATE,ACCIDENT_TIME,ACCIDENT_TYPE,ACCIDENT_TYPE_DESC,DAY_OF_WEEK,DAY_WEEK_DESC,DCA_CODE,DCA_DESC,LIGHT_CONDITION,NODE_ID,NO_OF_VEHICLES,NO_PERSONS_KILLED,NO_PERSONS_INJ_2,NO_PERSONS_INJ_3,NO_PERSONS_NOT_INJ,NO_PERSONS,POLICE_ATTEND,ROAD_GEOMETRY,ROAD_GEOMETRY_DESC,SEVERITY,SPEED_ZONE,RMA,LGA_NAME,LATITUDE,LONGITUDE,POSTCODE_CRASH,PED_OR_CYC,nearest_school,dist_to_gate_m
T20240007836,2023-02-11,07:15:00,1,Collision with vehicle,5,Thursday,110,CROSS TRAFFIC(INTERSECTIONS ONLY),2,252686,2,0,1,0,1,2,1,1,Cross intersection,2,50,Local Road,YARRA,-37.788258,144.98824,3068.0,True,Preston HS,5436.0
T20220007326,2022-01-04,18:00:00,2,Struck Pedestrian,6,Friday,102,FAR SIDE. PED HIT BY VEHICLE FROM THE LEFT,1,45835,1,0,0,1,1,2,1,1,Cross intersection,3,60,Arterial Other,MELBOURNE,-37.807133,144.96735,3053.0,True,Preston HS,8071.1
T20230020520,2023-02-09,13:25:00,4,Collision with a fixed object,6,Saturday,181,OFF RIGHT BEND INTO OBJECT/PARKED VEHICLE,1,805557,1,0,1,0,0,1,1,5,Not at intersection,2,80,Arterial Other,CARDINIA,-37.908173,145.59097,3783.0,True,Reservoir HS,53480.4
T20220010301,2022-08-05,04:20:00,2,Struck Pedestrian,1,Sunday,100,PED NEAR SIDE. PED HIT BY VEHICLE FROM THE RIGHT.,5,713359,1,0,1,0,1,2,1,5,Not at intersection,2,60,Arterial Other,MARIBYRNONG,-37.790916,144.88882,3011.0,True,Preston HS,11749.3
T20220024647,2022-02-11,11:40:00,2,Struck Pedestrian,4,Wednesday,102,FAR SIDE. PED HIT BY VEHICLE FROM THE LEFT,1,738109,1,0,1,0,1,2,1,5,Not at intersection,2,60,Local Road,WELLINGTON,-37.980694,146.78777,3858.0,True,Reservoir HS,157030.9
T20230029132,2023-04-12,13:00:00,1,Collision with vehicle,1,Monday,135,LANE CHANGE LEFT (NOT OVERTAKING),1,795156,2,0,0,1,1,2,2,1,Cross intersection,3,60,Local Road,DAREBIN,-37.734383,145.01357,3072.0,True,Preston HS,992.8
T20250003622,2025-11-02,04:11:00,2,Struck Pedestrian,3,Tuesday,103,PED PLAYING/LYING/WORKING/STANDING ON CARRIAGEWAY.,3,818468,1,0,1,0,1,2,1,5,Not at intersection,2,60,Arterial Other,BRIMBANK,-37.74726,144.82524,3021.0,True,Preston HS,16002.4
T20250006139,2025-04-03,17:15:00,2,Struck Pedestrian,2,Tuesday,100,PED NEAR SIDE. PED HIT BY VEHICLE FROM THE RIGHT.,1,816331,1,0,0,1,1,2,2,2,T intersection,3,50,Local Road,BAYSIDE,-37.956184,145.04207,3190.0,True,Preston HS,24046.4
T20220010819,2022-12-05,17:00:00,1,Collision with vehicle,5,Thursday,137,LEFT TURN SIDESWIPE,2,713360,2,0,0,1,1,2,2,1,Cross intersection,3,50,Local Road,MELBOURNE,-37.797653,144.9729,3053.0,True,Preston HS,6909.8
T20210022539,2021-06-11,15:20:00,1,Collision with vehicle,7,Saturday,111,RIGHT FAR (INTERSECTIONS ONLY),1,38477,2,0,0,1,1,2,1,2,T intersection,3,50,Arterial Highway,YARRA RANGES,-37.757217,145.34837,3140.0,True,Reservoir HS,28313.8
T20250018018,2025-06-07,14:00:00,1,Collision with vehicle,1,Sunday,135,LANE CHANGE LEFT (NOT OVERTAKING),1,29397,2,0,0,1,1,2,2,1,Cross intersection,3,40,Arterial Other,MELBOURNE,-37.807293,144.96884,3053.0,True,Preston HS,8031.5
T20220007336,2022-01-04,21:59:00,1,Collision with vehicle,6,Friday,140,U TURN,3,1174,2,0,1,0,1,2,1,2,T intersection,2,80,Arterial Other,CARDINIA,-38.071594,145.48003,3810.0,True,Preston HS,55382.2
T20230026205,2023-08-11,23:36:00,1,Collision with vehicle,4,Wednesday,121,RIGHT THROUGH,3,29840,2,0,1,0,1,2,1,1,Cross intersection,2,40,Arterial Other,MORELAND,-37.768856,144.96182,3056.0,True,Preston HS,4996.5
T20240023321,2024-11-09,11:56:00,1,Collision with vehicle,4,Wednesday,137,LEFT TURN SIDESWIPE,1,65851,2,0,0,1,1,2,1,1,Cross intersection,3,40,Arterial Other,MELBOURNE,-37.813168,144.95143,3008.0,True,Preston HS,9332.3
T20250011968,2025-05-05,10:00:00,1,Collision with vehicle,1,Monday,113,RIGHT NEAR (INTERSECTIONS ONLY),1,36604,2,0,0,1,1,2,2,1,Cross intersection,3,30,Local Road,YARRA,-37.805283,144.9863,3066.0,True,Preston HS,7302.6
T20210007921,2021-09-04,10:47:00,9,Other accident,6,Friday,171,LEFT OFF CARRIAGEWAY INTO OBJECT/PARKED VEHICLE,1,689732,1,0,0,2,0,2,1,4,Multiple intersection,3,40,Local Road,SWAN HILL,-35.341076,143.55862,3585.0,True,William Ruthven SC,291981.5
T20250002930,2025-04-02,05:48:00,1,Collision with vehicle,3,Tuesday,121,RIGHT THROUGH,2,45079,2,0,0,1,1,2,2,2,T intersection,3,50,Local Road,BAW BAW,-38.164127,145.93286,3820.0,True,Reservoir HS,93214.8
T20240029686,2024-11-11,16:45:00,1,Collision with vehicle,2,Monday,133,LANE SIDE SWIPE (VEHICLES IN PARALLEL LANES),1,814677,2,0,0,1,1,2,1,5,Not at intersection,3,50,Local Road,MOIRA,-36.00831,146.0044,3730.0,True,William Ruthven SC,207791.4
T20230005934,2023-07-03,09:00:00,2,Struck Pedestrian,2,Tuesday,100,PED NEAR SIDE. PED HIT BY VEHICLE FROM THE RIGHT.,1,29860,1,0,1,1,1,3,1,2,T intersection,2,60,Arterial Other,DANDENONG,-37.966938,145.18954,3174.0,True,Preston HS,29729.3
T20230023404,2023-07-10,11:18:00,8,No collision and no object struck,7,Saturday,184,OUT OF CONTROL ON CARRIAGEWAY (ON BEND),1,790965,1,0,1,0,0,1,1,5,Not at intersection,2,70,Arterial Other,MOORABOOL,-37.547276,144.3018,3341.0,True,William Ruthven SC,63946.9
T20240022979,2024-10-09,10:23:00,2,Struck Pedestrian,2,Tuesday,100,PED NEAR SIDE. PED HIT BY VEHICLE FROM THE RIGHT.,1,825087,1,0,1,0,1,2,1,1,Cross intersection,2,50,Local Road,HUME,-37.68092,144.91666,3047.0,True,William Ruthven SC,7792.5
T20220019866,2022-02-09,19:30:00,2,Struck Pedestrian,5,Friday,101,PED EMERGES FROM IN FRONT OF PARKED OR STATIONARY VEHICLE,3,723686,1,0,0,1,1,2,1,5,Not at intersection,3,60,Arterial Highway,GEELONG,-38.208088,144.34009,3216.0,True,Preston HS,78151.0
T20210000706,2021-11-01,09:15:00,1,Collision with vehicle,2,Monday,147,VEHICLE STRIKES ANOTHER VEH WHILE EMERGING FROM DRIVEWAY,1,675102,2,0,0,1,1,2,2,5,Not at intersection,3,70,,WYNDHAM,-37.847675,144.681,3029.0,True,Preston HS,30982.1
T20240022936,2024-07-09,22:10:00,2,Struck Pedestrian,7,Saturday,100,PED NEAR SIDE. PED HIT BY VEHICLE FROM THE RIGHT.,3,91787,1,0,0,1,1,2,2,1,Cross intersection,3,60,Arterial Other,STONNINGTON,-37.85322,145.04214,3146.0,True,Preston HS,12776.9
T20240004244,2024-11-02,00:05:00,4,Collision with a fixed object,1,Sunday,171,LEFT OFF CARRIAGEWAY INTO OBJECT/PARKED VEHICLE,5,814495,1,0,1,0,0,1,2,5,Not at intersection,2,100,Local Road,BULOKE,-35.679153,142.72832,3485.0,True,William Ruthven SC,302400.8
T20230004949,2023-01-03,10:45:00,1,Collision with vehicle,3,Wednesday,130,REAR END(VEHICLES IN SAME LANE),1,777501,2,0,0,1,1,2,1,5,Not at intersection,3,40,Arterial Other,YARRA,-37.803917,144.97386,3065.0,True,Preston HS,7509.8
T20250015048,2025-05-06,06:59:00,2,Struck Pedestrian,5,Thursday,100,PED NEAR SIDE. PED HIT BY VEHICLE FROM THE RIGHT.,1,45059,1,0,0,1,2,3,1,2,T intersection,3,60,Arterial Other,BRIMBANK,-37.771603,144.82973,3020.0,True,Preston HS,15943.7
T20240002953,2024-03-02,15:00:00,4,Collision with a fixed object,7,Saturday,181,OFF RIGHT BEND INTO OBJECT/PARKED VEHICLE,1,798041,1,0,1,0,0,1,2,5,Not at intersection,2,888,Local Road,BAW BAW,-37.72733,146.17595,3825.0,True,Reservoir HS,100840.5
T20210021497,2021-12-10,09:00:00,8,No collision and no object struck,3,Tuesday,174,OUT OF CONTROL ON CARRIAGEWAY (ON STRAIGHT),1,695726,1,0,0,1,0,1,2,5,Not at intersection,3,999,Local Road,WYNDHAM,-37.907734,144.64148,3030.0,True,Preston HS,37041.8
T20230023398,2023-07-10,10:39:00,1,Collision with vehicle,6,Saturday,110,CROSS TRAFFIC(INTERSECTIONS ONLY),1,36815,2,0,0,1,2,3,1,1,Cross intersection,3,60,Arterial Other,MELBOURNE,-37.809277,144.94939,3003.0,True,Preston HS,9065.9
T20250005575,2025-01-03,14:30:00,1,Collision with vehicle,7,Saturday,119,OTHER ADJACENT (INTERSECTIONS ONLY),1,47977,2,0,0,1,1,2,2,2,T intersection,3,999,Local Road,WYNDHAM,-37.860924,144.70445,3029.0,True,Preston HS,29712.2
T20230030837,2023-02-12,12:00:00,6,Vehicle overturned (no collision),7,Saturday,184,OUT OF CONTROL ON CARRIAGEWAY (ON BEND),1,796449,1,0,0,1,0,1,2,5,Not at intersection,3,60,Arterial Other,YARRA RANGES,-37.842342,145.3529,3767.0,True,Reservoir HS,31402.7
T20250012129,2025-07-05,11:12:00,1,Collision with vehicle,4,Wednesday,113,RIGHT NEAR (INTERSECTIONS ONLY),1,39958,2,0,1,0,1,2,1,2,T intersection,2,70,Arterial Other,HOBSONS BAY,-37.85321,144.85577,3016.0,True,Preston HS,18180.8
T20250023701,2025-07-03,16:54:00,5,collision with some other object,6,Friday,166,STRUCK OBJECT ON CARRIAGEWAY,9,822176,1,0,0,1,0,1,2,5,Not at intersection,3,50,Arterial Other,PORT PHILLIP,-37.89016,144.99097,3186.0,True,Preston HS,16568.7
T20210014833,2021-06-07,14:05:00,1,Collision with vehicle,3,Tuesday,152,PULLING OUT (OVERTAKING),1,687496,2,0,2,0,0,2,1,5,Not at intersection,2,60,Local Road,MORNINGTON PENINSULA,-38.222828,145.04633,3931.0,True,Preston HS,53609.4
T20240028584,2024-09-11,15:20:00,4,Collision with a fixed object,6,Saturday,181,OFF RIGHT BEND INTO OBJECT/PARKED VEHICLE,1,818021,1,0,1,0,0,1,1,5,Not at intersection,2,100,Arterial Other,TOWONG,-36.638123,147.42677,3701.0,True,Reservoir HS,244212.9
T20220007325,2022-01-04,16:55:00,2,Struck Pedestrian,6,Friday,100,PED NEAR SIDE. PED HIT BY VEHICLE FROM THE RIGHT.,1,46212,1,0,1,0,1,2,1,1,Cross intersection,2,60,Arterial Other,MACEDON RANGES,-37.4879,144.59126,3437.0,True,William Ruthven SC,43060.6
T20220015153,2022-06-07,08:30:00,2,Struck Pedestrian,3,Wednesday,102,FAR SIDE. PED HIT BY VEHICLE FROM THE LEFT,1,221489,1,0,0,1,1,2,2,1,Cross intersection,3,70,Arterial Other,MORELAND,-37.71869,144.963,3060.0,True,William Ruthven SC,4294.4
T20210010660,2021-12-05,12:20:00,1,Collision with vehicle,4,Wednesday,136,RIGHT TURN SIDESWIPE,1,687207,2,0,1,0,1,2,1,2,T intersection,2,60,Arterial Highway,BANYULE,-37.734875,145.07884,3085.0,True,Reservoir HS,4564.0
T20230003284,2023-10-02,15:54:00,2,Struck Pedestrian,5,Friday,100,PED NEAR SIDE. PED HIT BY VEHICLE FROM THE RIGHT.,1,35414,1,0,0,1,1,2,1,3,Y intersection,3,60,Arterial Other,STONNINGTON,-37.834843,144.99655,3141.0,True,Preston HS,10398.4
T20250012379,2025-09-05,07:59:00,1,Collision with vehicle,5,Friday,162,ACCIDENT OR BROKEN DOWN,1,825462,3,0,2,0,3,5,1,5,Not at intersection,2,110,Freeway,MITCHELL,-37.106678,145.09183,3659.0,True,William Ruthven SC,66057.4
T20250021016,2025-08-08,17:30:00,2,Struck Pedestrian,6,Friday,103,PED PLAYING/LYING/WORKING/STANDING ON CARRIAGEWAY.,3,821035,1,0,1,0,2,3,1,5,Not at intersection,2,50,Local Road,GEELONG,-38.16879,144.34937,3216.0,True,Preston HS,74704.6
T20250009188,2025-05-04,12:25:00,1,Collision with vehicle,6,Saturday,130,REAR END(VEHICLES IN SAME LANE),1,817049,2,0,0,1,1,2,1,5,Not at intersection,3,60,Arterial Other,MOONEE VALLEY,-37.73279,144.92395,3041.0,True,Preston HS,7378.7
T20210025300,2021-10-12,17:51:00,1,Collision with vehicle,6,Friday,148,VEHICLE OFF FOOTPATH STRIKES VEH ON CARRIAGEWAY,1,699361,2,0,1,0,1,2,1,5,Not at intersection,2,50,Local Road,BALLARAT,-37.532127,143.82275,3355.0,True,William Ruthven SC,105552.0
T20220012871,2022-03-06,16:57:00,1,Collision with vehicle,6,Friday,142,LEAVING PARKING,1,725259,2,0,0,1,1,2,2,5,Not at intersection,3,999,Local Road,WYNDHAM,-37.894093,144.77415,3030.0,True,Preston HS,26567.8
T20230008255,2023-12-03,09:45:00,6,Vehicle overturned (no collision),1,Sunday,174,OUT OF CONTROL ON CARRIAGEWAY (ON STRAIGHT),1,766678,1,0,1,0,0,1,2,5,Not at intersection,2,888,,WELLINGTON,-38.422745,146.94649,3851.0,True,Reservoir HS,184997.8
T20220004557,2022-01-03,16:20:00,1,Collision with vehicle,3,Tuesday,137,LEFT TURN SIDESWIPE,1,39084,2,0,0,1,1,2,1,1,Cross intersection,3,40,Arterial Other,BOROONDARA,-37.81093,145.0654,3103.0,True,Preston HS,9247.4
T20250006477,2025-10-03,01:30:00,1,Collision with vehicle,2,Monday,130,REAR END(VEHICLES IN SAME LANE),3,816061,2,0,0,1,1,2,1,1,Cross intersection,3,60,Arterial Other,MERRI-BEK,-37.718613,144.963,3060.0,True,William Ruthven SC,4289.5
T20240003429,2024-11-02,14:55:00,1,Collision with vehicle,0,Sunday,130,REAR END(VEHICLES IN SAME LANE),1,804466,2,0,0,2,0,2,1,5,Not at intersection,3,80,Arterial Other,EAST GIPPSLAND,-37.053036,148.80623,3888.0,True,Reservoir HS,341853.9
T20230003281,2023-10-02,11:50:00,6,Vehicle overturned (no collision),6,Friday,182,OFF CARRIAGEWAY ON LEFT BEND,1,753595,1,0,0,1,0,1,1,5,Not at intersection,3,80,Arterial Other,NILLUMBIK,-37.562508,145.31836,3763.0,True,Reservoir HS,31038.9
T20250006022,2025-05-03,19:06:00,2,Struck Pedestrian,4,Wednesday,102,FAR SIDE. PED HIT BY VEHICLE FROM THE LEFT,1,793395,1,0,1,0,1,2,1,2,T intersection,2,60,Arterial Other,MELBOURNE,-37.80715,144.95073,3003.0,True,Preston HS,8804.1
T20240009180,2024-12-04,14:55:00,4,Collision with a fixed object,6,Friday,181,OFF RIGHT BEND INTO OBJECT/PARKED VEHICLE,1,801467,1,0,1,0,0,1,1,5,Not at intersection,2,100,Local Road,EAST GIPPSLAND,-37.16252,147.55788,3898.0,True,Reservoir HS,231736.3
T20210007795,2021-07-04,17:46:00,1,Collision with vehicle,3,Wednesday,133,LANE SIDE SWIPE (VEHICLES IN PARALLEL LANES),2,809478,2,0,1,0,1,2,1,5,Not at intersection,2,100,Local Road,SWAN HILL,-35.31481,143.53462,3585.0,True,William Ruthven SC,295559.5
T20240016703,2024-02-07,13:33:00,1,Collision with vehicle,3,Tuesday,179,OTHER ACCIDENTS-OFF STRAIGHT NOT INCLUDED IN DCAs 170-175,1,806104,2,0,0,1,1,2,1,5,Not at intersection,3,60,Arterial Other,BENDIGO,-36.7266,144.31102,3550.0,True,William Ruthven SC,124044.1
T20250005721,2025-03-03,10:15:00,8,No collision and no object struck,1,Monday,179,OTHER ACCIDENTS-OFF STRAIGHT NOT INCLUDED IN DCAs 170-175,1,825204,1,0,1,0,0,1,1,2,T intersection,2,60,Local Road,GLEN EIRA,-37.9093,145.02469,3187.0,True,Preston HS,18700.2
T20240025660,2024-11-10,00:14:00,4,Collision with a fixed object,6,Friday,171,LEFT OFF CARRIAGEWAY INTO OBJECT/PARKED VEHICLE,3,809626,1,0,1,0,0,1,1,5,Not at intersection,2,100,Arterial Highway,MORNINGTON PENINSULA,-38.224895,145.09987,3933.0,True,Preston HS,54340.5
T20230025578,2023-01-11,15:20:00,1,Collision with vehicle,3,Wednesday,130,REAR END(VEHICLES IN SAME LANE),1,784951,2,0,0,1,1,2,1,5,Not at intersection,3,60,Arterial Highway,KINGSTON,-37.963425,145.07489,3192.0,True,Preston HS,25362.9
T20240000327,2024-05-01,15:30:00,1,Collision with vehicle,6,Friday,121,RIGHT THROUGH,1,50214,2,0,1,1,2,4,1,1,Cross intersection,2,60,Arterial Highway,GEELONG,-38.186886,144.4555,3224.0,True,Preston HS,69201.0
T20230007934,2023-04-04,11:40:00,6,Vehicle overturned (no collision),3,Tuesday,180,OFF CARRIAGEWAY ON RIGHT BEND,1,774473,1,0,0,1,0,1,1,5,Not at intersection,3,100,,WELLINGTON,-37.90256,147.02425,3862.0,True,Reservoir HS,176378.2
T20250000036,2025-01-01,13:00:00,1,Collision with vehicle,4,Wednesday,132,RIGHT REAR.,1,669599,2,0,2,1,0,3,1,2,T intersection,2,70,Local Road,NILLUMBIK,-37.629025,145.15257,3091.0,True,Reservoir HS,15010.3
T20250006134,2025-06-03,16:50:00,1,Collision with vehicle,5,Thursday,130,REAR END(VEHICLES IN SAME LANE),1,816812,2,0,1,0,2,3,1,2,T intersection,2,70,Local Road,FRANKSTON,-38.10071,145.18259,3201.0,True,Preston HS,42785.2
T20240006062,2024-10-03,08:53:00,1,Collision with vehicle,1,Sunday,110,CROSS TRAFFIC(INTERSECTIONS ONLY),1,41066,2,0,0,1,1,2,2,1,Cross intersection,3,60,Arterial Other,KNOX,-37.849987,145.30702,3155.0,True,Reservoir HS,28221.7
T20250020513,2025-03-08,13:28:00,1,Collision with vehicle,1,Sunday,121,RIGHT THROUGH,1,821995,2,0,1,0,1,2,1,5,Not at intersection,2,50,Local Road,WELLINGTON,-38.1073,147.06676,3850.0,True,Reservoir HS,183774.9
T20220019830,2022-02-09,12:00:00,2,Struck Pedestrian,5,Friday,102,FAR SIDE. PED HIT BY VEHICLE FROM THE LEFT,1,734275,1,0,0,1,1,2,2,2,T intersection,3,60,Arterial Other,HUME,-37.683647,144.91833,3047.0,True,William Ruthven SC,7586.1
T20230000479,2023-06-01,18:30:00,1,Collision with vehicle,6,Friday,163,VEHICLE STRIKES DOOR OF PARKED/STATIONARY VEHICLE,1,783591,2,0,0,1,2,3,2,2,T intersection,3,40,Local Road,MELBOURNE,-37.814163,144.96312,3000.0,True,Preston HS,8936.7
T20220014858,2022-02-07,12:48:00,7,Fall from or in moving vehicle,7,Saturday,190,FELL IN/FROM VEHICLE,1,732713,2,0,1,0,1,2,1,5,Not at intersection,2,40,Local Road,PORT PHILLIP,-37.8599,144.96973,3182.0,True,Preston HS,13547.1
T20230016152,2023-12-07,07:01:00,2,Struck Pedestrian,4,Wednesday,100,PED NEAR SIDE. PED HIT BY VEHICLE FROM THE RIGHT.,2,777160,1,0,0,1,1,2,1,2,T intersection,3,50,Local Road,HUME,-37.651257,144.95526,3061.0,True,William Ruthven SC,6557.4
T20220002444,2022-04-02,17:10:00,1,Collision with vehicle,6,Friday,130,REAR END(VEHICLES IN SAME LANE),1,123772,2,0,0,1,1,2,2,5,Not at intersection,3,50,Local Road,YARRA,-37.800583,144.99756,3067.0,True,Preston HS,6601.0
T20210010153,2021-06-03,10:30:00,2,Struck Pedestrian,7,Saturday,107,PED ON FOOTHPATH STRUCK BY VEHENTERING/LEAVING DRIVEWAY.,1,689987,1,0,0,1,0,1,2,5,Not at intersection,3,60,Arterial Other,FRANKSTON,-38.122894,145.13457,3198.0,True,Preston HS,43836.4
T20240025369,2024-08-10,09:49:00,1,Collision with vehicle,3,Tuesday,121,RIGHT THROUGH,1,47714,2,0,0,1,1,2,1,2,T intersection,3,60,Arterial Highway,PORT PHILLIP,-37.8697,144.98805,3182.0,True,Preston HS,14331.0
T20250017828,2025-04-07,23:56:00,1,Collision with vehicle,5,Friday,140,U TURN,3,820636,2,0,0,1,1,2,1,5,Not at intersection,3,40,Local Road,MERRI-BEK,-37.776066,144.97101,3057.0,True,Preston HS,4966.7
T20250015024,2025-04-06,18:52:00,2,Struck Pedestrian,4,Wednesday,102,FAR SIDE. PED HIT BY VEHICLE FROM THE LEFT,3,823271,1,0,1,0,1,2,1,5,Not at intersection,2,60,Arterial Other,HUME,-37.59884,144.94012,3064.0,True,William Ruthven SC,12192.6
T20230023141,2023-04-10,08:44:00,1,Collision with vehicle,3,Wednesday,142,LEAVING PARKING,1,805549,2,0,1,0,1,2,1,2,T intersection,2,40,Local Road,MELBOURNE,-37.80433,144.95541,3051.0,True,Preston HS,8315.0
T20210002961,2021-09-02,13:45:00,1,Collision with vehicle,2,Tuesday,134,LANE CHANGE RIGHT (NOT OVERTAKING),1,729795,3,0,1,0,2,3,1,2,T intersection,2,70,Local Road,MAROONDAH,-37.80039,145.29565,3136.0,True,Reservoir HS,24960.2
T20210025223,2021-09-12,14:20:00,2,Struck Pedestrian,5,Thursday,102,FAR SIDE. PED HIT BY VEHICLE FROM THE LEFT,1,704157,1,1,0,0,1,2,1,5,Not at intersection,1,60,Arterial Other,GLEN EIRA,-37.921364,145.06071,3165.0,True,Preston HS,20525.0
T20240009711,2024-11-04,18:40:00,2,Struck Pedestrian,5,Thursday,102,FAR SIDE. PED HIT BY VEHICLE FROM THE LEFT,5,1184,1,0,0,1,1,2,2,1,Cross intersection,3,40,Arterial Other,DAREBIN,-37.739616,145.01881,3072.0,True,Preston HS,1055.4
T20250006340,2025-05-03,16:04:00,1,Collision with vehicle,4,Wednesday,110,CROSS TRAFFIC(INTERSECTIONS ONLY),1,50888,2,0,0,1,1,2,1,1,Cross intersection,3,50,Local Road,WODONGA,-36.125763,146.89769,3690.0,True,William Ruthven SC,242647.7
T20240006088,2024-10-03,12:55:00,8,No collision and no object struck,1,Sunday,174,OUT OF CONTROL ON CARRIAGEWAY (ON STRAIGHT),1,799512,1,0,1,0,0,1,1,5,Not at intersection,2,80,Local Road,TOWONG,-36.667477,147.23233,3701.0,True,Reservoir HS,227661.1
T20250013114,2025-01-02,01:30:00,2,Struck Pedestrian,7,Saturday,109,ANY MANOEUVRE INVOLVING PED NOT INCLUDED IN DCAs 100-108.,6,818448,1,0,0,1,1,2,2,5,Not at intersection,3,50,Local Road,SWAN HILL,-35.343273,143.55824,3585.0,True,William Ruthven SC,291776.6
T20240005826,2024-07-03,16:08:00,2,Struck Pedestrian,4,Thursday,100,PED NEAR SIDE. PED HIT BY VEHICLE FROM THE RIGHT.,1,800246,1,0,0,1,1,2,1,5,Not at intersection,3,40,Local Road,MELBOURNE,-37.81426,144.97075,3000.0,True,Preston HS,8677.8
T20220010621,2022-11-05,08:30:00,1,Collision with vehicle,3,Wednesday,120,HEAD ON (NOT OVERTAKING),1,774632,2,0,0,1,1,2,2,5,Not at intersection,3,40,Local Road,MARIBYRNONG,-37.79948,144.90895,3011.0,True,Preston HS,10756.6
T20230010434,2023-04-05,06:15:00,1,Collision with vehicle,5,Thursday,116,LEFT NEAR (INTERSECTIONS ONLY),6,69035,2,0,0,2,0,2,2,2,T intersection,3,70,Arterial Highway,GLEN EIRA,-37.90296,145.03264,3162.0,True,Preston HS,18071.1
T20220007771,2022-07-04,08:50:00,2,Struck Pedestrian,5,Thursday,109,ANY MANOEUVRE INVOLVING PED NOT INCLUDED IN DCAs 100-108.,1,782052,1,0,0,1,1,2,1,5,Not at intersection,3,40,Local Road,MELBOURNE,-37.812187,144.97021,3000.0,True,Preston HS,8481.9
T20220012587,2022-03-06,16:10:00,1,Collision with vehicle,6,Friday,160,VEHICLE COLLIDES WITH VEHICLE PARKED ON LEFT OF ROAD,1,785535,3,0,1,2,1,4,1,5,Not at intersection,2,60,Arterial Other,BRIMBANK,-37.747032,144.8233,3021.0,True,Preston HS,16171.9
T20240024854,2024-02-10,14:20:00,1,Collision with vehicle,4,Wednesday,110,CROSS TRAFFIC(INTERSECTIONS ONLY),1,38074,2,0,1,0,1,2,1,1,Cross intersection,2,50,Local Road,DAREBIN,-37.76758,145.0212,3078.0,True,Preston HS,3133.4
T20220007983,2022-09-04,16:30:00,6,Vehicle overturned (no collision),7,Saturday,184,OUT OF CONTROL ON CARRIAGEWAY (ON BEND),1,709761,1,0,0,1,0,1,1,5,Not at intersection,3,100,Arterial Other,NORTHERN GRAMPIANS,-37.16027,142.49597,3381.0,True,William Ruthven SC,229255.5
T20230010390,2023-03-05,21:05:00,2,Struck Pedestrian,4,Wednesday,100,PED NEAR SIDE. PED HIT BY VEHICLE FROM THE RIGHT.,3,773614,1,0,1,0,1,2,1,5,Not at intersection,2,70,Arterial Other,MARIBYRNONG,-37.77939,144.8508,3019.0,True,Preston HS,14365.0
T20240006664,2024-04-03,10:50:00,1,Collision with vehicle,2,Monday,130,REAR END(VEHICLES IN SAME LANE),1,808269,2,0,0,1,1,2,2,1,Cross intersection,3,80,Arterial Highway,MONASH,-37.911224,145.12228,3166.0,True,Preston HS,21393.2
T20220017751,2022-08-08,15:20:00,2,Struck Pedestrian,1,Monday,100,PED NEAR SIDE. PED HIT BY VEHICLE FROM THE RIGHT.,1,722633,1,0,1,0,0,1,1,5,Not at intersection,2,40,Local Road,CENTRAL GOLDFIELDS,-37.051598,143.73517,3465.0,True,William Ruthven SC,133016.7
T20220020346,2022-09-09,08:50:00,1,Collision with vehicle,6,Friday,116,LEFT NEAR (INTERSECTIONS ONLY),1,747907,2,0,1,0,1,2,1,2,T intersection,2,40,Local Road,BRIMBANK,-37.733467,144.76625,3021.0,True,Preston HS,21199.0
T20240020151,2024-08-08,17:15:00,6,Vehicle overturned (no collision),5,Thursday,174,OUT OF CONTROL ON CARRIAGEWAY (ON STRAIGHT),1,807279,1,0,0,1,0,1,1,2,T intersection,3,50,Local Road,GEELONG,-38.26132,144.51244,3226.0,True,Preston HS,72228.6
T20230023744,2023-11-10,15:43:00,1,Collision with vehicle,4,Wednesday,135,LANE CHANGE LEFT (NOT OVERTAKING),1,783506,2,0,0,1,1,2,1,5,Not at intersection,3,40,Arterial Other,BOROONDARA,-37.8253,145.03485,3122.0,True,Preston HS,9610.5
T20220010399,2022-09-05,09:20:00,2,Struck Pedestrian,2,Monday,100,PED NEAR SIDE. PED HIT BY VEHICLE FROM THE RIGHT.,1,711987,1,0,1,0,1,2,1,5,Not at intersection,2,60,Local Road,WODONGA,-36.122025,146.8898,3690.0,True,William Ruthven SC,242464.1
T20240017405,2024-10-07,06:49:00,1,Collision with vehicle,4,Wednesday,130,REAR END(VEHICLES IN SAME LANE),2,806363,2,0,1,2,1,4,1,5,Not at intersection,2,60,Freeway,MELBOURNE,-37.826363,144.94907,3006.0,True,Preston HS,10706.6
T20250015295,2025-07-06,16:30:00,6,Vehicle overturned (no collision),6,Saturday,149,OTHER MANOEUVRING NOT INCLUDED IN DCAs 140-148,1,823837,2,0,0,1,1,2,2,5,Not at intersection,3,50,Local Road,HUME,-37.67853,144.87505,3049.0,True,William Ruthven SC,11434.8