ACCIDENT_NO,ACCIDENT_DATE,ACCIDENT_TIME,ACCIDENT_TYPE,ACCIDENT_TYPE_DESC,DAY_OF_WEEK,DAY_WEEK_DESC,DCA_CODE,DCA_DESC,LIGHT_CONDITION,NODE_ID,NO_OF_VEHICLES,NO_PERSONS_KILLED,NO_PERSONS_INJ_2,NO_PERSONS_INJ_3,NO_PERSONS_NOT_INJ,NO_PERSONS,POLICE_ATTEND,ROAD_GEOMETRY,ROAD_GEOMETRY_DESC,SEVERITY,SPEED_ZONE,RMA,LGA_NAME,LATITUDE,LONGITUDE,POSTCODE_CRASH,PED_OR_CYC,nearest_school,dist_to_gate_m
T20220025597,2022-12-11,22:31:00,2,Struck Pedestrian,6,Saturday,100,PED NEAR SIDE. PED HIT BY VEHICLE FROM THE RIGHT.,3,735067,1,0,0,1,1,2,1,2,T intersection,3,50,Local Road,KINGSTON,-37.937695,145.05858,3189.0,True,Preston HS,22257.6
T20240000611,2024-09-01,14:06:00,2,Struck Pedestrian,2,Tuesday,100,PED NEAR SIDE. PED HIT BY VEHICLE FROM THE RIGHT.,1,796008,1,0,1,0,1,2,1,1,Cross intersection,2,70,Arterial Other,WHITTLESEA,-37.66433,145.00543,3075.0,True,William Ruthven SC,3588.0
T20230003151,2023-09-02,08:35:00,1,Collision with vehicle,5,Thursday,137,LEFT TURN SIDESWIPE,1,38050,2,0,1,0,1,2,1,1,Cross intersection,2,60,Arterial Other,DAREBIN,-37.782944,145.01978,3078.0,True,Preston HS,4719.6
T20230008803,2023-10-03,12:40:00,1,Collision with vehicle,5,Friday,111,RIGHT FAR (INTERSECTIONS ONLY),1,42975,2,0,0,1,2,3,2,1,Cross intersection,3,80,Arterial Highway,DANDENONG,-37.963478,145.19067,3174.0,True,Preston HS,29460.3
T20240011717,2024-08-05,18:00:00,1,Collision with vehicle,3,Wednesday,121,RIGHT THROUGH,3,43487,2,0,0,1,1,2,1,2,T intersection,3,60,Local Road,FRANKSTON,-38.14374,145.13538,3199.0,True,Preston HS,46098.4
T20240008913,2024-09-04,18:00:00,1,Collision with vehicle,3,Tuesday,137,LEFT TURN SIDESWIPE,1,39826,2,0,0,1,2,3,1,2,T intersection,3,60,Arterial Other,YARRA RANGES,-37.802822,145.3153,3137.0,True,Reservoir HS,26675.8
T20250012838,2025-08-05,15:30:00,1,Collision with vehicle,5,Thursday,163,VEHICLE STRIKES DOOR OF PARKED/STATIONARY VEHICLE,1,818348,2,0,0,1,1,2,2,5,Not at intersection,3,30,Local Road,YARRA,-37.798565,144.98434,3066.0,True,Preston HS,6632.0
T20210022762,2021-07-11,16:45:00,6,Vehicle overturned (no collision),1,Sunday,174,OUT OF CONTROL ON CARRIAGEWAY (ON STRAIGHT),1,705396,1,0,1,0,0,1,1,2,T intersection,2,100,Local Road,MURRINDINDI,-37.04526,145.55891,3719.0,True,William Ruthven SC,87509.0
T20220015364,2022-09-07,10:35:00,7,Fall from or in moving vehicle,6,Saturday,179,OTHER ACCIDENTS-OFF STRAIGHT NOT INCLUDED IN DCAs 170-175,1,718617,1,0,0,1,0,1,1,5,Not at intersection,3,60,Arterial Other,STONNINGTON,-37.841892,145.0157,3142.0,True,Preston HS,11166.4
T20220024772,2022-03-11,15:10:00,6,Vehicle overturned (no collision),4,Thursday,174,OUT OF CONTROL ON CARRIAGEWAY (ON STRAIGHT),1,735880,2,0,0,1,3,4,1,9,Unknown,3,100,Arterial Highway,SOUTH GIPPSLAND,-38.54819,145.94945,3954.0,True,Preston HS,121789.8
T20240024779,2024-01-10,16:00:00,1,Collision with vehicle,3,Tuesday,134,LANE CHANGE RIGHT (NOT OVERTAKING),1,810663,2,0,1,0,1,2,1,5,Not at intersection,2,50,Local Road,CASEY,-38.098186,145.28409,3977.0,True,Preston HS,46493.3
T20220010647,2022-11-05,13:28:00,1,Collision with vehicle,4,Wednesday,153,CUTTING IN (OVERTAKING),1,715571,2,0,0,1,1,2,2,5,Not at intersection,3,40,Local Road,BOROONDARA,-37.824986,145.09337,3127.0,True,Preston HS,11968.5
T20250021032,2025-08-08,18:53:00,2,Struck Pedestrian,6,Friday,100,PED NEAR SIDE. PED HIT BY VEHICLE FROM THE RIGHT.,3,820989,1,1,0,0,1,2,1,5,Not at intersection,1,70,Arterial Other,HUME,-37.67724,144.88423,3049.0,True,William Ruthven SC,10668.4
T20210003037,2021-10-02,08:30:00,1,Collision with vehicle,4,Wednesday,130,REAR END(VEHICLES IN SAME LANE),1,675264,2,0,1,0,1,2,1,5,Not at intersection,2,40,Local Road,PORT PHILLIP,-37.831093,144.9585,3205.0,True,Preston HS,10818.7
T20210010679,2021-12-05,16:00:00,1,Collision with vehicle,4,Wednesday,130,REAR END(VEHICLES IN SAME LANE),1,683556,2,0,1,0,1,2,1,5,Not at intersection,2,80,Freeway,BRIMBANK,-37.7157,144.8362,3036.0,True,William Ruthven SC,14826.8
T20250003744,2025-12-02,09:30:00,1,Collision with vehicle,4,Wednesday,154,PULLING OUT -REAR END,1,815000,2,0,0,1,1,2,1,5,Not at intersection,3,50,Local Road,DAREBIN,-37.74284,145.02507,3072.0,True,Preston HS,1585.2
T20230006209,2023-01-02,06:47:00,1,Collision with vehicle,4,Wednesday,116,LEFT NEAR (INTERSECTIONS ONLY),2,45616,2,0,0,1,1,2,2,1,Cross intersection,3,999,Arterial Other,MORELAND,-37.75521,144.96217,3056.0,True,Preston HS,4226.4
T20240031404,2024-07-12,16:36:00,1,Collision with vehicle,6,Saturday,110,CROSS TRAFFIC(INTERSECTIONS ONLY),1,47384,2,0,0,1,2,3,1,1,Cross intersection,3,40,Local Road,DAREBIN,-37.737602,145.01727,3072.0,True,Preston HS,1003.7
T20230000786,2023-12-01,07:41:00,1,Collision with vehicle,5,Thursday,120,HEAD ON (NOT OVERTAKING),1,748043,3,0,1,0,2,3,1,5,Not at intersection,2,80,Local Road,CARDINIA,-38.025246,145.4465,3810.0,True,Reservoir HS,49742.4
T20220010080,2022-05-05,10:37:00,1,Collision with vehicle,5,Thursday,147,VEHICLE STRIKES ANOTHER VEH WHILE EMERGING FROM DRIVEWAY,1,190214,2,0,0,1,1,2,1,5,Not at intersection,3,70,Arterial Highway,DAREBIN,-37.710308,145.04907,3083.0,True,Reservoir HS,2191.2
T20240028550,2024-09-11,08:20:00,3,Struck animal,6,Saturday,167,STRUCK ANIMAL,1,814674,1,0,1,0,0,1,1,5,Not at intersection,2,80,Arterial Other,SOUTH GIPPSLAND,-38.94167,146.27766,3960.0,True,Preston HS,173438.6
T20230008423,2023-10-04,16:11:00,6,Vehicle overturned (no collision),2,Monday,184,OUT OF CONTROL ON CARRIAGEWAY (ON BEND),1,767377,1,0,0,1,0,1,1,5,Not at intersection,3,100,Arterial Other,INDIGO,-36.334152,146.6878,3747.0,True,William Ruthven SC,212890.9
T20210017757,2021-09-07,20:20:00,8,No collision and no object struck,5,Friday,149,OTHER MANOEUVRING NOT INCLUDED IN DCAs 140-148,9,690708,1,0,0,1,0,1,2,5,Not at intersection,3,40,Local Road,GEELONG,-38.166275,144.39119,3219.0,True,Preston HS,71728.4
T20210006064,2021-12-03,09:00:00,2,Struck Pedestrian,6,Friday,102,FAR SIDE. PED HIT BY VEHICLE FROM THE LEFT,1,42747,1,0,0,1,1,2,2,1,Cross intersection,3,60,Local Road,KINGSTON,-37.965412,145.0557,3192.0,True,Preston HS,25238.9
T20240022991,2024-09-09,14:15:00,4,Collision with a fixed object,2,Monday,164,PERMANENT OBSTRUCTION ON CARRIAGEWAY,1,808867,1,0,1,0,0,1,2,5,Not at intersection,2,40,Arterial Other,INDIGO,-36.359623,146.68687,3747.0,True,William Ruthven SC,210808.9
T20230026397,2023-05-11,09:30:00,1,Collision with vehicle,0,Sunday,140,U TURN,1,795601,2,0,0,1,1,2,2,5,Not at intersection,3,50,Local Road,YARRA,-37.81,145.00073,3067.0,True,Preston HS,7615.2
T20210000491,2021-08-01,12:10:00,6,Vehicle overturned (no collision),6,Friday,184,OUT OF CONTROL ON CARRIAGEWAY (ON BEND),1,681861,1,0,1,0,0,1,1,5,Not at intersection,2,100,Arterial Other,STRATHBOGIE,-36.92607,145.65451,3666.0,True,William Ruthven SC,103245.7
T20230023632,2023-10-10,09:00:00,1,Collision with vehicle,2,Tuesday,163,VEHICLE STRIKES DOOR OF PARKED/STATIONARY VEHICLE,1,785257,2,0,0,1,1,2,2,5,Not at intersection,3,999,Local Road,GLEN EIRA,-37.88529,145.00871,3185.0,True,Preston HS,15967.1
T20240003309,2024-10-02,08:07:00,1,Collision with vehicle,7,Saturday,130,REAR END(VEHICLES IN SAME LANE),1,798046,2,0,0,1,1,2,1,5,Not at intersection,3,50,Local Road,BANYULE,-37.7447,145.07893,3084.0,True,Reservoir HS,5012.0
T20250006432,2025-09-03,13:35:00,5,collision with some other object,1,Sunday,166,STRUCK OBJECT ON CARRIAGEWAY,1,816537,1,0,1,0,0,1,1,5,Not at intersection,2,80,Arterial Other,MOORABOOL,-37.545757,144.30269,3341.0,True,William Ruthven SC,63915.9
T20230026461,2023-10-11,18:25:00,1,Collision with vehicle,5,Friday,135,LANE CHANGE LEFT (NOT OVERTAKING),1,786513,2,0,0,1,1,2,2,5,Not at intersection,3,60,Arterial Other,PORT PHILLIP,-37.844803,144.94225,3207.0,True,Preston HS,12802.6
T20220025725,2022-05-11,13:00:00,6,Vehicle overturned (no collision),7,Saturday,174,OUT OF CONTROL ON CARRIAGEWAY (ON STRAIGHT),9,50056,1,0,0,1,0,1,2,1,Cross intersection,3,50,Arterial Other,GEELONG,-38.16138,144.3859,3219.0,True,Preston HS,71724.3
T20220028082,2022-10-12,18:02:00,8,No collision and no object struck,6,Saturday,184,OUT OF CONTROL ON CARRIAGEWAY (ON BEND),1,740888,1,0,0,1,0,1,1,5,Not at intersection,3,60,Local Road,YARRA RANGES,-37.887527,145.4285,3793.0,True,Reservoir HS,39579.7
T20220022129,2022-01-10,21:30:00,1,Collision with vehicle,6,Saturday,116,LEFT NEAR (INTERSECTIONS ONLY),3,736771,3,0,1,0,2,3,1,1,Cross intersection,2,70,Arterial Highway,GLEN EIRA,-37.87513,145.04004,3161.0,True,Preston HS,15116.3
T20250000867,2025-11-01,18:45:00,2,Struck Pedestrian,7,Saturday,107,PED ON FOOTHPATH STRUCK BY VEHENTERING/LEAVING DRIVEWAY.,1,814502,1,0,0,1,1,2,1,5,Not at intersection,3,50,Local Road,BRIMBANK,-37.74142,144.79457,3021.0,True,Preston HS,18687.9
T20220013208,2022-11-06,15:30:00,1,Collision with vehicle,6,Saturday,116,LEFT NEAR (INTERSECTIONS ONLY),1,44036,2,0,0,1,1,2,1,4,Multiple intersection,3,90,Arterial Highway,MORNINGTON PENINSULA,-38.27209,145.18996,3913.0,True,Preston HS,61114.0
T20250015466,2025-10-06,07:05:00,2,Struck Pedestrian,3,Tuesday,102,FAR SIDE. PED HIT BY VEHICLE FROM THE LEFT,2,819584,1,0,1,0,1,2,1,5,Not at intersection,2,40,Local Road,DAREBIN,-37.771885,145.02103,3078.0,True,Preston HS,3572.8
T20220000097,2022-02-01,12:00:00,1,Collision with vehicle,1,Sunday,137,LEFT TURN SIDESWIPE,1,57350,2,0,0,2,0,2,2,3,Y intersection,3,50,Arterial Highway,YARRA RANGES,-37.66044,145.37408,3775.0,True,Reservoir HS,31101.2
T20240003023,2024-07-02,11:05:00,2,Struck Pedestrian,4,Wednesday,100,PED NEAR SIDE. PED HIT BY VEHICLE FROM THE RIGHT.,1,798514,1,0,1,0,1,2,1,2,T intersection,2,70,Arterial Highway,DAREBIN,-37.72005,145.0366,3083.0,True,Reservoir HS,685.1
T20230005022,2023-02-03,12:00:00,2,Struck Pedestrian,5,Thursday,100,PED NEAR SIDE. PED HIT BY VEHICLE FROM THE RIGHT.,1,758155,1,0,1,0,1,2,1,5,Not at intersection,2,60,,BALLARAT,-37.58638,143.84097,3356.0,True,William Ruthven SC,103045.2
T20250002308,2025-05-01,15:00:00,6,Vehicle overturned (no collision),1,Sunday,174,OUT OF CONTROL ON CARRIAGEWAY (ON STRAIGHT),1,814373,1,0,0,1,0,1,2,5,Not at intersection,3,50,Local Road,MITCHELL,-37.37741,145.08064,3658.0,True,William Ruthven SC,36140.1
T20230028491,2023-02-12,19:20:00,1,Collision with vehicle,7,Saturday,121,RIGHT THROUGH,1,300009,2,0,2,0,0,2,1,5,Not at intersection,2,60,Arterial Other,WANGARATTA,-36.35999,146.31584,3677.0,True,William Ruthven SC,188858.8
T20210025311,2021-09-12,16:56:00,8,No collision and no object struck,4,Thursday,174,OUT OF CONTROL ON CARRIAGEWAY (ON STRAIGHT),1,781396,1,0,0,1,0,1,1,5,Not at intersection,3,50,Local Road,BANYULE,-37.73613,145.05191,3081.0,True,Reservoir HS,2500.0
T20240028464,2024-08-11,14:57:00,2,Struck Pedestrian,6,Friday,100,PED NEAR SIDE. PED HIT BY VEHICLE FROM THE RIGHT.,1,810657,1,0,1,0,1,2,1,4,Multiple intersection,2,50,Arterial Highway,KINGSTON,-37.967308,145.0591,3192.0,True,Preston HS,25498.5
T20220012501,2022-02-06,15:25:00,1,Collision with vehicle,4,Thursday,135,LANE CHANGE LEFT (NOT OVERTAKING),1,781959,2,0,0,1,1,2,1,5,Not at intersection,3,40,Local Road,STONNINGTON,-37.848347,144.9939,3181.0,True,Preston HS,11915.2
T20220001016,2022-12-01,17:45:00,1,Collision with vehicle,4,Wednesday,134,LANE CHANGE RIGHT (NOT OVERTAKING),9,702184,2,0,0,2,0,2,2,5,Not at intersection,3,999,Freeway,MELBOURNE,-37.825497,144.94107,3008.0,True,Preston HS,10977.0
T20250009572,2025-09-04,13:55:00,2,Struck Pedestrian,4,Wednesday,100,PED NEAR SIDE. PED HIT BY VEHICLE FROM THE RIGHT.,1,817198,1,0,0,1,1,2,1,1,Cross intersection,3,50,Local Road,DANDENONG,-37.976677,145.20203,3175.0,True,Preston HS,31233.7
T20220027830,2022-08-12,05:15:00,8,No collision and no object struck,5,Thursday,174,OUT OF CONTROL ON CARRIAGEWAY (ON STRAIGHT),2,60279,1,0,1,0,0,1,1,2,T intersection,2,50,Arterial Other,MACEDON RANGES,-37.24696,144.45366,3444.0,True,William Ruthven SC,69636.4
T20240015336,2024-01-06,07:00:00,1,Collision with vehicle,7,Saturday,130,REAR END(VEHICLES IN SAME LANE),1,805190,2,0,0,1,1,2,1,3,Y intersection,3,60,Arterial Other,PORT PHILLIP,-37.856304,144.98256,3182.0,True,Preston HS,12924.5
T20230028610,2023-04-12,10:35:00,1,Collision with vehicle,1,Monday,110,CROSS TRAFFIC(INTERSECTIONS ONLY),1,65924,2,0,0,1,1,2,1,1,Cross intersection,3,40,Local Road,MARIBYRNONG,-37.814907,144.8689,3013.0,True,Preston HS,14621.5
T20240028685,2024-10-11,21:24:00,1,Collision with vehicle,1,Sunday,110,CROSS TRAFFIC(INTERSECTIONS ONLY),3,71430,2,0,1,0,1,2,1,1,Cross intersection,2,50,Local Road,GEELONG,-38.095306,144.34837,3214.0,True,Preston HS,69892.3
T20240028325,2024-07-11,12:08:00,8,No collision and no object struck,5,Thursday,174,OUT OF CONTROL ON CARRIAGEWAY (ON STRAIGHT),1,35824,1,0,1,0,0,1,1,2,T intersection,2,80,Arterial Highway,LATROBE,-38.190784,146.56079,3844.0,True,Reservoir HS,144009.3
T20220021504,2022-12-08,22:30:00,2,Struck Pedestrian,6,Friday,100,PED NEAR SIDE. PED HIT BY VEHICLE FROM THE RIGHT.,3,782776,1,0,0,1,1,2,2,5,Not at intersection,3,40,Freeway,MELBOURNE,-37.818768,144.97589,3004.0,True,Preston HS,8997.8
T20230010426,2023-10-03,11:30:00,6,Vehicle overturned (no collision),6,Friday,180,OFF CARRIAGEWAY ON RIGHT BEND,1,783797,1,0,1,0,0,1,2,5,Not at intersection,2,999,,STRATHBOGIE,-36.773457,145.15239,3608.0,True,William Ruthven SC,103490.7
T20240031462,2024-08-12,11:45:00,1,Collision with vehicle,1,Sunday,130,REAR END(VEHICLES IN SAME LANE),1,812134,2,0,0,1,1,2,1,5,Not at intersection,3,80,Freeway,MELBOURNE,-37.830475,144.89996,3207.0,True,Preston HS,13641.5
T20210011768,2021-06-05,16:10:00,1,Collision with vehicle,5,Thursday,148,VEHICLE OFF FOOTPATH STRIKES VEH ON CARRIAGEWAY,1,40092,2,0,0,1,1,2,2,2,T intersection,3,60,Arterial Highway,PORT PHILLIP,-37.857716,144.98355,3182.0,True,Preston HS,13065.3
T20220001739,2022-04-01,17:30:00,6,Vehicle overturned (no collision),3,Tuesday,182,OFF CARRIAGEWAY ON LEFT BEND,1,715413,1,0,0,1,0,1,2,5,Not at intersection,3,100,Arterial Other,NILLUMBIK,-37.55953,145.32378,3763.0,True,Reservoir HS,31620.2
T20240003155,2024-08-02,16:57:00,8,No collision and no object struck,5,Thursday,151,OUT OF CONTROL (OVERTAKING),1,797848,1,0,1,0,0,1,1,5,Not at intersection,2,100,Local Road,MOUNT ALEXANDER,-37.08764,144.34036,3448.0,True,William Ruthven SC,89503.9
T20220028130,2022-11-12,09:38:00,1,Collision with vehicle,0,Sunday,121,RIGHT THROUGH,1,29356,2,0,0,1,2,3,1,2,T intersection,3,40,Arterial Other,MORELAND,-37.76549,144.96239,3056.0,True,Preston HS,4738.0
T20240011991,2024-10-05,16:00:00,6,Vehicle overturned (no collision),5,Friday,174,OUT OF CONTROL ON CARRIAGEWAY (ON STRAIGHT),1,803135,1,0,0,1,0,1,2,5,Not at intersection,3,40,Arterial Other,DAREBIN,-37.782722,144.99637,3070.0,True,Preston HS,4657.9
T20250013982,2025-01-05,09:20:00,2,Struck Pedestrian,4,Thursday,100,PED NEAR SIDE. PED HIT BY VEHICLE FROM THE RIGHT.,1,818743,1,0,0,1,1,2,2,1,Cross intersection,3,60,Arterial Highway,MORNINGTON PENINSULA,-38.226574,145.04884,3931.0,True,Preston HS,54039.5
T20240002554,2024-01-02,20:20:00,1,Collision with vehicle,5,Thursday,120,HEAD ON (NOT OVERTAKING),3,801442,3,0,1,0,2,3,1,5,Not at intersection,2,50,Local Road,LATROBE,-38.43144,146.32806,3870.0,True,Reservoir HS,138335.9
T20230028882,2023-01-12,10:20:00,1,Collision with vehicle,5,Friday,163,VEHICLE STRIKES DOOR OF PARKED/STATIONARY VEHICLE,1,810717,2,0,0,1,1,2,2,5,Not at intersection,3,50,Arterial Other,YARRA,-37.824024,145.01501,3121.0,True,Preston HS,9180.4
T20210003202,2021-11-02,21:51:00,1,Collision with vehicle,5,Thursday,121,RIGHT THROUGH,3,133812,2,1,1,1,0,3,1,1,Cross intersection,1,80,Arterial Highway,DANDENONG,-37.933228,145.157,3171.0,True,Preston HS,25036.8
T20230000631,2023-10-01,10:00:00,1,Collision with vehicle,3,Tuesday,133,LANE SIDE SWIPE (VEHICLES IN PARALLEL LANES),1,44687,3,0,0,1,2,3,1,2,T intersection,3,60,Arterial Highway,BANYULE,-37.73002,145.07942,3085.0,True,Reservoir HS,4480.1
T20250020605,2025-04-08,17:59:00,2,Struck Pedestrian,2,Monday,102,FAR SIDE. PED HIT BY VEHICLE FROM THE LEFT,3,673,1,0,0,1,1,2,1,1,Cross intersection,3,80,Arterial Highway,GLEN EIRA,-37.89761,145.00566,3186.0,True,Preston HS,17336.9
T20230011021,2023-10-05,09:55:00,2,Struck Pedestrian,3,Wednesday,100,PED NEAR SIDE. PED HIT BY VEHICLE FROM THE RIGHT.,1,41746,1,0,0,1,1,2,2,2,T intersection,3,50,Arterial Other,MONASH,-37.91743,145.13992,3168.0,True,Preston HS,22757.3
T20250000414,2025-05-01,09:00:00,1,Collision with vehicle,0,Sunday,121,RIGHT THROUGH,1,1237,2,0,0,1,1,2,2,2,T intersection,3,60,Arterial Other,NILLUMBIK,-37.70366,145.17914,3095.0,True,Reservoir HS,13335.6
T20250017368,2025-04-05,13:45:00,6,Vehicle overturned (no collision),1,Sunday,184,OUT OF CONTROL ON CARRIAGEWAY (ON BEND),1,822761,1,0,0,1,0,1,2,5,Not at intersection,3,999,Local Road,YARRA RANGES,-37.642136,145.36252,3775.0,True,Reservoir HS,30643.4
T20250014549,2025-11-05,16:30:00,8,No collision and no object struck,0,Sunday,174,OUT OF CONTROL ON CARRIAGEWAY (ON STRAIGHT),1,818836,1,0,0,1,0,1,2,5,Not at intersection,3,60,Local Road,CASEY,-38.095245,145.25027,3977.0,True,Preston HS,44726.6
T20230000480,2023-08-01,08:45:00,1,Collision with vehicle,1,Sunday,147,VEHICLE STRIKES ANOTHER VEH WHILE EMERGING FROM DRIVEWAY,1,73988,2,0,0,1,1,2,2,2,T intersection,3,60,Local Road,BASS COAST,-38.45233,145.23482,3922.0,True,Preston HS,81492.3
T20220002336,2022-04-02,06:30:00,1,Collision with vehicle,6,Friday,130,REAR END(VEHICLES IN SAME LANE),1,713339,3,0,1,0,2,3,1,5,Not at intersection,2,60,Arterial Other,WHITTLESEA,-37.63232,145.02722,3076.0,True,William Ruthven SC,7452.6
T20210018906,2021-09-09,05:45:00,4,Collision with a fixed object,5,Thursday,171,LEFT OFF CARRIAGEWAY INTO OBJECT/PARKED VEHICLE,2,692319,1,1,0,0,0,1,1,5,Not at intersection,1,80,Arterial Other,NILLUMBIK,-37.650635,145.18962,3099.0,True,Reservoir HS,16200.4
T20230023013,2023-02-10,18:35:00,2,Struck Pedestrian,2,Monday,100,PED NEAR SIDE. PED HIT BY VEHICLE FROM THE RIGHT.,1,36488,1,0,1,0,1,2,1,1,Cross intersection,2,40,Arterial Highway,YARRA,-37.793453,144.9793,3065.0,True,Preston HS,6252.0
T20210019158,2021-12-09,09:00:00,8,No collision and no object struck,1,Sunday,184,OUT OF CONTROL ON CARRIAGEWAY (ON BEND),1,696367,1,0,0,1,0,1,2,5,Not at intersection,3,999,Local Road,MACEDON RANGES,-37.488605,144.4758,3437.0,True,William Ruthven SC,51885.7
T20220013181,2022-09-06,08:55:00,1,Collision with vehicle,4,Thursday,135,LANE CHANGE LEFT (NOT OVERTAKING),1,782023,2,0,0,1,1,2,2,5,Not at intersection,3,50,Arterial Other,MORELAND,-37.75855,144.97455,3056.0,True,Preston HS,3420.6
T20220020055,2022-05-09,15:25:00,1,Collision with vehicle,2,Monday,119,OTHER ADJACENT (INTERSECTIONS ONLY),1,23933,2,0,0,1,1,2,1,1,Cross intersection,3,60,Local Road,WYNDHAM,-37.88459,144.73285,3030.0,True,Preston HS,28859.2
T20250007659,2024-01-10,17:00:00,4,Collision with a fixed object,3,Tuesday,179,OTHER ACCIDENTS-OFF STRAIGHT NOT INCLUDED IN DCAs 170-175,1,816490,1,0,0,1,1,2,2,1,Cross intersection,3,888,Local Road,FRANKSTON,-38.126366,145.1604,3200.0,True,Preston HS,44836.1
T20210022344,2021-05-11,16:35:00,1,Collision with vehicle,6,Friday,121,RIGHT THROUGH,1,38577,2,0,1,0,1,2,1,2,T intersection,2,60,Arterial Other,HOBSONS BAY,-37.81998,144.84935,3012.0,True,Preston HS,16369.7
T20250012103,2025-06-05,19:05:00,1,Collision with vehicle,2,Tuesday,121,RIGHT THROUGH,3,65967,2,0,0,1,1,2,1,2,T intersection,3,60,Local Road,BOROONDARA,-37.81611,145.06154,3126.0,True,Preston HS,9557.8
T20230005544,2023-08-03,09:37:00,1,Collision with vehicle,4,Wednesday,110,CROSS TRAFFIC(INTERSECTIONS ONLY),1,37508,2,0,1,0,3,4,1,1,Cross intersection,2,60,Arterial Other,PORT PHILLIP,-37.83554,144.95613,3205.0,True,Preston HS,11355.2
T20230030775,2023-02-10,07:00:00,8,No collision and no object struck,2,Monday,174,OUT OF CONTROL ON CARRIAGEWAY (ON STRAIGHT),2,797583,1,0,0,1,0,1,2,5,Not at intersection,3,70,Arterial Other,WHITEHORSE,-37.851727,145.13242,3151.0,True,Preston HS,16459.9
T20230029015,2023-08-12,12:37:00,2,Struck Pedestrian,6,Friday,102,FAR SIDE. PED HIT BY VEHICLE FROM THE LEFT,1,37590,1,0,1,0,2,3,1,1,Cross intersection,2,60,Arterial Other,MELBOURNE,-37.83908,144.97658,3004.0,True,Preston HS,11155.3
T20240015490,2024-12-06,15:50:00,1,Collision with vehicle,4,Wednesday,130,REAR END(VEHICLES IN SAME LANE),1,805353,2,0,0,1,1,2,2,1,Cross intersection,3,60,Arterial Other,MELTON,-37.76339,144.73886,3023.0,True,Preston HS,23706.0
T20210000537,2021-08-01,11:05:00,1,Collision with vehicle,6,Friday,130,REAR END(VEHICLES IN SAME LANE),1,673328,2,0,1,1,1,3,1,5,Not at intersection,2,100,,HEPBURN,-37.28278,144.1566,3461.0,True,William Ruthven SC,87710.7
T20230021794,2023-09-09,22:40:00,1,Collision with vehicle,7,Saturday,121,RIGHT THROUGH,9,799682,2,0,1,0,1,2,2,1,Cross intersection,2,999,Local Road,YARRA,-37.794037,144.98822,3068.0,True,Preston HS,6051.6
T20240031500,2024-02-11,09:00:00,8,No collision and no object struck,7,Saturday,174,OUT OF CONTROL ON CARRIAGEWAY (ON STRAIGHT),1,812135,1,0,0,1,0,1,2,5,Not at intersection,3,100,Arterial Highway,EAST GIPPSLAND,-37.13149,147.52077,3898.0,True,Reservoir HS,229589.7
T20230012834,2023-01-06,19:18:00,1,Collision with vehicle,5,Thursday,150,HEAD ON(OVERTAKING),5,780275,2,1,0,0,2,3,1,5,Not at intersection,1,80,Arterial Other,WYNDHAM,-37.918045,144.6927,3030.0,True,Preston HS,33866.5
T20230005863,2023-11-03,13:40:00,6,Vehicle overturned (no collision),7,Saturday,174,OUT OF CONTROL ON CARRIAGEWAY (ON STRAIGHT),1,774037,1,0,1,0,0,1,1,5,Not at intersection,2,60,Arterial Other,MACEDON RANGES,-37.355873,144.52837,3442.0,True,William Ruthven SC,56451.2
T20240022789,2024-07-09,15:45:00,1,Collision with vehicle,7,Saturday,130,REAR END(VEHICLES IN SAME LANE),1,808359,2,0,0,1,1,2,1,5,Not at intersection,3,60,Arterial Other,GLEN EIRA,-37.89083,145.0663,3163.0,True,Preston HS,17378.8
T20240023954,2024-07-09,10:12:00,8,No collision and no object struck,7,Saturday,179,OTHER ACCIDENTS-OFF STRAIGHT NOT INCLUDED IN DCAs 170-175,1,762370,1,0,0,1,0,1,2,5,Not at intersection,3,60,Local Road,WHITTLESEA,-37.638145,145.02164,3076.0,True,William Ruthven SC,6697.5
T20250012620,2025-11-05,18:00:00,2,Struck Pedestrian,1,Sunday,100,PED NEAR SIDE. PED HIT BY VEHICLE FROM THE RIGHT.,5,818680,1,0,1,0,2,3,1,5,Not at intersection,2,80,Arterial Highway,BASS COAST,-38.626076,145.71275,3996.0,True,Preston HS,116077.7
T20220018580,2022-10-08,16:10:00,6,Vehicle overturned (no collision),4,Wednesday,174,OUT OF CONTROL ON CARRIAGEWAY (ON STRAIGHT),1,782669,1,0,0,1,0,1,2,5,Not at intersection,3,999,Local Road,YARRA RANGES,-37.88728,145.62178,3139.0,True,Reservoir HS,55178.6
T20240014210,2024-03-06,18:20:00,1,Collision with vehicle,2,Monday,130,REAR END(VEHICLES IN SAME LANE),3,806974,2,0,0,1,1,2,1,2,T intersection,3,60,Arterial Other,MARIBYRNONG,-37.77931,144.8744,3012.0,True,Preston HS,12392.4
T20210008108,2021-07-04,10:30:00,2,Struck Pedestrian,4,Wednesday,108,PED STRUCK WALKING TO/FROM OR BOARDING/ALIGHTING VEHICLE.,1,680676,1,0,0,1,1,2,1,5,Not at intersection,3,50,Local Road,EAST GIPPSLAND,-37.824642,147.63113,3875.0,True,Reservoir HS,228948.1