ACCIDENT_NO,ACCIDENT_DATE,ACCIDENT_TIME,ACCIDENT_TYPE,ACCIDENT_TYPE_DESC,DAY_OF_WEEK,DAY_WEEK_DESC,DCA_CODE,DCA_DESC,LIGHT_CONDITION,NODE_ID,NO_OF_VEHICLES,NO_PERSONS_KILLED,NO_PERSONS_INJ_2,NO_PERSONS_INJ_3,NO_PERSONS_NOT_INJ,NO_PERSONS,POLICE_ATTEND,ROAD_GEOMETRY,ROAD_GEOMETRY_DESC,SEVERITY,SPEED_ZONE,RMA,LGA_NAME,LATITUDE,LONGITUDE,POSTCODE_CRASH,PED_OR_CYC,nearest_school,dist_to_gate_m
T20240022310,2024-01-09,18:53:00,1,Collision with vehicle,0,Sunday,113,RIGHT NEAR (INTERSECTIONS ONLY),3,38592,2,0,1,0,1,2,1,2,T intersection,2,60,Arterial Other,MARIBYRNONG,-37.788975,144.864,3019.0,True,Preston HS,13633.1
T20250003586,2025-05-02,11:20:00,1,Collision with vehicle,3,Wednesday,110,CROSS TRAFFIC(INTERSECTIONS ONLY),1,815293,2,0,0,1,1,2,2,1,Cross intersection,3,50,Local Road,BENDIGO,-36.918453,144.70096,3523.0,True,William Ruthven SC,90549.1
T20210017488,2021-09-08,17:00:00,6,Vehicle overturned (no collision),2,Monday,174,OUT OF CONTROL ON CARRIAGEWAY (ON STRAIGHT),1,690344,1,0,1,0,0,1,2,5,Not at intersection,2,50,Local Road,FRANKSTON,-38.199314,145.19235,3911.0,True,Preston HS,53412.6
T20250026187,2025-02-05,15:00:00,6,Vehicle overturned (no collision),5,Friday,179,OTHER ACCIDENTS-OFF STRAIGHT NOT INCLUDED IN DCAs 170-175,1,823277,1,0,0,1,0,1,2,5,Not at intersection,3,888,Local Road,CARDINIA,-37.958523,145.58162,3783.0,True,Reservoir HS,55143.7
T20250017973,2025-06-07,17:50:00,2,Struck Pedestrian,0,Sunday,102,FAR SIDE. PED HIT BY VEHICLE FROM THE LEFT,3,821228,1,0,0,1,1,2,1,1,Cross intersection,3,60,Arterial Other,DAREBIN,-37.74101,145.03088,3072.0,True,Reservoir HS,2073.4
T20250022267,2025-03-08,08:00:00,8,No collision and no object struck,1,Sunday,180,OFF CARRIAGEWAY ON RIGHT BEND,9,821626,1,0,1,0,0,1,2,5,Not at intersection,2,40,Local Road,STONNINGTON,-37.83239,145.00471,3141.0,True,Preston HS,10086.5
T20240022397,2024-03-09,03:40:00,1,Collision with vehicle,3,Tuesday,179,OTHER ACCIDENTS-OFF STRAIGHT NOT INCLUDED IN DCAs 170-175,3,38741,2,0,1,0,1,2,1,1,Cross intersection,2,70,Arterial Highway,MARIBYRNONG,-37.79892,144.89236,3011.0,True,Preston HS,11924.5
T20240030838,2024-02-12,12:32:00,1,Collision with vehicle,2,Monday,111,RIGHT FAR (INTERSECTIONS ONLY),1,806244,2,0,1,0,1,2,1,1,Cross intersection,2,80,Arterial Other,CASEY,-38.100388,145.29234,3977.0,True,Preston HS,47082.6
T20210008202,2021-12-04,18:00:00,1,Collision with vehicle,2,Monday,130,REAR END(VEHICLES IN SAME LANE),2,41579,2,0,1,0,1,2,1,1,Cross intersection,2,60,Arterial Other,MORELAND,-37.730373,144.92834,3044.0,True,Preston HS,7039.5
T20210010221,2021-07-05,06:20:00,1,Collision with vehicle,6,Friday,134,LANE CHANGE RIGHT (NOT OVERTAKING),2,687902,2,0,0,1,1,2,1,5,Not at intersection,3,60,Arterial Other,WHITEHORSE,-37.818134,145.11479,3128.0,True,Preston HS,12720.4
T20210010143,2021-06-05,11:35:00,1,Collision with vehicle,5,Thursday,130,REAR END(VEHICLES IN SAME LANE),1,683257,3,0,0,1,2,3,1,5,Not at intersection,3,40,Local Road,BALLARAT,-37.554745,143.78499,3350.0,True,William Ruthven SC,108418.8
T20220028145,2022-11-12,12:41:00,5,collision with some other object,1,Sunday,166,STRUCK OBJECT ON CARRIAGEWAY,1,741489,1,0,1,0,0,1,1,5,Not at intersection,2,60,Local Road,EAST GIPPSLAND,-37.838783,147.95074,3909.0,True,Reservoir HS,257055.3
T20240002590,2024-02-02,11:05:00,2,Struck Pedestrian,6,Friday,102,FAR SIDE. PED HIT BY VEHICLE FROM THE LEFT,1,802311,1,0,0,1,1,2,1,5,Not at intersection,3,40,Arterial Other,YARRA,-37.809753,144.99278,3121.0,True,Preston HS,7671.1
T20250014863,2025-03-06,11:55:00,1,Collision with vehicle,3,Tuesday,122,LEFT THROUGH,1,819161,2,0,0,1,1,2,2,5,Not at intersection,3,999,Arterial Highway,MONASH,-37.91712,145.14601,3168.0,True,Preston HS,23006.8
T20250006387,2025-09-03,00:16:00,2,Struck Pedestrian,1,Sunday,104,PED WALKING WITH TRAFFIC,5,816058,2,0,1,1,1,3,1,5,Not at intersection,2,70,Arterial Highway,YARRA RANGES,-37.73183,145.3771,3770.0,True,Reservoir HS,30597.4
T20250014010,2025-11-05,16:00:00,1,Collision with vehicle,0,Sunday,129,OTHER OPPOSING MANOEUVRES NOT INCLUDED IN DCAs 120-125.,1,818746,2,0,0,1,1,2,2,1,Cross intersection,3,50,Local Road,DANDENONG,-37.99193,145.16974,3173.0,True,Preston HS,31273.3
T20240010949,2024-01-05,07:15:00,1,Collision with vehicle,4,Wednesday,147,VEHICLE STRIKES ANOTHER VEH WHILE EMERGING FROM DRIVEWAY,1,802678,2,0,1,0,1,2,1,5,Not at intersection,2,60,,YARRA RANGES,-37.800465,145.33072,3138.0,True,Reservoir HS,27874.2
T20220025064,2022-06-11,17:15:00,1,Collision with vehicle,1,Sunday,120,HEAD ON (NOT OVERTAKING),1,341103,2,0,2,0,1,3,1,5,Not at intersection,2,80,Arterial Other,YARRA RANGES,-37.5451,145.84799,3779.0,True,Reservoir HS,74731.0
T20240003324,2024-10-02,11:00:00,5,collision with some other object,7,Saturday,166,STRUCK OBJECT ON CARRIAGEWAY,1,802180,1,0,1,0,1,2,1,5,Not at intersection,2,100,Local Road,TOWONG,-36.430435,147.53958,3701.0,True,Reservoir HS,264991.7
T20210023421,2021-09-11,10:35:00,5,collision with some other object,3,Tuesday,166,STRUCK OBJECT ON CARRIAGEWAY,1,697501,3,0,0,2,1,3,2,5,Not at intersection,3,60,,MACEDON RANGES,-37.361763,144.54825,3442.0,True,William Ruthven SC,54715.1
T20250009045,2025-03-04,21:25:00,2,Struck Pedestrian,5,Thursday,102,FAR SIDE. PED HIT BY VEHICLE FROM THE LEFT,3,44549,1,0,0,1,1,2,1,1,Cross intersection,3,60,Arterial Other,BANYULE,-37.740997,145.0368,3081.0,True,Reservoir HS,2167.9
T20220015598,2022-12-07,15:27:00,8,No collision and no object struck,3,Tuesday,179,OTHER ACCIDENTS-OFF STRAIGHT NOT INCLUDED IN DCAs 170-175,1,723347,1,0,1,0,0,1,1,5,Not at intersection,2,60,Arterial Other,BOROONDARA,-37.814686,145.05988,3103.0,True,Preston HS,9347.8
T20250003357,2025-06-02,16:19:00,1,Collision with vehicle,5,Thursday,130,REAR END(VEHICLES IN SAME LANE),1,54280,2,0,0,1,1,2,2,1,Cross intersection,3,40,Arterial Highway,MELBOURNE,-37.824665,144.96365,3006.0,True,Preston HS,9984.3
T20220027370,2022-03-12,00:56:00,8,No collision and no object struck,7,Saturday,174,OUT OF CONTROL ON CARRIAGEWAY (ON STRAIGHT),3,745214,1,0,1,1,0,2,1,5,Not at intersection,2,50,Arterial Other,MORELAND,-37.760338,144.97424,3057.0,True,Preston HS,3555.5
T20220005400,2022-10-03,11:07:00,2,Struck Pedestrian,5,Thursday,108,PED STRUCK WALKING TO/FROM OR BOARDING/ALIGHTING VEHICLE.,1,706480,1,0,0,2,0,2,1,5,Not at intersection,3,40,Arterial Other,YARRA,-37.81247,145.00029,3121.0,True,Preston HS,7892.0
T20230017914,2023-01-08,14:52:00,1,Collision with vehicle,2,Tuesday,130,REAR END(VEHICLES IN SAME LANE),1,778408,2,0,0,1,1,2,1,5,Not at intersection,3,60,Local Road,FRANKSTON,-38.134388,145.14737,3199.0,True,Preston HS,45364.6
T20230003036,2023-07-02,15:06:00,2,Struck Pedestrian,3,Tuesday,102,FAR SIDE. PED HIT BY VEHICLE FROM THE LEFT,1,753361,1,0,0,1,1,2,1,5,Not at intersection,3,40,Local Road,MONASH,-37.879333,145.16318,3150.0,True,Preston HS,20547.9
T20220025218,2022-08-11,18:35:00,1,Collision with vehicle,2,Tuesday,121,RIGHT THROUGH,1,38969,2,0,0,1,1,2,1,2,T intersection,3,60,Arterial Other,BOROONDARA,-37.801147,145.04642,3101.0,True,Preston HS,7459.2
T20230007658,2023-01-04,06:45:00,2,Struck Pedestrian,7,Saturday,102,FAR SIDE. PED HIT BY VEHICLE FROM THE LEFT,3,38759,1,0,1,0,1,2,1,2,T intersection,2,70,Arterial Other,WHITTLESEA,-37.683002,145.06891,3083.0,True,Reservoir HS,5592.3
T20240020085,2024-07-08,07:45:00,1,Collision with vehicle,3,Wednesday,110,CROSS TRAFFIC(INTERSECTIONS ONLY),1,43887,2,0,0,1,1,2,2,1,Cross intersection,3,999,Local Road,CASEY,-38.10129,145.27852,3977.0,True,Preston HS,46535.8
T20240000294,2024-05-01,08:07:00,4,Collision with a fixed object,6,Friday,181,OFF RIGHT BEND INTO OBJECT/PARKED VEHICLE,1,796923,1,0,0,1,0,1,1,5,Not at intersection,3,50,Local Road,CARDINIA,-38.082882,145.4534,3810.0,True,Preston HS,54517.8
T20240011211,2024-03-05,15:35:00,1,Collision with vehicle,6,Friday,130,REAR END(VEHICLES IN SAME LANE),1,807374,2,0,0,1,1,2,1,5,Not at intersection,3,100,Freeway,DANDENONG,-37.95272,145.21548,3175.0,True,Preston HS,29754.8
T20220010520,2022-09-05,15:30:00,2,Struck Pedestrian,1,Monday,100,PED NEAR SIDE. PED HIT BY VEHICLE FROM THE RIGHT.,1,719788,1,0,0,1,1,2,2,5,Not at intersection,3,40,Local Road,DAREBIN,-37.73159,145.00511,3072.0,True,Preston HS,1137.7
T20240028871,2024-03-11,11:30:00,8,No collision and no object struck,1,Sunday,184,OUT OF CONTROL ON CARRIAGEWAY (ON BEND),1,812498,1,0,0,1,0,1,2,5,Not at intersection,3,999,Local Road,SOUTH GIPPSLAND,-38.38885,146.03917,3953.0,True,Reservoir HS,115360.2
T20210012585,2021-06-06,15:30:00,1,Collision with vehicle,0,Sunday,133,LANE SIDE SWIPE (VEHICLES IN PARALLEL LANES),1,686341,2,0,2,0,0,2,1,5,Not at intersection,2,100,,WEST WIMMERA,-37.365993,141.1907,3312.0,True,William Ruthven SC,338146.6
T20220013408,2022-10-05,02:30:00,8,No collision and no object struck,3,Tuesday,184,OUT OF CONTROL ON CARRIAGEWAY (ON BEND),5,715237,1,0,0,1,0,1,2,5,Not at intersection,3,100,Arterial Highway,ALPINE,-37.021626,147.22208,3862.0,True,Reservoir HS,208836.8
T20220005062,2022-03-03,20:45:00,1,Collision with vehicle,5,Thursday,160,VEHICLE COLLIDES WITH VEHICLE PARKED ON LEFT OF ROAD,3,756383,2,0,1,0,0,1,2,5,Not at intersection,2,50,Local Road,MONASH,-37.914482,145.17812,3150.0,True,Preston HS,24387.1
T20250010030,2025-01-04,11:50:00,1,Collision with vehicle,3,Tuesday,160,VEHICLE COLLIDES WITH VEHICLE PARKED ON LEFT OF ROAD,1,817402,2,0,1,0,0,1,2,5,Not at intersection,2,999,Local Road,HOBSONS BAY,-37.870422,144.89938,3016.0,True,Preston HS,17158.9
T20210000450,2021-08-01,05:20:00,1,Collision with vehicle,6,Friday,113,RIGHT NEAR (INTERSECTIONS ONLY),2,43239,2,0,1,0,1,2,1,2,T intersection,2,40,Arterial Highway,KINGSTON,-38.047592,145.1137,3196.0,True,Preston HS,35276.4
T20220022980,2022-12-10,15:30:00,1,Collision with vehicle,4,Wednesday,114,TWO RIGHT TURNING (INTERSECTIONS ONLY),1,728123,2,0,1,0,1,2,1,2,T intersection,2,999,Local Road,MANNINGHAM,-37.797222,145.16966,3111.0,True,Reservoir HS,14874.5
T20250020262,2025-08-07,13:30:00,1,Collision with vehicle,3,Tuesday,148,VEHICLE OFF FOOTPATH STRIKES VEH ON CARRIAGEWAY,9,43641,2,0,0,1,1,2,2,2,T intersection,3,80,Arterial Other,CASEY,-38.050674,145.34024,3806.0,True,Preston HS,45109.4
T20250006024,2025-05-03,17:59:00,1,Collision with vehicle,4,Wednesday,137,LEFT TURN SIDESWIPE,1,232235,2,0,1,0,1,2,1,2,T intersection,2,60,Arterial Other,DAREBIN,-37.783764,145.01501,3078.0,True,Preston HS,4728.7
T20220008236,2022-12-04,19:15:00,1,Collision with vehicle,3,Tuesday,130,REAR END(VEHICLES IN SAME LANE),3,772761,2,0,1,0,1,2,2,5,Not at intersection,2,80,Arterial Highway,MONASH,-37.89021,145.08255,3166.0,True,Preston HS,17793.9
T20230021135,2023-09-09,18:00:00,1,Collision with vehicle,7,Saturday,121,RIGHT THROUGH,1,397,2,0,0,1,1,2,1,2,T intersection,3,60,Arterial Other,YARRA,-37.7779,144.9885,3068.0,True,Preston HS,4344.7
T20240014547,2024-06-06,15:15:00,1,Collision with vehicle,5,Thursday,147,VEHICLE STRIKES ANOTHER VEH WHILE EMERGING FROM DRIVEWAY,1,804918,2,0,1,0,1,2,1,5,Not at intersection,2,888,Arterial Other,FRANKSTON,-38.11944,145.14374,3198.0,True,Preston HS,43678.9
T20210000545,2021-09-01,15:00:00,1,Collision with vehicle,7,Saturday,113,RIGHT NEAR (INTERSECTIONS ONLY),1,729841,2,0,1,0,1,2,1,2,T intersection,2,60,Local Road,MORNINGTON PENINSULA,-38.214054,145.04532,3931.0,True,Preston HS,52630.1
T20230005857,2023-11-03,11:45:00,1,Collision with vehicle,7,Saturday,143,ENTERING PARKING,1,765298,2,0,1,0,1,2,1,1,Cross intersection,2,40,Arterial Other,YARRA,-37.810085,144.99596,3121.0,True,Preston HS,7666.8
T20250006625,2025-08-03,20:30:00,3,Struck animal,6,Saturday,167,STRUCK ANIMAL,2,816470,1,0,0,1,0,1,2,5,Not at intersection,3,999,,GLENELG,-38.213295,141.64465,3305.0,True,Preston HS,299328.4
T20210021686,2021-10-09,02:30:00,2,Struck Pedestrian,6,Friday,106,VEH STRIKES PED ON FOOTPATH/MEDIAN/TRAFFIC ISLAND.,3,705387,1,0,0,1,1,2,1,5,Not at intersection,3,999,Local Road,BRIMBANK,-37.797127,144.80829,3020.0,True,Preston HS,18529.9
T20230023232,2023-04-09,09:00:00,7,Fall from or in moving vehicle,1,Monday,190,FELL IN/FROM VEHICLE,1,789682,1,0,0,1,0,1,2,5,Not at intersection,3,40,Arterial Other,YARRA,-37.82678,144.99773,3121.0,True,Preston HS,9496.2
T20220002823,2022-03-02,17:00:00,6,Vehicle overturned (no collision),5,Thursday,174,OUT OF CONTROL ON CARRIAGEWAY (ON STRAIGHT),9,709168,1,0,0,1,0,1,2,3,Y intersection,3,999,Arterial Other,YARRA RANGES,-37.83526,145.34964,3767.0,True,Reservoir HS,30815.8
T20250021599,2025-02-08,11:00:00,6,Vehicle overturned (no collision),6,Saturday,174,OUT OF CONTROL ON CARRIAGEWAY (ON STRAIGHT),1,822347,1,0,1,0,0,1,2,5,Not at intersection,2,100,Local Road,BENDIGO,-36.751648,144.63133,3551.0,True,William Ruthven SC,110099.7
T20250020353,2025-01-08,14:30:00,2,Struck Pedestrian,6,Friday,101,PED EMERGES FROM IN FRONT OF PARKED OR STATIONARY VEHICLE,1,820808,1,0,0,1,1,2,1,5,Not at intersection,3,50,Arterial Highway,MORNINGTON PENINSULA,-38.33226,144.96577,3936.0,True,Preston HS,65767.0
T20240014739,2024-09-06,19:15:00,4,Collision with a fixed object,1,Sunday,151,OUT OF CONTROL (OVERTAKING),3,805183,1,0,0,1,0,1,1,2,T intersection,3,70,Local Road,CASEY,-38.070507,145.26,3975.0,True,Preston HS,42767.6
T20210025485,2021-12-12,19:49:00,8,No collision and no object struck,1,Sunday,174,OUT OF CONTROL ON CARRIAGEWAY (ON STRAIGHT),1,700416,1,0,1,0,0,1,1,5,Not at intersection,2,60,Arterial Other,BAYSIDE,-37.95535,145.03418,3192.0,True,Preston HS,23875.5
T20240025693,2024-11-10,13:45:00,2,Struck Pedestrian,6,Friday,107,PED ON FOOTHPATH STRUCK BY VEHENTERING/LEAVING DRIVEWAY.,1,809880,1,0,0,1,1,2,1,5,Not at intersection,3,50,Local Road,BASS COAST,-38.60492,145.59076,3995.0,True,Preston HS,108702.5
T20230018243,2023-05-08,11:00:00,8,No collision and no object struck,7,Saturday,174,OUT OF CONTROL ON CARRIAGEWAY (ON STRAIGHT),1,778678,1,0,1,0,0,1,1,5,Not at intersection,2,100,Local Road,BENALLA,-36.85161,145.97,3673.0,True,William Ruthven SC,127073.8
T20250014734,2025-02-06,10:42:00,2,Struck Pedestrian,2,Monday,100,PED NEAR SIDE. PED HIT BY VEHICLE FROM THE RIGHT.,1,819034,1,0,1,0,1,2,1,5,Not at intersection,2,60,Arterial Other,PORT PHILLIP,-37.86468,144.98167,3182.0,True,Preston HS,13856.1
T20220010478,2022-10-05,06:30:00,1,Collision with vehicle,3,Tuesday,113,RIGHT NEAR (INTERSECTIONS ONLY),3,23,2,0,0,1,1,2,1,2,T intersection,3,50,Arterial Other,NILLUMBIK,-37.669827,145.17247,3089.0,True,Reservoir HS,13879.1
T20230003401,2023-11-02,23:05:00,1,Collision with vehicle,7,Saturday,121,RIGHT THROUGH,3,754314,2,0,1,0,2,3,1,2,T intersection,2,50,Local Road,DAREBIN,-37.719116,144.99994,3073.0,True,William Ruthven SC,2524.6
T20220007651,2022-05-04,17:32:00,1,Collision with vehicle,3,Tuesday,110,CROSS TRAFFIC(INTERSECTIONS ONLY),1,43942,2,0,1,0,1,2,1,1,Cross intersection,2,100,Arterial Highway,FRANKSTON,-38.19331,145.21715,3912.0,True,Preston HS,53486.1
T20220004950,2022-05-03,14:00:00,4,Collision with a fixed object,6,Saturday,171,LEFT OFF CARRIAGEWAY INTO OBJECT/PARKED VEHICLE,1,756373,1,0,1,0,0,1,1,1,Cross intersection,2,60,Local Road,YARRA RANGES,-37.75058,145.34427,3140.0,True,Reservoir HS,27865.4
T20230005819,2023-10-03,20:30:00,8,No collision and no object struck,6,Friday,174,OUT OF CONTROL ON CARRIAGEWAY (ON STRAIGHT),1,44016,1,0,1,0,0,1,1,2,T intersection,2,50,Local Road,DAREBIN,-37.712734,145.0043,3073.0,True,William Ruthven SC,1804.4
T20250003291,2025-07-02,16:01:00,2,Struck Pedestrian,6,Friday,101,PED EMERGES FROM IN FRONT OF PARKED OR STATIONARY VEHICLE,1,814879,1,0,1,0,1,2,1,5,Not at intersection,2,70,Arterial Highway,KNOX,-37.893345,145.30843,3156.0,True,Reservoir HS,31019.6
T20250012748,2025-12-05,14:40:00,2,Struck Pedestrian,2,Monday,100,PED NEAR SIDE. PED HIT BY VEHICLE FROM THE RIGHT.,1,29781,1,0,1,0,1,2,1,1,Cross intersection,2,40,Local Road,DAREBIN,-37.74037,145.00365,3072.0,True,Preston HS,337.5
T20230016155,2023-05-07,08:33:00,1,Collision with vehicle,4,Wednesday,137,LEFT TURN SIDESWIPE,2,790637,2,0,0,1,1,2,2,5,Not at intersection,3,40,Local Road,MELBOURNE,-37.80033,144.94412,3051.0,True,Preston HS,8552.5
T20240014299,2024-01-06,13:10:00,2,Struck Pedestrian,6,Saturday,108,PED STRUCK WALKING TO/FROM OR BOARDING/ALIGHTING VEHICLE.,1,812032,1,0,0,1,1,2,2,5,Not at intersection,3,50,Arterial Highway,BENDIGO,-36.746605,144.29318,3550.0,True,William Ruthven SC,122911.0
T20220000573,2022-10-01,16:20:00,4,Collision with a fixed object,2,Monday,173,RIGHT OFF CARRIAGEWAY INTO OBJECT/PARKED VEHICLE,1,705634,1,0,1,0,0,1,1,5,Not at intersection,2,80,Arterial Other,MITCHELL,-37.223724,145.1399,3658.0,True,William Ruthven SC,53945.6
T20230015268,2023-01-07,20:13:00,2,Struck Pedestrian,7,Saturday,102,FAR SIDE. PED HIT BY VEHICLE FROM THE LEFT,3,776581,1,1,0,0,1,2,1,5,Not at intersection,1,60,Local Road,BAW BAW,-38.161488,145.94057,3820.0,True,Reservoir HS,93638.0
T20240030673,2024-08-11,00:01:00,7,Fall from or in moving vehicle,6,Friday,199,UNKNOWN-NO DETAILS ON MANOEUVRES OF ROAD-USERS IN ACCIDENT,6,811770,2,0,1,0,1,2,9,5,Not at intersection,2,999,Local Road,PORT PHILLIP,-37.834694,144.95972,3205.0,True,Preston HS,11147.2
T20220017541,2022-05-08,12:30:00,2,Struck Pedestrian,5,Friday,101,PED EMERGES FROM IN FRONT OF PARKED OR STATIONARY VEHICLE,1,782344,1,0,0,1,2,3,2,5,Not at intersection,3,60,,EAST GIPPSLAND,-37.8272,147.63193,3875.0,True,Reservoir HS,229028.7
T20240026051,2024-05-10,14:00:00,8,No collision and no object struck,7,Saturday,174,OUT OF CONTROL ON CARRIAGEWAY (ON STRAIGHT),1,810394,1,0,0,1,0,1,2,5,Not at intersection,3,999,Local Road,MILDURA,-35.301785,141.06932,3512.0,True,William Ruthven SC,440993.5
T20250021106,2025-09-08,19:39:00,2,Struck Pedestrian,6,Saturday,100,PED NEAR SIDE. PED HIT BY VEHICLE FROM THE RIGHT.,3,36888,1,0,0,1,1,2,1,1,Cross intersection,3,30,Local Road,MELBOURNE,-37.815945,144.96114,3000.0,True,Preston HS,9190.8
T20220024999,2022-07-05,14:00:00,2,Struck Pedestrian,6,Saturday,107,PED ON FOOTHPATH STRUCK BY VEHENTERING/LEAVING DRIVEWAY.,1,781788,1,0,0,1,1,2,2,5,Not at intersection,3,50,Local Road,GEELONG,-38.090687,144.36569,3214.0,True,Preston HS,68350.1
T20240017646,2024-12-07,18:40:00,2,Struck Pedestrian,6,Friday,100,PED NEAR SIDE. PED HIT BY VEHICLE FROM THE RIGHT.,3,807912,1,0,1,0,1,2,1,5,Not at intersection,2,50,Local Road,WHITTLESEA,-37.61829,145.01881,3750.0,True,William Ruthven SC,8811.7
T20230010655,2023-06-05,21:40:00,2,Struck Pedestrian,6,Saturday,106,VEH STRIKES PED ON FOOTPATH/MEDIAN/TRAFFIC ISLAND.,3,83,1,0,0,1,1,2,1,1,Cross intersection,3,999,Arterial Other,MELBOURNE,-37.80404,144.95847,3000.0,True,Preston HS,8143.7
T20240025060,2024-04-10,15:25:00,1,Collision with vehicle,6,Friday,130,REAR END(VEHICLES IN SAME LANE),1,41032,2,0,0,1,1,2,1,1,Cross intersection,3,50,Local Road,HUME,-37.676876,144.91016,3047.0,True,William Ruthven SC,8456.2
T20210009361,2021-07-02,13:00:00,6,Vehicle overturned (no collision),0,Sunday,184,OUT OF CONTROL ON CARRIAGEWAY (ON BEND),1,682366,1,0,0,1,0,1,2,2,T intersection,3,999,Arterial Highway,YARRA RANGES,-37.60436,145.62926,3778.0,True,Reservoir HS,54408.6
T20230006848,2023-10-03,19:10:00,1,Collision with vehicle,6,Friday,121,RIGHT THROUGH,2,788420,2,0,1,0,1,2,1,1,Cross intersection,2,40,Local Road,YARRA,-37.8074,144.99416,3067.0,True,Preston HS,7393.5
T20230028528,2023-03-12,13:15:00,1,Collision with vehicle,1,Sunday,136,RIGHT TURN SIDESWIPE,1,59925,2,0,1,0,1,2,2,2,T intersection,2,70,Arterial Highway,BENDIGO,-36.933376,144.71597,3523.0,True,William Ruthven SC,88574.6
T20250021202,2025-10-08,21:30:00,6,Vehicle overturned (no collision),0,Sunday,151,OUT OF CONTROL (OVERTAKING),3,823121,1,0,0,1,0,1,1,2,T intersection,3,999,Local Road,EAST GIPPSLAND,-37.826283,147.61093,3875.0,True,Reservoir HS,227181.7
T20210025455,2021-10-12,08:41:00,2,Struck Pedestrian,6,Friday,102,FAR SIDE. PED HIT BY VEHICLE FROM THE LEFT,1,700489,1,0,1,0,1,2,1,1,Cross intersection,2,50,Local Road,WYNDHAM,-37.864353,144.72395,3029.0,True,Preston HS,28370.1
T20230008352,2023-08-04,12:01:00,9,Other accident,7,Saturday,198,OTHER ACCIDENTS NOT CLASSIFIABLE ELSEWHERE,1,771821,1,0,1,0,1,2,2,5,Not at intersection,2,999,Local Road,WHITEHORSE,-37.843098,145.1477,3130.0,True,Preston HS,16726.0
T20220004682,2022-02-03,13:30:00,2,Struck Pedestrian,3,Wednesday,100,PED NEAR SIDE. PED HIT BY VEHICLE FROM THE RIGHT.,1,715184,1,0,0,1,1,2,2,5,Not at intersection,3,50,Arterial Highway,WHITEHORSE,-37.81633,145.19351,3132.0,True,Reservoir HS,17809.1
T20230008230,2023-04-04,07:46:00,1,Collision with vehicle,2,Tuesday,135,LANE CHANGE LEFT (NOT OVERTAKING),2,40485,2,0,0,1,1,2,2,2,T intersection,3,60,Arterial Other,BOROONDARA,-37.842514,145.06946,3124.0,True,Preston HS,12477.6
T20240031487,2024-08-12,17:10:00,3,Struck animal,1,Sunday,167,STRUCK ANIMAL,1,812522,1,0,1,0,0,1,1,5,Not at intersection,2,100,Local Road,PYRENEES,-37.13383,143.34392,3469.0,True,William Ruthven SC,159321.5
T20240000779,2024-11-01,16:00:00,2,Struck Pedestrian,5,Thursday,101,PED EMERGES FROM IN FRONT OF PARKED OR STATIONARY VEHICLE,1,54638,1,0,0,1,1,2,1,2,T intersection,3,60,Local Road,BENDIGO,-36.788097,144.24117,3555.0,True,William Ruthven SC,121454.9
T20220017436,2022-04-08,14:30:00,2,Struck Pedestrian,5,Thursday,107,PED ON FOOTHPATH STRUCK BY VEHENTERING/LEAVING DRIVEWAY.,1,721526,1,0,1,0,1,2,1,5,Not at intersection,2,50,Local Road,MORNINGTON PENINSULA,-38.326427,144.98532,3936.0,True,Preston HS,65046.7
T20220002674,2022-05-02,20:30:00,1,Collision with vehicle,7,Saturday,147,VEHICLE STRIKES ANOTHER VEH WHILE EMERGING FROM DRIVEWAY,3,731359,2,0,1,0,1,2,1,5,Not at intersection,2,60,Arterial Other,STONNINGTON,-37.86224,145.02728,3143.0,True,Preston HS,13520.2
T20230023951,2023-12-09,17:49:00,1,Collision with vehicle,2,Tuesday,121,RIGHT THROUGH,9,783207,2,0,1,0,1,2,2,5,Not at intersection,2,999,Arterial Other,STONNINGTON,-37.84149,145.0123,3142.0,True,Preston HS,11105.5
T20250012302,2025-08-05,18:08:00,2,Struck Pedestrian,5,Thursday,102,FAR SIDE. PED HIT BY VEHICLE FROM THE LEFT,3,819109,1,0,2,0,1,3,1,1,Cross intersection,2,50,Local Road,BAYSIDE,-37.90535,145.00157,3186.0,True,Preston HS,18203.5
T20210002828,2021-08-02,06:32:00,1,Collision with vehicle,2,Monday,110,CROSS TRAFFIC(INTERSECTIONS ONLY),2,13900,2,0,1,0,1,2,1,1,Cross intersection,2,60,Local Road,WYNDHAM,-37.868427,144.6656,3029.0,True,Preston HS,33146.9
T20250009608,2025-09-04,16:05:00,1,Collision with vehicle,4,Wednesday,134,LANE CHANGE RIGHT (NOT OVERTAKING),1,817308,2,0,1,0,1,2,1,2,T intersection,2,60,Arterial Highway,WHITEHORSE,-37.85042,145.10347,3125.0,True,Preston HS,14759.7
T20210017408,2021-12-08,14:30:00,1,Collision with vehicle,5,Thursday,119,OTHER ADJACENT (INTERSECTIONS ONLY),1,37014,2,0,0,1,1,2,1,2,T intersection,3,50,Local Road,MELBOURNE,-37.810127,144.98094,3002.0,True,Preston HS,7948.5
T20220002487,2022-05-02,15:00:00,1,Collision with vehicle,7,Saturday,169,OTHER ON PATH,1,736866,4,1,0,0,0,1,1,5,Not at intersection,1,50,Local Road,BALLARAT,-37.504784,143.80962,3352.0,True,William Ruthven SC,107272.9