ACCIDENT_NO,ACCIDENT_DATE,ACCIDENT_TIME,ACCIDENT_TYPE,ACCIDENT_TYPE_DESC,DAY_OF_WEEK,DAY_WEEK_DESC,DCA_CODE,DCA_DESC,LIGHT_CONDITION,NODE_ID,NO_OF_VEHICLES,NO_PERSONS_KILLED,NO_PERSONS_INJ_2,NO_PERSONS_INJ_3,NO_PERSONS_NOT_INJ,NO_PERSONS,POLICE_ATTEND,ROAD_GEOMETRY,ROAD_GEOMETRY_DESC,SEVERITY,SPEED_ZONE,RMA,LGA_NAME,LATITUDE,LONGITUDE,POSTCODE_CRASH,PED_OR_CYC,nearest_school,dist_to_gate_m
T20220017733,2022-08-08,08:38:00,1,Collision with vehicle,1,Monday,130,REAR END(VEHICLES IN SAME LANE),1,781816,2,0,0,1,1,2,1,2,T intersection,3,777,Local Road,WHITTLESEA,-37.695957,145.05879,3083.0,True,Reservoir HS,3915.3
T20210015602,2021-10-07,14:30:00,8,No collision and no object struck,7,Saturday,184,OUT OF CONTROL ON CARRIAGEWAY (ON BEND),1,688406,1,0,0,1,0,1,2,5,Not at intersection,3,999,Local Road,COLAC OTWAY,-38.501297,143.53163,3239.0,True,Preston HS,154247.1
T20250021316,2025-06-07,14:30:00,6,Vehicle overturned (no collision),0,Sunday,174,OUT OF CONTROL ON CARRIAGEWAY (ON STRAIGHT),1,822287,1,0,0,1,0,1,2,2,T intersection,3,999,Local Road,WYNDHAM,-37.907093,144.71767,3030.0,True,Preston HS,31376.2
T20240000448,2024-07-01,12:53:00,2,Struck Pedestrian,1,Sunday,100,PED NEAR SIDE. PED HIT BY VEHICLE FROM THE RIGHT.,1,65819,1,0,0,1,1,2,1,1,Cross intersection,3,40,Local Road,MELBOURNE,-37.81217,144.98857,3002.0,True,Preston HS,8003.4
T20240005425,2024-03-03,15:00:00,1,Collision with vehicle,1,Sunday,110,CROSS TRAFFIC(INTERSECTIONS ONLY),1,72445,2,0,1,0,1,2,1,1,Cross intersection,2,60,,GEELONG,-38.17617,144.3488,3216.0,True,Preston HS,75265.1
T20240019972,2024-02-08,14:00:00,2,Struck Pedestrian,6,Friday,100,PED NEAR SIDE. PED HIT BY VEHICLE FROM THE RIGHT.,1,807266,1,0,0,1,1,2,1,5,Not at intersection,3,50,Arterial Other,MERRI-BEK,-37.751312,144.97658,3058.0,True,Preston HS,2888.5
T20230005129,2023-03-03,09:55:00,1,Collision with vehicle,6,Friday,134,LANE CHANGE RIGHT (NOT OVERTAKING),1,763138,2,0,0,1,1,2,1,5,Not at intersection,3,60,Arterial Other,MELBOURNE,-37.80633,144.94527,3003.0,True,Preston HS,9009.9
T20220003494,2022-04-01,23:00:00,1,Collision with vehicle,3,Tuesday,152,PULLING OUT (OVERTAKING),2,724860,2,0,0,1,1,2,2,2,T intersection,3,999,Local Road,WARRNAMBOOL,-38.408253,142.56621,3277.0,True,Preston HS,226140.1
T20250012198,2025-07-05,06:15:00,3,Struck animal,4,Wednesday,167,STRUCK ANIMAL,5,818245,1,0,0,1,0,1,1,5,Not at intersection,3,100,Arterial Other,WANGARATTA,-36.383293,146.58713,3678.0,True,William Ruthven SC,202708.0
T20240008723,2024-07-04,18:30:00,1,Collision with vehicle,1,Sunday,163,VEHICLE STRIKES DOOR OF PARKED/STATIONARY VEHICLE,3,804867,2,0,1,0,1,2,1,5,Not at intersection,2,40,Arterial Other,STONNINGTON,-37.840385,145.00302,3141.0,True,Preston HS,10979.1
T20240032094,2024-11-12,14:30:00,1,Collision with vehicle,4,Wednesday,120,HEAD ON (NOT OVERTAKING),1,815770,3,0,1,0,2,3,1,5,Not at intersection,2,60,Arterial Other,MACEDON RANGES,-37.367554,144.60832,3442.0,True,William Ruthven SC,50491.1
T20230026186,2023-02-11,17:00:00,1,Collision with vehicle,4,Thursday,110,CROSS TRAFFIC(INTERSECTIONS ONLY),2,43071,2,0,0,1,1,2,2,1,Cross intersection,3,60,Local Road,DANDENONG,-37.976974,145.21603,3175.0,True,Preston HS,31950.6
T20240014308,2024-04-06,17:08:00,1,Collision with vehicle,3,Tuesday,147,VEHICLE STRIKES ANOTHER VEH WHILE EMERGING FROM DRIVEWAY,2,812076,2,0,1,0,2,3,1,5,Not at intersection,2,40,Local Road,HORSHAM,-36.713116,142.1987,3400.0,True,William Ruthven SC,271352.2
T20210005179,2021-06-03,13:00:00,2,Struck Pedestrian,6,Saturday,101,PED EMERGES FROM IN FRONT OF PARKED OR STATIONARY VEHICLE,1,677518,1,0,0,1,1,2,2,5,Not at intersection,3,50,Arterial Highway,MOUNT ALEXANDER,-37.06502,144.2169,3450.0,True,William Ruthven SC,98768.5
T20240000478,2024-04-01,09:45:00,1,Collision with vehicle,5,Thursday,139,OTHER SAME DIRECTION-MANOUEVRES NOT INCLUDED IN DCAs 130-137,1,806214,2,0,1,0,1,2,2,5,Not at intersection,2,60,Local Road,NILLUMBIK,-37.657455,145.16406,3089.0,True,Reservoir HS,13876.2
T20230002956,2023-06-02,12:42:00,2,Struck Pedestrian,2,Monday,100,PED NEAR SIDE. PED HIT BY VEHICLE FROM THE RIGHT.,1,765294,1,0,2,0,1,3,1,5,Not at intersection,2,60,Arterial Highway,BANYULE,-37.752544,145.04959,3079.0,True,Reservoir HS,3793.0
T20240005607,2024-04-03,11:45:00,1,Collision with vehicle,2,Monday,147,VEHICLE STRIKES ANOTHER VEH WHILE EMERGING FROM DRIVEWAY,1,799219,2,0,0,1,1,2,2,5,Not at intersection,3,80,Arterial Other,WANGARATTA,-36.362312,146.30614,3677.0,True,William Ruthven SC,188123.9
T20220017560,2022-06-08,00:06:00,2,Struck Pedestrian,6,Saturday,104,PED WALKING WITH TRAFFIC,6,782560,1,0,0,1,1,2,1,5,Not at intersection,3,888,Local Road,WHITTLESEA,-37.6526,145.08011,3082.0,True,William Ruthven SC,8363.0
T20240011791,2024-09-05,11:55:00,1,Collision with vehicle,5,Thursday,113,RIGHT NEAR (INTERSECTIONS ONLY),1,805096,2,0,2,0,1,3,1,2,T intersection,2,100,Arterial Highway,BASS COAST,-38.453274,145.48114,3991.0,True,Preston HS,89337.3
T20250008941,2025-02-04,21:24:00,7,Fall from or in moving vehicle,4,Wednesday,190,FELL IN/FROM VEHICLE,5,817376,1,0,1,0,1,2,1,5,Not at intersection,2,100,Freeway,YARRA,-37.792774,145.00862,3078.0,True,Preston HS,5680.7
T20210008020,2021-10-04,10:38:00,1,Collision with vehicle,6,Saturday,130,REAR END(VEHICLES IN SAME LANE),1,680373,2,0,0,2,0,2,1,5,Not at intersection,3,60,Arterial Other,BOROONDARA,-37.808323,145.03804,3101.0,True,Preston HS,7891.5
T20240005421,2024-01-03,17:00:00,1,Collision with vehicle,5,Friday,135,LANE CHANGE LEFT (NOT OVERTAKING),1,804232,2,0,0,1,1,2,2,5,Not at intersection,3,40,Arterial Other,YARRA,-37.79908,144.98541,3066.0,True,Preston HS,6659.1
T20250012161,2025-07-05,09:55:00,2,Struck Pedestrian,3,Wednesday,100,PED NEAR SIDE. PED HIT BY VEHICLE FROM THE RIGHT.,1,819759,1,0,0,1,1,2,2,1,Cross intersection,3,40,Local Road,MELBOURNE,-37.814754,144.96906,3000.0,True,Preston HS,8784.3
T20250006511,2025-03-03,06:30:00,1,Collision with vehicle,2,Monday,133,LANE SIDE SWIPE (VEHICLES IN PARALLEL LANES),2,816101,2,0,0,1,1,2,2,5,Not at intersection,3,100,Freeway,CASEY,-37.984474,145.24757,3177.0,True,Preston HS,34269.1
T20220010574,2022-10-05,20:22:00,2,Struck Pedestrian,3,Tuesday,100,PED NEAR SIDE. PED HIT BY VEHICLE FROM THE RIGHT.,3,712023,1,0,1,0,1,2,1,5,Not at intersection,2,60,Arterial Other,MELBOURNE,-37.802864,144.95793,3000.0,True,Preston HS,8058.1
T20220028060,2022-10-12,06:30:00,3,Struck animal,7,Saturday,167,STRUCK ANIMAL,1,740597,1,1,0,0,0,1,1,5,Not at intersection,1,100,Local Road,COLAC OTWAY,-38.451626,143.463,3249.0,True,Preston HS,156485.9
T20230010454,2023-03-05,16:50:00,1,Collision with vehicle,3,Wednesday,112,LEFT FAR (INTERSECTIONS ONLY),2,782436,2,0,0,1,1,2,2,9,Unknown,3,999,Arterial Highway,GLEN EIRA,-37.88425,144.9977,3185.0,True,Preston HS,15872.3
T20230018073,2023-03-08,08:35:00,2,Struck Pedestrian,4,Thursday,102,FAR SIDE. PED HIT BY VEHICLE FROM THE LEFT,1,778258,1,0,0,1,1,2,1,5,Not at intersection,3,60,Arterial Other,GEELONG,-38.110622,144.34178,3215.0,True,Preston HS,71331.5
T20250012201,2025-07-05,22:17:00,2,Struck Pedestrian,4,Wednesday,103,PED PLAYING/LYING/WORKING/STANDING ON CARRIAGEWAY.,3,321361,2,0,1,0,2,3,1,5,Not at intersection,2,50,Local Road,DANDENONG,-37.969574,145.17961,3174.0,True,Preston HS,29519.9
T20240014199,2024-03-06,18:00:00,2,Struck Pedestrian,2,Monday,100,PED NEAR SIDE. PED HIT BY VEHICLE FROM THE RIGHT.,2,805654,1,0,1,1,1,3,1,5,Not at intersection,2,40,Local Road,MELBOURNE,-37.817772,144.96759,3000.0,True,Preston HS,9143.8
T20240001225,2023-10-12,11:30:00,5,collision with some other object,1,Sunday,166,STRUCK OBJECT ON CARRIAGEWAY,9,796401,1,0,0,1,0,1,2,5,Not at intersection,3,999,Local Road,BAW BAW,-37.967003,146.02718,3831.0,True,Reservoir HS,91737.2
T20230016165,2023-12-07,15:00:00,4,Collision with a fixed object,4,Wednesday,183,OFF LEFT BEND INTO OBJECT/PARKED VEHICLE,1,777130,1,0,1,0,0,1,1,5,Not at intersection,2,100,Local Road,WELLINGTON,-37.82529,146.9803,3860.0,True,Reservoir HS,171847.2
T20240002564,2024-02-02,00:20:00,6,Vehicle overturned (no collision),5,Friday,174,OUT OF CONTROL ON CARRIAGEWAY (ON STRAIGHT),5,804506,1,0,0,1,0,1,1,5,Not at intersection,3,100,Local Road,SHEPPARTON,-36.28348,145.41869,3633.0,True,William Ruthven SC,161404.0
T20230008490,2023-11-04,13:45:00,2,Struck Pedestrian,3,Tuesday,100,PED NEAR SIDE. PED HIT BY VEHICLE FROM THE RIGHT.,1,767491,1,0,1,1,0,2,1,1,Cross intersection,2,60,,BALLARAT,-37.582256,143.84082,3350.0,True,William Ruthven SC,103116.6
T20220005727,2022-02-03,08:30:00,1,Collision with vehicle,3,Wednesday,130,REAR END(VEHICLES IN SAME LANE),1,711427,2,0,0,1,1,2,2,2,T intersection,3,50,Local Road,MOONEE VALLEY,-37.7644,144.89705,3040.0,True,Preston HS,9999.1
T20250021313,2025-12-08,08:20:00,2,Struck Pedestrian,3,Tuesday,104,PED WALKING WITH TRAFFIC,1,37600,1,0,0,1,1,2,1,1,Cross intersection,3,40,Arterial Other,MELBOURNE,-37.84772,144.97974,3004.0,True,Preston HS,12031.5
T20250017964,2025-06-07,12:00:00,2,Struck Pedestrian,1,Sunday,108,PED STRUCK WALKING TO/FROM OR BOARDING/ALIGHTING VEHICLE.,9,820001,1,0,0,1,1,2,2,5,Not at intersection,3,999,Local Road,MELBOURNE,-37.801662,144.96268,3053.0,True,Preston HS,7726.5
T20210008191,2021-10-04,15:00:00,1,Collision with vehicle,6,Saturday,160,VEHICLE COLLIDES WITH VEHICLE PARKED ON LEFT OF ROAD,1,680591,2,0,1,0,0,1,2,5,Not at intersection,2,50,Local Road,MELBOURNE,-37.801064,144.95078,3051.0,True,Preston HS,8250.9
T20230011010,2023-11-05,08:45:00,1,Collision with vehicle,5,Thursday,163,VEHICLE STRIKES DOOR OF PARKED/STATIONARY VEHICLE,1,776181,2,0,0,1,1,2,2,5,Not at intersection,3,999,Arterial Other,YARRA,-37.80005,144.99509,3067.0,True,Preston HS,6573.5
T20220010641,2022-11-05,16:35:00,1,Collision with vehicle,4,Wednesday,116,LEFT NEAR (INTERSECTIONS ONLY),1,43601,2,0,0,1,1,2,1,1,Cross intersection,3,80,Local Road,MORNINGTON PENINSULA,-38.1852,145.16347,3911.0,True,Preston HS,51184.8
T20220028382,2022-11-12,13:14:00,2,Struck Pedestrian,1,Sunday,102,FAR SIDE. PED HIT BY VEHICLE FROM THE LEFT,1,741915,1,0,0,1,2,3,1,5,Not at intersection,3,40,Local Road,DANDENONG,-37.989437,145.21509,3175.0,True,Preston HS,33048.4
T20240028535,2024-09-11,08:00:00,1,Collision with vehicle,7,Saturday,121,RIGHT THROUGH,1,810661,2,0,1,0,2,3,1,1,Cross intersection,2,60,Local Road,CENTRAL GOLDFIELDS,-37.033836,143.75116,3465.0,True,William Ruthven SC,132924.5
T20210017423,2021-12-08,16:15:00,1,Collision with vehicle,5,Thursday,110,CROSS TRAFFIC(INTERSECTIONS ONLY),1,45317,2,0,1,0,1,2,1,1,Cross intersection,2,60,Arterial Other,MOONEE VALLEY,-37.74687,144.9097,3040.0,True,Preston HS,8583.4
T20230021254,2023-08-09,20:30:00,6,Vehicle overturned (no collision),5,Friday,179,OTHER ACCIDENTS-OFF STRAIGHT NOT INCLUDED IN DCAs 170-175,3,780670,1,0,0,1,0,1,2,5,Not at intersection,3,40,Arterial Other,YARRA,-37.81755,144.99936,3121.0,True,Preston HS,8461.5
T20250005694,2025-02-03,20:10:00,2,Struck Pedestrian,0,Sunday,104,PED WALKING WITH TRAFFIC,3,816124,1,0,0,1,1,2,1,5,Not at intersection,3,50,Local Road,KINGSTON,-38.04646,145.1303,3196.0,True,Preston HS,35570.4
T20240002199,2024-12-01,16:49:00,1,Collision with vehicle,6,Friday,131,LEFT REAR,1,797199,2,0,0,1,1,2,1,1,Cross intersection,3,60,Arterial Other,WHITEHORSE,-37.827705,145.1129,3127.0,True,Preston HS,13338.0
T20230005844,2023-11-03,10:20:00,1,Collision with vehicle,7,Saturday,134,LANE CHANGE RIGHT (NOT OVERTAKING),1,760235,2,0,0,1,1,2,1,5,Not at intersection,3,40,Arterial Other,WHITTLESEA,-37.609074,145.03123,3750.0,True,William Ruthven SC,10038.5
T20250000032,2025-01-01,09:01:00,1,Collision with vehicle,4,Wednesday,113,RIGHT NEAR (INTERSECTIONS ONLY),1,56654,2,0,2,0,0,2,1,2,T intersection,2,70,Local Road,WHITTLESEA,-37.63825,145.03242,3076.0,True,William Ruthven SC,6980.0
T20240022915,2024-07-09,11:30:00,8,No collision and no object struck,7,Saturday,174,OUT OF CONTROL ON CARRIAGEWAY (ON STRAIGHT),1,808975,1,0,0,1,0,1,2,5,Not at intersection,3,80,Local Road,MOIRA,-36.09492,144.84613,3639.0,True,William Ruthven SC,178637.4
T20240012348,2024-12-05,11:30:00,6,Vehicle overturned (no collision),0,Sunday,174,OUT OF CONTROL ON CARRIAGEWAY (ON STRAIGHT),1,803673,1,0,0,1,0,1,2,5,Not at intersection,3,60,Local Road,BALLARAT,-37.54557,143.84538,3350.0,True,William Ruthven SC,103327.0
T20230010679,2023-07-05,09:40:00,6,Vehicle overturned (no collision),1,Sunday,174,OUT OF CONTROL ON CARRIAGEWAY (ON STRAIGHT),1,775578,1,0,1,0,0,1,2,2,T intersection,2,50,Local Road,SWAN HILL,-35.05605,143.31053,3597.0,True,William Ruthven SC,330384.3
T20230005919,2023-11-03,14:30:00,1,Collision with vehicle,7,Saturday,148,VEHICLE OFF FOOTPATH STRIKES VEH ON CARRIAGEWAY,1,1285,2,0,0,1,1,2,2,2,T intersection,3,60,Arterial Other,MARIBYRNONG,-37.776314,144.89128,3032.0,True,Preston HS,10884.9
T20220007817,2022-07-04,15:00:00,1,Collision with vehicle,5,Thursday,148,VEHICLE OFF FOOTPATH STRIKES VEH ON CARRIAGEWAY,1,712064,2,0,0,1,1,2,1,2,T intersection,3,888,Local Road,STONNINGTON,-37.853077,145.00179,3181.0,True,Preston HS,12393.3
T20230013956,2023-10-06,15:00:00,7,Fall from or in moving vehicle,7,Saturday,190,FELL IN/FROM VEHICLE,1,783800,1,0,1,0,0,1,2,5,Not at intersection,2,50,Arterial Other,COLAC OTWAY,-38.513348,143.705,3236.0,True,Preston HS,142595.6
T20220008367,2022-10-04,10:25:00,1,Collision with vehicle,1,Sunday,121,RIGHT THROUGH,1,40357,3,0,0,1,2,3,1,2,T intersection,3,60,Arterial Highway,GLEN EIRA,-37.873817,145.03824,3161.0,True,Preston HS,14943.3
T20250014808,2025-02-06,18:01:00,2,Struck Pedestrian,2,Monday,102,FAR SIDE. PED HIT BY VEHICLE FROM THE LEFT,3,57853,1,0,1,0,1,2,1,2,T intersection,2,60,Local Road,CARDINIA,-38.08456,145.47249,3810.0,True,Preston HS,55859.6
T20220002490,2022-05-02,17:10:00,1,Collision with vehicle,7,Saturday,110,CROSS TRAFFIC(INTERSECTIONS ONLY),1,44864,2,0,0,1,1,2,1,1,Cross intersection,3,60,Local Road,MILDURA,-34.202293,142.15186,3500.0,True,William Ruthven SC,465592.3
T20220019768,2022-01-09,15:55:00,2,Struck Pedestrian,4,Thursday,106,VEH STRIKES PED ON FOOTPATH/MEDIAN/TRAFFIC ISLAND.,1,724366,1,0,0,1,3,4,1,5,Not at intersection,3,50,Local Road,GEELONG,-38.09362,144.35149,3214.0,True,Preston HS,69561.1
T20240000105,2024-02-01,16:56:00,1,Collision with vehicle,3,Tuesday,148,VEHICLE OFF FOOTPATH STRIKES VEH ON CARRIAGEWAY,1,795129,2,0,1,0,2,3,1,2,T intersection,2,40,Local Road,GEELONG,-38.24286,144.3422,3217.0,True,Preston HS,80624.7
T20240000634,2024-09-01,20:40:00,2,Struck Pedestrian,3,Tuesday,106,VEH STRIKES PED ON FOOTPATH/MEDIAN/TRAFFIC ISLAND.,3,798226,1,0,1,1,4,6,1,5,Not at intersection,2,50,Local Road,BRIMBANK,-37.733665,144.76735,3021.0,True,Preston HS,21101.4
T20230005716,2023-10-03,00:53:00,2,Struck Pedestrian,5,Friday,100,PED NEAR SIDE. PED HIT BY VEHICLE FROM THE RIGHT.,3,123530,1,0,0,1,1,2,2,1,Cross intersection,3,70,Arterial Highway,YARRA,-37.80955,144.99138,3067.0,True,Preston HS,7670.0
T20220010551,2022-10-05,17:12:00,1,Collision with vehicle,3,Tuesday,143,ENTERING PARKING,1,712108,2,0,0,1,1,2,1,5,Not at intersection,3,50,Local Road,GEELONG,-38.14977,144.35326,3220.0,True,Preston HS,73116.4
T20230029410,2023-04-12,19:30:00,1,Collision with vehicle,1,Monday,137,LEFT TURN SIDESWIPE,1,65851,2,0,0,1,2,3,2,1,Cross intersection,3,40,Arterial Other,MELBOURNE,-37.813168,144.95143,3008.0,True,Preston HS,9332.3
T20230023752,2023-10-10,18:54:00,1,Collision with vehicle,3,Tuesday,130,REAR END(VEHICLES IN SAME LANE),3,791686,2,0,0,1,1,2,2,5,Not at intersection,3,50,Arterial Highway,BENDIGO,-36.757587,144.28133,3550.0,True,William Ruthven SC,122405.2
T20220025034,2022-06-11,16:56:00,1,Collision with vehicle,1,Sunday,120,HEAD ON (NOT OVERTAKING),1,774270,4,0,2,0,3,5,1,5,Not at intersection,2,70,Arterial Other,CARDINIA,-38.026096,145.50044,3810.0,True,Reservoir HS,53382.9
T20210015453,2021-10-07,12:45:00,1,Collision with vehicle,7,Saturday,137,LEFT TURN SIDESWIPE,1,241,2,0,0,1,1,2,2,1,Cross intersection,3,60,Local Road,MELBOURNE,-37.809246,144.97298,3002.0,True,Preston HS,8087.3
T20240015671,2024-12-06,19:51:00,2,Struck Pedestrian,4,Wednesday,100,PED NEAR SIDE. PED HIT BY VEHICLE FROM THE RIGHT.,6,805580,1,0,0,1,1,2,2,2,T intersection,3,50,Local Road,MERRI-BEK,-37.70941,144.94011,3046.0,True,William Ruthven SC,5714.1
T20230015423,2023-03-07,21:07:00,4,Collision with a fixed object,2,Monday,171,LEFT OFF CARRIAGEWAY INTO OBJECT/PARKED VEHICLE,3,794812,1,0,1,0,0,1,1,5,Not at intersection,2,50,Arterial Other,WYNDHAM,-37.90496,144.65742,3030.0,True,Preston HS,35677.4
T20240002702,2024-03-02,11:34:00,1,Collision with vehicle,7,Saturday,154,PULLING OUT -REAR END,1,1110,2,0,0,1,1,2,1,2,T intersection,3,40,Arterial Highway,MORNINGTON PENINSULA,-38.371063,144.83086,3941.0,True,Preston HS,71662.9
T20230007791,2023-02-04,17:45:00,1,Collision with vehicle,1,Sunday,130,REAR END(VEHICLES IN SAME LANE),2,776116,2,0,1,0,2,3,1,5,Not at intersection,2,60,Arterial Other,BAYSIDE,-37.954906,145.03032,3191.0,True,Preston HS,23794.9
T20220004878,2022-04-03,20:00:00,1,Collision with vehicle,5,Friday,110,CROSS TRAFFIC(INTERSECTIONS ONLY),3,35774,2,0,0,1,1,2,1,1,Cross intersection,3,50,Arterial Other,MOORABOOL,-37.67553,144.43532,3340.0,True,William Ruthven SC,50007.6
T20220015406,2022-08-07,21:00:00,2,Struck Pedestrian,5,Friday,102,FAR SIDE. PED HIT BY VEHICLE FROM THE LEFT,3,720068,1,0,0,1,1,2,2,5,Not at intersection,3,50,Local Road,PORT PHILLIP,-37.862595,144.97415,3182.0,True,Preston HS,13751.1
T20250000048,2025-01-01,11:45:00,4,Collision with a fixed object,4,Wednesday,183,OFF LEFT BEND INTO OBJECT/PARKED VEHICLE,1,819047,1,1,0,0,0,1,1,5,Not at intersection,1,100,Arterial Other,BAW BAW,-38.213894,145.7538,3818.0,True,Reservoir HS,83780.4
T20220024960,2022-05-11,15:00:00,2,Struck Pedestrian,6,Saturday,101,PED EMERGES FROM IN FRONT OF PARKED OR STATIONARY VEHICLE,1,743948,1,0,0,1,2,3,1,5,Not at intersection,3,60,Arterial Highway,YARRA RANGES,-37.75627,145.34447,3140.0,True,Reservoir HS,27960.0
T20230010581,2023-05-05,17:50:00,1,Collision with vehicle,5,Friday,130,REAR END(VEHICLES IN SAME LANE),5,773646,3,0,0,1,2,3,1,2,T intersection,3,100,Arterial Highway,PYRENEES,-37.024345,143.42003,3467.0,True,William Ruthven SC,158615.6
T20210000533,2021-09-01,10:00:00,1,Collision with vehicle,7,Saturday,147,VEHICLE STRIKES ANOTHER VEH WHILE EMERGING FROM DRIVEWAY,1,68645,2,0,0,1,1,2,1,2,T intersection,3,60,Arterial Other,MONASH,-37.89031,145.12627,3149.0,True,Preston HS,19561.4
T20230025509,2023-01-11,01:57:00,2,Struck Pedestrian,4,Wednesday,103,PED PLAYING/LYING/WORKING/STANDING ON CARRIAGEWAY.,3,786379,1,0,0,1,1,2,1,5,Not at intersection,3,50,Local Road,CAMPASPE,-36.14069,144.76086,3564.0,True,William Ruthven SC,174336.4
T20210010875,2021-10-05,13:15:00,1,Collision with vehicle,1,Monday,160,VEHICLE COLLIDES WITH VEHICLE PARKED ON LEFT OF ROAD,1,683409,2,0,1,0,0,1,2,5,Not at intersection,2,40,Local Road,YARRA,-37.807877,144.97685,3065.0,True,Preston HS,7824.1
T20210007939,2021-09-04,12:55:00,2,Struck Pedestrian,6,Friday,104,PED WALKING WITH TRAFFIC,1,683102,1,0,0,1,0,1,1,2,T intersection,3,777,Local Road,WODONGA,-36.119164,146.89035,3690.0,True,William Ruthven SC,242729.9
T20210020369,2021-06-10,17:30:00,2,Struck Pedestrian,3,Wednesday,100,PED NEAR SIDE. PED HIT BY VEHICLE FROM THE RIGHT.,1,781313,1,0,0,1,1,2,1,5,Not at intersection,3,30,Local Road,LATROBE,-38.19513,146.54124,3844.0,True,Reservoir HS,142586.5
T20220024658,2022-02-11,12:58:00,2,Struck Pedestrian,4,Wednesday,100,PED NEAR SIDE. PED HIT BY VEHICLE FROM THE RIGHT.,1,41791,1,0,0,1,1,2,1,1,Cross intersection,3,40,Local Road,MONASH,-37.87954,145.16394,3150.0,True,Preston HS,20609.7
T20230000296,2023-05-01,19:15:00,1,Collision with vehicle,4,Thursday,134,LANE CHANGE RIGHT (NOT OVERTAKING),1,252030,2,0,0,1,1,2,1,5,Not at intersection,3,80,Arterial Highway,FRANKSTON,-38.11965,145.14719,3200.0,True,Preston HS,43785.3
T20230000517,2023-08-01,13:00:00,4,Collision with a fixed object,1,Sunday,181,OFF RIGHT BEND INTO OBJECT/PARKED VEHICLE,1,753272,1,0,1,0,0,1,1,5,Not at intersection,2,80,Arterial Other,YARRA RANGES,-37.66618,145.85507,3799.0,True,Reservoir HS,72916.3
T20230002911,2023-06-02,06:29:00,1,Collision with vehicle,2,Monday,110,CROSS TRAFFIC(INTERSECTIONS ONLY),2,52933,2,0,1,0,1,2,1,1,Cross intersection,2,60,Arterial Other,BALLARAT,-37.56966,143.86278,3350.0,True,William Ruthven SC,101391.9
T20210002360,2021-07-01,19:30:00,1,Collision with vehicle,5,Thursday,148,VEHICLE OFF FOOTPATH STRIKES VEH ON CARRIAGEWAY,1,674781,2,0,1,0,1,2,2,4,Multiple intersection,2,80,Freeway,KNOX,-37.87665,145.21193,3152.0,True,Preston HS,23430.1
T20210003519,2021-07-02,14:30:00,1,Collision with vehicle,1,Sunday,131,LEFT REAR,1,676236,3,0,0,1,4,5,2,5,Not at intersection,3,100,Arterial Other,MITCHELL,-37.20927,145.08545,3658.0,True,William Ruthven SC,54668.7
T20210012688,2021-07-02,11:30:00,5,collision with some other object,0,Sunday,166,STRUCK OBJECT ON CARRIAGEWAY,1,687036,1,0,0,1,0,1,2,2,T intersection,3,888,Local Road,ALPINE,-36.753284,146.93268,3740.0,True,Reservoir HS,199995.4
T20220005121,2022-07-03,08:30:00,2,Struck Pedestrian,2,Monday,100,PED NEAR SIDE. PED HIT BY VEHICLE FROM THE RIGHT.,1,706307,1,0,0,1,1,2,2,5,Not at intersection,3,50,Local Road,WHITTLESEA,-37.61189,145.0106,3750.0,True,William Ruthven SC,9436.5
T20210024866,2021-05-12,15:21:00,1,Collision with vehicle,1,Sunday,116,LEFT NEAR (INTERSECTIONS ONLY),1,292865,2,0,0,1,1,2,1,2,T intersection,3,60,Local Road,FRANKSTON,-38.175453,145.15129,3199.0,True,Preston HS,49860.3
T20240028631,2024-10-11,07:05:00,1,Collision with vehicle,1,Sunday,121,RIGHT THROUGH,1,29596,2,0,1,0,1,2,1,1,Cross intersection,2,40,Arterial Other,PORT PHILLIP,-37.868366,144.99036,3182.0,True,Preston HS,14161.2
T20220024994,2022-06-11,11:27:00,1,Collision with vehicle,0,Sunday,130,REAR END(VEHICLES IN SAME LANE),1,109930,2,0,0,1,1,2,1,5,Not at intersection,3,60,Arterial Other,NILLUMBIK,-37.704426,145.15733,3095.0,True,Reservoir HS,11429.4
T20250006950,2025-03-03,10:30:00,8,No collision and no object struck,1,Monday,184,OUT OF CONTROL ON CARRIAGEWAY (ON BEND),9,816506,1,0,0,1,0,1,2,5,Not at intersection,3,888,Local Road,YARRA RANGES,-37.840187,145.67145,3797.0,True,Reservoir HS,57925.6
T20220027502,2022-04-12,12:12:00,1,Collision with vehicle,1,Sunday,147,VEHICLE STRIKES ANOTHER VEH WHILE EMERGING FROM DRIVEWAY,1,741591,2,1,0,0,1,2,1,5,Not at intersection,1,50,Local Road,HOBSONS BAY,-37.830135,144.85313,3025.0,True,Preston HS,16726.5
T20250011564,2025-01-05,07:20:00,1,Collision with vehicle,4,Thursday,130,REAR END(VEHICLES IN SAME LANE),1,817846,2,0,0,1,1,2,1,5,Not at intersection,3,80,Arterial Highway,KNOX,-37.88883,145.2941,3156.0,True,Reservoir HS,29720.0
T20250012613,2025-11-05,16:36:00,2,Struck Pedestrian,1,Sunday,100,PED NEAR SIDE. PED HIT BY VEHICLE FROM THE RIGHT.,1,818205,1,0,1,0,1,2,2,5,Not at intersection,2,30,Local Road,CARDINIA,-37.967884,145.39383,3782.0,True,Reservoir HS,42060.4