ACCIDENT_NO,ACCIDENT_DATE,ACCIDENT_TIME,ACCIDENT_TYPE,ACCIDENT_TYPE_DESC,DAY_OF_WEEK,DAY_WEEK_DESC,DCA_CODE,DCA_DESC,LIGHT_CONDITION,NODE_ID,NO_OF_VEHICLES,NO_PERSONS_KILLED,NO_PERSONS_INJ_2,NO_PERSONS_INJ_3,NO_PERSONS_NOT_INJ,NO_PERSONS,POLICE_ATTEND,ROAD_GEOMETRY,ROAD_GEOMETRY_DESC,SEVERITY,SPEED_ZONE,RMA,LGA_NAME,LATITUDE,LONGITUDE,POSTCODE_CRASH,PED_OR_CYC,nearest_school,dist_to_gate_m
T20240020172,2024-05-08,05:00:00,1,Collision with vehicle,1,Monday,140,U TURN,3,807280,2,0,0,1,1,2,2,2,T intersection,3,60,Arterial Other,MONASH,-37.8561,145.11902,3149.0,True,Preston HS,16078.4
T20220010646,2022-11-05,16:25:00,1,Collision with vehicle,3,Wednesday,140,U TURN,1,43893,2,0,1,0,2,3,1,2,T intersection,2,80,Arterial Highway,CASEY,-38.09988,145.28296,3977.0,True,Preston HS,46602.3
T20210002851,2021-08-02,08:33:00,1,Collision with vehicle,2,Monday,113,RIGHT NEAR (INTERSECTIONS ONLY),1,55539,2,0,1,0,1,2,1,2,T intersection,2,80,Arterial Other,WYNDHAM,-37.823196,144.78604,3026.0,True,Preston HS,21436.8
T20240020427,2024-12-08,06:24:00,2,Struck Pedestrian,2,Monday,106,VEH STRIKES PED ON FOOTPATH/MEDIAN/TRAFFIC ISLAND.,2,7802,1,0,0,1,1,2,1,1,Cross intersection,3,60,Arterial Other,BOROONDARA,-37.821564,145.02638,3122.0,True,Preston HS,9040.7
T20210012492,2021-09-05,16:28:00,1,Collision with vehicle,1,Sunday,121,RIGHT THROUGH,1,685002,2,0,0,1,1,2,1,1,Cross intersection,3,60,Local Road,PORT PHILLIP,-37.84224,144.9592,3206.0,True,Preston HS,11945.6
T20250012457,2025-10-05,09:08:00,6,Vehicle overturned (no collision),7,Saturday,174,OUT OF CONTROL ON CARRIAGEWAY (ON STRAIGHT),1,818337,1,0,1,0,0,1,1,1,Cross intersection,2,60,Arterial Highway,SHEPPARTON,-36.394962,145.35605,3629.0,True,William Ruthven SC,148081.6
T20240003349,2024-10-02,14:39:00,8,No collision and no object struck,7,Saturday,180,OFF CARRIAGEWAY ON RIGHT BEND,1,798216,1,0,0,1,0,1,1,5,Not at intersection,3,80,Local Road,SOUTH GIPPSLAND,-38.341187,145.97543,3953.0,True,Reservoir HS,107700.7
T20220003202,2022-12-02,08:30:00,1,Collision with vehicle,7,Saturday,130,REAR END(VEHICLES IN SAME LANE),1,731377,2,0,0,1,1,2,1,5,Not at intersection,3,60,Arterial Other,PORT PHILLIP,-37.835274,144.97098,3205.0,True,Preston HS,10878.3
T20220015026,2022-05-07,11:06:00,2,Struck Pedestrian,2,Tuesday,105,PED WALKING AGAINST TRAFFIC.,1,720428,1,0,1,0,1,2,1,5,Not at intersection,2,50,Local Road,MITCHELL,-37.4117,144.97067,3756.0,True,William Ruthven SC,31800.6
T20230016615,2023-09-07,11:00:00,8,No collision and no object struck,0,Sunday,189,OTHER ACCIDENTS ON CURVE NOT INCLUDED IN DCAs 180-184,9,777335,1,0,0,1,0,1,2,5,Not at intersection,3,888,Local Road,MOORABOOL,-37.50621,144.29156,3458.0,True,William Ruthven SC,66151.4
T20220022846,2022-11-10,08:42:00,2,Struck Pedestrian,2,Tuesday,100,PED NEAR SIDE. PED HIT BY VEHICLE FROM THE RIGHT.,1,1019,1,0,0,1,1,2,1,2,T intersection,3,60,Arterial Highway,CASEY,-38.111835,145.28311,3977.0,True,Preston HS,47749.1
T20220008414,2022-10-04,14:30:00,1,Collision with vehicle,1,Sunday,137,LEFT TURN SIDESWIPE,1,36666,2,0,1,0,1,2,2,1,Cross intersection,2,40,Arterial Highway,YARRA,-37.799847,144.99298,3067.0,True,Preston HS,6583.7
T20250002686,2025-01-02,13:50:00,1,Collision with vehicle,7,Saturday,147,VEHICLE STRIKES ANOTHER VEH WHILE EMERGING FROM DRIVEWAY,1,814617,2,0,0,1,1,2,1,5,Not at intersection,3,777,Arterial Other,BANYULE,-37.700203,145.11908,3088.0,True,Reservoir HS,8265.9
T20240011751,2024-06-04,11:00:00,6,Vehicle overturned (no collision),7,Saturday,174,OUT OF CONTROL ON CARRIAGEWAY (ON STRAIGHT),1,802897,1,0,1,0,0,1,2,5,Not at intersection,2,888,,TOWONG,-36.60673,147.37292,3701.0,True,Reservoir HS,241884.7
T20250005751,2025-01-03,09:50:00,1,Collision with vehicle,7,Saturday,130,REAR END(VEHICLES IN SAME LANE),1,815992,2,0,0,1,4,5,1,5,Not at intersection,3,100,Freeway,CARDINIA,-38.06968,145.3832,3809.0,True,Preston HS,49181.8
T20230012939,2023-02-06,15:22:00,2,Struck Pedestrian,6,Friday,105,PED WALKING AGAINST TRAFFIC.,1,783250,2,0,1,0,1,2,1,5,Not at intersection,2,888,Local Road,MANNINGHAM,-37.7874,145.12181,3108.0,True,Reservoir HS,10873.9
T20240014627,2024-08-06,10:05:00,1,Collision with vehicle,7,Saturday,121,RIGHT THROUGH,1,40034,2,0,1,1,0,2,1,1,Cross intersection,2,60,Arterial Other,PORT PHILLIP,-37.832794,144.9243,3207.0,True,Preston HS,12471.7
T20240030837,2024-02-12,12:25:00,1,Collision with vehicle,2,Monday,121,RIGHT THROUGH,1,66484,2,0,0,1,1,2,1,1,Cross intersection,3,40,Arterial Other,BOROONDARA,-37.828983,145.05399,3123.0,True,Preston HS,10544.0
T20250022574,2025-01-07,13:20:00,1,Collision with vehicle,3,Tuesday,121,RIGHT THROUGH,1,7313,2,0,0,1,1,2,2,2,T intersection,3,40,,BAYSIDE,-37.93644,145.00179,3188.0,True,Preston HS,21659.1
T20250009227,2025-05-04,20:59:00,2,Struck Pedestrian,6,Saturday,102,FAR SIDE. PED HIT BY VEHICLE FROM THE LEFT,3,825301,1,0,1,0,1,2,1,5,Not at intersection,2,50,Arterial Other,MOONEE VALLEY,-37.750248,144.90907,3040.0,True,Preston HS,8671.6
T20220001375,2022-04-01,15:00:00,1,Collision with vehicle,2,Tuesday,123,RIGHT/LEFT. ONE VEH TURNING RIGHT THE OTHER LEFT.,1,780104,2,0,0,1,1,2,2,5,Not at intersection,3,80,Arterial Other,CARDINIA,-38.067955,145.55988,3812.0,True,Reservoir HS,60358.4
T20230028581,2023-04-12,09:06:00,1,Collision with vehicle,2,Monday,110,CROSS TRAFFIC(INTERSECTIONS ONLY),1,794827,2,0,1,1,1,3,2,1,Cross intersection,2,60,Arterial Other,WODONGA,-36.127,146.86606,3690.0,True,William Ruthven SC,240603.7
T20240008583,2024-05-04,19:10:00,1,Collision with vehicle,5,Friday,120,HEAD ON (NOT OVERTAKING),5,804394,2,0,1,0,1,2,1,5,Not at intersection,2,100,Arterial Other,MANSFIELD,-37.381397,146.22215,3723.0,True,Reservoir HS,111774.4
T20250003026,2025-05-02,08:14:00,6,Vehicle overturned (no collision),4,Wednesday,174,OUT OF CONTROL ON CARRIAGEWAY (ON STRAIGHT),1,814806,1,0,1,0,0,1,1,5,Not at intersection,2,70,Arterial Highway,MELBOURNE,-37.817757,144.98999,3121.0,True,Preston HS,8589.8
T20230021137,2023-09-09,17:35:00,1,Collision with vehicle,7,Saturday,113,RIGHT NEAR (INTERSECTIONS ONLY),1,39172,2,0,0,1,1,2,1,2,T intersection,3,60,Arterial Other,BOROONDARA,-37.824234,145.08282,3126.0,True,Preston HS,11336.0
T20220007733,2022-06-04,17:00:00,1,Collision with vehicle,3,Wednesday,121,RIGHT THROUGH,1,29401,2,0,0,1,1,2,1,1,Cross intersection,3,40,Arterial Other,YARRA,-37.79846,144.97958,3065.0,True,Preston HS,6759.1
T20240029166,2024-09-11,13:00:00,8,No collision and no object struck,7,Saturday,174,OUT OF CONTROL ON CARRIAGEWAY (ON STRAIGHT),1,810996,1,0,1,0,0,1,2,5,Not at intersection,2,888,Local Road,MURRINDINDI,-37.48584,145.51192,3777.0,True,Reservoir HS,49987.5
T20250003782,2025-12-02,12:05:00,8,No collision and no object struck,4,Wednesday,174,OUT OF CONTROL ON CARRIAGEWAY (ON STRAIGHT),1,820863,1,0,0,1,0,1,1,2,T intersection,3,60,Local Road,MOORABOOL,-37.47843,144.30533,3458.0,True,William Ruthven SC,66084.2
T20240028062,2024-04-11,13:26:00,1,Collision with vehicle,2,Monday,149,OTHER MANOEUVRING NOT INCLUDED IN DCAs 140-148,1,810551,2,0,0,1,1,2,2,5,Not at intersection,3,777,,LATROBE,-38.191803,146.55627,3844.0,True,Reservoir HS,143680.2
T20230026366,2023-07-11,16:00:00,6,Vehicle overturned (no collision),3,Tuesday,174,OUT OF CONTROL ON CARRIAGEWAY (ON STRAIGHT),1,792969,1,0,0,1,0,1,2,5,Not at intersection,3,999,Local Road,COLAC OTWAY,-38.630226,143.89279,3234.0,True,Preston HS,138728.8
T20240006295,2024-12-03,15:45:00,2,Struck Pedestrian,2,Tuesday,102,FAR SIDE. PED HIT BY VEHICLE FROM THE LEFT,1,800801,1,0,1,0,1,2,1,5,Not at intersection,2,40,Local Road,PORT PHILLIP,-37.836,144.95891,3205.0,True,Preston HS,11308.5
T20220015368,2022-09-07,10:33:00,2,Struck Pedestrian,7,Saturday,194,PARKED CAR RUN AWAY,1,785560,1,0,0,1,0,1,1,5,Not at intersection,3,999,Arterial Other,CARDINIA,-37.94884,145.53778,3783.0,True,Reservoir HS,51256.0
T20230013752,2023-11-06,18:40:00,1,Collision with vehicle,0,Sunday,133,LANE SIDE SWIPE (VEHICLES IN PARALLEL LANES),2,804713,2,0,0,1,1,2,2,1,Cross intersection,3,999,Local Road,MELBOURNE,-37.810402,144.98344,3002.0,True,Preston HS,7917.3
T20240023357,2024-08-09,16:00:00,5,collision with some other object,1,Sunday,166,STRUCK OBJECT ON CARRIAGEWAY,1,808887,1,0,0,1,0,1,2,5,Not at intersection,3,888,Local Road,STRATHBOGIE,-36.82282,145.00015,3608.0,True,William Ruthven SC,97153.6
T20240002551,2024-01-02,17:55:00,1,Collision with vehicle,5,Thursday,121,RIGHT THROUGH,1,35344,2,0,1,0,1,2,2,2,T intersection,2,60,Arterial Other,YARRA,-37.800526,144.99994,3067.0,True,Preston HS,6571.4
T20230002699,2023-03-02,12:34:00,2,Struck Pedestrian,6,Friday,100,PED NEAR SIDE. PED HIT BY VEHICLE FROM THE RIGHT.,1,752547,1,0,0,1,1,2,1,1,Cross intersection,3,60,Local Road,MELBOURNE,-37.81608,144.9826,3002.0,True,Preston HS,8546.4
T20210000413,2021-07-01,12:25:00,2,Struck Pedestrian,5,Thursday,100,PED NEAR SIDE. PED HIT BY VEHICLE FROM THE RIGHT.,1,672729,1,0,1,0,1,2,1,5,Not at intersection,2,50,Local Road,HOBSONS BAY,-37.827217,144.84395,3025.0,True,Preston HS,17204.3
T20230015641,2023-06-07,08:55:00,1,Collision with vehicle,5,Thursday,137,LEFT TURN SIDESWIPE,1,65470,2,0,0,2,0,2,2,2,T intersection,3,60,Arterial Highway,YARRA,-37.804222,144.99225,3067.0,True,Preston HS,7073.6
T20220019821,2022-01-09,14:15:00,2,Struck Pedestrian,4,Thursday,105,PED WALKING AGAINST TRAFFIC.,1,297478,1,0,0,1,1,2,2,5,Not at intersection,3,999,Freeway,CASEY,-38.025856,145.24863,3976.0,True,Preston HS,38048.2
T20250008850,2025-02-04,08:45:00,1,Collision with vehicle,4,Wednesday,121,RIGHT THROUGH,1,817360,2,0,1,0,1,2,1,2,T intersection,2,50,Local Road,GEELONG,-38.192665,144.3353,3216.0,True,Preston HS,77347.6
T20240020189,2024-09-08,12:10:00,6,Vehicle overturned (no collision),5,Friday,174,OUT OF CONTROL ON CARRIAGEWAY (ON STRAIGHT),1,35664,2,0,1,0,1,2,1,1,Cross intersection,2,60,Arterial Other,DAREBIN,-37.74107,145.00975,3072.0,True,Preston HS,243.3
T20220027298,2022-02-12,09:52:00,1,Collision with vehicle,5,Friday,130,REAR END(VEHICLES IN SAME LANE),1,739255,2,0,0,1,1,2,1,5,Not at intersection,3,60,Arterial Other,MOONEE VALLEY,-37.758793,144.86055,3034.0,True,Preston HS,13024.2
T20250011867,2025-04-05,12:30:00,1,Collision with vehicle,1,Sunday,135,LANE CHANGE LEFT (NOT OVERTAKING),1,819565,2,0,0,1,1,2,1,5,Not at intersection,3,40,Arterial Other,MERRI-BEK,-37.741768,144.96652,3058.0,True,Preston HS,3568.2
T20230000192,2022-09-05,12:00:00,7,Fall from or in moving vehicle,2,Monday,172,OFF CARRIAGEWAY TO RIGHT,1,745969,1,0,0,1,0,1,2,2,T intersection,3,888,Arterial Other,NORTHERN GRAMPIANS,-37.076656,142.36627,3401.0,True,William Ruthven SC,242929.1
T20230026396,2023-10-11,16:30:00,1,Collision with vehicle,5,Friday,116,LEFT NEAR (INTERSECTIONS ONLY),1,790695,2,0,0,1,1,2,2,1,Cross intersection,3,80,Arterial Highway,KNOX,-37.89902,145.23294,3179.0,True,Preston HS,26448.5
T20230000616,2023-04-01,10:30:00,6,Vehicle overturned (no collision),4,Wednesday,174,OUT OF CONTROL ON CARRIAGEWAY (ON STRAIGHT),1,753764,1,0,0,1,0,1,2,2,T intersection,3,100,Local Road,YARRA RANGES,-37.776737,145.82988,3799.0,True,Reservoir HS,70637.8
T20220028044,2022-09-12,17:40:00,1,Collision with vehicle,5,Friday,135,LANE CHANGE LEFT (NOT OVERTAKING),1,775987,2,0,0,1,1,2,2,5,Not at intersection,3,60,Arterial Other,MELBOURNE,-37.80685,144.96469,3053.0,True,Preston HS,8147.1
T20230000324,2023-01-01,02:30:00,1,Collision with vehicle,1,Sunday,116,LEFT NEAR (INTERSECTIONS ONLY),6,278624,2,0,0,1,1,2,2,1,Cross intersection,3,70,Local Road,WHITTLESEA,-37.620754,145.00523,3076.0,True,William Ruthven SC,8429.3
T20220012559,2022-03-06,10:54:00,1,Collision with vehicle,6,Friday,140,U TURN,1,725240,2,0,0,1,1,2,1,5,Not at intersection,3,40,Local Road,MELBOURNE,-37.810627,144.9561,3000.0,True,Preston HS,8878.8
T20250007953,2025-06-03,23:10:00,2,Struck Pedestrian,4,Thursday,109,ANY MANOEUVRE INVOLVING PED NOT INCLUDED IN DCAs 100-108.,3,817183,1,0,0,1,1,2,2,5,Not at intersection,3,777,Local Road,HUME,-37.67096,144.84961,3045.0,True,William Ruthven SC,13793.8
T20250014786,2025-02-06,15:56:00,6,Vehicle overturned (no collision),1,Monday,184,OUT OF CONTROL ON CARRIAGEWAY (ON BEND),1,818932,1,0,0,1,0,1,1,5,Not at intersection,3,60,Arterial Other,YARRA RANGES,-37.91873,145.35165,3160.0,True,Reservoir HS,35746.1
T20250000706,2025-09-01,22:00:00,2,Struck Pedestrian,4,Thursday,109,ANY MANOEUVRE INVOLVING PED NOT INCLUDED IN DCAs 100-108.,3,819007,1,0,1,0,2,3,1,2,T intersection,2,60,Local Road,BENDIGO,-36.749943,144.24846,3550.0,True,William Ruthven SC,124667.7
T20230007764,2023-02-04,10:00:00,4,Collision with a fixed object,1,Sunday,183,OFF LEFT BEND INTO OBJECT/PARKED VEHICLE,1,773563,1,0,1,0,0,1,1,5,Not at intersection,2,100,,YARRA RANGES,-37.823715,145.7385,3797.0,True,Reservoir HS,63334.9
T20220015694,2022-09-07,12:30:00,2,Struck Pedestrian,6,Saturday,103,PED PLAYING/LYING/WORKING/STANDING ON CARRIAGEWAY.,1,743011,1,0,0,1,1,2,2,5,Not at intersection,3,40,Local Road,MELBOURNE,-37.808598,144.95079,3003.0,True,Preston HS,8934.7
T20240028318,2024-07-11,07:46:00,2,Struck Pedestrian,4,Thursday,100,PED NEAR SIDE. PED HIT BY VEHICLE FROM THE RIGHT.,1,810614,1,0,0,2,0,2,1,2,T intersection,3,40,Local Road,MELBOURNE,-37.80848,144.96765,3000.0,True,Preston HS,8195.2
T20220020279,2022-03-09,10:57:00,1,Collision with vehicle,6,Saturday,163,VEHICLE STRIKES DOOR OF PARKED/STATIONARY VEHICLE,9,781380,2,0,0,1,1,2,2,5,Not at intersection,3,999,Local Road,MELBOURNE,-37.83224,144.98409,3141.0,True,Preston HS,10268.6
T20240024812,2024-01-10,20:20:00,1,Collision with vehicle,3,Tuesday,135,LANE CHANGE LEFT (NOT OVERTAKING),3,809125,2,0,0,1,4,5,1,5,Not at intersection,3,40,Local Road,MELBOURNE,-37.809517,144.96408,3000.0,True,Preston HS,8435.7
T20230028982,2023-04-12,09:00:00,1,Collision with vehicle,2,Monday,133,LANE SIDE SWIPE (VEHICLES IN PARALLEL LANES),1,791375,3,0,0,1,3,4,2,2,T intersection,3,40,Arterial Other,YARRA,-37.80675,144.97339,3065.0,True,Preston HS,7816.5
T20250017649,2025-01-06,23:00:00,3,Struck animal,1,Sunday,167,STRUCK ANIMAL,5,824595,1,0,0,1,0,1,2,5,Not at intersection,3,60,Arterial Other,NILLUMBIK,-37.71789,145.22542,3113.0,True,Reservoir HS,17248.4
T20240005364,2024-02-03,09:00:00,1,Collision with vehicle,7,Saturday,163,VEHICLE STRIKES DOOR OF PARKED/STATIONARY VEHICLE,1,40198,3,0,1,0,2,3,1,2,T intersection,2,999,Local Road,PORT PHILLIP,-37.862835,145.01004,3183.0,True,Preston HS,13472.1
T20230000392,2023-06-01,21:24:00,1,Collision with vehicle,6,Friday,153,CUTTING IN (OVERTAKING),3,754066,2,0,0,1,2,3,1,5,Not at intersection,3,70,Arterial Other,MONASH,-37.903004,145.1561,3170.0,True,Preston HS,22203.3
T20230023899,2023-06-09,18:30:00,1,Collision with vehicle,3,Wednesday,130,REAR END(VEHICLES IN SAME LANE),3,811630,2,0,0,2,0,2,2,5,Not at intersection,3,60,Arterial Other,STONNINGTON,-37.83051,145.0126,3121.0,True,Preston HS,9887.0
T20220028138,2022-11-12,09:30:00,8,No collision and no object struck,0,Sunday,174,OUT OF CONTROL ON CARRIAGEWAY (ON STRAIGHT),1,773185,1,0,0,1,0,1,1,5,Not at intersection,3,100,,MOORABOOL,-37.627434,144.03928,3352.0,True,William Ruthven SC,85177.6
T20250020837,2025-06-08,15:53:00,1,Collision with vehicle,4,Wednesday,160,VEHICLE COLLIDES WITH VEHICLE PARKED ON LEFT OF ROAD,1,821185,2,0,0,1,1,2,2,5,Not at intersection,3,50,Local Road,HUME,-37.517414,144.95447,3064.0,True,William Ruthven SC,20371.3
T20220028009,2022-09-12,20:30:00,8,No collision and no object struck,6,Friday,174,OUT OF CONTROL ON CARRIAGEWAY (ON STRAIGHT),3,747574,1,0,0,1,0,1,1,5,Not at intersection,3,40,Arterial Other,YARRA,-37.81106,145.00562,3121.0,True,Preston HS,7713.6
T20220007952,2022-09-04,10:05:00,1,Collision with vehicle,6,Saturday,121,RIGHT THROUGH,1,39287,2,0,0,1,1,2,1,2,T intersection,3,60,Arterial Other,WHITEHORSE,-37.79922,145.11826,3129.0,True,Reservoir HS,11575.2
T20220005327,2022-09-03,08:35:00,1,Collision with vehicle,3,Wednesday,137,LEFT TURN SIDESWIPE,1,781593,2,0,0,1,1,2,2,1,Cross intersection,3,999,Arterial Other,KINGSTON,-37.926304,145.10081,3169.0,True,Preston HS,22115.3
T20230023782,2023-09-10,15:15:00,1,Collision with vehicle,2,Monday,116,LEFT NEAR (INTERSECTIONS ONLY),9,29785,2,0,1,0,1,2,2,1,Cross intersection,2,60,Arterial Other,WHITTLESEA,-37.651882,145.02371,3076.0,True,William Ruthven SC,5290.0
T20210012846,2021-10-06,15:05:00,1,Collision with vehicle,5,Thursday,121,RIGHT THROUGH,1,688387,2,0,0,1,1,2,1,5,Not at intersection,3,70,Arterial Other,FRANKSTON,-38.097878,145.16063,3201.0,True,Preston HS,41832.3
T20220020112,2022-06-09,11:45:00,2,Struck Pedestrian,2,Tuesday,101,PED EMERGES FROM IN FRONT OF PARKED OR STATIONARY VEHICLE,1,40195,1,0,1,0,1,2,1,1,Cross intersection,2,70,Arterial Highway,STONNINGTON,-37.8601,145.01054,3143.0,True,Preston HS,13168.9
T20220007612,2022-04-04,07:30:00,5,collision with some other object,1,Monday,166,STRUCK OBJECT ON CARRIAGEWAY,1,709151,1,0,0,1,0,1,2,5,Not at intersection,3,999,,BAW BAW,-38.07002,146.07326,3821.0,True,Reservoir HS,99416.4
T20240031430,2024-07-12,22:40:00,1,Collision with vehicle,7,Saturday,139,OTHER SAME DIRECTION-MANOUEVRES NOT INCLUDED IN DCAs 130-137,3,272856,2,0,1,0,1,2,1,5,Not at intersection,2,100,Freeway,MONASH,-37.914528,145.16791,3150.0,True,Preston HS,23849.3
T20220015506,2022-11-07,15:05:00,2,Struck Pedestrian,2,Monday,102,FAR SIDE. PED HIT BY VEHICLE FROM THE LEFT,1,36338,1,0,0,2,1,3,1,1,Cross intersection,3,50,Local Road,MELBOURNE,-37.79732,144.96902,3053.0,True,Preston HS,7032.3
T20240029228,2024-10-11,11:30:00,2,Struck Pedestrian,0,Sunday,102,FAR SIDE. PED HIT BY VEHICLE FROM THE LEFT,1,810970,1,0,0,1,1,2,2,5,Not at intersection,3,40,Local Road,HUME,-37.577312,144.73108,3429.0,True,William Ruthven SC,27368.4
T20220007991,2022-09-04,17:35:00,1,Collision with vehicle,7,Saturday,153,CUTTING IN (OVERTAKING),1,45253,3,1,0,2,0,3,1,2,T intersection,1,80,Arterial Other,CARDINIA,-38.128582,145.49031,3810.0,True,Preston HS,60386.3
T20240014838,2024-11-06,06:38:00,2,Struck Pedestrian,3,Tuesday,100,PED NEAR SIDE. PED HIT BY VEHICLE FROM THE RIGHT.,3,879,1,0,1,0,1,2,1,1,Cross intersection,2,80,Arterial Other,CASEY,-38.001717,145.27432,3803.0,True,Preston HS,37230.3
T20250020642,2025-05-08,08:05:00,1,Collision with vehicle,2,Tuesday,136,RIGHT TURN SIDESWIPE,1,821268,2,0,0,1,1,2,2,1,Cross intersection,3,40,Local Road,MELBOURNE,-37.81618,144.96405,3000.0,True,Preston HS,9105.1
T20230018356,2023-06-08,10:15:00,1,Collision with vehicle,1,Sunday,120,HEAD ON (NOT OVERTAKING),1,778402,2,0,0,1,1,2,1,5,Not at intersection,3,60,Local Road,BOROONDARA,-37.820244,145.09648,3127.0,True,Preston HS,11746.5
T20210005052,2021-07-03,17:51:00,8,No collision and no object struck,1,Sunday,182,OFF CARRIAGEWAY ON LEFT BEND,1,677591,1,0,0,1,0,1,1,5,Not at intersection,3,80,Local Road,NILLUMBIK,-37.59679,145.19324,3099.0,True,Reservoir HS,20077.1
T20230012962,2023-03-06,12:19:00,7,Fall from or in moving vehicle,6,Saturday,190,FELL IN/FROM VEHICLE,1,742518,1,0,0,1,0,1,1,5,Not at intersection,3,30,Arterial Other,YARRA,-37.817905,144.99318,3121.0,True,Preston HS,8561.5
T20220000363,2022-08-01,20:35:00,1,Collision with vehicle,7,Saturday,136,RIGHT TURN SIDESWIPE,3,57599,2,0,0,1,1,2,2,2,T intersection,3,999,Arterial Other,BAYSIDE,-37.975494,145.01591,3193.0,True,Preston HS,26008.2
T20230020613,2023-03-09,15:33:00,1,Collision with vehicle,1,Sunday,135,LANE CHANGE LEFT (NOT OVERTAKING),1,780131,3,0,0,1,1,2,1,5,Not at intersection,3,70,Arterial Other,KINGSTON,-37.9369,145.0642,3189.0,True,Preston HS,22276.9
T20240008697,2024-07-04,13:27:00,6,Vehicle overturned (no collision),1,Sunday,174,OUT OF CONTROL ON CARRIAGEWAY (ON STRAIGHT),1,691205,1,0,0,1,0,1,1,2,T intersection,3,60,Arterial Other,FRANKSTON,-38.1394,145.12576,3199.0,True,Preston HS,45430.0
T20230018582,2023-09-08,18:45:00,2,Struck Pedestrian,3,Wednesday,102,FAR SIDE. PED HIT BY VEHICLE FROM THE LEFT,3,779119,1,0,0,1,1,2,1,5,Not at intersection,3,50,Local Road,MONASH,-37.876217,145.17886,3150.0,True,Preston HS,21246.5
T20250015392,2025-09-06,04:25:00,2,Struck Pedestrian,2,Monday,100,PED NEAR SIDE. PED HIT BY VEHICLE FROM THE RIGHT.,3,206,1,0,1,0,1,2,1,1,Cross intersection,2,60,Arterial Other,MELBOURNE,-37.818356,144.95663,3000.0,True,Preston HS,9608.8
T20220014060,2022-06-06,10:00:00,6,Vehicle overturned (no collision),1,Monday,174,OUT OF CONTROL ON CARRIAGEWAY (ON STRAIGHT),1,715766,1,0,0,1,0,1,2,5,Not at intersection,3,60,Arterial Other,MOONEE VALLEY,-37.756336,144.90726,3040.0,True,Preston HS,8927.7
T20240011995,2024-10-05,20:30:00,2,Struck Pedestrian,6,Friday,100,PED NEAR SIDE. PED HIT BY VEHICLE FROM THE RIGHT.,5,238583,1,0,0,1,1,2,1,1,Cross intersection,3,60,Arterial Other,MELBOURNE,-37.80843,144.97583,3002.0,True,Preston HS,7912.7
T20210021020,2021-10-03,20:54:00,2,Struck Pedestrian,4,Wednesday,103,PED PLAYING/LYING/WORKING/STANDING ON CARRIAGEWAY.,3,695020,1,0,1,0,2,3,1,5,Not at intersection,2,40,Local Road,MELBOURNE,-37.809536,144.961,3000.0,True,Preston HS,8562.3
T20230005047,2023-02-03,15:30:00,2,Struck Pedestrian,4,Thursday,100,PED NEAR SIDE. PED HIT BY VEHICLE FROM THE RIGHT.,1,783608,1,0,0,1,1,2,1,1,Cross intersection,3,50,Local Road,BRIMBANK,-37.7036,144.75282,3037.0,True,William Ruthven SC,22023.9
T20230018800,2023-12-08,09:36:00,1,Collision with vehicle,7,Saturday,120,HEAD ON (NOT OVERTAKING),1,804558,3,0,2,1,5,8,1,5,Not at intersection,2,50,Local Road,WYNDHAM,-37.914955,144.61984,3030.0,True,Preston HS,39089.1
T20250009574,2025-05-04,13:08:00,1,Collision with vehicle,6,Saturday,116,LEFT NEAR (INTERSECTIONS ONLY),1,46100,2,0,0,1,1,2,2,2,T intersection,3,60,Arterial Other,BAYSIDE,-37.926086,145.00464,3186.0,True,Preston HS,20503.9
T20210022439,2021-06-11,16:15:00,1,Collision with vehicle,7,Saturday,147,VEHICLE STRIKES ANOTHER VEH WHILE EMERGING FROM DRIVEWAY,1,696612,2,0,0,1,1,2,1,5,Not at intersection,3,50,Local Road,HUME,-37.64645,144.92007,3048.0,True,William Ruthven SC,9180.7
T20250000321,2025-05-01,09:00:00,1,Collision with vehicle,1,Sunday,110,CROSS TRAFFIC(INTERSECTIONS ONLY),1,65757,2,0,1,0,1,2,1,1,Cross intersection,2,50,Local Road,BOROONDARA,-37.810688,145.0433,3101.0,True,Preston HS,8304.7
T20230020617,2023-03-09,17:00:00,7,Fall from or in moving vehicle,1,Sunday,199,UNKNOWN-NO DETAILS ON MANOEUVRES OF ROAD-USERS IN ACCIDENT,1,808181,1,0,0,1,0,1,1,5,Not at intersection,3,80,Local Road,MOORABOOL,-37.765457,144.10649,3334.0,True,William Ruthven SC,79212.4
T20210018857,2021-08-09,07:45:00,1,Collision with vehicle,4,Wednesday,121,RIGHT THROUGH,1,51604,2,0,2,0,0,2,1,2,T intersection,2,50,Arterial Highway,BENDIGO,-36.756912,144.28229,3550.0,True,William Ruthven SC,122425.0
T20230029411,2023-12-12,15:40:00,2,Struck Pedestrian,3,Tuesday,100,PED NEAR SIDE. PED HIT BY VEHICLE FROM THE RIGHT.,1,794710,2,0,1,0,2,3,1,5,Not at intersection,2,40,Local Road,BANYULE,-37.73535,145.07474,3084.0,True,Reservoir HS,4239.5
T20220022970,2022-03-10,15:00:00,7,Fall from or in moving vehicle,2,Monday,190,FELL IN/FROM VEHICLE,1,787130,1,0,0,1,0,1,2,1,Cross intersection,3,100,,MOUNT ALEXANDER,-37.018044,144.041,3463.0,True,William Ruthven SC,113670.9