ACCIDENT_NO,ACCIDENT_DATE,ACCIDENT_TIME,ACCIDENT_TYPE,ACCIDENT_TYPE_DESC,DAY_OF_WEEK,DAY_WEEK_DESC,DCA_CODE,DCA_DESC,LIGHT_CONDITION,NODE_ID,NO_OF_VEHICLES,NO_PERSONS_KILLED,NO_PERSONS_INJ_2,NO_PERSONS_INJ_3,NO_PERSONS_NOT_INJ,NO_PERSONS,POLICE_ATTEND,ROAD_GEOMETRY,ROAD_GEOMETRY_DESC,SEVERITY,SPEED_ZONE,RMA,LGA_NAME,LATITUDE,LONGITUDE,POSTCODE_CRASH,PED_OR_CYC,nearest_school,dist_to_gate_m
T20220022415,2022-02-10,09:15:00,3,Struck animal,0,Sunday,167,STRUCK ANIMAL,1,780151,1,0,0,1,0,1,2,5,Not at intersection,3,999,Local Road,MOUNT ALEXANDER,-37.010788,144.24577,3453.0,True,William Ruthven SC,101458.8
T20250008840,2025-02-04,02:00:00,2,Struck Pedestrian,3,Wednesday,100,PED NEAR SIDE. PED HIT BY VEHICLE FROM THE RIGHT.,3,10596,1,0,1,0,1,2,1,1,Cross intersection,2,60,Arterial Other,MORELAND,-37.706276,144.91614,3046.0,True,William Ruthven SC,7717.2
T20220017552,2022-05-08,23:00:00,1,Collision with vehicle,5,Friday,110,CROSS TRAFFIC(INTERSECTIONS ONLY),3,437,2,0,0,2,4,6,1,1,Cross intersection,3,80,Arterial Highway,YARRA RANGES,-37.760338,145.32825,3116.0,True,Reservoir HS,26614.6
T20240031159,2024-05-12,15:59:00,1,Collision with vehicle,5,Thursday,111,RIGHT FAR (INTERSECTIONS ONLY),1,814772,2,0,0,1,1,2,1,1,Cross intersection,3,50,Local Road,BALLARAT,-37.556656,143.81436,3350.0,True,William Ruthven SC,105827.7
T20250003424,2025-09-02,03:30:00,1,Collision with vehicle,0,Sunday,142,LEAVING PARKING,3,814949,2,0,0,1,1,2,1,5,Not at intersection,3,50,Local Road,MELBOURNE,-37.824894,144.95787,3006.0,True,Preston HS,10212.4
T20240005863,2024-07-03,15:18:00,2,Struck Pedestrian,5,Thursday,100,PED NEAR SIDE. PED HIT BY VEHICLE FROM THE RIGHT.,1,72693,1,0,1,0,1,2,1,2,T intersection,2,40,Arterial Other,LATROBE,-38.19148,146.51668,3844.0,True,Reservoir HS,140439.0
T20240025741,2024-11-10,17:13:00,1,Collision with vehicle,6,Friday,120,HEAD ON (NOT OVERTAKING),1,809787,2,0,1,0,1,2,1,5,Not at intersection,2,100,Arterial Highway,LATROBE,-38.272434,146.32613,3840.0,True,Reservoir HS,129039.9
T20210007880,2021-08-04,19:00:00,1,Collision with vehicle,5,Thursday,121,RIGHT THROUGH,3,358701,2,0,1,0,1,2,1,4,Multiple intersection,2,80,Freeway,DANDENONG,-38.035767,145.24625,3175.0,True,Preston HS,38854.2
T20230026143,2023-08-11,11:20:00,2,Struck Pedestrian,4,Wednesday,106,VEH STRIKES PED ON FOOTPATH/MEDIAN/TRAFFIC ISLAND.,1,787877,1,0,0,1,2,3,1,2,T intersection,3,60,Local Road,BAW BAW,-38.1602,145.94502,3820.0,True,Reservoir HS,93897.5
T20250021650,2025-07-08,17:00:00,1,Collision with vehicle,5,Thursday,121,RIGHT THROUGH,9,37459,2,0,0,1,1,2,9,2,T intersection,3,60,Arterial Other,PORT PHILLIP,-37.84765,144.94832,3206.0,True,Preston HS,12863.5
T20220007257,2022-01-04,05:18:00,1,Collision with vehicle,5,Friday,130,REAR END(VEHICLES IN SAME LANE),3,45094,3,0,1,1,1,3,1,2,T intersection,2,60,Local Road,BRIMBANK,-37.765354,144.84016,3020.0,True,Preston HS,14910.6
T20220014893,2022-02-07,13:50:00,2,Struck Pedestrian,7,Saturday,103,PED PLAYING/LYING/WORKING/STANDING ON CARRIAGEWAY.,1,125543,1,0,0,1,1,2,1,5,Not at intersection,3,40,Local Road,MELBOURNE,-37.80975,144.9633,3000.0,True,Preston HS,8489.8
T20240005725,2024-06-03,16:20:00,2,Struck Pedestrian,4,Wednesday,100,PED NEAR SIDE. PED HIT BY VEHICLE FROM THE RIGHT.,1,37907,1,0,0,1,1,2,1,1,Cross intersection,3,40,Local Road,DAREBIN,-37.774338,144.99799,3070.0,True,Preston HS,3716.5
T20240006587,2024-10-03,11:00:00,8,No collision and no object struck,1,Sunday,149,OTHER MANOEUVRING NOT INCLUDED IN DCAs 140-148,1,799929,2,0,0,1,1,2,2,5,Not at intersection,3,40,Arterial Other,BOROONDARA,-37.81999,145.0163,3122.0,True,Preston HS,8742.9
T20240014624,2024-08-06,10:40:00,6,Vehicle overturned (no collision),7,Saturday,174,OUT OF CONTROL ON CARRIAGEWAY (ON STRAIGHT),1,807242,2,0,1,0,1,2,1,5,Not at intersection,2,100,Local Road,SURF COAST,-38.267193,144.21748,3217.0,True,Preston HS,90557.7
T20230007982,2023-04-04,18:00:00,1,Collision with vehicle,3,Tuesday,113,RIGHT NEAR (INTERSECTIONS ONLY),1,56746,2,0,0,1,2,3,1,2,T intersection,3,50,Local Road,MELBOURNE,-37.80217,144.94162,3051.0,True,Preston HS,8850.7
T20230022824,2023-03-09,01:00:00,2,Struck Pedestrian,1,Sunday,102,FAR SIDE. PED HIT BY VEHICLE FROM THE LEFT,3,268853,1,0,0,1,1,2,2,1,Cross intersection,3,60,Arterial Other,MARIBYRNONG,-37.791218,144.88962,3011.0,True,Preston HS,11702.9
T20230002845,2023-05-02,10:50:00,6,Vehicle overturned (no collision),1,Sunday,184,OUT OF CONTROL ON CARRIAGEWAY (ON BEND),1,752680,1,0,1,0,0,1,1,5,Not at intersection,2,100,,MOORABOOL,-37.730175,144.37927,3340.0,True,William Ruthven SC,54992.2
T20250021186,2025-10-08,16:30:00,8,No collision and no object struck,0,Sunday,174,OUT OF CONTROL ON CARRIAGEWAY (ON STRAIGHT),1,821192,1,0,0,1,0,1,1,5,Not at intersection,3,50,Local Road,MANNINGHAM,-37.783195,145.13591,3108.0,True,Reservoir HS,11549.2
T20250011259,2024-08-12,16:00:00,6,Vehicle overturned (no collision),0,Sunday,179,OTHER ACCIDENTS-OFF STRAIGHT NOT INCLUDED IN DCAs 170-175,1,817705,1,0,0,1,0,1,2,5,Not at intersection,3,60,Arterial Other,BOROONDARA,-37.82731,145.04413,3122.0,True,Preston HS,10060.3
T20230020887,2023-06-09,19:28:00,2,Struck Pedestrian,3,Wednesday,102,FAR SIDE. PED HIT BY VEHICLE FROM THE LEFT,2,780404,1,0,0,1,1,2,1,1,Cross intersection,3,80,Arterial Other,BRIMBANK,-37.76343,144.7573,3023.0,True,Preston HS,22094.3
T20240016640,2024-01-07,18:00:00,1,Collision with vehicle,2,Monday,179,OTHER ACCIDENTS-OFF STRAIGHT NOT INCLUDED IN DCAs 170-175,3,43878,2,0,0,1,1,2,2,1,Cross intersection,3,999,Local Road,CASEY,-38.096287,145.26791,3977.0,True,Preston HS,45585.0
T20230022201,2023-12-07,23:30:00,2,Struck Pedestrian,3,Wednesday,103,PED PLAYING/LYING/WORKING/STANDING ON CARRIAGEWAY.,3,799642,1,0,0,1,3,4,2,5,Not at intersection,3,50,Local Road,CARDINIA,-38.061428,145.40205,3809.0,True,Preston HS,49646.5
T20240011544,2024-07-05,06:00:00,1,Collision with vehicle,3,Tuesday,132,RIGHT REAR.,1,29372,2,0,0,1,1,2,2,1,Cross intersection,3,60,Arterial Highway,MELBOURNE,-37.789406,144.94217,3052.0,True,Preston HS,7792.0
T20220027190,2022-06-11,18:30:00,8,No collision and no object struck,0,Sunday,179,OTHER ACCIDENTS-OFF STRAIGHT NOT INCLUDED IN DCAs 170-175,1,742618,1,0,1,0,1,2,2,5,Not at intersection,2,40,Local Road,PORT PHILLIP,-37.859894,144.97717,3182.0,True,Preston HS,13403.1
T20230010573,2023-05-05,14:25:00,1,Collision with vehicle,5,Friday,110,CROSS TRAFFIC(INTERSECTIONS ONLY),1,6,2,0,0,1,1,2,2,1,Cross intersection,3,60,Local Road,YARRA,-37.784336,144.96974,3054.0,True,Preston HS,5767.3
T20220002221,2022-02-02,17:31:00,2,Struck Pedestrian,4,Wednesday,101,PED EMERGES FROM IN FRONT OF PARKED OR STATIONARY VEHICLE,1,707013,1,0,0,1,1,2,1,5,Not at intersection,3,60,Arterial Other,WHITEHORSE,-37.816628,145.1937,3132.0,True,Reservoir HS,17842.1
T20230010856,2023-09-05,09:30:00,2,Struck Pedestrian,3,Tuesday,102,FAR SIDE. PED HIT BY VEHICLE FROM THE LEFT,1,35315,1,0,1,0,1,2,1,1,Cross intersection,2,40,Arterial Highway,DANDENONG,-37.98811,145.21445,3175.0,True,Preston HS,32894.5
T20240006692,2023-03-01,11:00:00,1,Collision with vehicle,3,Tuesday,110,CROSS TRAFFIC(INTERSECTIONS ONLY),1,131,2,0,0,1,1,2,2,1,Cross intersection,3,999,Arterial Highway,MORNINGTON PENINSULA,-38.33668,144.74078,3943.0,True,Preston HS,70149.4
T20240031571,2024-09-12,14:50:00,4,Collision with a fixed object,2,Monday,181,OFF RIGHT BEND INTO OBJECT/PARKED VEHICLE,1,804893,1,0,1,0,0,1,1,2,T intersection,2,80,Arterial Other,BAW BAW,-37.972225,146.41771,3825.0,True,Reservoir HS,125024.3
T20250021691,2025-11-08,15:35:00,1,Collision with vehicle,1,Monday,135,LANE CHANGE LEFT (NOT OVERTAKING),1,29412,2,0,0,1,3,4,1,2,T intersection,3,60,Arterial Other,WHITTLESEA,-37.683872,145.00082,3074.0,True,William Ruthven SC,1421.5
T20230016977,2023-06-07,16:30:00,1,Collision with vehicle,5,Thursday,134,LANE CHANGE RIGHT (NOT OVERTAKING),1,777717,2,0,0,1,1,2,2,5,Not at intersection,3,60,Arterial Highway,MELBOURNE,-37.789272,144.94093,3051.0,True,Preston HS,7862.1
T20250015119,2025-05-06,19:40:00,1,Collision with vehicle,4,Thursday,121,RIGHT THROUGH,3,46466,2,0,0,1,1,2,1,1,Cross intersection,3,50,Local Road,PORT PHILLIP,-37.83391,144.9401,3207.0,True,Preston HS,11823.5
T20240022754,2024-12-08,12:00:00,1,Collision with vehicle,2,Monday,163,VEHICLE STRIKES DOOR OF PARKED/STATIONARY VEHICLE,1,808376,2,0,0,1,1,2,2,5,Not at intersection,3,40,Local Road,MOONEE VALLEY,-37.777943,144.92574,3032.0,True,Preston HS,8209.5
T20240025624,2024-04-10,11:45:00,1,Collision with vehicle,6,Friday,163,VEHICLE STRIKES DOOR OF PARKED/STATIONARY VEHICLE,1,37688,2,0,0,1,0,1,2,2,T intersection,3,40,Local Road,STONNINGTON,-37.842712,144.99496,3141.0,True,Preston HS,11282.6
T20230001099,2023-11-01,09:30:00,6,Vehicle overturned (no collision),4,Wednesday,184,OUT OF CONTROL ON CARRIAGEWAY (ON BEND),1,752481,1,0,1,0,0,1,2,5,Not at intersection,2,80,Arterial Other,EAST GIPPSLAND,-37.20078,148.72824,3888.0,True,Reservoir HS,331556.5
T20240014885,2024-11-06,16:40:00,1,Collision with vehicle,3,Tuesday,120,HEAD ON (NOT OVERTAKING),1,805073,2,0,0,1,1,2,1,5,Not at intersection,3,80,Arterial Other,HUME,-37.639812,144.92264,3064.0,True,William Ruthven SC,9476.6
T20220029729,2022-12-12,17:00:00,8,No collision and no object struck,2,Monday,174,OUT OF CONTROL ON CARRIAGEWAY (ON STRAIGHT),9,37621,1,0,0,1,0,1,2,1,Cross intersection,3,60,Arterial Highway,STONNINGTON,-37.848343,144.98457,3181.0,True,Preston HS,12022.3
T20210001224,2021-09-01,11:25:00,1,Collision with vehicle,6,Saturday,130,REAR END(VEHICLES IN SAME LANE),1,673150,2,0,0,1,1,2,1,5,Not at intersection,3,60,Local Road,HUME,-37.583866,144.93892,3064.0,True,William Ruthven SC,13740.3
T20240011130,2024-02-05,19:14:00,2,Struck Pedestrian,5,Thursday,102,FAR SIDE. PED HIT BY VEHICLE FROM THE LEFT,3,36249,1,1,0,0,1,2,1,2,T intersection,1,80,Arterial Other,FRANKSTON,-38.149254,145.1967,3910.0,True,Preston HS,48271.4
T20230002093,2022-11-12,21:30:00,8,No collision and no object struck,1,Sunday,174,OUT OF CONTROL ON CARRIAGEWAY (ON STRAIGHT),3,751608,1,0,0,1,0,1,2,1,Cross intersection,3,999,Local Road,STONNINGTON,-37.877365,145.05928,3145.0,True,Preston HS,15766.4
T20230016700,2023-11-07,08:30:00,1,Collision with vehicle,2,Tuesday,110,CROSS TRAFFIC(INTERSECTIONS ONLY),2,37842,2,0,0,1,1,2,1,1,Cross intersection,3,60,Local Road,DAREBIN,-37.74863,144.98837,3072.0,True,Preston HS,1818.2
T20210000636,2021-11-01,06:00:00,4,Collision with a fixed object,2,Monday,171,LEFT OFF CARRIAGEWAY INTO OBJECT/PARKED VEHICLE,2,672825,1,0,0,1,0,1,1,5,Not at intersection,3,60,Local Road,MELTON,-37.740498,144.74928,3023.0,True,Preston HS,22670.8
T20210008249,2021-12-04,12:25:00,6,Vehicle overturned (no collision),2,Monday,174,OUT OF CONTROL ON CARRIAGEWAY (ON STRAIGHT),1,684169,1,0,0,1,0,1,1,5,Not at intersection,3,100,Arterial Highway,EAST GIPPSLAND,-37.63929,148.84944,3889.0,True,Reservoir HS,336277.8
T20220000102,2022-02-01,10:10:00,4,Collision with a fixed object,1,Sunday,181,OFF RIGHT BEND INTO OBJECT/PARKED VEHICLE,1,701535,1,0,1,0,0,1,2,5,Not at intersection,2,60,,YARRA RANGES,-37.79888,145.6074,3797.0,True,Reservoir HS,51517.5
T20240011509,2024-06-05,13:30:00,1,Collision with vehicle,1,Monday,160,VEHICLE COLLIDES WITH VEHICLE PARKED ON LEFT OF ROAD,1,802989,2,0,0,1,1,2,2,5,Not at intersection,3,40,Local Road,YARRA,-37.80436,144.98334,3066.0,True,Preston HS,7273.7
T20230028479,2023-02-12,19:47:00,8,No collision and no object struck,7,Saturday,179,OTHER ACCIDENTS-OFF STRAIGHT NOT INCLUDED IN DCAs 170-175,2,45640,1,0,0,1,0,1,2,1,Cross intersection,3,40,Arterial Other,MORELAND,-37.776115,144.9606,3056.0,True,Preston HS,5599.5
T20220008026,2022-10-04,11:30:00,5,collision with some other object,1,Sunday,181,OFF RIGHT BEND INTO OBJECT/PARKED VEHICLE,1,710088,1,0,1,0,0,1,1,5,Not at intersection,2,100,Local Road,BASS COAST,-38.47914,145.6414,3979.0,True,Preston HS,99012.8
T20240003365,2024-10-02,19:50:00,1,Collision with vehicle,7,Saturday,130,REAR END(VEHICLES IN SAME LANE),1,798217,3,0,1,0,3,4,1,1,Cross intersection,2,80,Arterial Other,CASEY,-38.083286,145.28323,3977.0,True,Preston HS,45049.8
T20240014615,2024-08-06,10:05:00,6,Vehicle overturned (no collision),7,Saturday,174,OUT OF CONTROL ON CARRIAGEWAY (ON STRAIGHT),1,805996,1,0,1,0,0,1,1,5,Not at intersection,2,40,Arterial Other,MELBOURNE,-37.806847,144.95593,3000.0,True,Preston HS,8526.6
T20250017545,2025-02-07,10:25:00,2,Struck Pedestrian,4,Wednesday,100,PED NEAR SIDE. PED HIT BY VEHICLE FROM THE RIGHT.,1,29981,1,0,1,0,1,2,1,1,Cross intersection,2,50,Arterial Highway,BENDIGO,-36.760883,144.27547,3550.0,True,William Ruthven SC,122364.3
T20240006195,2024-08-03,09:50:00,1,Collision with vehicle,6,Friday,135,LANE CHANGE LEFT (NOT OVERTAKING),1,37908,2,0,1,0,1,2,2,1,Cross intersection,2,50,Local Road,DAREBIN,-37.77911,144.99704,3070.0,True,Preston HS,4252.8
T20220008015,2022-09-04,10:00:00,1,Collision with vehicle,7,Saturday,163,VEHICLE STRIKES DOOR OF PARKED/STATIONARY VEHICLE,1,714418,2,0,0,1,1,2,2,5,Not at intersection,3,50,Local Road,BOROONDARA,-37.816643,145.03189,3122.0,True,Preston HS,8613.4
T20220020468,2022-10-09,19:10:00,2,Struck Pedestrian,7,Saturday,104,PED WALKING WITH TRAFFIC,5,738607,1,0,1,0,4,5,1,5,Not at intersection,2,50,Local Road,CARDINIA,-38.09848,145.71689,3815.0,True,Reservoir HS,73392.1
T20220020437,2022-08-09,18:20:00,1,Collision with vehicle,4,Thursday,147,VEHICLE STRIKES ANOTHER VEH WHILE EMERGING FROM DRIVEWAY,2,241525,2,0,1,0,1,2,2,5,Not at intersection,2,999,Local Road,GEELONG,-38.16935,144.35046,3216.0,True,Preston HS,74670.4
T20230018252,2023-05-08,14:24:00,4,Collision with a fixed object,7,Saturday,171,LEFT OFF CARRIAGEWAY INTO OBJECT/PARKED VEHICLE,1,778803,1,0,1,0,0,1,1,5,Not at intersection,2,100,Arterial Highway,SHEPPARTON,-36.418262,145.63441,3631.0,True,William Ruthven SC,152781.7
T20230028781,2023-10-09,11:30:00,6,Vehicle overturned (no collision),1,Sunday,184,OUT OF CONTROL ON CARRIAGEWAY (ON BEND),9,805285,1,0,0,1,0,1,2,5,Not at intersection,3,80,Local Road,PYRENEES,-37.647034,143.65186,3351.0,True,William Ruthven SC,119044.0
T20220015314,2022-12-06,17:41:00,2,Struck Pedestrian,0,Sunday,102,FAR SIDE. PED HIT BY VEHICLE FROM THE LEFT,3,785148,1,0,1,0,1,2,1,5,Not at intersection,2,60,Arterial Other,CARDINIA,-38.077206,145.49344,3810.0,True,Preston HS,56676.6
T20220005247,2022-08-03,16:14:00,1,Collision with vehicle,3,Tuesday,148,VEHICLE OFF FOOTPATH STRIKES VEH ON CARRIAGEWAY,1,714175,2,0,1,0,4,5,1,2,T intersection,2,888,Local Road,WHITTLESEA,-37.600586,145.1143,3754.0,True,William Ruthven SC,14487.1
T20220028973,2022-10-12,10:35:00,1,Collision with vehicle,6,Saturday,110,CROSS TRAFFIC(INTERSECTIONS ONLY),1,54742,2,0,0,1,1,2,2,1,Cross intersection,3,50,Local Road,MOONEE VALLEY,-37.772415,144.91237,3032.0,True,Preston HS,9001.1
T20240032794,2024-10-12,18:55:00,1,Collision with vehicle,2,Tuesday,121,RIGHT THROUGH,1,36378,2,0,0,1,1,2,2,2,T intersection,3,60,Local Road,MELBOURNE,-37.799667,144.97012,3053.0,True,Preston HS,7218.8
T20220008858,2022-09-01,13:00:00,4,Collision with a fixed object,0,Sunday,164,PERMANENT OBSTRUCTION ON CARRIAGEWAY,1,710245,1,0,0,1,0,1,2,5,Not at intersection,3,80,,ALPINE,-36.472122,146.75685,3737.0,True,William Ruthven SC,206730.9
T20220020428,2022-03-09,18:30:00,6,Vehicle overturned (no collision),7,Saturday,174,OUT OF CONTROL ON CARRIAGEWAY (ON STRAIGHT),2,44026,1,0,1,0,0,1,2,2,T intersection,2,80,Arterial Other,MORNINGTON PENINSULA,-38.28464,145.1836,3915.0,True,Preston HS,62320.8
T20240029211,2024-09-11,13:00:00,8,No collision and no object struck,6,Saturday,179,OTHER ACCIDENTS-OFF STRAIGHT NOT INCLUDED IN DCAs 170-175,1,811035,1,0,0,1,0,1,2,5,Not at intersection,3,60,Local Road,MACEDON RANGES,-37.237373,144.63683,3435.0,True,William Ruthven SC,60424.4
T20210006976,2021-08-03,13:30:00,6,Vehicle overturned (no collision),1,Monday,174,OUT OF CONTROL ON CARRIAGEWAY (ON STRAIGHT),1,36806,1,0,0,1,0,1,2,1,Cross intersection,3,60,Local Road,MELBOURNE,-37.809635,144.94678,3003.0,True,Preston HS,9228.7
T20210008099,2021-11-04,13:45:00,1,Collision with vehicle,0,Sunday,110,CROSS TRAFFIC(INTERSECTIONS ONLY),1,63672,2,0,0,1,3,4,1,1,Cross intersection,3,50,Local Road,DAREBIN,-37.759254,145.00522,3071.0,True,Preston HS,1958.9
T20250003374,2025-07-02,16:30:00,1,Collision with vehicle,6,Friday,113,RIGHT NEAR (INTERSECTIONS ONLY),1,267724,2,0,1,0,1,2,2,2,T intersection,2,999,Arterial Other,NILLUMBIK,-37.70636,145.1512,3095.0,True,Reservoir HS,10861.3
T20230023541,2023-09-10,13:50:00,6,Vehicle overturned (no collision),2,Monday,180,OFF CARRIAGEWAY ON RIGHT BEND,1,782628,1,0,0,2,0,2,1,5,Not at intersection,3,80,Arterial Highway,MURRINDINDI,-37.21247,145.43927,3717.0,True,William Ruthven SC,66183.8
T20220000184,2022-03-01,13:00:00,8,No collision and no object struck,2,Monday,184,OUT OF CONTROL ON CARRIAGEWAY (ON BEND),1,266410,1,0,0,1,0,1,2,3,Y intersection,3,999,Arterial Other,BAW BAW,-37.885838,146.08347,3833.0,True,Reservoir HS,94372.5
T20220015502,2022-11-07,14:13:00,2,Struck Pedestrian,1,Monday,100,PED NEAR SIDE. PED HIT BY VEHICLE FROM THE RIGHT.,1,718632,1,0,0,1,2,3,1,5,Not at intersection,3,50,Local Road,MORNINGTON PENINSULA,-38.36085,144.89883,3939.0,True,Preston HS,69496.0
T20250000860,2025-09-01,14:30:00,6,Vehicle overturned (no collision),5,Thursday,189,OTHER ACCIDENTS ON CURVE NOT INCLUDED IN DCAs 180-184,1,813634,1,0,0,1,0,1,2,5,Not at intersection,3,100,Arterial Other,WANGARATTA,-36.76124,146.36829,3732.0,True,William Ruthven SC,159457.2
T20230018128,2023-03-08,20:20:00,1,Collision with vehicle,5,Thursday,133,LANE SIDE SWIPE (VEHICLES IN PARALLEL LANES),3,782717,2,0,1,0,1,2,1,5,Not at intersection,2,80,Arterial Other,CASEY,-38.083664,145.28786,3977.0,True,Preston HS,45304.7
T20240026518,2024-11-10,13:00:00,2,Struck Pedestrian,6,Friday,102,FAR SIDE. PED HIT BY VEHICLE FROM THE LEFT,1,248402,1,0,0,1,1,2,2,1,Cross intersection,3,999,Arterial Other,MELBOURNE,-37.82337,144.96992,3006.0,True,Preston HS,9651.2
T20250011736,2025-02-05,18:26:00,1,Collision with vehicle,6,Friday,121,RIGHT THROUGH,3,29813,2,0,1,0,1,2,1,1,Cross intersection,2,70,Arterial Other,BRIMBANK,-37.769783,144.77133,3023.0,True,Preston HS,20961.3
T20220014765,2022-01-07,16:10:00,2,Struck Pedestrian,5,Friday,100,PED NEAR SIDE. PED HIT BY VEHICLE FROM THE RIGHT.,1,718276,1,0,0,1,2,3,1,2,T intersection,3,50,Arterial Other,FRANKSTON,-38.149734,145.14937,3199.0,True,Preston HS,47055.2
T20210021054,2021-10-10,14:00:00,7,Fall from or in moving vehicle,0,Sunday,190,FELL IN/FROM VEHICLE,1,781376,1,0,0,1,1,2,2,5,Not at intersection,3,60,Local Road,YARRA RANGES,-37.68153,145.34839,3770.0,True,Reservoir HS,28429.6
T20230026343,2023-08-11,08:30:00,4,Collision with a fixed object,4,Wednesday,171,LEFT OFF CARRIAGEWAY INTO OBJECT/PARKED VEHICLE,1,804996,1,0,1,0,0,1,2,5,Not at intersection,2,999,Local Road,EAST GIPPSLAND,-37.70269,147.58708,3875.0,True,Reservoir HS,224990.4
T20220010070,2022-05-05,09:11:00,1,Collision with vehicle,5,Thursday,110,CROSS TRAFFIC(INTERSECTIONS ONLY),1,45604,2,0,1,1,0,2,1,1,Cross intersection,2,50,Local Road,MORELAND,-37.770775,144.95485,3056.0,True,Preston HS,5617.1
T20220026403,2022-12-11,05:30:00,2,Struck Pedestrian,7,Saturday,102,FAR SIDE. PED HIT BY VEHICLE FROM THE LEFT,2,776193,1,0,0,1,1,2,2,5,Not at intersection,3,60,Local Road,CASEY,-38.000645,145.26569,3803.0,True,Preston HS,36664.2
T20240027913,2024-02-11,12:30:00,1,Collision with vehicle,7,Saturday,137,LEFT TURN SIDESWIPE,1,810450,2,0,1,0,1,2,2,5,Not at intersection,2,40,Arterial Other,PORT PHILLIP,-37.86704,144.97449,3182.0,True,Preston HS,14228.6
T20230000816,2023-08-01,15:40:00,8,No collision and no object struck,1,Sunday,180,OFF CARRIAGEWAY ON RIGHT BEND,1,783846,1,0,0,1,0,1,1,5,Not at intersection,3,60,Local Road,BALLARAT,-37.660934,143.83684,3352.0,True,William Ruthven SC,102703.0
T20220020176,2022-07-09,12:50:00,1,Collision with vehicle,4,Wednesday,110,CROSS TRAFFIC(INTERSECTIONS ONLY),1,56387,2,0,0,1,1,2,1,1,Cross intersection,3,80,Arterial Highway,SURF COAST,-38.30067,144.32263,3228.0,True,Preston HS,86360.0
T20220027194,2022-01-12,07:45:00,1,Collision with vehicle,5,Thursday,137,LEFT TURN SIDESWIPE,1,774186,2,0,1,0,2,3,1,2,T intersection,2,60,Arterial Highway,BANYULE,-37.74971,145.04,3081.0,True,Preston HS,3026.8
T20240019816,2024-05-08,19:10:00,1,Collision with vehicle,2,Monday,130,REAR END(VEHICLES IN SAME LANE),5,807286,2,0,1,0,1,2,1,5,Not at intersection,2,60,Freeway,HOBSONS BAY,-37.826008,144.88193,3015.0,True,Preston HS,14452.8
T20250000646,2025-09-01,05:11:00,1,Collision with vehicle,5,Thursday,121,RIGHT THROUGH,2,29780,2,0,1,0,1,2,1,1,Cross intersection,2,40,Arterial Other,DAREBIN,-37.737972,145.004,3072.0,True,Preston HS,496.1
T20250001060,2025-12-01,17:30:00,8,No collision and no object struck,1,Sunday,174,OUT OF CONTROL ON CARRIAGEWAY (ON STRAIGHT),1,814357,1,0,1,0,0,1,2,5,Not at intersection,2,50,Local Road,MOONEE VALLEY,-37.74677,144.90436,3040.0,True,Preston HS,9051.2
T20240031661,2024-10-12,14:01:00,2,Struck Pedestrian,3,Tuesday,102,FAR SIDE. PED HIT BY VEHICLE FROM THE LEFT,1,68439,1,0,0,1,1,2,1,1,Cross intersection,3,80,Arterial Highway,KNOX,-37.882603,145.27762,3156.0,True,Reservoir HS,28158.9
T20220007960,2022-09-04,06:40:00,2,Struck Pedestrian,6,Saturday,102,FAR SIDE. PED HIT BY VEHICLE FROM THE LEFT,3,39300,1,0,0,1,1,2,2,1,Cross intersection,3,60,Arterial Other,MANNINGHAM,-37.787407,145.12503,3108.0,True,Reservoir HS,11087.5
T20250000269,2025-04-01,14:14:00,5,collision with some other object,7,Saturday,179,OTHER ACCIDENTS-OFF STRAIGHT NOT INCLUDED IN DCAs 170-175,1,813264,1,0,0,1,0,1,1,5,Not at intersection,3,60,Local Road,MELTON,-37.73159,144.74922,3023.0,True,William Ruthven SC,22660.1
T20240016940,2024-01-06,17:17:00,4,Collision with a fixed object,7,Saturday,183,OFF LEFT BEND INTO OBJECT/PARKED VEHICLE,2,807035,1,0,0,1,0,1,1,5,Not at intersection,3,80,Freeway,YARRA,-37.830906,145.00978,3121.0,True,Preston HS,9922.1
T20220002999,2022-11-02,13:58:00,5,collision with some other object,6,Friday,166,STRUCK OBJECT ON CARRIAGEWAY,1,711781,1,0,1,0,0,1,2,5,Not at intersection,2,60,Local Road,BAW BAW,-38.213825,146.1899,3824.0,True,Reservoir HS,115476.1
T20230020756,2023-10-08,17:00:00,6,Vehicle overturned (no collision),5,Thursday,174,OUT OF CONTROL ON CARRIAGEWAY (ON STRAIGHT),2,780237,1,0,0,1,0,1,2,5,Not at intersection,3,999,,MACEDON RANGES,-37.444897,144.51875,3437.0,True,William Ruthven SC,51032.6
T20250022872,2025-12-08,12:30:00,2,Struck Pedestrian,2,Tuesday,100,PED NEAR SIDE. PED HIT BY VEHICLE FROM THE RIGHT.,1,821959,1,0,0,2,0,2,2,5,Not at intersection,3,999,Local Road,GEELONG,-38.02338,144.4093,3212.0,True,Preston HS,61102.8
T20250013785,2025-04-05,12:15:00,7,Fall from or in moving vehicle,1,Sunday,175,OFF END OF ROAD/T-INTERSECTION.,1,818804,1,0,1,0,0,1,2,2,T intersection,2,999,Local Road,MURRINDINDI,-37.344128,145.93141,3713.0,True,Reservoir HS,89973.5