ACCIDENT_NO,ACCIDENT_DATE,ACCIDENT_TIME,ACCIDENT_TYPE,ACCIDENT_TYPE_DESC,DAY_OF_WEEK,DAY_WEEK_DESC,DCA_CODE,DCA_DESC,LIGHT_CONDITION,NODE_ID,NO_OF_VEHICLES,NO_PERSONS_KILLED,NO_PERSONS_INJ_2,NO_PERSONS_INJ_3,NO_PERSONS_NOT_INJ,NO_PERSONS,POLICE_ATTEND,ROAD_GEOMETRY,ROAD_GEOMETRY_DESC,SEVERITY,SPEED_ZONE,RMA,LGA_NAME,LATITUDE,LONGITUDE,POSTCODE_CRASH,PED_OR_CYC,nearest_school,dist_to_gate_m
T20220009828,2022-02-05,15:45:00,2,Struck Pedestrian,2,Monday,101,PED EMERGES FROM IN FRONT OF PARKED OR STATIONARY VEHICLE,1,711311,1,0,1,0,3,4,1,5,Not at intersection,2,50,Local Road,MELTON,-37.706547,144.57553,3338.0,True,William Ruthven SC,37623.6
T20210007903,2021-08-04,22:45:00,2,Struck Pedestrian,5,Thursday,101,PED EMERGES FROM IN FRONT OF PARKED OR STATIONARY VEHICLE,3,680771,1,0,1,0,2,3,1,5,Not at intersection,2,40,Local Road,YARRA,-37.805744,144.98311,3066.0,True,Preston HS,7427.0
T20210025379,2021-11-12,10:18:00,2,Struck Pedestrian,6,Saturday,102,FAR SIDE. PED HIT BY VEHICLE FROM THE LEFT,1,701834,1,0,0,1,1,2,2,5,Not at intersection,3,50,Local Road,MONASH,-37.893024,145.09616,3166.0,True,Preston HS,18556.1
T20240028391,2024-07-11,20:45:00,2,Struck Pedestrian,5,Thursday,102,FAR SIDE. PED HIT BY VEHICLE FROM THE LEFT,3,774223,1,0,1,0,1,2,1,5,Not at intersection,2,50,Arterial Other,YARRA,-37.817787,144.99213,3121.0,True,Preston HS,8562.2
T20220020318,2022-08-09,09:40:00,6,Vehicle overturned (no collision),4,Thursday,174,OUT OF CONTROL ON CARRIAGEWAY (ON STRAIGHT),1,193294,1,0,0,1,0,1,2,5,Not at intersection,3,999,Local Road,BASS COAST,-38.458893,145.54463,3990.0,True,Preston HS,92585.2
T20220000394,2022-07-01,12:13:00,8,No collision and no object struck,6,Friday,174,OUT OF CONTROL ON CARRIAGEWAY (ON STRAIGHT),1,172749,1,0,0,1,0,1,1,5,Not at intersection,3,50,Local Road,BENDIGO,-36.753708,144.2889,3550.0,True,William Ruthven SC,122426.7
T20220009999,2022-03-05,11:35:00,8,No collision and no object struck,3,Tuesday,180,OFF CARRIAGEWAY ON RIGHT BEND,1,711635,1,0,1,0,0,1,1,5,Not at intersection,2,60,Arterial Other,YARRA RANGES,-37.565296,145.91689,3779.0,True,Reservoir HS,80069.1
T20220005343,2022-09-03,16:00:00,1,Collision with vehicle,4,Wednesday,130,REAR END(VEHICLES IN SAME LANE),1,57687,2,0,1,0,1,2,1,3,Y intersection,2,80,Arterial Highway,SURF COAST,-38.338905,144.26262,3228.0,True,Preston HS,93061.1
T20240020338,2024-10-08,19:43:00,1,Collision with vehicle,7,Saturday,133,LANE SIDE SWIPE (VEHICLES IN PARALLEL LANES),3,115573,2,0,1,0,1,2,1,5,Not at intersection,2,60,Arterial Other,WHITEHORSE,-37.826614,145.10316,3127.0,True,Preston HS,12665.5
T20230003437,2023-12-02,11:00:00,4,Collision with a fixed object,0,Sunday,171,LEFT OFF CARRIAGEWAY INTO OBJECT/PARKED VEHICLE,1,777696,1,0,1,0,0,1,1,5,Not at intersection,2,100,Local Road,MANSFIELD,-37.594738,146.22752,3723.0,True,Reservoir HS,106419.8
T20250012750,2025-12-05,18:40:00,2,Struck Pedestrian,2,Monday,100,PED NEAR SIDE. PED HIT BY VEHICLE FROM THE RIGHT.,3,819122,1,1,1,0,0,2,1,5,Not at intersection,1,70,Arterial Other,MORNINGTON PENINSULA,-38.302845,145.18362,3915.0,True,Preston HS,64283.8
T20220007616,2022-12-03,09:30:00,8,No collision and no object struck,7,Saturday,170,OFF CARRIAGEWAY TO LEFT,1,710766,1,0,1,0,0,1,2,2,T intersection,2,80,Arterial Other,GOLDEN PLAINS,-37.67464,143.82999,3352.0,True,William Ruthven SC,103248.7
T20230025655,2023-02-11,15:15:00,2,Struck Pedestrian,5,Thursday,107,PED ON FOOTHPATH STRUCK BY VEHENTERING/LEAVING DRIVEWAY.,1,791941,1,0,1,0,1,2,1,5,Not at intersection,2,50,Local Road,DANDENONG,-38.010204,145.215,3175.0,True,Preston HS,34991.0
T20240014003,2024-11-05,17:30:00,1,Collision with vehicle,6,Saturday,147,VEHICLE STRIKES ANOTHER VEH WHILE EMERGING FROM DRIVEWAY,3,805894,2,0,0,1,1,2,1,5,Not at intersection,3,999,Local Road,WYNDHAM,-37.861828,144.67577,3029.0,True,Preston HS,32028.7
T20240011482,2024-06-05,13:18:00,1,Collision with vehicle,2,Monday,116,LEFT NEAR (INTERSECTIONS ONLY),1,52527,2,0,1,0,1,2,1,1,Cross intersection,2,60,Local Road,MILDURA,-34.211197,142.12094,3500.0,True,William Ruthven SC,466299.8
T20240027722,2024-01-11,08:13:00,1,Collision with vehicle,5,Friday,130,REAR END(VEHICLES IN SAME LANE),1,810430,2,0,0,1,1,2,1,2,T intersection,3,70,Local Road,WHITTLESEA,-37.63882,145.03946,3076.0,True,William Ruthven SC,7176.2
T20230021215,2023-09-09,19:30:00,2,Struck Pedestrian,6,Saturday,100,PED NEAR SIDE. PED HIT BY VEHICLE FROM THE RIGHT.,6,7567,1,0,0,1,1,2,2,1,Cross intersection,3,60,Arterial Highway,MELBOURNE,-37.845688,144.98503,3181.0,True,Preston HS,11724.4
T20240031046,2024-02-12,19:00:00,8,No collision and no object struck,2,Monday,174,OUT OF CONTROL ON CARRIAGEWAY (ON STRAIGHT),2,813169,1,0,0,1,0,1,2,5,Not at intersection,3,80,Arterial Highway,HEPBURN,-37.304478,144.16368,3461.0,True,William Ruthven SC,85921.4
T20240020785,2024-01-08,22:00:00,6,Vehicle overturned (no collision),5,Thursday,174,OUT OF CONTROL ON CARRIAGEWAY (ON STRAIGHT),3,807481,1,0,0,1,0,1,2,5,Not at intersection,3,999,Local Road,CASEY,-38.080498,145.24455,3977.0,True,Preston HS,43048.4
T20220014014,2022-12-06,14:30:00,6,Vehicle overturned (no collision),1,Sunday,170,OFF CARRIAGEWAY TO LEFT,1,718203,1,0,0,1,0,1,2,1,Cross intersection,3,80,,CAMPASPE,-36.140465,144.83167,3564.0,True,William Ruthven SC,173696.5
T20220025031,2022-06-11,15:13:00,1,Collision with vehicle,1,Sunday,110,CROSS TRAFFIC(INTERSECTIONS ONLY),1,734295,2,0,1,0,1,2,1,1,Cross intersection,2,50,Arterial Other,BRIMBANK,-37.768734,144.768,3023.0,True,Preston HS,21234.2
T20230026118,2023-08-11,07:25:00,1,Collision with vehicle,3,Wednesday,110,CROSS TRAFFIC(INTERSECTIONS ONLY),1,803818,2,0,1,0,1,2,1,1,Cross intersection,2,60,Arterial Other,HOBSONS BAY,-37.871452,144.7776,3028.0,True,Preston HS,24792.7
T20250015359,2025-07-06,18:09:00,1,Collision with vehicle,7,Saturday,147,VEHICLE STRIKES ANOTHER VEH WHILE EMERGING FROM DRIVEWAY,3,819199,2,0,1,0,2,3,1,5,Not at intersection,2,50,Local Road,FRANKSTON,-38.08069,145.20334,3977.0,True,Preston HS,41439.4
T20230025676,2023-02-11,17:17:00,1,Collision with vehicle,5,Thursday,137,LEFT TURN SIDESWIPE,1,218973,3,0,1,0,2,3,1,5,Not at intersection,2,40,Arterial Other,DAREBIN,-37.77768,145.01834,3078.0,True,Preston HS,4121.0
T20250017938,2025-05-07,23:23:00,1,Collision with vehicle,7,Saturday,130,REAR END(VEHICLES IN SAME LANE),5,819959,4,1,1,0,2,4,1,5,Not at intersection,1,110,Freeway,MELTON,-37.707886,144.62914,3335.0,True,William Ruthven SC,32914.5
T20210010626,2021-12-05,00:09:00,3,Struck animal,4,Wednesday,167,STRUCK ANIMAL,5,691760,1,0,1,0,0,1,1,5,Not at intersection,2,100,Arterial Highway,MANSFIELD,-36.928085,146.00119,3723.0,True,William Ruthven SC,122858.4
T20230021618,2023-02-09,18:00:00,1,Collision with vehicle,6,Saturday,133,LANE SIDE SWIPE (VEHICLES IN PARALLEL LANES),1,29474,2,0,0,1,1,2,1,2,T intersection,3,40,Arterial Other,STONNINGTON,-37.839684,144.99715,3141.0,True,Preston HS,10930.3
T20240022427,2024-03-09,07:58:00,1,Collision with vehicle,3,Tuesday,113,RIGHT NEAR (INTERSECTIONS ONLY),1,43831,2,0,1,0,1,2,1,1,Cross intersection,2,50,Local Road,DAREBIN,-37.707897,144.99791,3073.0,True,William Ruthven SC,1339.6
T20240031431,2024-07-12,17:49:00,2,Struck Pedestrian,7,Saturday,102,FAR SIDE. PED HIT BY VEHICLE FROM THE LEFT,1,812178,1,0,1,0,2,3,1,5,Not at intersection,2,60,Local Road,DAREBIN,-37.770695,145.01152,3070.0,True,Preston HS,3247.4
T20220017747,2022-08-08,15:40:00,1,Collision with vehicle,1,Monday,150,HEAD ON(OVERTAKING),1,64197,2,0,0,1,1,2,1,2,T intersection,3,60,Arterial Other,MOONEE VALLEY,-37.77528,144.92346,3032.0,True,Preston HS,8246.6
T20210016370,2021-12-07,08:40:00,1,Collision with vehicle,1,Monday,137,LEFT TURN SIDESWIPE,9,694285,2,0,0,1,1,2,2,5,Not at intersection,3,40,Arterial Other,STONNINGTON,-37.83892,144.99573,3141.0,True,Preston HS,10856.4
T20210017414,2021-12-08,13:30:00,1,Collision with vehicle,5,Thursday,116,LEFT NEAR (INTERSECTIONS ONLY),1,650995,2,0,0,1,1,2,1,2,T intersection,3,80,Local Road,WYNDHAM,-37.913563,144.62344,3030.0,True,Preston HS,38738.0
T20240002884,2024-05-02,20:00:00,1,Collision with vehicle,2,Monday,116,LEFT NEAR (INTERSECTIONS ONLY),3,36069,2,0,0,1,1,2,1,2,T intersection,3,50,Arterial Other,MELBOURNE,-37.79369,144.9392,3051.0,True,Preston HS,8309.1
T20250003141,2025-06-02,08:23:00,1,Collision with vehicle,5,Thursday,148,VEHICLE OFF FOOTPATH STRIKES VEH ON CARRIAGEWAY,1,815064,2,0,1,0,1,2,1,5,Not at intersection,2,40,Local Road,BALLARAT,-37.519394,143.83528,3355.0,True,William Ruthven SC,104730.9
T20220018517,2022-07-08,12:00:00,8,No collision and no object struck,1,Sunday,174,OUT OF CONTROL ON CARRIAGEWAY (ON STRAIGHT),1,721898,1,0,0,1,0,1,2,5,Not at intersection,3,80,Local Road,CARDINIA,-37.907215,145.59454,3783.0,True,Reservoir HS,53729.2
T20240018413,2024-02-07,17:00:00,2,Struck Pedestrian,2,Tuesday,102,FAR SIDE. PED HIT BY VEHICLE FROM THE LEFT,1,1210,1,0,1,0,1,2,2,1,Cross intersection,2,999,Arterial Other,BANYULE,-37.741642,145.04283,3081.0,True,Reservoir HS,2443.9
T20240005998,2024-09-03,10:43:00,1,Collision with vehicle,7,Saturday,160,VEHICLE COLLIDES WITH VEHICLE PARKED ON LEFT OF ROAD,1,799465,2,0,0,1,0,1,1,5,Not at intersection,3,50,Local Road,BOROONDARA,-37.80992,145.02444,3101.0,True,Preston HS,7737.3
T20240028751,2024-11-11,16:23:00,1,Collision with vehicle,2,Monday,113,RIGHT NEAR (INTERSECTIONS ONLY),1,72744,2,0,1,0,2,3,1,2,T intersection,2,60,Local Road,LATROBE,-38.19592,146.55196,3844.0,True,Reservoir HS,143492.0
T20250006764,2025-12-03,11:10:00,1,Collision with vehicle,4,Wednesday,131,LEFT REAR,1,66971,2,0,0,1,1,2,2,2,T intersection,3,50,Local Road,BOROONDARA,-37.843018,145.08324,3124.0,True,Preston HS,13102.9
T20240028291,2024-02-11,11:30:00,1,Collision with vehicle,7,Saturday,121,RIGHT THROUGH,1,67344,2,0,1,0,1,2,2,2,T intersection,2,60,Arterial Other,PORT PHILLIP,-37.85393,144.982,3004.0,True,Preston HS,12672.8
T20230013157,2023-05-06,14:50:00,6,Vehicle overturned (no collision),2,Monday,179,OTHER ACCIDENTS-OFF STRAIGHT NOT INCLUDED IN DCAs 170-175,1,775830,1,0,0,1,0,1,2,5,Not at intersection,3,100,,CORANGAMITE,-38.523354,143.079,3268.0,True,Preston HS,189714.2
T20250006531,2025-10-03,14:00:00,4,Collision with a fixed object,2,Monday,183,OFF LEFT BEND INTO OBJECT/PARKED VEHICLE,1,816133,1,0,0,1,0,1,1,5,Not at intersection,3,80,Arterial Other,CARDINIA,-37.91236,145.57394,3783.0,True,Reservoir HS,52288.8
T20250007917,2025-10-03,10:00:00,6,Vehicle overturned (no collision),1,Monday,184,OUT OF CONTROL ON CARRIAGEWAY (ON BEND),1,816570,1,0,0,1,0,1,2,5,Not at intersection,3,999,Local Road,MITCHELL,-37.381985,145.0717,3658.0,True,William Ruthven SC,35497.7
T20220019839,2022-02-09,09:50:00,2,Struck Pedestrian,5,Friday,102,FAR SIDE. PED HIT BY VEHICLE FROM THE LEFT,1,808300,1,0,1,0,1,2,1,2,T intersection,2,60,Local Road,WYNDHAM,-37.885563,144.74146,3030.0,True,Preston HS,28291.8
T20230000833,2023-08-01,19:30:00,2,Struck Pedestrian,0,Sunday,100,PED NEAR SIDE. PED HIT BY VEHICLE FROM THE RIGHT.,9,761776,1,0,0,1,1,2,2,5,Not at intersection,3,50,Local Road,DANDENONG,-37.949036,145.15028,3171.0,True,Preston HS,26259.9
T20250009313,2025-06-04,16:27:00,6,Vehicle overturned (no collision),1,Sunday,172,OFF CARRIAGEWAY TO RIGHT,2,817809,1,0,2,0,0,2,1,2,T intersection,2,50,Local Road,GEELONG,-38.203125,144.31952,3216.0,True,Preston HS,79151.5
T20250000832,2025-11-01,10:00:00,1,Collision with vehicle,7,Saturday,154,PULLING OUT -REAR END,1,813649,2,0,1,0,1,2,1,5,Not at intersection,2,60,Arterial Other,KNOX,-37.886402,145.25758,3156.0,True,Reservoir HS,27100.5
T20230023330,2023-06-10,13:00:00,6,Vehicle overturned (no collision),6,Friday,174,OUT OF CONTROL ON CARRIAGEWAY (ON STRAIGHT),1,36230,1,0,0,1,1,2,1,1,Cross intersection,3,50,Arterial Other,MELBOURNE,-37.806293,144.9595,3000.0,True,Preston HS,8312.0
T20220010295,2022-08-05,00:54:00,2,Struck Pedestrian,1,Sunday,100,PED NEAR SIDE. PED HIT BY VEHICLE FROM THE RIGHT.,5,36872,1,0,1,0,1,2,1,1,Cross intersection,2,60,Arterial Other,MELBOURNE,-37.826782,144.9591,3006.0,True,Preston HS,10358.5
T20250003311,2025-06-02,15:15:00,1,Collision with vehicle,5,Thursday,110,CROSS TRAFFIC(INTERSECTIONS ONLY),1,41416,2,0,1,1,2,4,1,1,Cross intersection,2,50,Local Road,GLEN EIRA,-37.901733,145.05469,3204.0,True,Preston HS,18279.2
T20240027175,2024-02-08,09:30:00,1,Collision with vehicle,6,Friday,145,REVERSING IN STREAM OF TRAFFIC,1,693493,2,0,1,0,1,2,2,1,Cross intersection,2,40,Arterial Other,PORT PHILLIP,-37.832867,144.97205,3004.0,True,Preston HS,10594.9
T20240025598,2024-10-10,08:10:00,1,Collision with vehicle,5,Thursday,110,CROSS TRAFFIC(INTERSECTIONS ONLY),1,29984,2,0,1,0,1,2,1,1,Cross intersection,2,60,Local Road,BENDIGO,-36.77642,144.2851,3550.0,True,William Ruthven SC,120443.3
T20230021305,2023-03-09,21:00:00,8,No collision and no object struck,1,Sunday,174,OUT OF CONTROL ON CARRIAGEWAY (ON STRAIGHT),6,780591,1,0,0,1,0,1,2,5,Not at intersection,3,40,Local Road,PORT PHILLIP,-37.833977,144.9649,3205.0,True,Preston HS,10910.3
T20250000344,2025-05-01,17:35:00,6,Vehicle overturned (no collision),1,Sunday,179,OTHER ACCIDENTS-OFF STRAIGHT NOT INCLUDED IN DCAs 170-175,1,813889,2,0,1,0,1,2,1,5,Not at intersection,2,50,Local Road,WARRNAMBOOL,-38.386585,142.4846,3280.0,True,Preston HS,232176.0
T20240030776,2024-01-12,15:39:00,1,Collision with vehicle,0,Sunday,130,REAR END(VEHICLES IN SAME LANE),1,43821,2,0,1,0,3,4,1,2,T intersection,2,60,Arterial Other,YARRA RANGES,-37.86484,145.41077,3793.0,True,Reservoir HS,37065.0
T20250005528,2025-01-03,00:01:00,6,Vehicle overturned (no collision),6,Saturday,174,OUT OF CONTROL ON CARRIAGEWAY (ON STRAIGHT),5,819438,1,0,0,1,0,1,1,5,Not at intersection,3,100,Local Road,HORSHAM,-36.8505,142.23032,3401.0,True,William Ruthven SC,262740.8
T20220024679,2022-02-11,16:28:00,2,Struck Pedestrian,3,Wednesday,100,PED NEAR SIDE. PED HIT BY VEHICLE FROM THE RIGHT.,1,38327,1,0,0,1,1,2,1,2,T intersection,3,50,Arterial Other,MANNINGHAM,-37.756992,145.13028,3106.0,True,Reservoir HS,9668.7
T20230009021,2023-01-04,17:05:00,1,Collision with vehicle,6,Saturday,113,RIGHT NEAR (INTERSECTIONS ONLY),1,47503,2,0,0,1,1,2,1,2,T intersection,3,60,Local Road,FRANKSTON,-38.11106,145.19519,3977.0,True,Preston HS,44260.5
T20250002802,2025-02-02,20:13:00,5,collision with some other object,0,Sunday,166,STRUCK OBJECT ON CARRIAGEWAY,3,817532,1,0,0,1,0,1,1,5,Not at intersection,3,80,Arterial Highway,CASEY,-38.124752,145.28958,3977.0,True,Preston HS,49274.3
T20230005023,2023-02-03,11:22:00,1,Collision with vehicle,5,Thursday,110,CROSS TRAFFIC(INTERSECTIONS ONLY),1,62922,2,0,0,1,1,2,1,1,Cross intersection,3,40,Local Road,BANYULE,-37.7359,145.06393,3084.0,True,Reservoir HS,3387.5
T20220007879,2022-08-04,07:30:00,2,Struck Pedestrian,6,Friday,101,PED EMERGES FROM IN FRONT OF PARKED OR STATIONARY VEHICLE,1,715451,1,0,0,1,1,2,1,5,Not at intersection,3,50,Local Road,HUME,-37.53393,144.95586,3064.0,True,William Ruthven SC,18551.8
T20250000140,2025-02-01,17:55:00,1,Collision with vehicle,4,Thursday,113,RIGHT NEAR (INTERSECTIONS ONLY),1,804484,2,0,1,0,1,2,1,1,Cross intersection,2,60,Arterial Other,HUME,-37.686935,144.93324,3047.0,True,William Ruthven SC,6229.5
T20240017868,2024-07-07,10:55:00,4,Collision with a fixed object,0,Sunday,171,LEFT OFF CARRIAGEWAY INTO OBJECT/PARKED VEHICLE,1,806397,1,0,1,0,0,1,2,5,Not at intersection,2,999,Local Road,MURRINDINDI,-37.275387,145.58772,3717.0,True,William Ruthven SC,69676.6
T20210005288,2021-10-03,03:19:00,4,Collision with a fixed object,4,Wednesday,173,RIGHT OFF CARRIAGEWAY INTO OBJECT/PARKED VEHICLE,3,685599,1,1,0,1,0,2,1,5,Not at intersection,1,80,Arterial Highway,KINGSTON,-37.98236,145.07278,3195.0,True,Preston HS,27374.3
T20240017046,2024-05-07,17:45:00,7,Fall from or in moving vehicle,6,Friday,190,FELL IN/FROM VEHICLE,5,807037,1,0,1,0,1,2,1,5,Not at intersection,2,60,Local Road,CORANGAMITE,-38.190006,142.92953,3265.0,True,Preston HS,188821.2
T20220028084,2022-10-12,16:33:00,1,Collision with vehicle,7,Saturday,130,REAR END(VEHICLES IN SAME LANE),1,743153,2,0,1,0,3,4,1,2,T intersection,2,60,Arterial Other,WHITTLESEA,-37.669605,145.0318,3075.0,True,William Ruthven SC,3924.0
T20220008260,2022-08-04,16:45:00,1,Collision with vehicle,6,Friday,147,VEHICLE STRIKES ANOTHER VEH WHILE EMERGING FROM DRIVEWAY,1,712153,2,0,0,1,1,2,2,5,Not at intersection,3,60,Arterial Other,MOONEE VALLEY,-37.760937,144.92598,3039.0,True,Preston HS,7445.9
T20220009402,2022-10-04,16:00:00,1,Collision with vehicle,1,Sunday,137,LEFT TURN SIDESWIPE,1,40161,2,0,0,1,1,2,2,1,Cross intersection,3,60,Arterial Other,GLEN EIRA,-37.866455,145.00003,3183.0,True,Preston HS,13886.0
T20210015288,2021-11-07,18:58:00,2,Struck Pedestrian,1,Sunday,106,VEH STRIKES PED ON FOOTPATH/MEDIAN/TRAFFIC ISLAND.,3,51076,1,0,0,1,1,2,1,1,Cross intersection,3,60,Arterial Highway,SHEPPARTON,-36.385227,145.3985,3630.0,True,William Ruthven SC,149977.0
T20230000184,2023-02-01,09:00:00,1,Collision with vehicle,1,Monday,163,VEHICLE STRIKES DOOR OF PARKED/STATIONARY VEHICLE,1,777675,2,0,0,1,0,1,1,5,Not at intersection,3,60,Local Road,MAROONDAH,-37.792896,145.2439,3134.0,True,Reservoir HS,20421.4
T20240023562,2024-07-09,10:50:00,2,Struck Pedestrian,7,Saturday,108,PED STRUCK WALKING TO/FROM OR BOARDING/ALIGHTING VEHICLE.,1,814639,1,0,0,2,0,2,9,5,Not at intersection,3,50,Local Road,MITCHELL,-37.02867,145.14432,3660.0,True,William Ruthven SC,75306.8
T20220025398,2022-10-11,11:05:00,2,Struck Pedestrian,4,Thursday,106,VEH STRIKES PED ON FOOTPATH/MEDIAN/TRAFFIC ISLAND.,1,62555,1,0,0,2,0,2,1,1,Cross intersection,3,50,Local Road,DAREBIN,-37.724854,144.99232,3073.0,True,Preston HS,2280.0
T20230003392,2023-11-02,21:40:00,6,Vehicle overturned (no collision),7,Saturday,174,OUT OF CONTROL ON CARRIAGEWAY (ON STRAIGHT),3,753944,1,0,1,0,0,1,1,5,Not at intersection,2,60,Arterial Other,STONNINGTON,-37.84146,145.01204,3142.0,True,Preston HS,11101.3
T20240031542,2024-07-11,17:19:00,2,Struck Pedestrian,5,Thursday,102,FAR SIDE. PED HIT BY VEHICLE FROM THE LEFT,1,106055,1,0,0,2,1,3,2,5,Not at intersection,3,40,Local Road,DAREBIN,-37.73842,145.00394,3072.0,True,Preston HS,458.5
T20220013241,2022-11-06,22:18:00,4,Collision with a fixed object,6,Saturday,179,OTHER ACCIDENTS-OFF STRAIGHT NOT INCLUDED IN DCAs 170-175,3,719189,1,0,1,0,0,1,1,5,Not at intersection,2,50,Local Road,GEELONG,-38.10909,144.33936,3215.0,True,Preston HS,71408.2
T20250006914,2025-11-03,10:45:00,8,No collision and no object struck,3,Tuesday,184,OUT OF CONTROL ON CARRIAGEWAY (ON BEND),1,816339,1,0,1,0,0,1,2,5,Not at intersection,2,100,Local Road,BALLARAT,-37.66379,143.90794,3357.0,True,William Ruthven SC,96436.5
T20230022106,2023-09-09,13:20:00,6,Vehicle overturned (no collision),7,Saturday,174,OUT OF CONTROL ON CARRIAGEWAY (ON STRAIGHT),1,781358,1,0,1,0,0,1,2,5,Not at intersection,2,100,Arterial Other,COLAC OTWAY,-38.424706,143.376,3249.0,True,Preston HS,161700.1
T20230021380,2023-12-09,14:06:00,2,Struck Pedestrian,3,Tuesday,102,FAR SIDE. PED HIT BY VEHICLE FROM THE LEFT,1,781423,1,0,0,1,2,3,1,5,Not at intersection,3,60,Arterial Other,GLEN EIRA,-37.872604,145.02422,3161.0,True,Preston HS,14633.4
T20250005606,2025-01-03,17:42:00,1,Collision with vehicle,7,Saturday,134,LANE CHANGE RIGHT (NOT OVERTAKING),2,817778,5,0,2,0,3,5,1,5,Not at intersection,2,100,Freeway,MONASH,-37.918182,145.17116,3170.0,True,Preston HS,24345.6
T20230011026,2023-11-05,11:16:00,2,Struck Pedestrian,5,Thursday,103,PED PLAYING/LYING/WORKING/STANDING ON CARRIAGEWAY.,1,788430,1,0,0,1,1,2,1,5,Not at intersection,3,50,Arterial Other,WHITTLESEA,-37.63043,145.02754,3076.0,True,William Ruthven SC,7662.1
T20230015900,2023-07-07,21:15:00,1,Collision with vehicle,5,Friday,133,LANE SIDE SWIPE (VEHICLES IN PARALLEL LANES),3,244237,2,0,0,1,1,2,2,5,Not at intersection,3,40,Arterial Other,YARRA,-37.811424,145.00949,3067.0,True,Preston HS,7755.8
T20220014975,2022-04-07,15:58:00,1,Collision with vehicle,2,Monday,114,TWO RIGHT TURNING (INTERSECTIONS ONLY),1,41058,2,0,0,1,1,2,1,1,Cross intersection,3,60,Arterial Other,KNOX,-37.844074,145.30006,3155.0,True,Reservoir HS,27364.5
T20240025298,2024-07-10,13:35:00,1,Collision with vehicle,2,Monday,152,PULLING OUT (OVERTAKING),1,43495,2,0,1,0,2,3,1,2,T intersection,2,60,Local Road,FRANKSTON,-38.14539,145.13951,3199.0,True,Preston HS,46365.6
T20210018803,2021-07-09,08:00:00,1,Collision with vehicle,3,Tuesday,160,VEHICLE COLLIDES WITH VEHICLE PARKED ON LEFT OF ROAD,2,692384,2,0,0,1,0,1,1,5,Not at intersection,3,50,Local Road,KNOX,-37.916904,145.28741,3156.0,True,Reservoir HS,31326.9
T20240003304,2024-06-02,15:42:00,1,Collision with vehicle,3,Tuesday,135,LANE CHANGE LEFT (NOT OVERTAKING),1,134983,2,0,0,1,1,2,2,5,Not at intersection,3,999,Arterial Other,BOROONDARA,-37.80819,145.02818,3101.0,True,Preston HS,7622.0
T20210002885,2021-08-02,15:35:00,2,Struck Pedestrian,1,Monday,102,FAR SIDE. PED HIT BY VEHICLE FROM THE LEFT,1,676232,1,0,0,1,2,3,1,5,Not at intersection,3,40,Local Road,BENDIGO,-36.804047,144.35864,3551.0,True,William Ruthven SC,114460.4
T20230007827,2023-03-04,10:40:00,2,Struck Pedestrian,2,Monday,102,FAR SIDE. PED HIT BY VEHICLE FROM THE LEFT,1,57912,1,0,1,0,1,2,1,1,Cross intersection,2,60,Arterial Other,BOROONDARA,-37.79333,145.0745,3104.0,True,Preston HS,8249.7
T20220010101,2022-05-05,10:30:00,1,Collision with vehicle,5,Thursday,113,RIGHT NEAR (INTERSECTIONS ONLY),1,755482,2,0,1,0,2,3,1,2,T intersection,2,100,,BAW BAW,-38.001152,146.34265,3825.0,True,Reservoir HS,119380.0
T20240023097,2024-08-09,13:40:00,4,Collision with a fixed object,1,Sunday,181,OFF RIGHT BEND INTO OBJECT/PARKED VEHICLE,1,808466,1,0,1,0,0,1,1,5,Not at intersection,2,100,Local Road,BASS COAST,-38.511604,145.5997,3992.0,True,Preston HS,100078.8
T20240016979,2024-05-07,07:11:00,1,Collision with vehicle,6,Friday,134,LANE CHANGE RIGHT (NOT OVERTAKING),2,806739,2,0,1,0,1,2,1,5,Not at intersection,2,100,Freeway,BRIMBANK,-37.7534,144.82854,3020.0,True,Preston HS,15753.4
T20230000706,2023-10-01,12:45:00,8,No collision and no object struck,2,Tuesday,151,OUT OF CONTROL (OVERTAKING),1,747368,1,0,0,1,0,1,2,5,Not at intersection,3,80,Arterial Other,YARRA RANGES,-37.53658,145.84097,3779.0,True,Reservoir HS,74396.4
T20220022452,2022-05-10,17:00:00,1,Collision with vehicle,4,Wednesday,140,U TURN,1,727452,2,0,1,1,0,2,1,5,Not at intersection,2,40,Local Road,PORT PHILLIP,-37.864704,144.99626,3183.0,True,Preston HS,13710.5
T20210005155,2021-09-03,07:00:00,1,Collision with vehicle,3,Tuesday,110,CROSS TRAFFIC(INTERSECTIONS ONLY),2,45274,2,0,1,0,1,2,2,1,Cross intersection,2,50,Local Road,MOONEE VALLEY,-37.75061,144.9035,3040.0,True,Preston HS,9162.8
T20240017467,2024-11-07,01:17:00,1,Collision with vehicle,5,Thursday,120,HEAD ON (NOT OVERTAKING),3,812770,2,0,1,0,1,2,1,5,Not at intersection,2,80,Arterial Other,CARDINIA,-38.07203,145.48874,3810.0,True,Preston HS,55988.7
T20210017241,2021-09-08,17:55:00,1,Collision with vehicle,2,Monday,148,VEHICLE OFF FOOTPATH STRIKES VEH ON CARRIAGEWAY,1,692168,2,0,1,0,1,2,1,5,Not at intersection,2,70,Local Road,CASEY,-38.069984,145.2601,3975.0,True,Preston HS,42722.5