ACCIDENT_NO,ACCIDENT_DATE,ACCIDENT_TIME,ACCIDENT_TYPE,ACCIDENT_TYPE_DESC,DAY_OF_WEEK,DAY_WEEK_DESC,DCA_CODE,DCA_DESC,LIGHT_CONDITION,NODE_ID,NO_OF_VEHICLES,NO_PERSONS_KILLED,NO_PERSONS_INJ_2,NO_PERSONS_INJ_3,NO_PERSONS_NOT_INJ,NO_PERSONS,POLICE_ATTEND,ROAD_GEOMETRY,ROAD_GEOMETRY_DESC,SEVERITY,SPEED_ZONE,RMA,LGA_NAME,LATITUDE,LONGITUDE,POSTCODE_CRASH,PED_OR_CYC,nearest_school,dist_to_gate_m
T20220008168,2022-12-04,10:20:00,1,Collision with vehicle,3,Tuesday,171,LEFT OFF CARRIAGEWAY INTO OBJECT/PARKED VEHICLE,1,37037,2,0,0,1,0,1,1,1,Cross intersection,3,40,Local Road,MELBOURNE,-37.813297,144.98837,3002.0,True,Preston HS,8129.6
T20240014657,2024-08-06,15:15:00,4,Collision with a fixed object,7,Saturday,181,OFF RIGHT BEND INTO OBJECT/PARKED VEHICLE,1,804932,1,0,1,0,0,1,1,5,Not at intersection,2,60,Arterial Other,GOLDEN PLAINS,-37.878548,144.1785,3331.0,True,Preston HS,74365.0
T20210000756,2021-12-01,13:34:00,1,Collision with vehicle,3,Tuesday,113,RIGHT NEAR (INTERSECTIONS ONLY),1,647627,2,0,1,0,1,2,1,2,T intersection,2,80,Arterial Other,MORNINGTON PENINSULA,-38.283264,145.06787,3915.0,True,Preston HS,60454.0
T20220002856,2022-09-02,20:50:00,1,Collision with vehicle,3,Wednesday,147,VEHICLE STRIKES ANOTHER VEH WHILE EMERGING FROM DRIVEWAY,3,586470,2,0,0,1,1,2,1,5,Not at intersection,3,60,Arterial Highway,GEELONG,-38.171013,144.39334,3219.0,True,Preston HS,71933.8
T20210020426,2021-07-10,17:40:00,1,Collision with vehicle,5,Thursday,116,LEFT NEAR (INTERSECTIONS ONLY),1,40531,2,0,1,0,1,2,1,1,Cross intersection,2,40,Local Road,BOROONDARA,-37.831665,145.08553,3126.0,True,Preston HS,12148.1
T20230026535,2023-12-11,12:35:00,1,Collision with vehicle,1,Sunday,110,CROSS TRAFFIC(INTERSECTIONS ONLY),1,72548,2,0,1,0,1,2,1,1,Cross intersection,2,50,Local Road,LATROBE,-38.178303,146.29974,3825.0,True,Reservoir HS,122378.0
T20230010566,2023-05-05,18:09:00,1,Collision with vehicle,5,Friday,113,RIGHT NEAR (INTERSECTIONS ONLY),3,39149,2,0,0,1,1,2,1,2,T intersection,3,60,Arterial Other,BOROONDARA,-37.794086,145.07906,3104.0,True,Preston HS,8598.8
T20220022885,2022-10-10,16:50:00,1,Collision with vehicle,1,Monday,163,VEHICLE STRIKES DOOR OF PARKED/STATIONARY VEHICLE,1,774962,2,0,0,1,1,2,2,5,Not at intersection,3,40,Arterial Other,STONNINGTON,-37.852757,144.99997,3181.0,True,Preston HS,12364.9
T20220017402,2022-04-08,11:26:00,2,Struck Pedestrian,5,Thursday,100,PED NEAR SIDE. PED HIT BY VEHICLE FROM THE RIGHT.,1,782332,1,0,0,1,1,2,1,5,Not at intersection,3,60,Local Road,BENDIGO,-36.774963,144.3452,3551.0,True,William Ruthven SC,117864.0
T20250021371,2025-12-08,15:55:00,2,Struck Pedestrian,2,Tuesday,104,PED WALKING WITH TRAFFIC,1,821217,1,0,0,1,1,2,1,5,Not at intersection,3,40,Local Road,MELBOURNE,-37.81575,144.95796,3000.0,True,Preston HS,9297.9
T20220010736,2022-12-05,18:15:00,2,Struck Pedestrian,4,Thursday,104,PED WALKING WITH TRAFFIC,5,718154,1,0,0,1,2,3,1,5,Not at intersection,3,60,Local Road,GEELONG,-38.263157,144.51277,3226.0,True,Preston HS,72374.4
T20220005617,2022-12-03,20:30:00,4,Collision with a fixed object,6,Saturday,183,OFF LEFT BEND INTO OBJECT/PARKED VEHICLE,5,756063,1,0,1,0,0,1,1,5,Not at intersection,2,50,Local Road,MITCHELL,-37.039707,145.1802,3660.0,True,William Ruthven SC,74696.5
T20230010462,2023-04-05,15:50:00,2,Struck Pedestrian,5,Thursday,102,FAR SIDE. PED HIT BY VEHICLE FROM THE LEFT,1,779088,1,0,1,0,1,2,2,5,Not at intersection,2,40,Arterial Other,BANYULE,-37.75627,145.06659,3084.0,True,Reservoir HS,4987.8
T20240008498,2024-04-04,23:45:00,1,Collision with vehicle,5,Thursday,113,RIGHT NEAR (INTERSECTIONS ONLY),3,35945,2,0,0,1,1,2,1,2,T intersection,3,40,Arterial Other,MORELAND,-37.75965,144.9634,3056.0,True,Preston HS,4329.6
T20240007773,2023-02-11,09:30:00,1,Collision with vehicle,5,Thursday,133,LANE SIDE SWIPE (VEHICLES IN PARALLEL LANES),1,802755,2,0,0,1,1,2,2,5,Not at intersection,3,50,,PORT PHILLIP,-37.861923,144.9952,3183.0,True,Preston HS,13409.0
T20240008173,2024-01-04,11:15:00,1,Collision with vehicle,2,Monday,147,VEHICLE STRIKES ANOTHER VEH WHILE EMERGING FROM DRIVEWAY,1,800717,2,0,0,1,1,2,1,5,Not at intersection,3,60,Arterial Other,GLEN EIRA,-37.868065,145.02559,3161.0,True,Preston HS,14144.7
T20240028416,2024-08-11,08:50:00,1,Collision with vehicle,6,Friday,147,VEHICLE STRIKES ANOTHER VEH WHILE EMERGING FROM DRIVEWAY,1,810710,2,0,0,2,0,2,2,5,Not at intersection,3,999,,WHITEHORSE,-37.84031,145.20297,3133.0,True,Reservoir HS,20114.2
T20250020822,2025-06-08,16:55:00,1,Collision with vehicle,3,Wednesday,135,LANE CHANGE LEFT (NOT OVERTAKING),1,276083,2,0,0,2,0,2,1,5,Not at intersection,3,60,Arterial Other,BOROONDARA,-37.82242,145.06879,3126.0,True,Preston HS,10485.9
T20250021021,2025-08-08,19:57:00,2,Struck Pedestrian,6,Friday,100,PED NEAR SIDE. PED HIT BY VEHICLE FROM THE RIGHT.,3,54948,1,0,1,1,1,3,1,2,T intersection,2,60,Arterial Other,BRIMBANK,-37.742584,144.78519,3021.0,True,Preston HS,19512.8
T20250003313,2025-07-02,15:59:00,1,Collision with vehicle,5,Friday,121,RIGHT THROUGH,1,675,2,0,0,1,2,3,1,1,Cross intersection,3,50,Arterial Other,GLEN EIRA,-37.87805,145.00717,3185.0,True,Preston HS,15161.4
T20220027639,2022-05-12,21:32:00,1,Collision with vehicle,2,Monday,121,RIGHT THROUGH,3,35618,2,0,1,0,1,2,1,1,Cross intersection,2,60,Local Road,DANDENONG,-37.998756,145.20877,3175.0,True,Preston HS,33621.0
T20250009753,2025-11-04,06:39:00,1,Collision with vehicle,6,Friday,134,LANE CHANGE RIGHT (NOT OVERTAKING),1,817249,2,0,1,0,1,2,1,5,Not at intersection,2,100,Freeway,WHITTLESEA,-37.647984,144.99078,3076.0,True,William Ruthven SC,5505.1
T20230015388,2023-03-07,01:00:00,3,Struck animal,2,Monday,167,STRUCK ANIMAL,6,776717,1,0,0,1,0,1,2,5,Not at intersection,3,60,,MOUNT ALEXANDER,-37.046783,144.22064,3450.0,True,William Ruthven SC,99997.4
T20240028771,2024-11-11,15:07:00,1,Collision with vehicle,2,Monday,130,REAR END(VEHICLES IN SAME LANE),1,811162,2,1,0,0,1,2,1,5,Not at intersection,1,80,Local Road,CARDINIA,-38.043327,145.43758,3810.0,True,Preston HS,50515.7
T20220010664,2022-11-05,16:30:00,2,Struck Pedestrian,4,Wednesday,100,PED NEAR SIDE. PED HIT BY VEHICLE FROM THE RIGHT.,9,717467,1,0,0,1,1,2,1,2,T intersection,3,999,Arterial Other,GEELONG,-38.183144,144.31644,3216.0,True,Preston HS,77945.7
T20220008162,2022-12-04,11:00:00,1,Collision with vehicle,3,Tuesday,121,RIGHT THROUGH,1,49873,2,0,0,1,1,2,1,1,Cross intersection,3,50,Local Road,GEELONG,-38.13819,144.34035,3218.0,True,Preston HS,73228.7
T20250021449,2025-02-08,16:15:00,8,No collision and no object struck,6,Saturday,174,OUT OF CONTROL ON CARRIAGEWAY (ON STRAIGHT),9,821619,1,0,0,1,0,1,2,5,Not at intersection,3,888,Local Road,HOBSONS BAY,-37.86383,144.9067,3016.0,True,Preston HS,16193.6
T20250012632,2025-12-05,00:15:00,8,No collision and no object struck,2,Monday,174,OUT OF CONTROL ON CARRIAGEWAY (ON STRAIGHT),3,37539,1,0,1,0,0,1,1,1,Cross intersection,2,50,Arterial Other,PORT PHILLIP,-37.83998,144.95818,3206.0,True,Preston HS,11743.3
T20230011151,2023-12-05,15:28:00,1,Collision with vehicle,6,Friday,121,RIGHT THROUGH,1,38792,2,0,0,1,1,2,1,1,Cross intersection,3,60,Arterial Other,MARIBYRNONG,-37.79821,144.90372,3011.0,True,Preston HS,11047.8
T20230001142,2023-07-01,11:00:00,8,No collision and no object struck,7,Saturday,174,OUT OF CONTROL ON CARRIAGEWAY (ON STRAIGHT),1,748266,1,0,0,1,0,1,2,5,Not at intersection,3,70,Local Road,MACEDON RANGES,-37.43262,144.40375,3458.0,True,William Ruthven SC,60422.4
T20220025143,2022-06-11,21:45:00,1,Collision with vehicle,1,Sunday,135,LANE CHANGE LEFT (NOT OVERTAKING),3,38044,2,0,1,0,3,4,1,1,Cross intersection,2,40,Arterial Other,DAREBIN,-37.77945,145.01805,3078.0,True,Preston HS,4306.6
T20220025416,2022-10-11,13:00:00,2,Struck Pedestrian,4,Thursday,100,PED NEAR SIDE. PED HIT BY VEHICLE FROM THE RIGHT.,1,37496,1,0,0,1,1,2,2,1,Cross intersection,3,60,Arterial Other,MANNINGHAM,-37.78326,145.12422,3108.0,True,Reservoir HS,10737.4
T20240025809,2024-12-10,21:20:00,1,Collision with vehicle,7,Saturday,110,CROSS TRAFFIC(INTERSECTIONS ONLY),3,36027,2,0,1,0,3,4,1,1,Cross intersection,2,40,Local Road,MORELAND,-37.76656,144.9726,3057.0,True,Preston HS,4103.8
T20250011805,2025-03-05,14:40:00,1,Collision with vehicle,7,Saturday,135,LANE CHANGE LEFT (NOT OVERTAKING),1,819359,2,0,0,1,2,3,1,5,Not at intersection,3,100,Freeway,WHITTLESEA,-37.6042,144.97498,3750.0,True,William Ruthven SC,10559.7
T20240005422,2024-03-03,13:30:00,2,Struck Pedestrian,1,Sunday,101,PED EMERGES FROM IN FRONT OF PARKED OR STATIONARY VEHICLE,1,799367,1,0,1,0,1,2,1,5,Not at intersection,2,50,Local Road,WHITEHORSE,-37.80047,145.1388,3129.0,True,Reservoir HS,12955.6
T20220025163,2022-08-11,10:00:00,2,Struck Pedestrian,3,Tuesday,100,PED NEAR SIDE. PED HIT BY VEHICLE FROM THE RIGHT.,1,742918,1,0,0,1,1,2,2,2,T intersection,3,999,Local Road,DAREBIN,-37.73888,145.00386,3072.0,True,Preston HS,423.7
T20240008892,2023-02-11,18:00:00,1,Collision with vehicle,5,Thursday,116,LEFT NEAR (INTERSECTIONS ONLY),1,5965,2,0,0,1,1,2,2,2,T intersection,3,50,,MELBOURNE,-37.78374,144.96379,3054.0,True,Preston HS,6028.8
T20220005480,2022-11-03,08:15:00,1,Collision with vehicle,5,Friday,120,HEAD ON (NOT OVERTAKING),1,706952,2,0,0,1,1,2,1,2,T intersection,3,50,Local Road,MITCHELL,-37.396725,144.97272,3756.0,True,William Ruthven SC,33444.5
T20250005688,2025-02-03,15:45:00,2,Struck Pedestrian,1,Sunday,105,PED WALKING AGAINST TRAFFIC.,1,816682,1,1,0,1,0,2,1,5,Not at intersection,1,100,Local Road,BASS COAST,-38.610355,145.57243,3995.0,True,Preston HS,108496.5
T20210005362,2021-11-03,08:45:00,1,Collision with vehicle,5,Thursday,163,VEHICLE STRIKES DOOR OF PARKED/STATIONARY VEHICLE,1,82726,2,0,1,0,1,2,1,5,Not at intersection,2,40,Arterial Other,BANYULE,-37.77279,145.05905,3079.0,True,Preston HS,5727.9
T20240017003,2024-05-07,11:53:00,2,Struck Pedestrian,6,Friday,100,PED NEAR SIDE. PED HIT BY VEHICLE FROM THE RIGHT.,1,807575,1,0,1,1,1,3,1,5,Not at intersection,2,777,Local Road,MORNINGTON PENINSULA,-38.224136,145.0399,3931.0,True,Preston HS,53721.4
T20210015037,2021-08-07,06:02:00,1,Collision with vehicle,5,Thursday,110,CROSS TRAFFIC(INTERSECTIONS ONLY),3,15197,2,0,1,0,1,2,2,4,Multiple intersection,2,50,Arterial Other,MOIRA,-36.01103,146.00449,3730.0,True,William Ruthven SC,207521.0
T20210012981,2021-12-06,15:45:00,1,Collision with vehicle,7,Saturday,143,ENTERING PARKING,1,685521,2,0,0,1,1,2,1,5,Not at intersection,3,40,Local Road,MELBOURNE,-37.816315,144.9613,3000.0,True,Preston HS,9221.7
T20220022274,2022-03-10,17:00:00,8,No collision and no object struck,2,Monday,174,OUT OF CONTROL ON CARRIAGEWAY (ON STRAIGHT),2,41765,1,0,0,1,0,1,2,2,T intersection,3,999,Arterial Other,MONASH,-37.8875,145.15167,3150.0,True,Preston HS,20594.1
T20220027971,2022-09-12,12:10:00,5,collision with some other object,6,Friday,189,OTHER ACCIDENTS ON CURVE NOT INCLUDED IN DCAs 180-184,1,783328,1,0,0,1,0,1,1,5,Not at intersection,3,100,Arterial Highway,GLENELG,-37.5803,141.54187,3315.0,True,William Ruthven SC,305018.8
T20250009515,2025-07-04,18:30:00,2,Struck Pedestrian,1,Monday,106,VEH STRIKES PED ON FOOTPATH/MEDIAN/TRAFFIC ISLAND.,2,207,1,0,0,1,1,2,2,1,Cross intersection,3,40,Arterial Other,MELBOURNE,-37.81939,144.9571,3000.0,True,Preston HS,9692.1
T20220005856,2022-09-03,12:30:00,6,Vehicle overturned (no collision),4,Wednesday,174,OUT OF CONTROL ON CARRIAGEWAY (ON STRAIGHT),1,707223,1,0,0,1,0,1,2,5,Not at intersection,3,100,Local Road,INDIGO,-36.293194,146.78723,3747.0,True,William Ruthven SC,222385.0
T20210022878,2021-12-11,08:49:00,1,Collision with vehicle,6,Friday,160,VEHICLE COLLIDES WITH VEHICLE PARKED ON LEFT OF ROAD,1,700596,2,0,1,0,1,2,1,5,Not at intersection,2,60,Local Road,MILDURA,-34.20073,142.13362,3500.0,True,William Ruthven SC,466644.7
T20250006613,2025-11-03,07:01:00,1,Collision with vehicle,3,Tuesday,121,RIGHT THROUGH,1,36835,2,0,1,0,1,2,1,1,Cross intersection,2,40,Arterial Other,MELBOURNE,-37.814426,144.95482,3000.0,True,Preston HS,9300.9
T20230028413,2023-02-12,03:20:00,2,Struck Pedestrian,6,Saturday,106,VEH STRIKES PED ON FOOTPATH/MEDIAN/TRAFFIC ISLAND.,3,795023,1,0,0,1,1,2,1,5,Not at intersection,3,40,Arterial Other,MELBOURNE,-37.81994,144.95454,3008.0,True,Preston HS,9850.1
T20240005445,2024-03-03,20:13:00,3,Struck animal,1,Sunday,167,STRUCK ANIMAL,3,802365,1,0,0,1,0,1,1,5,Not at intersection,3,80,Local Road,HORSHAM,-36.7627,142.06049,3401.0,True,William Ruthven SC,280430.0
T20240024901,2024-03-10,07:53:00,2,Struck Pedestrian,4,Thursday,104,PED WALKING WITH TRAFFIC,1,36924,1,0,0,1,1,2,2,1,Cross intersection,3,40,Local Road,MELBOURNE,-37.815228,144.96361,3000.0,True,Preston HS,9025.3
T20250012439,2025-09-05,21:50:00,1,Collision with vehicle,6,Friday,135,LANE CHANGE LEFT (NOT OVERTAKING),3,818177,2,0,0,1,1,2,1,5,Not at intersection,3,40,Freeway,HOBSONS BAY,-37.82454,144.85498,3012.0,True,Preston HS,16234.7
T20240006480,2024-04-03,13:00:00,1,Collision with vehicle,1,Monday,163,VEHICLE STRIKES DOOR OF PARKED/STATIONARY VEHICLE,1,63894,2,0,0,1,1,2,2,2,T intersection,3,50,Local Road,MORELAND,-37.766514,144.94914,3055.0,True,Preston HS,5794.7
T20230000321,2023-06-01,07:10:00,1,Collision with vehicle,5,Friday,121,RIGHT THROUGH,2,825,2,0,0,1,1,2,2,1,Cross intersection,3,50,Arterial Other,MORELAND,-37.714855,144.962,3046.0,True,William Ruthven SC,4141.4
T20230015777,2023-07-07,17:55:00,2,Struck Pedestrian,6,Friday,102,FAR SIDE. PED HIT BY VEHICLE FROM THE LEFT,3,57515,1,0,1,0,2,3,1,1,Cross intersection,2,70,Arterial Highway,PORT PHILLIP,-37.85779,144.99223,3182.0,True,Preston HS,12974.6
T20220020239,2022-07-09,22:05:00,6,Vehicle overturned (no collision),4,Wednesday,182,OFF CARRIAGEWAY ON LEFT BEND,3,764144,1,1,0,0,0,1,1,5,Not at intersection,1,70,Arterial Other,WHITTLESEA,-37.68261,144.9995,3074.0,True,William Ruthven SC,1579.1
T20240028604,2024-09-11,19:27:00,2,Struck Pedestrian,7,Saturday,100,PED NEAR SIDE. PED HIT BY VEHICLE FROM THE RIGHT.,1,361,1,0,1,0,1,2,1,2,T intersection,2,60,Arterial Other,DAREBIN,-37.696342,145.01118,3073.0,True,William Ruthven SC,720.9
T20240017356,2024-09-07,18:59:00,2,Struck Pedestrian,3,Tuesday,107,PED ON FOOTHPATH STRUCK BY VEHENTERING/LEAVING DRIVEWAY.,3,806486,1,0,1,0,1,2,1,2,T intersection,2,60,Arterial Other,BAYSIDE,-37.97356,145.01656,3193.0,True,Preston HS,25795.0
T20240028762,2024-11-11,16:15:00,1,Collision with vehicle,2,Monday,140,U TURN,1,810963,2,0,1,0,1,2,1,5,Not at intersection,2,60,Arterial Other,BAYSIDE,-37.913795,145.007,3186.0,True,Preston HS,19136.1
T20230005279,2023-05-03,11:57:00,1,Collision with vehicle,0,Sunday,121,RIGHT THROUGH,1,781738,2,0,0,1,2,3,1,5,Not at intersection,3,60,Arterial Other,MANNINGHAM,-37.736874,145.22372,3113.0,True,Reservoir HS,17165.1
T20240005441,2024-03-03,15:45:00,4,Collision with a fixed object,1,Sunday,151,OUT OF CONTROL (OVERTAKING),1,803110,1,1,0,0,0,1,1,5,Not at intersection,1,100,Local Road,CAMPASPE,-36.30101,144.53018,3563.0,True,William Ruthven SC,160755.5
T20210005383,2021-11-03,11:16:00,8,No collision and no object struck,4,Thursday,174,OUT OF CONTROL ON CARRIAGEWAY (ON STRAIGHT),1,221471,2,0,0,1,1,2,1,2,T intersection,3,999,Arterial Other,MORELAND,-37.702984,144.96043,3060.0,True,William Ruthven SC,3812.4
T20250000958,2025-12-01,21:50:00,4,Collision with a fixed object,0,Sunday,171,LEFT OFF CARRIAGEWAY INTO OBJECT/PARKED VEHICLE,5,813675,2,0,0,1,1,2,1,5,Not at intersection,3,60,Local Road,HUME,-37.6488,144.91592,3048.0,True,William Ruthven SC,9322.3
T20240002709,2024-01-02,08:55:00,1,Collision with vehicle,4,Thursday,163,VEHICLE STRIKES DOOR OF PARKED/STATIONARY VEHICLE,1,797537,2,0,1,0,1,2,2,5,Not at intersection,2,60,Local Road,WODONGA,-36.13393,146.88617,3690.0,True,William Ruthven SC,241277.1
T20210005014,2021-07-03,14:00:00,6,Vehicle overturned (no collision),1,Sunday,172,OFF CARRIAGEWAY TO RIGHT,1,681830,1,0,1,0,0,1,1,5,Not at intersection,2,50,Local Road,SHEPPARTON,-36.464783,145.3839,3631.0,True,William Ruthven SC,141071.3
T20220005563,2022-08-03,17:15:00,1,Collision with vehicle,2,Tuesday,130,REAR END(VEHICLES IN SAME LANE),3,706857,3,0,1,0,2,3,2,5,Not at intersection,2,50,Local Road,YARRA,-37.8093,145.00085,3067.0,True,Preston HS,7536.8
T20240016606,2024-05-06,20:00:00,8,No collision and no object struck,4,Wednesday,184,OUT OF CONTROL ON CARRIAGEWAY (ON BEND),6,807766,1,0,0,1,0,1,2,5,Not at intersection,3,50,Local Road,KNOX,-37.86287,145.24728,3152.0,True,Reservoir HS,24708.4
T20240003222,2024-08-02,12:15:00,1,Collision with vehicle,5,Thursday,130,REAR END(VEHICLES IN SAME LANE),1,798008,2,0,0,1,1,2,2,5,Not at intersection,3,60,Arterial Other,GEELONG,-38.164474,144.36389,3220.0,True,Preston HS,73419.4
T20230000829,2023-12-01,17:21:00,1,Collision with vehicle,5,Thursday,148,VEHICLE OFF FOOTPATH STRIKES VEH ON CARRIAGEWAY,1,56802,2,0,1,0,2,3,1,2,T intersection,2,60,Arterial Other,BALLARAT,-37.582672,143.80789,3358.0,True,William Ruthven SC,105988.8
T20210025254,2021-10-12,07:51:00,4,Collision with a fixed object,6,Friday,171,LEFT OFF CARRIAGEWAY INTO OBJECT/PARKED VEHICLE,1,703191,1,1,0,0,0,1,1,5,Not at intersection,1,100,Freeway,CASEY,-37.9751,145.2382,3177.0,True,Preston HS,32942.1
T20210018124,2021-08-07,09:50:00,1,Collision with vehicle,5,Thursday,121,RIGHT THROUGH,1,29709,2,0,0,1,1,2,1,1,Cross intersection,3,50,Local Road,DANDENONG,-37.97036,145.20476,3175.0,True,Preston HS,30783.3
T20230018421,2023-07-08,21:11:00,2,Struck Pedestrian,2,Monday,102,FAR SIDE. PED HIT BY VEHICLE FROM THE LEFT,6,685656,1,0,1,0,1,2,1,2,T intersection,2,60,Local Road,WHITEHORSE,-37.8093,145.142,3130.0,True,Reservoir HS,13832.4
T20220027596,2022-04-12,08:30:00,1,Collision with vehicle,1,Sunday,153,CUTTING IN (OVERTAKING),1,778006,2,0,0,1,1,2,2,5,Not at intersection,3,50,Local Road,BANYULE,-37.736534,145.11569,3093.0,True,Reservoir HS,7749.8
T20230030418,2023-08-06,16:00:00,1,Collision with vehicle,5,Thursday,130,REAR END(VEHICLES IN SAME LANE),2,795008,2,0,0,1,1,2,2,5,Not at intersection,3,60,Arterial Other,WYNDHAM,-37.84051,144.74692,3029.0,True,Preston HS,25365.5
T20210010557,2021-07-05,16:45:00,1,Collision with vehicle,5,Friday,137,LEFT TURN SIDESWIPE,1,687211,2,0,0,2,0,2,2,5,Not at intersection,3,999,Arterial Other,YARRA,-37.810783,145.00278,3121.0,True,Preston HS,7691.1
T20240028547,2021-08-10,07:30:00,1,Collision with vehicle,5,Friday,130,REAR END(VEHICLES IN SAME LANE),9,810683,2,0,0,1,1,2,2,5,Not at intersection,3,80,Arterial Other,MAROONDAH,-37.80267,145.28926,3136.0,True,Reservoir HS,24525.0
T20240009051,2024-11-04,12:00:00,1,Collision with vehicle,5,Thursday,130,REAR END(VEHICLES IN SAME LANE),1,801897,2,0,0,1,0,1,2,5,Not at intersection,3,40,Local Road,MARIBYRNONG,-37.801872,144.8992,3011.0,True,Preston HS,11606.5
T20240031460,2024-08-12,08:30:00,1,Collision with vehicle,1,Sunday,133,LANE SIDE SWIPE (VEHICLES IN PARALLEL LANES),1,43292,2,0,1,0,1,2,1,1,Cross intersection,2,60,Arterial Highway,KINGSTON,-38.050625,145.11516,3196.0,True,Preston HS,35635.5
T20230017963,2023-02-08,08:03:00,1,Collision with vehicle,4,Wednesday,113,RIGHT NEAR (INTERSECTIONS ONLY),1,8031,2,0,1,0,1,2,1,2,T intersection,2,60,,PORT PHILLIP,-37.872047,144.97644,3182.0,True,Preston HS,14742.1
T20230003198,2023-09-02,08:30:00,1,Collision with vehicle,5,Thursday,163,VEHICLE STRIKES DOOR OF PARKED/STATIONARY VEHICLE,1,66052,2,0,0,1,1,2,1,2,T intersection,3,40,Local Road,MELBOURNE,-37.81799,144.9579,3000.0,True,Preston HS,9521.5
T20220015108,2022-05-07,09:30:00,7,Fall from or in moving vehicle,3,Tuesday,190,FELL IN/FROM VEHICLE,1,718573,1,0,1,0,0,1,2,5,Not at intersection,2,60,Arterial Other,PORT PHILLIP,-37.867714,144.98532,3182.0,True,Preston HS,14142.2
T20210018813,2021-06-09,17:26:00,2,Struck Pedestrian,2,Monday,100,PED NEAR SIDE. PED HIT BY VEHICLE FROM THE RIGHT.,2,45115,1,0,1,0,1,2,1,1,Cross intersection,2,50,Local Road,BRIMBANK,-37.78647,144.84598,3020.0,True,Preston HS,15012.5
T20240011528,2024-07-05,05:10:00,1,Collision with vehicle,3,Tuesday,110,CROSS TRAFFIC(INTERSECTIONS ONLY),3,43915,2,0,1,0,1,2,1,1,Cross intersection,2,60,Arterial Other,CASEY,-38.118744,145.32716,3978.0,True,Preston HS,50455.1
T20250021318,2025-07-08,08:15:00,1,Collision with vehicle,4,Thursday,129,OTHER OPPOSING MANOEUVRES NOT INCLUDED IN DCAs 120-125.,1,822168,2,0,1,0,1,2,2,5,Not at intersection,2,60,Local Road,WODONGA,-36.155647,146.88423,3691.0,True,William Ruthven SC,239407.0
T20240024816,2024-01-10,20:59:00,2,Struck Pedestrian,2,Tuesday,101,PED EMERGES FROM IN FRONT OF PARKED OR STATIONARY VEHICLE,2,44451,1,0,0,1,1,2,1,2,T intersection,3,60,Arterial Highway,DAREBIN,-37.725185,145.02357,3073.0,True,Reservoir HS,599.0
T20220027974,2022-02-12,19:45:00,7,Fall from or in moving vehicle,6,Friday,190,FELL IN/FROM VEHICLE,2,779619,1,0,1,0,2,3,1,5,Not at intersection,2,50,Local Road,FRANKSTON,-38.15543,145.15337,3199.0,True,Preston HS,47759.0
T20220020191,2022-03-09,20:50:00,1,Collision with vehicle,7,Saturday,133,LANE SIDE SWIPE (VEHICLES IN PARALLEL LANES),3,724681,2,0,0,1,1,2,1,2,T intersection,3,60,Arterial Other,BENDIGO,-36.75507,144.28365,3550.0,True,William Ruthven SC,122537.7
T20240000499,2024-08-01,10:12:00,2,Struck Pedestrian,2,Monday,106,VEH STRIKES PED ON FOOTPATH/MEDIAN/TRAFFIC ISLAND.,1,37543,1,0,0,1,1,2,1,1,Cross intersection,3,888,Arterial Other,PORT PHILLIP,-37.833008,144.96057,3205.0,True,Preston HS,10945.4
T20230015697,2023-06-07,21:15:00,2,Struck Pedestrian,5,Thursday,100,PED NEAR SIDE. PED HIT BY VEHICLE FROM THE RIGHT.,3,776921,1,0,1,0,1,2,1,2,T intersection,2,50,Local Road,WHITEHORSE,-37.82377,145.15991,3130.0,True,Reservoir HS,16082.2
T20220002360,2022-04-02,12:45:00,2,Struck Pedestrian,6,Friday,100,PED NEAR SIDE. PED HIT BY VEHICLE FROM THE RIGHT.,1,784820,1,0,1,0,1,2,1,5,Not at intersection,2,60,Arterial Other,DANDENONG,-37.93761,145.19264,3174.0,True,Preston HS,27203.2
T20240008679,2024-06-04,12:45:00,5,collision with some other object,7,Saturday,191,LOAD OR MISSILE STRUCK VEHICLE,1,801191,2,0,0,1,1,2,2,5,Not at intersection,3,100,Local Road,COLAC OTWAY,-38.595707,143.4256,3239.0,True,Preston HS,167722.7
T20220007276,2022-01-04,11:48:00,2,Struck Pedestrian,6,Friday,100,PED NEAR SIDE. PED HIT BY VEHICLE FROM THE RIGHT.,1,727257,1,0,1,0,1,2,1,5,Not at intersection,2,40,Arterial Other,MELBOURNE,-37.822132,144.95555,3008.0,True,Preston HS,10025.6
T20250005198,2025-09-02,11:30:00,1,Collision with vehicle,1,Sunday,152,PULLING OUT (OVERTAKING),1,815926,2,0,0,1,1,2,2,1,Cross intersection,3,100,Local Road,SHEPPARTON,-36.440147,145.29544,3616.0,True,William Ruthven SC,142093.5
T20210000397,2021-07-01,08:49:00,1,Collision with vehicle,4,Thursday,130,REAR END(VEHICLES IN SAME LANE),1,43658,2,0,0,1,0,1,2,1,Cross intersection,3,50,Arterial Other,HUME,-37.576736,144.69377,3429.0,True,William Ruthven SC,30312.5
T20240003471,2024-09-02,21:10:00,1,Collision with vehicle,6,Friday,121,RIGHT THROUGH,3,14433,2,0,0,1,1,2,1,2,T intersection,3,60,Arterial Other,KINGSTON,-38.028736,145.13016,3196.0,True,Preston HS,33694.6