ACCIDENT_NO,ACCIDENT_DATE,ACCIDENT_TIME,ACCIDENT_TYPE,ACCIDENT_TYPE_DESC,DAY_OF_WEEK,DAY_WEEK_DESC,DCA_CODE,DCA_DESC,LIGHT_CONDITION,NODE_ID,NO_OF_VEHICLES,NO_PERSONS_KILLED,NO_PERSONS_INJ_2,NO_PERSONS_INJ_3,NO_PERSONS_NOT_INJ,NO_PERSONS,POLICE_ATTEND,ROAD_GEOMETRY,ROAD_GEOMETRY_DESC,SEVERITY,SPEED_ZONE,RMA,LGA_NAME,LATITUDE,LONGITUDE,POSTCODE_CRASH,PED_OR_CYC,nearest_school,dist_to_gate_m
T20220000990,2022-08-01,08:55:00,8,No collision and no object struck,6,Saturday,174,OUT OF CONTROL ON CARRIAGEWAY (ON STRAIGHT),1,702780,1,0,0,1,0,1,2,2,T intersection,3,999,,BAW BAW,-38.02185,146.37473,3825.0,True,Reservoir HS,122690.2
T20240020440,2024-09-08,16:30:00,6,Vehicle overturned (no collision),5,Friday,149,OTHER MANOEUVRING NOT INCLUDED IN DCAs 140-148,1,807335,1,0,0,1,0,1,2,5,Not at intersection,3,60,Local Road,STRATHBOGIE,-36.786686,145.13052,3608.0,True,William Ruthven SC,101799.0
T20220000479,2022-08-01,23:40:00,6,Vehicle overturned (no collision),7,Saturday,174,OUT OF CONTROL ON CARRIAGEWAY (ON STRAIGHT),3,701423,1,0,0,1,0,1,1,1,Cross intersection,3,999,Local Road,ARARAT,-37.293423,142.92052,3377.0,True,William Ruthven SC,189105.8
T20250017618,2025-02-07,20:15:00,2,Struck Pedestrian,3,Wednesday,106,VEH STRIKES PED ON FOOTPATH/MEDIAN/TRAFFIC ISLAND.,3,820292,1,0,1,0,2,3,1,5,Not at intersection,2,888,Local Road,BENDIGO,-36.77005,144.29175,3550.0,True,William Ruthven SC,120738.9
T20240031349,2024-05-12,10:00:00,1,Collision with vehicle,5,Thursday,147,VEHICLE STRIKES ANOTHER VEH WHILE EMERGING FROM DRIVEWAY,1,812195,2,0,0,1,1,2,2,5,Not at intersection,3,50,Local Road,WHITTLESEA,-37.658073,145.01508,3076.0,True,William Ruthven SC,4407.7
T20230020600,2023-03-09,12:40:00,2,Struck Pedestrian,1,Sunday,108,PED STRUCK WALKING TO/FROM OR BOARDING/ALIGHTING VEHICLE.,1,789708,1,0,0,1,1,2,1,5,Not at intersection,3,50,Local Road,HOBSONS BAY,-37.86942,144.83118,3018.0,True,Preston HS,20989.5
T20240011872,2024-09-05,22:05:00,1,Collision with vehicle,5,Thursday,116,LEFT NEAR (INTERSECTIONS ONLY),3,40083,2,0,0,1,1,2,2,2,T intersection,3,50,Arterial Other,PORT PHILLIP,-37.8693,144.9759,3182.0,True,Preston HS,14450.8
T20210010694,2021-12-05,17:09:00,1,Collision with vehicle,4,Wednesday,133,LANE SIDE SWIPE (VEHICLES IN PARALLEL LANES),1,683149,3,0,0,1,2,3,1,5,Not at intersection,3,80,Freeway,MOONEE VALLEY,-37.734005,144.90898,3041.0,True,Preston HS,8670.5
T20220009884,2022-01-05,15:00:00,8,No collision and no object struck,1,Sunday,184,OUT OF CONTROL ON CARRIAGEWAY (ON BEND),1,275628,1,0,0,1,0,1,2,2,T intersection,3,999,Arterial Other,YARRA RANGES,-37.562126,145.9033,3779.0,True,Reservoir HS,78982.2
T20230000071,2023-02-01,08:59:00,4,Collision with a fixed object,1,Monday,183,OFF LEFT BEND INTO OBJECT/PARKED VEHICLE,1,746605,1,0,1,0,0,1,1,5,Not at intersection,2,80,Arterial Other,YARRA RANGES,-37.695072,145.56744,3777.0,True,Reservoir HS,47428.6
T20220007671,2022-06-04,04:00:00,8,No collision and no object struck,4,Wednesday,170,OFF CARRIAGEWAY TO LEFT,3,711952,1,0,0,1,0,1,1,5,Not at intersection,3,60,Arterial Highway,MELBOURNE,-37.82151,144.97342,3004.0,True,Preston HS,9355.1
T20250002695,2025-01-02,14:40:00,6,Vehicle overturned (no collision),7,Saturday,170,OFF CARRIAGEWAY TO LEFT,1,814588,1,0,1,0,0,1,1,5,Not at intersection,2,80,Local Road,BENDIGO,-36.818428,144.25671,3555.0,True,William Ruthven SC,117881.0
T20250014723,2025-02-06,08:45:00,1,Collision with vehicle,2,Monday,137,LEFT TURN SIDESWIPE,1,819351,2,0,1,0,1,2,1,5,Not at intersection,2,60,Arterial Other,PORT PHILLIP,-37.85265,144.98177,3004.0,True,Preston HS,12536.2
T20210000585,2021-09-01,23:15:00,4,Collision with a fixed object,7,Saturday,173,RIGHT OFF CARRIAGEWAY INTO OBJECT/PARKED VEHICLE,3,677402,1,0,1,0,0,1,1,2,T intersection,2,80,Arterial Other,CASEY,-38.07184,145.29774,3977.0,True,Preston HS,44696.9
T20220026178,2022-12-11,14:00:00,4,Collision with a fixed object,7,Saturday,171,LEFT OFF CARRIAGEWAY INTO OBJECT/PARKED VEHICLE,1,786125,1,0,1,0,0,1,2,5,Not at intersection,2,60,Local Road,BENALLA,-36.8726,145.9511,3669.0,True,William Ruthven SC,124214.8
T20230017939,2023-01-08,18:55:00,2,Struck Pedestrian,3,Tuesday,102,FAR SIDE. PED HIT BY VEHICLE FROM THE LEFT,3,41290,1,0,1,0,1,2,1,2,T intersection,2,60,Local Road,BAYSIDE,-37.910076,145.02432,3187.0,True,Preston HS,18783.5
T20240017108,2024-06-07,15:45:00,1,Collision with vehicle,7,Saturday,140,U TURN,1,806038,2,0,0,1,1,2,1,5,Not at intersection,3,60,Arterial Other,PORT PHILLIP,-37.83013,144.94644,3205.0,True,Preston HS,11185.0
T20240020302,2024-05-08,12:33:00,6,Vehicle overturned (no collision),2,Monday,184,OUT OF CONTROL ON CARRIAGEWAY (ON BEND),1,807820,1,0,0,1,0,1,2,2,T intersection,3,999,Local Road,MACEDON RANGES,-37.394924,144.6058,3441.0,True,William Ruthven SC,48487.3
T20220022366,2022-04-10,16:39:00,1,Collision with vehicle,3,Tuesday,110,CROSS TRAFFIC(INTERSECTIONS ONLY),1,39349,2,0,1,0,1,2,1,1,Cross intersection,2,999,Local Road,WHITEHORSE,-37.80822,145.13264,3129.0,True,Reservoir HS,13168.9
T20220005610,2022-08-03,21:15:00,2,Struck Pedestrian,3,Tuesday,105,PED WALKING AGAINST TRAFFIC.,3,706723,1,0,0,1,1,2,2,2,T intersection,3,888,Arterial Other,DAREBIN,-37.742016,144.99834,3072.0,True,Preston HS,771.1
T20220017581,2022-06-08,13:00:00,1,Collision with vehicle,7,Saturday,199,UNKNOWN-NO DETAILS ON MANOEUVRES OF ROAD-USERS IN ACCIDENT,1,773907,2,0,0,1,1,2,1,5,Not at intersection,3,50,,BALLARAT,-37.48146,143.80359,3352.0,True,William Ruthven SC,108352.5
T20240014190,2024-03-06,16:49:00,6,Vehicle overturned (no collision),2,Monday,174,OUT OF CONTROL ON CARRIAGEWAY (ON STRAIGHT),1,804622,1,0,1,0,0,1,1,5,Not at intersection,2,50,Local Road,MANNINGHAM,-37.762814,145.0983,3105.0,True,Reservoir HS,7543.1
T20210020516,2021-09-10,16:47:00,1,Collision with vehicle,6,Saturday,163,VEHICLE STRIKES DOOR OF PARKED/STATIONARY VEHICLE,1,694599,2,0,0,1,1,2,1,5,Not at intersection,3,40,Arterial Other,YARRA,-37.819576,145.009,3121.0,True,Preston HS,8661.0
T20210007841,2021-08-04,10:20:00,6,Vehicle overturned (no collision),5,Thursday,174,OUT OF CONTROL ON CARRIAGEWAY (ON STRAIGHT),1,680144,1,0,1,0,0,1,1,5,Not at intersection,2,60,Arterial Other,BAYSIDE,-37.9568,145.00798,3191.0,True,Preston HS,23918.2
T20250018377,2025-10-07,10:43:00,8,No collision and no object struck,4,Thursday,170,OFF CARRIAGEWAY TO LEFT,1,821711,1,0,0,1,0,1,1,5,Not at intersection,3,50,Local Road,EAST GIPPSLAND,-37.86276,147.98506,3909.0,True,Reservoir HS,260171.6
T20250020558,2025-04-08,09:35:00,2,Struck Pedestrian,1,Monday,109,ANY MANOEUVRE INVOLVING PED NOT INCLUDED IN DCAs 100-108.,1,820967,1,0,0,1,1,2,1,5,Not at intersection,3,777,Local Road,(FALLS CREEK),-36.864708,147.27957,3699.0,True,Reservoir HS,220709.8
T20230005075,2023-02-03,20:12:00,1,Collision with vehicle,4,Thursday,113,RIGHT NEAR (INTERSECTIONS ONLY),3,37738,2,0,1,0,1,2,1,2,T intersection,2,40,Arterial Other,STONNINGTON,-37.84773,145.00046,3141.0,True,Preston HS,11804.4
T20230008829,2023-12-04,19:30:00,2,Struck Pedestrian,4,Wednesday,102,FAR SIDE. PED HIT BY VEHICLE FROM THE LEFT,6,228,1,0,0,1,1,2,2,1,Cross intersection,3,60,Arterial Highway,MELBOURNE,-37.824577,144.96375,3006.0,True,Preston HS,9971.9
T20240011784,2024-09-05,12:25:00,1,Collision with vehicle,5,Thursday,143,ENTERING PARKING,1,804651,2,0,0,1,1,2,1,5,Not at intersection,3,40,Local Road,MELBOURNE,-37.814457,144.96045,3000.0,True,Preston HS,9069.8
T20240014149,2024-03-06,11:50:00,1,Collision with vehicle,2,Monday,132,RIGHT REAR.,1,11574,2,0,1,0,1,2,1,1,Cross intersection,2,60,Freeway,FRANKSTON,-38.12914,145.13304,3199.0,True,Preston HS,44474.6
T20210012646,2021-07-06,18:20:00,2,Struck Pedestrian,2,Monday,100,PED NEAR SIDE. PED HIT BY VEHICLE FROM THE RIGHT.,3,42288,1,0,1,0,1,2,1,2,T intersection,2,60,Arterial Other,GLEN EIRA,-37.922916,145.07309,3165.0,True,Preston HS,20967.2
T20220005422,2022-10-03,06:45:00,1,Collision with vehicle,5,Thursday,135,LANE CHANGE LEFT (NOT OVERTAKING),1,756067,2,0,1,0,1,2,1,5,Not at intersection,2,80,Freeway,MELBOURNE,-37.828445,144.95787,3006.0,True,Preston HS,10571.4
T20220004969,2022-05-03,16:00:00,1,Collision with vehicle,7,Saturday,160,VEHICLE COLLIDES WITH VEHICLE PARKED ON LEFT OF ROAD,1,713053,2,0,1,0,0,1,1,6,Dead end,2,50,Local Road,WODONGA,-36.133915,146.86035,3690.0,True,William Ruthven SC,239691.5
T20240022843,2024-08-09,13:20:00,2,Struck Pedestrian,0,Sunday,101,PED EMERGES FROM IN FRONT OF PARKED OR STATIONARY VEHICLE,1,808361,1,0,0,1,1,2,1,5,Not at intersection,3,50,Local Road,MELBOURNE,-37.800716,144.95369,3051.0,True,Preston HS,8068.6
T20220027619,2022-05-12,15:58:00,1,Collision with vehicle,1,Monday,120,HEAD ON (NOT OVERTAKING),1,741275,2,0,0,1,1,2,1,5,Not at intersection,3,50,Local Road,WELLINGTON,-38.110107,147.04192,3850.0,True,Reservoir HS,181727.1
T20220022695,2022-08-10,15:09:00,1,Collision with vehicle,7,Saturday,110,CROSS TRAFFIC(INTERSECTIONS ONLY),1,29537,2,0,1,0,1,2,1,4,Multiple intersection,2,60,Arterial Other,BOROONDARA,-37.79912,145.03032,3101.0,True,Preston HS,6703.1
T20230000023,2023-01-01,10:00:00,3,Struck animal,1,Sunday,167,STRUCK ANIMAL,1,748258,1,0,1,0,0,1,1,5,Not at intersection,2,80,Local Road,GOLDEN PLAINS,-37.952118,144.18088,3331.0,True,Preston HS,76225.9
T20240014643,2024-09-05,18:30:00,6,Vehicle overturned (no collision),5,Thursday,180,OFF CARRIAGEWAY ON RIGHT BEND,5,781366,1,0,0,1,0,1,2,5,Not at intersection,3,60,Arterial Other,YARRA RANGES,-37.82028,145.3634,3766.0,True,Reservoir HS,31309.6
T20210003279,2021-11-02,12:52:00,2,Struck Pedestrian,5,Thursday,100,PED NEAR SIDE. PED HIT BY VEHICLE FROM THE RIGHT.,1,590,1,0,0,1,1,2,2,1,Cross intersection,3,40,Arterial Other,STONNINGTON,-37.85662,145.02928,3144.0,True,Preston HS,12926.3
T20230025763,2023-04-11,00:00:00,1,Collision with vehicle,7,Saturday,148,VEHICLE OFF FOOTPATH STRIKES VEH ON CARRIAGEWAY,3,243335,2,0,0,1,1,2,1,1,Cross intersection,3,60,Arterial Other,MORELAND,-37.77685,144.95842,3056.0,True,Preston HS,5795.7
T20210005181,2021-09-03,06:41:00,1,Collision with vehicle,2,Tuesday,111,RIGHT FAR (INTERSECTIONS ONLY),3,780861,2,0,0,1,1,2,1,1,Cross intersection,3,60,Arterial Highway,KINGSTON,-37.982143,145.07137,3194.0,True,Preston HS,27324.9
T20240023209,2024-12-09,15:10:00,2,Struck Pedestrian,5,Thursday,102,FAR SIDE. PED HIT BY VEHICLE FROM THE LEFT,1,808477,1,0,1,0,1,2,1,5,Not at intersection,2,40,Local Road,NILLUMBIK,-37.673573,145.15645,3089.0,True,Reservoir HS,12426.9
T20210005442,2021-12-03,07:40:00,2,Struck Pedestrian,6,Friday,102,FAR SIDE. PED HIT BY VEHICLE FROM THE LEFT,1,781016,1,0,0,1,1,2,1,1,Cross intersection,3,60,Arterial Other,GEELONG,-38.11083,144.3434,3215.0,True,Preston HS,71228.6
T20240028843,2024-02-11,15:00:00,6,Vehicle overturned (no collision),7,Saturday,174,OUT OF CONTROL ON CARRIAGEWAY (ON STRAIGHT),1,810865,1,0,0,1,0,1,2,2,T intersection,3,100,Local Road,WELLINGTON,-37.91121,146.9764,3860.0,True,Reservoir HS,172307.4
T20240002495,2024-01-02,10:42:00,1,Collision with vehicle,5,Thursday,122,LEFT THROUGH,1,278588,2,0,0,1,1,2,1,2,T intersection,3,40,Local Road,MELBOURNE,-37.81329,144.94371,3008.0,True,Preston HS,9716.3
T20250021156,2025-10-08,09:20:00,5,collision with some other object,1,Sunday,166,STRUCK OBJECT ON CARRIAGEWAY,1,821284,1,0,1,0,0,1,1,5,Not at intersection,2,999,Local Road,GOLDEN PLAINS,-37.793102,143.77412,3352.0,True,Preston HS,108528.7
T20240025154,2024-05-10,17:48:00,1,Collision with vehicle,7,Saturday,121,RIGHT THROUGH,1,814159,2,0,1,0,1,2,1,2,T intersection,2,70,Arterial Highway,STONNINGTON,-37.87358,145.03824,3145.0,True,Preston HS,14917.4
T20220004755,2022-03-03,17:28:00,2,Struck Pedestrian,4,Thursday,100,PED NEAR SIDE. PED HIT BY VEHICLE FROM THE RIGHT.,1,756431,1,0,1,0,1,2,1,5,Not at intersection,2,50,Local Road,GEELONG,-38.068123,144.36298,3214.0,True,Preston HS,67164.6
T20220027806,2022-07-12,17:44:00,2,Struck Pedestrian,4,Wednesday,109,ANY MANOEUVRE INVOLVING PED NOT INCLUDED IN DCAs 100-108.,1,780991,1,0,1,0,1,2,1,5,Not at intersection,2,80,Arterial Highway,DANDENONG,-37.95347,145.17943,3174.0,True,Preston HS,27990.2
T20240003160,2024-08-02,16:35:00,1,Collision with vehicle,5,Thursday,121,RIGHT THROUGH,1,52125,2,0,0,1,1,2,1,1,Cross intersection,3,50,Arterial Other,BAW BAW,-38.16361,145.93082,3820.0,True,Reservoir HS,93032.8
T20220010123,2022-05-05,15:00:00,2,Struck Pedestrian,5,Thursday,100,PED NEAR SIDE. PED HIT BY VEHICLE FROM THE RIGHT.,1,711903,1,0,0,2,0,2,1,5,Not at intersection,3,40,Local Road,BALLARAT,-37.55848,143.84714,3350.0,True,William Ruthven SC,102941.5
T20230002622,2023-10-01,17:30:00,4,Collision with a fixed object,3,Tuesday,171,LEFT OFF CARRIAGEWAY INTO OBJECT/PARKED VEHICLE,1,784347,1,0,0,1,0,1,2,5,Not at intersection,3,60,Local Road,MELTON,-37.706165,144.57446,3338.0,True,William Ruthven SC,37716.6
T20220028021,2022-10-12,01:19:00,2,Struck Pedestrian,7,Saturday,102,FAR SIDE. PED HIT BY VEHICLE FROM THE LEFT,3,751182,1,0,1,0,1,2,1,5,Not at intersection,2,80,Arterial Highway,KNOX,-37.88237,145.2762,3156.0,True,Reservoir HS,28046.0
T20230018147,2023-04-08,07:10:00,2,Struck Pedestrian,6,Friday,100,PED NEAR SIDE. PED HIT BY VEHICLE FROM THE RIGHT.,2,779709,1,0,1,0,1,2,1,5,Not at intersection,2,60,Local Road,BALLARAT,-37.55337,143.79684,3350.0,True,William Ruthven SC,107410.0
T20250000262,2025-04-01,13:30:00,1,Collision with vehicle,7,Saturday,148,VEHICLE OFF FOOTPATH STRIKES VEH ON CARRIAGEWAY,1,813249,2,0,1,0,5,6,1,2,T intersection,2,999,Arterial Highway,DANDENONG,-37.990177,145.21368,3175.0,True,Preston HS,33048.9
T20210010028,2021-07-04,21:10:00,6,Vehicle overturned (no collision),4,Wednesday,174,OUT OF CONTROL ON CARRIAGEWAY (ON STRAIGHT),6,682522,1,0,0,1,0,1,2,2,T intersection,3,999,Local Road,KINGSTON,-37.9341,145.13255,3169.0,True,Preston HS,24063.7
T20250005747,2025-03-03,08:00:00,1,Collision with vehicle,2,Monday,132,RIGHT REAR.,1,815971,2,0,1,0,1,2,1,1,Cross intersection,2,50,Arterial Highway,WEST WIMMERA,-36.378967,141.24097,3419.0,True,William Ruthven SC,364605.7
T20220007703,2022-06-04,07:48:00,2,Struck Pedestrian,3,Wednesday,100,PED NEAR SIDE. PED HIT BY VEHICLE FROM THE RIGHT.,1,774198,1,0,0,1,1,2,1,5,Not at intersection,3,70,Arterial Highway,WHITEHORSE,-37.850594,145.119,3125.0,True,Preston HS,15597.6
T20220017606,2022-06-08,17:50:00,1,Collision with vehicle,7,Saturday,150,HEAD ON(OVERTAKING),3,723320,2,0,1,0,1,2,1,5,Not at intersection,2,80,Arterial Other,BAW BAW,-38.090385,145.7768,3816.0,True,Reservoir HS,77291.7
T20230028906,2023-06-12,11:04:00,1,Collision with vehicle,4,Wednesday,153,CUTTING IN (OVERTAKING),1,796207,2,0,0,1,1,2,1,5,Not at intersection,3,50,,MOORABOOL,-37.673603,144.4224,3340.0,True,William Ruthven SC,51154.2
T20210024989,2021-06-12,17:25:00,2,Struck Pedestrian,2,Monday,107,PED ON FOOTHPATH STRUCK BY VEHENTERING/LEAVING DRIVEWAY.,1,701614,1,0,0,1,1,2,1,5,Not at intersection,3,60,Arterial Highway,GEELONG,-38.150097,144.35228,3220.0,True,Preston HS,73206.3
T20230008541,2023-12-04,05:45:00,8,No collision and no object struck,4,Wednesday,174,OUT OF CONTROL ON CARRIAGEWAY (ON STRAIGHT),3,767379,1,0,1,0,0,1,1,2,T intersection,2,60,Arterial Highway,MELBOURNE,-37.788345,144.93211,3031.0,True,Preston HS,8387.7
T20220020103,2022-06-09,07:35:00,1,Collision with vehicle,3,Tuesday,135,LANE CHANGE LEFT (NOT OVERTAKING),1,724038,3,1,0,0,2,3,1,5,Not at intersection,1,60,Arterial Other,MONASH,-37.892853,145.10703,3149.0,True,Preston HS,18961.6
T20240015493,2024-10-06,12:00:00,2,Struck Pedestrian,2,Monday,109,ANY MANOEUVRE INVOLVING PED NOT INCLUDED IN DCAs 100-108.,1,805258,1,0,0,1,0,1,2,2,T intersection,3,40,Local Road,SURF COAST,-38.330696,144.31648,3228.0,True,Preston HS,89149.4
T20240000232,2024-04-01,16:00:00,2,Struck Pedestrian,5,Thursday,100,PED NEAR SIDE. PED HIT BY VEHICLE FROM THE RIGHT.,1,795131,1,0,0,1,1,2,2,2,T intersection,3,40,Local Road,FRANKSTON,-38.14194,145.12569,3199.0,True,Preston HS,45703.5
T20210010536,2021-10-05,08:20:00,1,Collision with vehicle,2,Monday,130,REAR END(VEHICLES IN SAME LANE),1,683553,2,0,0,1,0,1,2,5,Not at intersection,3,60,Local Road,CAMPASPE,-36.31527,145.04556,3620.0,True,William Ruthven SC,153636.7
T20220007973,2022-09-04,15:40:00,1,Collision with vehicle,6,Saturday,130,REAR END(VEHICLES IN SAME LANE),1,29413,2,0,0,1,1,2,1,1,Cross intersection,3,40,Arterial Other,MELBOURNE,-37.810135,144.94998,3003.0,True,Preston HS,9116.4
T20230022940,2023-01-10,15:57:00,2,Struck Pedestrian,1,Sunday,102,FAR SIDE. PED HIT BY VEHICLE FROM THE LEFT,1,1152,1,0,0,1,1,2,1,1,Cross intersection,3,60,Arterial Other,WYNDHAM,-37.853355,144.7389,3029.0,True,Preston HS,26635.7
T20210002768,2021-06-02,12:30:00,1,Collision with vehicle,7,Saturday,147,VEHICLE STRIKES ANOTHER VEH WHILE EMERGING FROM DRIVEWAY,1,680635,2,0,0,1,1,2,1,5,Not at intersection,3,999,Local Road,MAROONDAH,-37.793625,145.2961,3136.0,True,Reservoir HS,24747.4
T20240017228,2024-12-06,14:30:00,4,Collision with a fixed object,4,Wednesday,194,PARKED CAR RUN AWAY,1,806121,1,0,0,1,0,1,2,5,Not at intersection,3,50,Local Road,CASEY,-38.116394,145.24986,3977.0,True,Preston HS,46789.3
T20210001772,2021-08-01,19:30:00,8,No collision and no object struck,5,Friday,184,OUT OF CONTROL ON CARRIAGEWAY (ON BEND),9,682648,1,0,0,1,0,1,2,5,Not at intersection,3,999,Local Road,LATROBE,-38.258022,146.292,3840.0,True,Reservoir HS,125656.7
T20250012565,2025-09-05,08:00:00,2,Struck Pedestrian,5,Friday,108,PED STRUCK WALKING TO/FROM OR BOARDING/ALIGHTING VEHICLE.,1,818678,1,0,0,1,1,2,2,5,Not at intersection,3,40,Arterial Other,BOROONDARA,-37.805614,145.03406,3101.0,True,Preston HS,7491.5
T20210017036,2021-06-08,23:20:00,4,Collision with a fixed object,6,Friday,198,OTHER ACCIDENTS NOT CLASSIFIABLE ELSEWHERE,3,29984,2,0,1,0,1,2,1,1,Cross intersection,2,60,Local Road,BENDIGO,-36.77642,144.2851,3550.0,True,William Ruthven SC,120443.3
T20230005847,2023-11-03,11:57:00,6,Vehicle overturned (no collision),6,Saturday,174,OUT OF CONTROL ON CARRIAGEWAY (ON STRAIGHT),1,760236,1,0,0,1,0,1,1,5,Not at intersection,3,80,Arterial Other,WHITTLESEA,-37.69272,144.9908,3074.0,True,William Ruthven SC,1153.6
T20220004628,2022-02-03,07:56:00,1,Collision with vehicle,4,Wednesday,152,PULLING OUT (OVERTAKING),1,709292,2,0,1,0,1,2,1,5,Not at intersection,2,80,Arterial Other,MORNINGTON PENINSULA,-38.30965,145.08418,3915.0,True,Preston HS,63513.0
T20210005411,2021-11-03,17:20:00,3,Struck animal,5,Thursday,167,STRUCK ANIMAL,1,677771,1,0,1,0,0,1,1,5,Not at intersection,2,50,Local Road,MORNINGTON PENINSULA,-38.357548,144.75395,3943.0,True,Preston HS,71977.4
T20240028373,2024-07-11,19:00:00,2,Struck Pedestrian,5,Thursday,100,PED NEAR SIDE. PED HIT BY VEHICLE FROM THE RIGHT.,3,29395,1,0,0,1,1,2,2,2,T intersection,3,70,Arterial Highway,DAREBIN,-37.7128,145.04579,3083.0,True,Reservoir HS,1793.8
T20250015669,2025-12-06,10:00:00,2,Struck Pedestrian,5,Thursday,100,PED NEAR SIDE. PED HIT BY VEHICLE FROM THE RIGHT.,1,819223,1,0,1,0,1,2,1,2,T intersection,2,60,Local Road,BOROONDARA,-37.833584,145.04298,3122.0,True,Preston HS,10692.5
T20240003030,2024-07-02,11:49:00,4,Collision with a fixed object,4,Wednesday,183,OFF LEFT BEND INTO OBJECT/PARKED VEHICLE,1,800210,1,0,1,0,0,1,1,5,Not at intersection,2,100,Arterial Other,CARDINIA,-38.010246,145.51208,3810.0,True,Reservoir HS,53101.0
T20220015447,2022-10-07,16:35:00,4,Collision with a fixed object,1,Sunday,183,OFF LEFT BEND INTO OBJECT/PARKED VEHICLE,1,719584,1,0,1,0,0,1,1,5,Not at intersection,2,80,Arterial Other,CARDINIA,-37.94485,145.51973,3783.0,True,Reservoir HS,49659.9
T20210024937,2021-06-12,15:45:00,2,Struck Pedestrian,2,Monday,101,PED EMERGES FROM IN FRONT OF PARKED OR STATIONARY VEHICLE,1,701696,1,0,0,1,4,5,1,5,Not at intersection,3,60,Local Road,MORNINGTON PENINSULA,-38.18939,145.12039,3930.0,True,Preston HS,50761.9
T20210005427,2021-11-03,16:17:00,1,Collision with vehicle,5,Thursday,110,CROSS TRAFFIC(INTERSECTIONS ONLY),1,36192,2,0,1,0,1,2,1,1,Cross intersection,2,40,Local Road,MELBOURNE,-37.803707,144.95552,3051.0,True,Preston HS,8251.8
T20220007626,2022-05-04,15:14:00,1,Collision with vehicle,3,Tuesday,121,RIGHT THROUGH,1,42214,2,0,1,0,2,3,1,2,T intersection,2,70,Arterial Other,GLEN EIRA,-37.934605,145.04832,3204.0,True,Preston HS,21753.3
T20230005409,2023-04-03,13:30:00,4,Collision with a fixed object,6,Saturday,181,OFF RIGHT BEND INTO OBJECT/PARKED VEHICLE,1,812388,2,0,0,2,0,2,2,5,Not at intersection,3,999,Local Road,YARRA RANGES,-37.903717,145.33105,3158.0,True,Reservoir HS,33296.6
T20230022907,2023-01-10,12:05:00,6,Vehicle overturned (no collision),1,Sunday,184,OUT OF CONTROL ON CARRIAGEWAY (ON BEND),1,781928,1,0,1,0,0,1,1,5,Not at intersection,2,40,Local Road,GEELONG,-37.96122,144.43817,3211.0,True,Preston HS,55596.9
T20230023936,2023-10-10,19:07:00,1,Collision with vehicle,3,Tuesday,110,CROSS TRAFFIC(INTERSECTIONS ONLY),2,68714,2,0,0,1,1,2,1,1,Cross intersection,3,50,Local Road,BAYSIDE,-37.892868,145.00023,3186.0,True,Preston HS,16819.9
T20240019738,2024-05-08,06:25:00,1,Collision with vehicle,2,Monday,113,RIGHT NEAR (INTERSECTIONS ONLY),5,807089,2,0,0,1,1,2,2,2,T intersection,3,60,Local Road,MACEDON RANGES,-37.360554,144.53963,3442.0,True,William Ruthven SC,55365.4
T20220010630,2022-10-05,12:50:00,8,No collision and no object struck,3,Tuesday,174,OUT OF CONTROL ON CARRIAGEWAY (ON STRAIGHT),9,712504,1,0,0,1,0,1,2,5,Not at intersection,3,999,Local Road,GLEN EIRA,-37.892487,145.0129,3185.0,True,Preston HS,16774.5
T20220017305,2022-03-08,05:35:00,2,Struck Pedestrian,4,Wednesday,102,FAR SIDE. PED HIT BY VEHICLE FROM THE LEFT,3,42403,1,0,1,0,1,2,1,2,T intersection,2,60,Arterial Other,MONASH,-37.925488,145.11966,3168.0,True,Preston HS,22701.5
T20250021294,2025-11-08,18:45:00,6,Vehicle overturned (no collision),1,Monday,170,OFF CARRIAGEWAY TO LEFT,5,821681,1,0,1,0,0,1,1,5,Not at intersection,2,100,Arterial Other,GOLDEN PLAINS,-38.09341,144.2491,3331.0,True,Preston HS,77140.6
T20240027183,2024-09-09,08:50:00,8,No collision and no object struck,2,Monday,174,OUT OF CONTROL ON CARRIAGEWAY (ON STRAIGHT),1,811072,2,0,0,1,1,2,2,5,Not at intersection,3,30,Local Road,MELBOURNE,-37.796215,144.9608,3052.0,True,Preston HS,7301.2
T20230013133,2023-04-06,23:00:00,6,Vehicle overturned (no collision),0,Sunday,151,OUT OF CONTROL (OVERTAKING),3,777472,1,0,0,1,0,1,1,5,Not at intersection,3,40,Local Road,YARRA,-37.8073,144.99721,3067.0,True,Preston HS,7346.0
T20210007932,2021-08-04,07:38:00,1,Collision with vehicle,4,Thursday,111,RIGHT FAR (INTERSECTIONS ONLY),1,809477,3,0,1,0,2,3,1,1,Cross intersection,2,100,Freeway,SURF COAST,-38.212486,144.18073,3240.0,True,Preston HS,89367.9
T20230009105,2023-11-03,16:55:00,1,Collision with vehicle,7,Saturday,163,VEHICLE STRIKES DOOR OF PARKED/STATIONARY VEHICLE,1,769050,2,0,1,0,2,3,1,5,Not at intersection,2,40,Local Road,MELBOURNE,-37.81161,144.96455,3000.0,True,Preston HS,8626.4