ACCIDENT_NO,ACCIDENT_DATE,ACCIDENT_TIME,ACCIDENT_TYPE,ACCIDENT_TYPE_DESC,DAY_OF_WEEK,DAY_WEEK_DESC,DCA_CODE,DCA_DESC,LIGHT_CONDITION,NODE_ID,NO_OF_VEHICLES,NO_PERSONS_KILLED,NO_PERSONS_INJ_2,NO_PERSONS_INJ_3,NO_PERSONS_NOT_INJ,NO_PERSONS,POLICE_ATTEND,ROAD_GEOMETRY,ROAD_GEOMETRY_DESC,SEVERITY,SPEED_ZONE,RMA,LGA_NAME,LATITUDE,LONGITUDE,POSTCODE_CRASH,PED_OR_CYC,nearest_school,dist_to_gate_m
T20230029254,2023-03-12,09:00:00,1,Collision with vehicle,0,Sunday,147,VEHICLE STRIKES ANOTHER VEH WHILE EMERGING FROM DRIVEWAY,1,802882,2,0,0,1,1,2,2,5,Not at intersection,3,999,,GLEN EIRA,-37.9293,145.04155,3204.0,True,Preston HS,21078.4
T20230015265,2023-01-07,17:55:00,2,Struck Pedestrian,7,Saturday,103,PED PLAYING/LYING/WORKING/STANDING ON CARRIAGEWAY.,3,788502,1,0,0,1,1,2,1,5,Not at intersection,3,40,Local Road,MILDURA,-34.179707,142.15268,3500.0,True,William Ruthven SC,467669.1
T20230003310,2023-10-02,18:00:00,1,Collision with vehicle,6,Friday,137,LEFT TURN SIDESWIPE,1,38006,2,0,0,1,1,2,2,2,T intersection,3,60,Arterial Other,DAREBIN,-37.78408,145.00963,3078.0,True,Preston HS,4717.7
T20230002590,2023-07-01,18:10:00,4,Collision with a fixed object,7,Saturday,181,OFF RIGHT BEND INTO OBJECT/PARKED VEHICLE,1,783689,1,0,0,1,0,1,2,5,Not at intersection,3,100,Arterial Other,CORANGAMITE,-37.74274,143.42996,3361.0,True,William Ruthven SC,138452.3
T20240005517,2024-04-03,16:05:00,1,Collision with vehicle,2,Monday,163,VEHICLE STRIKES DOOR OF PARKED/STATIONARY VEHICLE,1,799217,2,0,0,1,1,2,1,5,Not at intersection,3,40,Local Road,STONNINGTON,-37.84703,144.9941,3181.0,True,Preston HS,11767.7
T20240003258,2024-09-02,14:50:00,1,Collision with vehicle,5,Friday,121,RIGHT THROUGH,1,43831,2,0,0,1,1,2,2,1,Cross intersection,3,50,Local Road,DAREBIN,-37.707897,144.99791,3073.0,True,William Ruthven SC,1339.6
T20230028517,2023-03-12,11:30:00,1,Collision with vehicle,1,Sunday,130,REAR END(VEHICLES IN SAME LANE),1,792423,3,0,1,0,3,4,1,5,Not at intersection,2,80,Arterial Highway,MONASH,-37.921833,145.13924,3168.0,True,Preston HS,23148.9
T20240027838,2024-01-11,13:58:00,1,Collision with vehicle,5,Friday,135,LANE CHANGE LEFT (NOT OVERTAKING),1,814725,2,0,0,1,1,2,1,2,T intersection,3,60,Arterial Highway,WHITEHORSE,-37.81753,145.14923,3130.0,True,Reservoir HS,14927.5
T20220005025,2022-06-03,13:00:00,1,Collision with vehicle,1,Sunday,148,VEHICLE OFF FOOTPATH STRIKES VEH ON CARRIAGEWAY,1,708648,2,0,0,1,2,3,1,2,T intersection,3,60,Local Road,SHEPPARTON,-36.38652,145.3983,3630.0,True,William Ruthven SC,149833.0
T20220025326,2022-09-11,09:20:00,1,Collision with vehicle,4,Wednesday,137,LEFT TURN SIDESWIPE,1,41212,2,0,0,1,1,2,2,1,Cross intersection,3,999,Local Road,GLEN EIRA,-37.885136,145.00745,3185.0,True,Preston HS,15949.4
T20220017366,2022-03-08,13:36:00,1,Collision with vehicle,4,Wednesday,147,VEHICLE STRIKES ANOTHER VEH WHILE EMERGING FROM DRIVEWAY,1,782465,2,0,0,1,1,2,1,5,Not at intersection,3,70,Arterial Other,BRIMBANK,-37.750057,144.77814,3023.0,True,Preston HS,20152.9
T20240031558,2024-09-12,08:32:00,1,Collision with vehicle,2,Monday,113,RIGHT NEAR (INTERSECTIONS ONLY),1,321820,2,0,1,0,1,2,1,2,T intersection,2,60,Local Road,MELTON,-37.808083,144.72339,3029.0,True,Preston HS,26005.2
T20230000799,2023-12-01,11:30:00,1,Collision with vehicle,5,Thursday,135,LANE CHANGE LEFT (NOT OVERTAKING),1,765763,2,0,1,0,1,2,1,5,Not at intersection,2,70,Arterial Highway,MONASH,-37.924934,145.1441,3168.0,True,Preston HS,23661.9
T20220001549,2022-09-01,17:00:00,1,Collision with vehicle,0,Sunday,147,VEHICLE STRIKES ANOTHER VEH WHILE EMERGING FROM DRIVEWAY,1,781709,2,0,0,1,1,2,1,5,Not at intersection,3,999,Arterial Other,MARIBYRNONG,-37.77452,144.88123,3032.0,True,Preston HS,11651.6
T20230018559,2023-09-08,11:10:00,6,Vehicle overturned (no collision),4,Wednesday,174,OUT OF CONTROL ON CARRIAGEWAY (ON STRAIGHT),1,39845,1,0,1,0,0,1,1,2,T intersection,2,60,Local Road,YARRA RANGES,-37.80148,145.33926,3765.0,True,Reservoir HS,28622.9
T20250000533,2025-02-01,10:30:00,5,collision with some other object,5,Thursday,166,STRUCK OBJECT ON CARRIAGEWAY,1,813430,1,0,1,0,0,1,2,1,Cross intersection,2,888,Local Road,MURRINDINDI,-37.309845,145.63298,3717.0,True,William Ruthven SC,70265.4
T20240014799,2024-10-06,12:00:00,1,Collision with vehicle,1,Monday,145,REVERSING IN STREAM OF TRAFFIC,1,804984,2,0,0,1,1,2,2,5,Not at intersection,3,50,Local Road,KNOX,-37.89695,145.29115,3156.0,True,Reservoir HS,30090.9
T20220022899,2022-11-10,17:22:00,1,Collision with vehicle,3,Tuesday,120,HEAD ON (NOT OVERTAKING),1,734285,2,0,0,1,1,2,1,5,Not at intersection,3,50,Local Road,BRIMBANK,-37.74103,144.80455,3021.0,True,Preston HS,17810.6
T20240028211,2024-06-11,08:58:00,2,Struck Pedestrian,4,Wednesday,100,PED NEAR SIDE. PED HIT BY VEHICLE FROM THE RIGHT.,1,35614,1,0,0,1,1,2,1,2,T intersection,3,50,Local Road,DANDENONG,-37.98368,145.1767,3173.0,True,Preston HS,30751.5
T20250017712,2025-03-07,17:23:00,2,Struck Pedestrian,5,Thursday,100,PED NEAR SIDE. PED HIT BY VEHICLE FROM THE RIGHT.,4,820382,1,0,1,0,1,2,1,5,Not at intersection,2,50,Local Road,HUME,-37.58464,144.90508,3064.0,True,William Ruthven SC,15137.5
T20220020124,2022-06-09,17:06:00,1,Collision with vehicle,3,Tuesday,113,RIGHT NEAR (INTERSECTIONS ONLY),1,51920,2,0,1,0,1,2,1,2,T intersection,2,50,Local Road,BENDIGO,-36.769222,144.2676,3555.0,True,William Ruthven SC,121945.5
T20240002878,2024-05-02,13:56:00,1,Collision with vehicle,2,Monday,133,LANE SIDE SWIPE (VEHICLES IN PARALLEL LANES),1,797540,2,0,1,0,1,2,1,5,Not at intersection,2,999,Local Road,MARIBYRNONG,-37.80369,144.88887,3011.0,True,Preston HS,12470.0
T20230023788,2023-12-10,08:22:00,2,Struck Pedestrian,5,Thursday,107,PED ON FOOTHPATH STRUCK BY VEHENTERING/LEAVING DRIVEWAY.,1,784022,1,0,0,1,1,2,2,5,Not at intersection,3,50,Local Road,WYNDHAM,-37.842484,144.74396,3029.0,True,Preston HS,25694.9
T20210002776,2021-07-02,13:00:00,1,Collision with vehicle,1,Sunday,120,HEAD ON (NOT OVERTAKING),1,678152,2,0,2,0,0,2,1,5,Not at intersection,2,100,Local Road,BENDIGO,-36.81665,144.26382,3555.0,True,William Ruthven SC,117694.3
T20240025758,2024-12-10,10:30:00,1,Collision with vehicle,7,Saturday,133,LANE SIDE SWIPE (VEHICLES IN PARALLEL LANES),1,809593,2,0,0,1,1,2,1,5,Not at intersection,3,80,Arterial Other,CASEY,-38.0781,145.24292,3977.0,True,Preston HS,42746.0
T20240014370,2024-04-06,18:30:00,1,Collision with vehicle,3,Tuesday,132,RIGHT REAR.,3,65772,2,0,1,0,1,2,2,1,Cross intersection,2,40,Local Road,MELBOURNE,-37.81104,144.9589,3000.0,True,Preston HS,8797.4
T20220027313,2022-02-12,14:35:00,2,Struck Pedestrian,6,Friday,100,PED NEAR SIDE. PED HIT BY VEHICLE FROM THE RIGHT.,1,743963,1,0,0,1,1,2,1,5,Not at intersection,3,50,Local Road,MITCHELL,-37.413242,144.98082,3756.0,True,William Ruthven SC,31561.9
T20240000655,2024-10-01,09:30:00,1,Collision with vehicle,4,Wednesday,148,VEHICLE OFF FOOTPATH STRIKES VEH ON CARRIAGEWAY,1,298519,2,0,0,1,1,2,1,2,T intersection,3,60,Arterial Other,GLEN EIRA,-37.87943,145.01851,3162.0,True,Preston HS,15347.6
T20230000906,2023-12-01,17:30:00,1,Collision with vehicle,5,Thursday,133,LANE SIDE SWIPE (VEHICLES IN PARALLEL LANES),1,751842,2,0,0,1,1,2,2,5,Not at intersection,3,60,Local Road,MACEDON RANGES,-37.48632,144.58566,3437.0,True,William Ruthven SC,43571.4
T20240006162,2024-06-03,18:00:00,1,Collision with vehicle,3,Wednesday,121,RIGHT THROUGH,1,38886,2,0,0,1,1,2,2,2,T intersection,3,50,Arterial Other,BOROONDARA,-37.815067,145.0276,3122.0,True,Preston HS,8354.6
T20250020502,2025-03-08,12:41:00,8,No collision and no object struck,1,Sunday,174,OUT OF CONTROL ON CARRIAGEWAY (ON STRAIGHT),1,821102,1,0,1,0,0,1,1,5,Not at intersection,2,100,Arterial Other,MACEDON RANGES,-37.333054,144.47845,3442.0,True,William Ruthven SC,61432.4
T20250021434,2025-10-08,12:30:00,8,No collision and no object struck,1,Sunday,170,OFF CARRIAGEWAY TO LEFT,1,821707,1,0,1,0,0,1,2,5,Not at intersection,2,100,Local Road,MACEDON RANGES,-37.4876,144.47095,3437.0,True,William Ruthven SC,52318.4
T20220022572,2022-07-10,08:20:00,2,Struck Pedestrian,5,Friday,100,PED NEAR SIDE. PED HIT BY VEHICLE FROM THE RIGHT.,1,783099,1,0,0,1,1,2,1,5,Not at intersection,3,50,Arterial Other,BAYSIDE,-37.96003,145.01938,3191.0,True,Preston HS,24301.1
T20240022712,2024-04-08,10:50:00,5,collision with some other object,1,Sunday,166,STRUCK OBJECT ON CARRIAGEWAY,1,810894,1,0,1,0,0,1,2,5,Not at intersection,2,80,Local Road,BAW BAW,-37.933937,146.04381,3832.0,True,Reservoir HS,92145.5
T20240009153,2024-12-04,11:48:00,1,Collision with vehicle,5,Friday,163,VEHICLE STRIKES DOOR OF PARKED/STATIONARY VEHICLE,1,801392,2,0,0,1,1,2,1,5,Not at intersection,3,40,Local Road,MELBOURNE,-37.813972,144.97173,3000.0,True,Preston HS,8616.6
T20220014928,2022-02-06,14:45:00,2,Struck Pedestrian,4,Thursday,109,ANY MANOEUVRE INVOLVING PED NOT INCLUDED IN DCAs 100-108.,1,781964,1,0,0,1,1,2,2,5,Not at intersection,3,999,Arterial Other,YARRA,-37.82759,144.99759,3121.0,True,Preston HS,9587.0
T20220022249,2022-03-10,07:30:00,6,Vehicle overturned (no collision),2,Monday,174,OUT OF CONTROL ON CARRIAGEWAY (ON STRAIGHT),2,57142,1,0,0,1,0,1,2,2,T intersection,3,60,Local Road,BAW BAW,-38.161995,145.94482,3820.0,True,Reservoir HS,93985.3
T20240031767,2024-04-12,07:14:00,1,Collision with vehicle,4,Wednesday,130,REAR END(VEHICLES IN SAME LANE),1,814041,4,0,1,0,3,4,1,5,Not at intersection,2,60,Arterial Other,HUME,-37.665962,144.94177,3048.0,True,William Ruthven SC,6370.7
T20240016823,2024-03-07,12:54:00,1,Collision with vehicle,4,Wednesday,140,U TURN,1,54280,2,0,1,0,1,2,1,5,Not at intersection,2,60,Arterial Highway,MELBOURNE,-37.824665,144.96365,3006.0,True,Preston HS,9984.3
T20220022614,2022-06-10,21:50:00,1,Collision with vehicle,4,Thursday,121,RIGHT THROUGH,3,735874,2,0,0,1,1,2,1,2,T intersection,3,50,Local Road,MOONEE VALLEY,-37.757156,144.89133,3040.0,True,Preston HS,10322.7
T20250018538,2025-11-07,16:25:00,2,Struck Pedestrian,6,Friday,100,PED NEAR SIDE. PED HIT BY VEHICLE FROM THE RIGHT.,1,820239,1,0,1,0,1,2,1,2,T intersection,2,40,Local Road,BOROONDARA,-37.79311,145.06657,3104.0,True,Preston HS,7746.3
T20240000240,2024-04-01,13:35:00,1,Collision with vehicle,5,Thursday,137,LEFT TURN SIDESWIPE,1,796516,2,0,0,1,1,2,1,5,Not at intersection,3,40,Local Road,PORT PHILLIP,-37.86599,145.00285,3183.0,True,Preston HS,13825.5
T20230028630,2023-04-12,16:50:00,1,Collision with vehicle,2,Monday,149,OTHER MANOEUVRING NOT INCLUDED IN DCAs 140-148,1,307994,2,0,1,0,1,2,1,2,T intersection,2,60,Arterial Other,MELBOURNE,-37.791912,144.962,3054.0,True,Preston HS,6847.6
T20210009512,2021-06-03,06:45:00,8,No collision and no object struck,7,Saturday,174,OUT OF CONTROL ON CARRIAGEWAY (ON STRAIGHT),2,682057,1,0,0,1,0,1,2,5,Not at intersection,3,60,Local Road,YARRA,-37.805534,144.9751,3065.0,True,Preston HS,7634.9
T20220005585,2022-12-03,12:25:00,2,Struck Pedestrian,6,Saturday,102,FAR SIDE. PED HIT BY VEHICLE FROM THE LEFT,1,707359,1,0,0,1,1,2,2,5,Not at intersection,3,40,Local Road,BRIMBANK,-37.742157,144.80214,3021.0,True,Preston HS,18022.3
T20230021416,2023-12-09,18:35:00,1,Collision with vehicle,3,Tuesday,121,RIGHT THROUGH,3,780652,2,1,0,0,1,2,1,2,T intersection,1,80,Arterial Highway,MAROONDAH,-37.803005,145.24747,3134.0,True,Reservoir HS,21161.4
T20230005705,2023-09-03,20:40:00,8,No collision and no object struck,5,Thursday,174,OUT OF CONTROL ON CARRIAGEWAY (ON STRAIGHT),3,23933,1,0,1,0,0,1,1,1,Cross intersection,2,60,Local Road,WYNDHAM,-37.88459,144.73285,3030.0,True,Preston HS,28859.2
T20240025600,2024-02-03,11:00:00,4,Collision with a fixed object,7,Saturday,179,OTHER ACCIDENTS-OFF STRAIGHT NOT INCLUDED IN DCAs 170-175,1,809499,1,0,1,0,0,1,2,5,Not at intersection,2,100,Local Road,BAW BAW,-38.027233,145.94044,3831.0,True,Reservoir HS,86850.9
T20240006175,2024-11-03,20:20:00,1,Collision with vehicle,2,Monday,148,VEHICLE OFF FOOTPATH STRIKES VEH ON CARRIAGEWAY,2,799472,2,1,0,0,1,2,1,5,Not at intersection,1,80,Arterial Other,KNOX,-37.895096,145.24997,3180.0,True,Reservoir HS,27280.6
T20230003432,2023-12-02,12:00:00,4,Collision with a fixed object,1,Sunday,181,OFF RIGHT BEND INTO OBJECT/PARKED VEHICLE,1,767133,1,0,1,0,0,1,1,5,Not at intersection,2,100,,STRATHBOGIE,-36.877403,145.08537,3662.0,True,William Ruthven SC,91375.0
T20240002834,2024-05-02,10:40:00,6,Vehicle overturned (no collision),1,Monday,170,OFF CARRIAGEWAY TO LEFT,1,8223,1,0,0,1,0,1,1,2,T intersection,3,50,,MORELAND,-37.707474,144.91838,3046.0,True,William Ruthven SC,7542.4
T20240028565,2024-09-11,13:33:00,2,Struck Pedestrian,6,Saturday,101,PED EMERGES FROM IN FRONT OF PARKED OR STATIONARY VEHICLE,1,810709,1,0,0,1,1,2,1,1,Cross intersection,3,40,,MARIBYRNONG,-37.772865,144.88695,3032.0,True,Preston HS,11116.6
T20220027864,2022-08-12,10:20:00,1,Collision with vehicle,5,Thursday,121,RIGHT THROUGH,1,335866,2,0,0,2,1,3,1,1,Cross intersection,3,70,Arterial Other,BRIMBANK,-37.760014,144.7768,3023.0,True,Preston HS,20350.0
T20240011573,2024-03-05,15:24:00,1,Collision with vehicle,6,Friday,143,ENTERING PARKING,1,805230,2,0,0,1,1,2,2,5,Not at intersection,3,60,Arterial Other,BOROONDARA,-37.833954,145.07915,3124.0,True,Preston HS,12054.8
T20230028648,2023-02-12,10:30:00,6,Vehicle overturned (no collision),7,Saturday,174,OUT OF CONTROL ON CARRIAGEWAY (ON STRAIGHT),1,804457,1,0,0,1,0,1,2,5,Not at intersection,3,999,Local Road,MITCHELL,-37.154556,145.21178,3659.0,True,William Ruthven SC,63023.0
T20220022776,2022-10-10,10:20:00,8,No collision and no object struck,2,Monday,174,OUT OF CONTROL ON CARRIAGEWAY (ON STRAIGHT),1,727839,1,0,0,1,1,2,1,5,Not at intersection,3,50,Local Road,CASEY,-37.99408,145.23714,3177.0,True,Preston HS,34573.2
T20220022351,2022-01-10,12:30:00,2,Struck Pedestrian,7,Saturday,100,PED NEAR SIDE. PED HIT BY VEHICLE FROM THE RIGHT.,1,770912,1,0,0,1,1,2,2,5,Not at intersection,3,40,Local Road,MELBOURNE,-37.785355,144.95416,3052.0,True,Preston HS,6724.6
T20230028673,2023-05-12,07:50:00,1,Collision with vehicle,3,Tuesday,139,OTHER SAME DIRECTION-MANOUEVRES NOT INCLUDED IN DCAs 130-137,1,254554,2,0,1,0,1,2,1,5,Not at intersection,2,60,Arterial Other,MORELAND,-37.70414,144.91565,3046.0,True,William Ruthven SC,7730.5
T20220022183,2022-02-10,16:14:00,8,No collision and no object struck,1,Sunday,179,OTHER ACCIDENTS-OFF STRAIGHT NOT INCLUDED IN DCAs 170-175,1,727223,1,0,1,0,0,1,1,5,Not at intersection,2,100,Local Road,GEELONG,-38.28692,144.39697,3227.0,True,Preston HS,80823.3
T20230020657,2023-04-09,08:24:00,1,Collision with vehicle,2,Monday,134,LANE CHANGE RIGHT (NOT OVERTAKING),1,780133,2,0,1,0,1,2,1,5,Not at intersection,2,60,Arterial Other,MELBOURNE,-37.80916,144.98265,3002.0,True,Preston HS,7802.9
T20220008112,2022-11-04,16:10:00,8,No collision and no object struck,2,Monday,179,OTHER ACCIDENTS-OFF STRAIGHT NOT INCLUDED IN DCAs 170-175,1,49185,1,0,0,1,0,1,1,2,T intersection,3,999,Local Road,LATROBE,-38.194637,146.52017,3844.0,True,Reservoir HS,140851.0
T20250010209,2025-12-04,15:48:00,4,Collision with a fixed object,7,Saturday,183,OFF LEFT BEND INTO OBJECT/PARKED VEHICLE,1,817392,1,0,0,1,0,1,2,5,Not at intersection,3,999,Local Road,WELLINGTON,-37.512283,147.27715,3862.0,True,Reservoir HS,199346.3
T20230020582,2023-03-09,06:09:00,1,Collision with vehicle,1,Sunday,113,RIGHT NEAR (INTERSECTIONS ONLY),2,38829,2,0,0,1,1,2,2,2,T intersection,3,999,Arterial Highway,MELBOURNE,-37.78809,144.92883,3031.0,True,Preston HS,8599.1
T20230023120,2023-03-10,21:27:00,2,Struck Pedestrian,2,Tuesday,100,PED NEAR SIDE. PED HIT BY VEHICLE FROM THE RIGHT.,3,782073,1,0,0,1,1,2,1,5,Not at intersection,3,40,Local Road,WODONGA,-36.124233,146.88809,3690.0,True,William Ruthven SC,242180.0
T20220003485,2022-02-02,16:30:00,5,collision with some other object,4,Wednesday,166,STRUCK OBJECT ON CARRIAGEWAY,1,704748,1,0,1,0,0,1,2,4,Multiple intersection,2,999,Local Road,WELLINGTON,-38.62518,146.56615,3971.0,True,Reservoir HS,167694.3
T20240003422,2024-11-02,15:38:00,2,Struck Pedestrian,0,Sunday,102,FAR SIDE. PED HIT BY VEHICLE FROM THE LEFT,1,797922,1,0,1,0,1,2,1,5,Not at intersection,2,60,Arterial Other,PORT PHILLIP,-37.86548,144.97314,3182.0,True,Preston HS,14083.4
T20250003425,2025-09-02,00:20:00,2,Struck Pedestrian,0,Sunday,103,PED PLAYING/LYING/WORKING/STANDING ON CARRIAGEWAY.,5,825253,2,0,2,0,3,5,1,5,Not at intersection,2,80,Arterial Other,BASS COAST,-38.675526,145.65292,3996.0,True,Preston HS,118177.3
T20250003959,2025-09-02,16:00:00,1,Collision with vehicle,1,Sunday,132,RIGHT REAR.,1,821074,2,0,1,0,1,2,2,2,T intersection,2,50,Local Road,BASS COAST,-38.450287,145.2405,3922.0,True,Preston HS,81395.4
T20230018046,2023-02-08,21:49:00,1,Collision with vehicle,4,Wednesday,135,LANE CHANGE LEFT (NOT OVERTAKING),3,44686,2,0,1,0,1,2,1,2,T intersection,2,60,Arterial Highway,BANYULE,-37.724472,145.08037,3085.0,True,Reservoir HS,4488.8
T20230005562,2023-07-03,11:50:00,1,Collision with vehicle,2,Tuesday,121,RIGHT THROUGH,1,652647,2,0,0,1,1,2,2,1,Cross intersection,3,60,Local Road,GLEN EIRA,-37.870735,145.00859,3183.0,True,Preston HS,14348.6
T20210020564,2021-10-10,13:29:00,6,Vehicle overturned (no collision),1,Sunday,174,OUT OF CONTROL ON CARRIAGEWAY (ON STRAIGHT),1,694932,1,0,1,0,0,1,1,5,Not at intersection,2,999,,SOUTHERN GRAMPIANS,-37.895664,141.95679,3300.0,True,Preston HS,268470.5
T20220003170,2022-12-02,12:30:00,2,Struck Pedestrian,7,Saturday,102,FAR SIDE. PED HIT BY VEHICLE FROM THE LEFT,1,705465,1,0,1,1,1,3,2,5,Not at intersection,2,60,,MELTON,-37.719475,144.57233,3338.0,True,William Ruthven SC,37971.1
T20220022440,2022-05-10,16:20:00,1,Collision with vehicle,4,Wednesday,121,RIGHT THROUGH,1,728412,2,0,1,0,1,2,1,2,T intersection,2,50,Local Road,WARRNAMBOOL,-38.37396,142.46036,3280.0,True,Preston HS,233787.5
T20230005841,2023-11-03,10:40:00,6,Vehicle overturned (no collision),7,Saturday,184,OUT OF CONTROL ON CARRIAGEWAY (ON BEND),1,760574,1,0,1,0,0,1,1,5,Not at intersection,2,80,Arterial Highway,SURF COAST,-38.38598,144.20772,3230.0,True,Preston HS,100149.0
T20220024949,2022-05-11,16:36:00,1,Collision with vehicle,7,Saturday,121,RIGHT THROUGH,1,41994,2,0,0,1,3,4,1,2,T intersection,3,60,Arterial Other,YARRA RANGES,-37.906548,145.34363,3160.0,True,Reservoir HS,34368.8
T20220003037,2022-11-02,23:38:00,2,Struck Pedestrian,5,Friday,102,FAR SIDE. PED HIT BY VEHICLE FROM THE LEFT,3,714170,1,0,1,0,1,2,1,5,Not at intersection,2,60,Arterial Highway,SHEPPARTON,-36.388824,145.39772,3630.0,True,William Ruthven SC,149571.7
T20230023942,2023-11-10,14:32:00,2,Struck Pedestrian,4,Wednesday,100,PED NEAR SIDE. PED HIT BY VEHICLE FROM THE RIGHT.,1,791037,1,0,0,1,1,2,2,5,Not at intersection,3,777,Arterial Other,MELBOURNE,-37.822372,144.95567,3008.0,True,Preston HS,10044.7
T20240002638,2024-02-02,17:46:00,2,Struck Pedestrian,6,Friday,100,PED NEAR SIDE. PED HIT BY VEHICLE FROM THE RIGHT.,1,40485,1,0,0,2,0,2,1,2,T intersection,3,60,Arterial Other,BOROONDARA,-37.842514,145.06946,3124.0,True,Preston HS,12477.6
T20240023608,2024-06-09,17:30:00,9,Other accident,6,Friday,179,OTHER ACCIDENTS-OFF STRAIGHT NOT INCLUDED IN DCAs 170-175,2,808889,1,0,0,1,0,1,2,5,Not at intersection,3,40,Local Road,CENTRAL GOLDFIELDS,-36.992706,143.70485,3465.0,True,William Ruthven SC,138900.2
T20220011773,2022-12-05,18:00:00,1,Collision with vehicle,5,Thursday,137,LEFT TURN SIDESWIPE,9,743917,2,0,0,1,1,2,2,1,Cross intersection,3,999,Local Road,MELBOURNE,-37.8104,144.98343,3002.0,True,Preston HS,7917.3
T20230015467,2023-02-07,12:00:00,3,Struck animal,1,Sunday,167,STRUCK ANIMAL,1,777243,1,0,0,1,0,1,2,5,Not at intersection,3,100,,WELLINGTON,-37.962147,146.62685,3825.0,True,Reservoir HS,142782.3
T20210021723,2021-09-10,08:00:00,8,No collision and no object struck,7,Saturday,174,OUT OF CONTROL ON CARRIAGEWAY (ON STRAIGHT),9,695787,1,0,0,1,0,1,2,5,Not at intersection,3,999,Local Road,FRANKSTON,-38.084885,145.17465,3201.0,True,Preston HS,40893.3
T20250015625,2025-11-06,17:45:00,1,Collision with vehicle,4,Wednesday,113,RIGHT NEAR (INTERSECTIONS ONLY),3,43955,2,0,1,0,1,2,2,2,T intersection,2,60,Arterial Other,DAREBIN,-37.73638,144.99948,3072.0,True,Preston HS,893.8
T20220017518,2022-05-08,16:02:00,1,Collision with vehicle,6,Friday,148,VEHICLE OFF FOOTPATH STRIKES VEH ON CARRIAGEWAY,1,38779,2,0,1,0,1,2,1,2,T intersection,2,60,Arterial Highway,MARIBYRNONG,-37.814667,144.89977,3013.0,True,Preston HS,12442.3
T20220008775,2022-10-04,10:40:00,1,Collision with vehicle,0,Sunday,160,VEHICLE COLLIDES WITH VEHICLE PARKED ON LEFT OF ROAD,1,710104,2,0,0,1,0,1,2,5,Not at intersection,3,50,Local Road,MARIBYRNONG,-37.80688,144.90256,3011.0,True,Preston HS,11702.7
T20210024797,2021-05-12,08:25:00,1,Collision with vehicle,1,Sunday,116,LEFT NEAR (INTERSECTIONS ONLY),1,61837,2,0,0,1,1,2,1,2,T intersection,3,60,Arterial Other,NILLUMBIK,-37.694008,145.14749,3095.0,True,Reservoir HS,10857.5
T20220023202,2022-09-10,11:10:00,6,Vehicle overturned (no collision),0,Sunday,180,OFF CARRIAGEWAY ON RIGHT BEND,1,783138,1,0,0,1,0,1,2,5,Not at intersection,3,888,Local Road,INDIGO,-36.197014,146.57895,3683.0,True,William Ruthven SC,217744.3
T20220002768,2022-08-02,19:53:00,1,Collision with vehicle,2,Tuesday,148,VEHICLE OFF FOOTPATH STRIKES VEH ON CARRIAGEWAY,3,808919,2,0,1,0,1,2,1,2,T intersection,2,50,Local Road,WHITTLESEA,-37.63954,145.0059,3076.0,True,William Ruthven SC,6343.3
T20220000332,2022-06-01,12:00:00,2,Struck Pedestrian,4,Thursday,100,PED NEAR SIDE. PED HIT BY VEHICLE FROM THE RIGHT.,1,65743,1,0,1,0,1,2,1,1,Cross intersection,2,40,Local Road,MELBOURNE,-37.810318,144.96136,3000.0,True,Preston HS,8624.2
T20220002434,2022-05-02,08:40:00,1,Collision with vehicle,7,Saturday,121,RIGHT THROUGH,1,704515,2,0,1,0,1,2,1,2,T intersection,2,60,Local Road,HUME,-37.56717,144.72484,3429.0,True,William Ruthven SC,28405.9
T20230007339,2023-05-03,15:00:00,1,Collision with vehicle,1,Sunday,116,LEFT NEAR (INTERSECTIONS ONLY),1,64035,2,0,0,1,1,2,2,2,T intersection,3,60,Arterial Other,MOONEE VALLEY,-37.770153,144.90192,3032.0,True,Preston HS,9773.0
T20250003320,2025-07-02,17:30:00,1,Collision with vehicle,6,Friday,120,HEAD ON (NOT OVERTAKING),1,824598,2,0,0,1,1,2,1,5,Not at intersection,3,50,Local Road,BALLARAT,-37.529987,143.82257,3355.0,True,William Ruthven SC,105610.5
T20230018632,2023-08-08,15:30:00,8,No collision and no object struck,2,Tuesday,174,OUT OF CONTROL ON CARRIAGEWAY (ON STRAIGHT),1,782491,1,0,1,0,0,1,2,1,Cross intersection,2,60,Local Road,GEELONG,-38.09794,144.32887,3215.0,True,Preston HS,71473.9
T20240003355,2024-10-02,14:02:00,1,Collision with vehicle,7,Saturday,120,HEAD ON (NOT OVERTAKING),1,127430,3,1,0,0,2,3,1,5,Not at intersection,1,70,Arterial Other,CARDINIA,-38.009663,145.5122,3810.0,True,Reservoir HS,53070.5
T20230016253,2023-12-07,18:50:00,2,Struck Pedestrian,4,Wednesday,102,FAR SIDE. PED HIT BY VEHICLE FROM THE LEFT,2,787337,1,0,1,0,1,2,2,5,Not at intersection,2,50,Local Road,BENDIGO,-36.74848,144.25888,3550.0,True,William Ruthven SC,124314.0
T20220022967,2022-12-10,11:45:00,1,Collision with vehicle,3,Wednesday,110,CROSS TRAFFIC(INTERSECTIONS ONLY),1,293051,2,0,1,0,1,2,1,1,Cross intersection,2,80,Arterial Highway,NILLUMBIK,-37.689198,145.11288,3088.0,True,Reservoir HS,8219.8