ACCIDENT_NO,ACCIDENT_DATE,ACCIDENT_TIME,ACCIDENT_TYPE,ACCIDENT_TYPE_DESC,DAY_OF_WEEK,DAY_WEEK_DESC,DCA_CODE,DCA_DESC,LIGHT_CONDITION,NODE_ID,NO_OF_VEHICLES,NO_PERSONS_KILLED,NO_PERSONS_INJ_2,NO_PERSONS_INJ_3,NO_PERSONS_NOT_INJ,NO_PERSONS,POLICE_ATTEND,ROAD_GEOMETRY,ROAD_GEOMETRY_DESC,SEVERITY,SPEED_ZONE,RMA,LGA_NAME,LATITUDE,LONGITUDE,POSTCODE_CRASH,PED_OR_CYC,nearest_school,dist_to_gate_m
T20240022696,2024-06-09,12:50:00,2,Struck Pedestrian,6,Friday,102,FAR SIDE. PED HIT BY VEHICLE FROM THE LEFT,1,29502,1,0,2,0,1,3,1,1,Cross intersection,2,60,Arterial Highway,BANYULE,-37.759384,145.06657,3084.0,True,Reservoir HS,5253.1
T20210004953,2021-06-02,19:35:00,8,No collision and no object struck,7,Saturday,174,OUT OF CONTROL ON CARRIAGEWAY (ON STRAIGHT),1,677296,1,0,0,1,1,2,2,5,Not at intersection,3,100,Arterial Highway,HORSHAM,-36.670193,142.24373,3401.0,True,William Ruthven SC,269754.7
T20240005536,2024-04-03,15:43:00,1,Collision with vehicle,1,Monday,121,RIGHT THROUGH,1,799196,2,0,1,0,1,2,1,2,T intersection,2,60,Local Road,WYNDHAM,-37.847687,144.70686,3029.0,True,Preston HS,28894.0
T20240006696,2024-05-03,07:30:00,8,No collision and no object struck,3,Tuesday,174,OUT OF CONTROL ON CARRIAGEWAY (ON STRAIGHT),2,806135,2,0,0,1,1,2,2,5,Not at intersection,3,40,Arterial Other,YARRA,-37.82356,145.01459,3121.0,True,Preston HS,9126.2
T20240025010,2024-10-09,15:15:00,2,Struck Pedestrian,3,Tuesday,100,PED NEAR SIDE. PED HIT BY VEHICLE FROM THE RIGHT.,1,776868,1,0,0,1,1,2,2,2,T intersection,3,999,Local Road,WHITTLESEA,-37.611595,145.00677,3750.0,True,William Ruthven SC,9451.3
T20220022737,2022-09-10,11:48:00,1,Collision with vehicle,1,Sunday,130,REAR END(VEHICLES IN SAME LANE),1,727651,2,1,0,0,1,2,1,5,Not at intersection,1,80,Arterial Other,MACEDON RANGES,-37.385498,144.52621,3442.0,True,William Ruthven SC,54436.2
T20220007756,2022-06-04,22:20:00,2,Struck Pedestrian,3,Wednesday,100,PED NEAR SIDE. PED HIT BY VEHICLE FROM THE RIGHT.,3,708968,1,0,1,0,1,2,1,5,Not at intersection,2,999,Local Road,MELTON,-37.775475,144.73744,3023.0,True,Preston HS,24001.6
T20220008684,2022-12-04,23:20:00,8,No collision and no object struck,3,Tuesday,180,OFF CARRIAGEWAY ON RIGHT BEND,3,709901,1,0,1,0,0,1,2,5,Not at intersection,2,70,Arterial Highway,GEELONG,-38.18115,144.35004,3216.0,True,Preston HS,75537.3
T20230013880,2023-10-06,13:45:00,7,Fall from or in moving vehicle,7,Saturday,184,OUT OF CONTROL ON CARRIAGEWAY (ON BEND),1,775959,1,0,0,1,0,1,2,2,T intersection,3,999,,STRATHBOGIE,-36.913136,145.83867,3666.0,True,William Ruthven SC,114241.7
T20230026360,2023-09-09,11:00:00,6,Vehicle overturned (no collision),7,Saturday,174,OUT OF CONTROL ON CARRIAGEWAY (ON STRAIGHT),1,805287,1,0,0,1,0,1,2,2,T intersection,3,100,Local Road,SURF COAST,-38.35852,144.04149,3241.0,True,Preston HS,108871.1
T20220027523,2022-04-12,18:05:00,1,Collision with vehicle,1,Sunday,132,RIGHT REAR.,1,740691,2,0,0,1,2,3,1,5,Not at intersection,3,40,Local Road,PORT PHILLIP,-37.85045,144.97765,3206.0,True,Preston HS,12366.2
T20230000390,2023-06-01,19:37:00,4,Collision with a fixed object,6,Friday,171,LEFT OFF CARRIAGEWAY INTO OBJECT/PARKED VEHICLE,2,769513,1,0,1,0,0,1,1,5,Not at intersection,2,60,Arterial Other,CORANGAMITE,-38.327915,143.0712,3266.0,True,Preston HS,181642.2
T20240025486,2024-09-10,08:36:00,1,Collision with vehicle,4,Wednesday,113,RIGHT NEAR (INTERSECTIONS ONLY),1,809891,2,0,1,0,1,2,1,1,Cross intersection,2,40,Local Road,BOROONDARA,-37.825546,145.07431,3126.0,True,Preston HS,11036.7
T20230018426,2023-02-08,18:00:00,2,Struck Pedestrian,4,Wednesday,104,PED WALKING WITH TRAFFIC,1,91516,1,0,1,0,1,2,2,5,Not at intersection,2,60,Arterial Other,STONNINGTON,-37.85202,145.0329,3144.0,True,Preston HS,12474.7
T20220017845,2022-09-08,15:35:00,2,Struck Pedestrian,2,Tuesday,100,PED NEAR SIDE. PED HIT BY VEHICLE FROM THE RIGHT.,1,774839,1,0,0,1,1,2,1,5,Not at intersection,3,999,Local Road,MARIBYRNONG,-37.800575,144.90053,3011.0,True,Preston HS,11428.0
T20240030871,2024-02-12,05:30:00,1,Collision with vehicle,2,Monday,147,VEHICLE STRIKES ANOTHER VEH WHILE EMERGING FROM DRIVEWAY,2,811821,2,0,0,1,1,2,1,5,Not at intersection,3,60,Arterial Other,MARIBYRNONG,-37.813335,144.88336,3013.0,True,Preston HS,13480.3
T20220002576,2022-06-02,13:15:00,1,Collision with vehicle,1,Sunday,130,REAR END(VEHICLES IN SAME LANE),1,704392,3,0,1,0,2,3,1,5,Not at intersection,2,80,Freeway,MOONEE VALLEY,-37.743607,144.93379,3041.0,True,Preston HS,6449.6
T20250021373,2025-11-08,15:40:00,1,Collision with vehicle,1,Monday,116,LEFT NEAR (INTERSECTIONS ONLY),1,821164,2,0,0,1,1,2,1,1,Cross intersection,3,70,Local Road,CASEY,-38.074482,145.33524,3805.0,True,Preston HS,46883.3
T20230015460,2023-04-07,08:55:00,8,No collision and no object struck,3,Tuesday,174,OUT OF CONTROL ON CARRIAGEWAY (ON STRAIGHT),9,62793,1,0,0,1,0,1,2,2,T intersection,3,60,Arterial Other,MORELAND,-37.732388,144.96466,3058.0,True,Preston HS,3873.0
T20240008734,2024-01-04,17:00:00,2,Struck Pedestrian,2,Monday,100,PED NEAR SIDE. PED HIT BY VEHICLE FROM THE RIGHT.,1,801983,1,0,0,1,1,2,2,5,Not at intersection,3,40,Local Road,MELBOURNE,-37.811916,144.96352,3000.0,True,Preston HS,8696.6
T20240030847,2024-08-11,10:45:00,2,Struck Pedestrian,6,Friday,100,PED NEAR SIDE. PED HIT BY VEHICLE FROM THE RIGHT.,1,812014,1,0,0,1,1,2,2,5,Not at intersection,3,60,Arterial Highway,SOUTH GIPPSLAND,-38.476795,145.94537,3953.0,True,Preston HS,115844.2
T20230003359,2023-09-02,08:20:00,1,Collision with vehicle,5,Thursday,135,LANE CHANGE LEFT (NOT OVERTAKING),1,755294,2,0,0,1,1,2,1,5,Not at intersection,3,60,Arterial Highway,DAREBIN,-37.74683,145.0176,3072.0,True,Preston HS,1085.2
T20210025245,2021-08-12,21:30:00,6,Vehicle overturned (no collision),4,Wednesday,174,OUT OF CONTROL ON CARRIAGEWAY (ON STRAIGHT),6,724237,2,0,1,0,1,2,2,5,Not at intersection,2,60,Arterial Other,DAREBIN,-37.71706,145.00633,3073.0,True,Reservoir HS,2114.3
T20240028561,2024-09-11,13:18:00,2,Struck Pedestrian,7,Saturday,100,PED NEAR SIDE. PED HIT BY VEHICLE FROM THE RIGHT.,1,810708,1,0,0,1,1,2,1,5,Not at intersection,3,777,,BRIMBANK,-37.744736,144.802,3021.0,True,Preston HS,18037.3
T20250003022,2025-01-02,10:15:00,8,No collision and no object struck,7,Saturday,174,OUT OF CONTROL ON CARRIAGEWAY (ON STRAIGHT),1,814921,1,0,1,0,0,1,2,5,Not at intersection,2,999,Local Road,TOWONG,-36.496323,147.89178,3707.0,True,Reservoir HS,288101.7
T20220000651,2022-12-01,08:55:00,2,Struck Pedestrian,4,Wednesday,149,OTHER MANOEUVRING NOT INCLUDED IN DCAs 140-148,1,781783,1,0,0,1,1,2,1,2,T intersection,3,50,Local Road,GEELONG,-38.184174,144.47081,3224.0,True,Preston HS,68052.2
T20230012102,2023-11-02,16:30:00,1,Collision with vehicle,6,Saturday,139,OTHER SAME DIRECTION-MANOUEVRES NOT INCLUDED IN DCAs 130-137,9,49839,2,0,0,1,1,2,2,1,Cross intersection,3,40,Arterial Other,GEELONG,-38.13066,144.3383,3218.0,True,Preston HS,72874.7
T20240020174,2024-09-08,07:00:00,1,Collision with vehicle,6,Friday,110,CROSS TRAFFIC(INTERSECTIONS ONLY),1,41180,2,0,1,0,2,3,1,1,Cross intersection,2,50,Local Road,BAYSIDE,-37.89684,144.99948,3186.0,True,Preston HS,17263.8
T20240005705,2024-03-03,15:30:00,6,Vehicle overturned (no collision),0,Sunday,180,OFF CARRIAGEWAY ON RIGHT BEND,1,804201,1,0,0,1,0,1,2,5,Not at intersection,3,100,Local Road,MOORABOOL,-37.62739,144.03934,3352.0,True,William Ruthven SC,85172.8
T20250002733,2025-01-02,23:32:00,1,Collision with vehicle,6,Saturday,152,PULLING OUT (OVERTAKING),5,825273,2,0,1,0,1,2,1,5,Not at intersection,2,70,Arterial Other,YARRA RANGES,-37.84226,145.3588,3788.0,True,Reservoir HS,31869.1
T20240027953,2024-03-11,16:10:00,4,Collision with a fixed object,1,Sunday,183,OFF LEFT BEND INTO OBJECT/PARKED VEHICLE,1,811823,1,0,2,1,0,3,1,5,Not at intersection,2,100,Local Road,MOORABOOL,-37.603,144.44891,3340.0,True,William Ruthven SC,49877.5
T20240010590,2024-05-04,16:30:00,8,No collision and no object struck,6,Friday,184,OUT OF CONTROL ON CARRIAGEWAY (ON BEND),1,802224,1,0,0,1,0,1,2,5,Not at intersection,3,40,Local Road,CARDINIA,-38.02239,145.43314,3810.0,True,Reservoir HS,48668.0
T20220015063,2022-05-07,16:22:00,1,Collision with vehicle,3,Tuesday,130,REAR END(VEHICLES IN SAME LANE),1,722644,2,0,1,0,1,2,1,5,Not at intersection,2,100,Arterial Highway,GOLDEN PLAINS,-38.10741,144.14583,3218.0,True,Preston HS,85793.5
T20240017576,2024-12-07,07:10:00,1,Collision with vehicle,6,Friday,110,CROSS TRAFFIC(INTERSECTIONS ONLY),3,42194,2,0,0,1,1,2,1,1,Cross intersection,3,40,Local Road,MORELAND,-37.720917,144.94759,3044.0,True,William Ruthven SC,5576.6
T20240005592,2024-05-03,07:59:00,1,Collision with vehicle,3,Tuesday,121,RIGHT THROUGH,1,40602,2,0,1,0,1,2,1,2,T intersection,2,60,Arterial Other,BOROONDARA,-37.835674,145.09554,3127.0,True,Preston HS,13022.6
T20230003085,2023-08-02,05:35:00,1,Collision with vehicle,3,Wednesday,130,REAR END(VEHICLES IN SAME LANE),3,42421,2,0,0,1,1,2,1,2,T intersection,3,60,Arterial Other,KINGSTON,-37.929913,145.13004,3169.0,True,Preston HS,23549.0
T20220002494,2022-05-02,16:00:00,2,Struck Pedestrian,7,Saturday,107,PED ON FOOTHPATH STRUCK BY VEHENTERING/LEAVING DRIVEWAY.,1,720031,1,0,0,1,1,2,1,5,Not at intersection,3,777,Arterial Other,MONASH,-37.88807,145.15675,3150.0,True,Preston HS,20921.4
T20240025207,2024-06-10,10:55:00,1,Collision with vehicle,0,Sunday,120,HEAD ON (NOT OVERTAKING),1,809925,2,0,1,0,3,4,1,5,Not at intersection,2,100,Arterial Other,TOWONG,-36.12705,147.32306,3701.0,True,William Ruthven SC,270176.5
T20230005139,2023-03-03,16:50:00,2,Struck Pedestrian,6,Friday,107,PED ON FOOTHPATH STRUCK BY VEHENTERING/LEAVING DRIVEWAY.,1,758692,1,0,0,2,1,3,1,5,Not at intersection,3,888,Local Road,GEELONG,-38.183937,144.475,3224.0,True,Preston HS,67779.8
T20210015495,2021-11-07,17:15:00,8,No collision and no object struck,0,Sunday,184,OUT OF CONTROL ON CARRIAGEWAY (ON BEND),1,687893,1,0,0,1,0,1,2,5,Not at intersection,3,100,Local Road,MOORABOOL,-37.51948,144.32104,3341.0,True,William Ruthven SC,63216.2
T20240006139,2024-11-03,12:30:00,2,Struck Pedestrian,1,Monday,103,PED PLAYING/LYING/WORKING/STANDING ON CARRIAGEWAY.,1,800068,1,0,0,1,1,2,1,5,Not at intersection,3,60,Arterial Other,YARRA,-37.79815,144.9767,3065.0,True,Preston HS,6822.0
T20230018617,2023-09-08,16:00:00,1,Collision with vehicle,3,Wednesday,163,VEHICLE STRIKES DOOR OF PARKED/STATIONARY VEHICLE,1,789444,2,0,0,1,1,2,2,5,Not at intersection,3,50,,GLEN EIRA,-37.915817,145.05704,3165.0,True,Preston HS,19851.5
T20240003159,2024-07-02,20:25:00,1,Collision with vehicle,4,Wednesday,130,REAR END(VEHICLES IN SAME LANE),2,799876,2,0,0,1,1,2,2,2,T intersection,3,70,Arterial Other,BAYSIDE,-37.92891,145.00015,3186.0,True,Preston HS,20825.7
T20240011029,2024-01-05,21:06:00,1,Collision with vehicle,3,Wednesday,142,LEAVING PARKING,3,803054,2,0,0,1,1,2,1,5,Not at intersection,3,40,Local Road,MELBOURNE,-37.813206,144.96268,3000.0,True,Preston HS,8857.8
T20230005394,2023-06-03,18:10:00,1,Collision with vehicle,2,Monday,130,REAR END(VEHICLES IN SAME LANE),1,777353,2,0,0,1,1,2,1,1,Cross intersection,3,80,Local Road,CASEY,-38.001568,145.23483,3177.0,True,Preston HS,35136.1
T20220012952,2022-03-06,16:30:00,2,Struck Pedestrian,6,Friday,106,VEH STRIKES PED ON FOOTPATH/MEDIAN/TRAFFIC ISLAND.,2,724875,1,0,0,1,1,2,1,5,Not at intersection,3,50,Local Road,MORNINGTON PENINSULA,-38.310467,145.19354,3915.0,True,Preston HS,65318.3
T20230013700,2023-11-06,10:30:00,8,No collision and no object struck,0,Sunday,179,OTHER ACCIDENTS-OFF STRAIGHT NOT INCLUDED IN DCAs 170-175,1,775873,1,0,0,1,0,1,2,5,Not at intersection,3,999,,MITCHELL,-37.375656,145.07811,3658.0,True,William Ruthven SC,36290.3
T20240014507,2024-06-06,20:06:00,4,Collision with a fixed object,5,Thursday,179,OTHER ACCIDENTS-OFF STRAIGHT NOT INCLUDED IN DCAs 170-175,4,804871,1,0,0,1,0,1,1,2,T intersection,3,50,Local Road,MAROONDAH,-37.811756,145.22424,3134.0,True,Reservoir HS,19800.0
T20240020138,2024-08-08,21:32:00,1,Collision with vehicle,5,Thursday,120,HEAD ON (NOT OVERTAKING),3,808557,2,0,1,0,1,2,1,5,Not at intersection,2,60,Arterial Highway,BOROONDARA,-37.849537,145.08794,3124.0,True,Preston HS,13936.9
T20230000863,2023-11-01,22:38:00,1,Collision with vehicle,3,Wednesday,147,VEHICLE STRIKES ANOTHER VEH WHILE EMERGING FROM DRIVEWAY,3,784362,2,0,0,1,1,2,2,5,Not at intersection,3,999,Arterial Other,YARRA,-37.808777,144.98308,3066.0,True,Preston HS,7751.6
T20220019907,2022-03-09,09:24:00,6,Vehicle overturned (no collision),7,Saturday,174,OUT OF CONTROL ON CARRIAGEWAY (ON STRAIGHT),1,724938,1,0,1,0,0,1,1,5,Not at intersection,2,60,Arterial Other,BOROONDARA,-37.830242,145.04703,3123.0,True,Preston HS,10452.0
T20210003326,2021-09-02,11:00:00,1,Collision with vehicle,3,Tuesday,110,CROSS TRAFFIC(INTERSECTIONS ONLY),1,678879,2,0,1,0,1,2,2,1,Cross intersection,2,40,Local Road,BANYULE,-37.71052,145.08916,3087.0,True,Reservoir HS,5420.0
T20220003468,2022-01-01,06:55:00,1,Collision with vehicle,6,Saturday,175,OFF END OF ROAD/T-INTERSECTION.,2,706058,2,0,0,1,0,1,2,2,T intersection,3,50,Local Road,WYNDHAM,-37.90705,144.63106,3030.0,True,Preston HS,37801.1
T20250003803,2025-12-02,10:45:00,2,Struck Pedestrian,4,Wednesday,104,PED WALKING WITH TRAFFIC,1,815814,1,0,0,1,1,2,2,5,Not at intersection,3,40,,GEELONG,-38.011917,144.37538,3212.0,True,Preston HS,63063.7
T20220010093,2022-05-05,12:20:00,1,Collision with vehicle,4,Thursday,120,HEAD ON (NOT OVERTAKING),1,774548,4,0,1,0,3,4,1,5,Not at intersection,2,80,Local Road,WYNDHAM,-37.951836,144.68805,3030.0,True,Preston HS,36479.8
T20220013276,2022-12-06,16:00:00,1,Collision with vehicle,1,Sunday,112,LEFT FAR (INTERSECTIONS ONLY),1,250611,2,0,0,1,1,2,1,2,T intersection,3,50,Local Road,MOONEE VALLEY,-37.77509,144.90805,3032.0,True,Preston HS,9466.1
T20230026098,2023-07-11,19:17:00,1,Collision with vehicle,3,Tuesday,135,LANE CHANGE LEFT (NOT OVERTAKING),2,803821,2,0,1,0,1,2,1,5,Not at intersection,2,80,Arterial Highway,DANDENONG,-38.020367,145.13834,3173.0,True,Preston HS,33057.9
T20220006323,2022-11-03,11:20:00,6,Vehicle overturned (no collision),5,Friday,174,OUT OF CONTROL ON CARRIAGEWAY (ON STRAIGHT),1,708445,1,0,0,1,0,1,2,5,Not at intersection,3,100,,TOWONG,-36.167313,147.45741,3704.0,True,Reservoir HS,276493.5
T20240017647,2024-12-07,18:01:00,2,Struck Pedestrian,6,Friday,100,PED NEAR SIDE. PED HIT BY VEHICLE FROM THE RIGHT.,3,331143,1,0,0,1,1,2,1,1,Cross intersection,3,60,Local Road,HUME,-37.601192,144.90976,3064.0,True,William Ruthven SC,13408.2
T20220015471,2022-08-07,18:00:00,8,No collision and no object struck,5,Friday,151,OUT OF CONTROL (OVERTAKING),6,718626,1,0,0,1,0,1,2,5,Not at intersection,3,110,Freeway,MITCHELL,-37.452614,144.97711,3753.0,True,William Ruthven SC,27219.1
T20230025565,2023-01-11,14:30:00,2,Struck Pedestrian,4,Wednesday,107,PED ON FOOTHPATH STRUCK BY VEHENTERING/LEAVING DRIVEWAY.,1,798214,1,0,0,1,1,2,2,5,Not at intersection,3,777,Arterial Other,BRIMBANK,-37.76098,144.81725,3021.0,True,Preston HS,16828.5
T20220013135,2022-10-06,16:00:00,1,Collision with vehicle,6,Friday,140,U TURN,2,714739,2,0,0,1,1,2,1,5,Not at intersection,3,40,Arterial Other,YARRA,-37.77755,144.9888,3068.0,True,Preston HS,4298.7
T20220007835,2022-07-04,12:20:00,2,Struck Pedestrian,5,Thursday,102,FAR SIDE. PED HIT BY VEHICLE FROM THE LEFT,1,715160,1,1,0,0,1,2,1,1,Cross intersection,1,60,Arterial Other,MORELAND,-37.727512,144.96368,3058.0,True,Preston HS,4131.4
T20210017417,2021-12-08,17:20:00,1,Collision with vehicle,5,Thursday,121,RIGHT THROUGH,2,38311,2,0,0,1,1,2,1,1,Cross intersection,3,60,Local Road,MANNINGHAM,-37.76799,145.11852,3107.0,True,Reservoir HS,9332.8
T20210000937,2021-10-01,10:55:00,1,Collision with vehicle,1,Sunday,130,REAR END(VEHICLES IN SAME LANE),1,675714,2,0,1,0,1,2,2,5,Not at intersection,2,60,Arterial Other,CASEY,-38.01705,145.30856,3805.0,True,Preston HS,40465.6
T20210015115,2021-09-07,15:20:00,1,Collision with vehicle,6,Friday,131,LEFT REAR,1,37491,2,0,1,0,1,2,1,1,Cross intersection,2,60,Arterial Other,PORT PHILLIP,-37.832214,144.95459,3205.0,True,Preston HS,11072.1
T20230002857,2023-05-02,14:16:00,8,No collision and no object struck,1,Sunday,172,OFF CARRIAGEWAY TO RIGHT,1,752971,1,0,0,1,0,1,1,2,T intersection,3,50,Local Road,MONASH,-37.879585,145.1203,3149.0,True,Preston HS,18274.7
T20220002187,2022-02-02,08:04:00,1,Collision with vehicle,3,Wednesday,110,CROSS TRAFFIC(INTERSECTIONS ONLY),1,630308,2,0,0,1,1,2,1,1,Cross intersection,3,70,Arterial Other,MAROONDAH,-37.825294,145.25163,3135.0,True,Reservoir HS,22636.6
T20210010353,2021-08-05,11:30:00,1,Collision with vehicle,7,Saturday,120,HEAD ON (NOT OVERTAKING),1,683113,2,0,1,0,1,2,1,5,Not at intersection,2,999,Local Road,MURRINDINDI,-37.409878,145.52632,3717.0,True,Reservoir HS,55909.4
T20250014992,2025-04-06,14:03:00,2,Struck Pedestrian,3,Wednesday,106,VEH STRIKES PED ON FOOTPATH/MEDIAN/TRAFFIC ISLAND.,1,43715,1,0,0,2,0,2,2,2,T intersection,3,60,Local Road,MELTON,-37.69429,144.56635,3338.0,True,William Ruthven SC,38418.8
T20220015122,2022-06-07,11:07:00,6,Vehicle overturned (no collision),3,Wednesday,179,OTHER ACCIDENTS-OFF STRAIGHT NOT INCLUDED IN DCAs 170-175,1,44230,1,0,0,1,0,1,1,1,Cross intersection,3,60,Arterial Other,WHITTLESEA,-37.623024,145.0288,3076.0,True,William Ruthven SC,8484.5
T20230005151,2023-03-03,13:45:00,1,Collision with vehicle,6,Friday,160,VEHICLE COLLIDES WITH VEHICLE PARKED ON LEFT OF ROAD,1,758642,2,0,1,0,0,1,2,5,Not at intersection,2,60,Local Road,BENDIGO,-36.776012,144.27429,3550.0,True,William Ruthven SC,120989.4
T20210025101,2021-05-12,10:00:00,2,Struck Pedestrian,1,Sunday,108,PED STRUCK WALKING TO/FROM OR BOARDING/ALIGHTING VEHICLE.,1,702939,2,0,0,1,1,2,2,5,Not at intersection,3,50,Local Road,STONNINGTON,-37.85784,145.03532,3144.0,True,Preston HS,13150.0
T20250008963,2025-03-04,06:30:00,1,Collision with vehicle,5,Thursday,116,LEFT NEAR (INTERSECTIONS ONLY),3,50277,2,0,1,0,1,2,1,1,Cross intersection,2,60,Arterial Other,GEELONG,-38.25756,144.53558,3226.0,True,Preston HS,70691.4
T20250006067,2025-06-03,09:50:00,2,Struck Pedestrian,5,Thursday,100,PED NEAR SIDE. PED HIT BY VEHICLE FROM THE RIGHT.,1,37733,1,0,1,0,1,2,1,1,Cross intersection,2,40,Arterial Other,STONNINGTON,-37.84738,144.99792,3181.0,True,Preston HS,11778.7
T20250003834,2025-12-02,19:00:00,8,No collision and no object struck,4,Wednesday,182,OFF CARRIAGEWAY ON LEFT BEND,1,820100,1,0,1,0,0,1,1,5,Not at intersection,2,80,Freeway,MOONEE VALLEY,-37.715733,144.8921,3042.0,True,William Ruthven SC,9986.0
T20230015831,2023-08-07,11:30:00,1,Collision with vehicle,6,Saturday,120,HEAD ON (NOT OVERTAKING),1,782831,2,0,1,0,1,2,1,5,Not at intersection,2,60,Local Road,WELLINGTON,-37.80546,147.10709,3860.0,True,Reservoir HS,182867.1
T20230005097,2023-07-02,07:40:00,1,Collision with vehicle,3,Tuesday,110,CROSS TRAFFIC(INTERSECTIONS ONLY),1,37729,2,0,0,1,1,2,2,1,Cross intersection,3,40,Arterial Other,STONNINGTON,-37.839798,144.99811,3141.0,True,Preston HS,10936.6
T20230005491,2023-07-03,15:10:00,1,Collision with vehicle,2,Tuesday,121,RIGHT THROUGH,1,40317,2,0,0,1,1,2,1,2,T intersection,3,60,Arterial Other,STONNINGTON,-37.844307,145.03557,3144.0,True,Preston HS,11680.4
T20250017643,2025-01-06,11:30:00,6,Vehicle overturned (no collision),0,Sunday,151,OUT OF CONTROL (OVERTAKING),1,825367,1,0,1,0,0,1,2,5,Not at intersection,2,60,Local Road,MOORABOOL,-37.73101,144.03795,3334.0,True,William Ruthven SC,84974.6
T20240003413,2024-11-02,15:02:00,4,Collision with a fixed object,0,Sunday,181,OFF RIGHT BEND INTO OBJECT/PARKED VEHICLE,1,797973,1,0,1,0,0,1,1,5,Not at intersection,2,100,Local Road,YARRA RANGES,-37.826927,145.5334,3139.0,True,Reservoir HS,45796.6
T20240016761,2024-02-07,18:24:00,1,Collision with vehicle,3,Tuesday,130,REAR END(VEHICLES IN SAME LANE),5,805948,3,0,1,0,2,3,1,5,Not at intersection,2,100,Freeway,HUME,-37.550873,144.94356,3064.0,True,William Ruthven SC,17022.1
T20210022416,2021-06-11,13:00:00,2,Struck Pedestrian,7,Saturday,102,FAR SIDE. PED HIT BY VEHICLE FROM THE LEFT,1,10986,1,0,1,0,3,4,1,1,Cross intersection,2,80,Arterial Other,CASEY,-38.02077,145.30801,3805.0,True,Preston HS,40747.7
T20230024199,2023-07-10,11:30:00,6,Vehicle overturned (no collision),7,Saturday,174,OUT OF CONTROL ON CARRIAGEWAY (ON STRAIGHT),1,784467,2,0,0,1,1,2,2,2,T intersection,3,50,Local Road,MORELAND,-37.72002,144.93913,3044.0,True,William Ruthven SC,6194.8
T20250000953,2025-12-01,16:02:00,1,Collision with vehicle,1,Sunday,130,REAR END(VEHICLES IN SAME LANE),1,32247,5,0,1,1,3,5,1,2,T intersection,2,80,Arterial Highway,WHITEHORSE,-37.85751,145.19017,3133.0,True,Preston HS,20604.6
T20250012037,2025-06-05,12:00:00,1,Collision with vehicle,3,Tuesday,148,VEHICLE OFF FOOTPATH STRIKES VEH ON CARRIAGEWAY,1,66285,2,0,1,0,1,2,1,1,Cross intersection,2,50,Arterial Other,MELBOURNE,-37.823765,144.94049,3008.0,True,Preston HS,10841.4
T20240022945,2024-07-09,11:30:00,8,No collision and no object struck,7,Saturday,184,OUT OF CONTROL ON CARRIAGEWAY (ON BEND),1,808659,1,0,0,1,0,1,2,5,Not at intersection,3,888,Local Road,MURRINDINDI,-37.279037,145.56487,3717.0,True,William Ruthven SC,67918.3
T20240019538,2024-02-08,14:52:00,2,Struck Pedestrian,6,Friday,102,FAR SIDE. PED HIT BY VEHICLE FROM THE LEFT,1,807024,1,0,0,1,1,2,1,5,Not at intersection,3,60,Arterial Highway,KNOX,-37.893284,145.30751,3156.0,True,Reservoir HS,30951.6
T20240020073,2024-07-08,16:55:00,2,Struck Pedestrian,4,Wednesday,100,PED NEAR SIDE. PED HIT BY VEHICLE FROM THE RIGHT.,1,47518,1,0,0,1,1,2,2,1,Cross intersection,3,40,Local Road,PORT PHILLIP,-37.863335,144.99127,3182.0,True,Preston HS,13596.5
T20230016166,2023-12-07,06:13:00,6,Vehicle overturned (no collision),4,Wednesday,174,OUT OF CONTROL ON CARRIAGEWAY (ON STRAIGHT),3,777118,1,0,1,0,0,1,1,5,Not at intersection,2,60,Arterial Other,BOROONDARA,-37.835327,145.03304,3122.0,True,Preston HS,10657.5
T20250006015,2025-05-03,17:51:00,2,Struck Pedestrian,3,Wednesday,102,FAR SIDE. PED HIT BY VEHICLE FROM THE LEFT,1,36867,1,0,0,1,1,2,1,1,Cross intersection,3,40,Local Road,MELBOURNE,-37.817642,144.9591,3000.0,True,Preston HS,9439.4
T20240020841,2024-10-08,13:00:00,6,Vehicle overturned (no collision),6,Saturday,189,OTHER ACCIDENTS ON CURVE NOT INCLUDED IN DCAs 180-184,1,807518,1,0,0,1,0,1,2,5,Not at intersection,3,999,Local Road,SOUTH GIPPSLAND,-38.456394,145.8659,3950.0,True,Preston HS,109373.7
T20240020449,2024-12-08,11:52:00,1,Collision with vehicle,1,Monday,140,U TURN,1,825560,2,0,0,1,1,2,1,5,Not at intersection,3,40,Arterial Other,YARRA,-37.82521,144.9937,3121.0,True,Preston HS,9360.3
T20240031909,2024-09-12,17:10:00,1,Collision with vehicle,2,Monday,147,VEHICLE STRIKES ANOTHER VEH WHILE EMERGING FROM DRIVEWAY,1,814698,2,0,0,1,1,2,2,5,Not at intersection,3,888,Local Road,HUME,-37.663353,144.95808,3061.0,True,William Ruthven SC,5407.2
T20240014724,2024-09-06,10:55:00,1,Collision with vehicle,0,Sunday,140,U TURN,1,805326,2,0,0,1,1,2,1,5,Not at intersection,3,100,Arterial Other,WARRNAMBOOL,-38.313686,142.4637,3283.0,True,Preston HS,231667.7