ACCIDENT_NO,ACCIDENT_DATE,ACCIDENT_TIME,ACCIDENT_TYPE,ACCIDENT_TYPE_DESC,DAY_OF_WEEK,DAY_WEEK_DESC,DCA_CODE,DCA_DESC,LIGHT_CONDITION,NODE_ID,NO_OF_VEHICLES,NO_PERSONS_KILLED,NO_PERSONS_INJ_2,NO_PERSONS_INJ_3,NO_PERSONS_NOT_INJ,NO_PERSONS,POLICE_ATTEND,ROAD_GEOMETRY,ROAD_GEOMETRY_DESC,SEVERITY,SPEED_ZONE,RMA,LGA_NAME,LATITUDE,LONGITUDE,POSTCODE_CRASH,PED_OR_CYC,nearest_school,dist_to_gate_m
T20220011531,2022-02-05,20:30:00,2,Struck Pedestrian,1,Monday,109,ANY MANOEUVRE INVOLVING PED NOT INCLUDED IN DCAs 100-108.,5,713447,1,0,0,1,1,2,1,5,Not at intersection,3,40,Local Road,PORT PHILLIP,-37.82909,144.96106,3205.0,True,Preston HS,10526.0
T20250000249,2025-04-01,07:20:00,3,Struck animal,6,Saturday,167,STRUCK ANIMAL,1,813248,1,0,0,1,0,1,1,5,Not at intersection,3,80,Local Road,NILLUMBIK,-37.60965,145.17513,3099.0,True,Reservoir HS,17936.5
T20240020224,2024-04-08,10:30:00,6,Vehicle overturned (no collision),0,Sunday,174,OUT OF CONTROL ON CARRIAGEWAY (ON STRAIGHT),1,807787,1,0,0,1,0,1,2,5,Not at intersection,3,999,Local Road,MITCHELL,-37.327225,145.11382,3658.0,True,William Ruthven SC,42213.4
T20220027398,2022-03-12,10:40:00,1,Collision with vehicle,7,Saturday,137,LEFT TURN SIDESWIPE,1,29446,2,0,0,1,1,2,1,1,Cross intersection,3,40,Arterial Other,YARRA,-37.819187,145.0052,3121.0,True,Preston HS,8617.8
T20210010207,2021-06-05,18:58:00,1,Collision with vehicle,5,Thursday,148,VEHICLE OFF FOOTPATH STRIKES VEH ON CARRIAGEWAY,3,682569,2,1,0,2,0,3,1,2,T intersection,1,40,Local Road,MONASH,-37.894733,145.09052,3166.0,True,Preston HS,18527.1
T20220020261,2022-07-09,18:00:00,1,Collision with vehicle,3,Wednesday,121,RIGHT THROUGH,2,36414,2,0,1,0,1,2,1,1,Cross intersection,2,60,Arterial Other,MELBOURNE,-37.816093,144.98262,3002.0,True,Preston HS,8547.3
T20230025766,2023-04-11,01:20:00,2,Struck Pedestrian,6,Saturday,102,FAR SIDE. PED HIT BY VEHICLE FROM THE LEFT,3,775213,1,0,0,1,1,2,1,2,T intersection,3,40,Arterial Other,YARRA,-37.825844,144.99936,3121.0,True,Preston HS,9381.1
T20250018485,2025-11-07,16:30:00,1,Collision with vehicle,6,Friday,116,LEFT NEAR (INTERSECTIONS ONLY),1,821661,2,0,0,1,1,2,1,1,Cross intersection,3,60,Arterial Other,MELBOURNE,-37.796658,144.951,3051.0,True,Preston HS,7852.4
T20250020939,2025-08-08,07:56:00,1,Collision with vehicle,6,Friday,121,RIGHT THROUGH,1,36585,2,0,1,0,1,2,1,2,T intersection,2,30,Local Road,YARRA,-37.79687,144.98463,3066.0,True,Preston HS,6444.7
T20210017284,2021-10-08,14:40:00,2,Struck Pedestrian,3,Tuesday,100,PED NEAR SIDE. PED HIT BY VEHICLE FROM THE RIGHT.,1,690447,1,0,1,1,0,2,1,5,Not at intersection,2,777,Local Road,(FALLS CREEK),-36.86283,147.27853,3699.0,True,Reservoir HS,220719.4
T20240028566,2024-09-11,09:25:00,4,Collision with a fixed object,7,Saturday,171,LEFT OFF CARRIAGEWAY INTO OBJECT/PARKED VEHICLE,1,811805,1,1,1,0,0,2,1,5,Not at intersection,1,60,Arterial Other,WHITTLESEA,-37.654804,145.03117,3076.0,True,William Ruthven SC,5262.0
T20230000473,2023-08-01,07:09:00,1,Collision with vehicle,1,Sunday,148,VEHICLE OFF FOOTPATH STRIKES VEH ON CARRIAGEWAY,1,35262,2,0,1,0,1,2,1,1,Cross intersection,2,70,Arterial Highway,GEELONG,-38.15461,144.35143,3220.0,True,Preston HS,73575.5
T20220023062,2022-04-10,18:20:00,8,No collision and no object struck,2,Tuesday,180,OFF CARRIAGEWAY ON RIGHT BEND,2,808284,1,0,1,0,0,1,2,5,Not at intersection,2,60,Local Road,MORNINGTON PENINSULA,-38.288403,145.20642,3915.0,True,Preston HS,63248.6
T20240020162,2024-09-08,09:27:00,2,Struck Pedestrian,6,Friday,102,FAR SIDE. PED HIT BY VEHICLE FROM THE LEFT,1,40034,1,0,1,0,1,2,1,1,Cross intersection,2,60,Arterial Other,PORT PHILLIP,-37.832794,144.9243,3207.0,True,Preston HS,12471.7
T20230023434,2023-07-10,12:00:00,2,Struck Pedestrian,6,Saturday,100,PED NEAR SIDE. PED HIT BY VEHICLE FROM THE RIGHT.,1,44397,1,0,0,1,1,2,2,1,Cross intersection,3,50,Local Road,CARDINIA,-38.07769,145.48183,3810.0,True,Preston HS,55949.7
T20210007655,2021-06-04,14:00:00,1,Collision with vehicle,3,Tuesday,110,CROSS TRAFFIC(INTERSECTIONS ONLY),1,681873,2,0,0,1,1,2,1,1,Cross intersection,3,50,Arterial Other,MANNINGHAM,-37.7564,145.10178,3107.0,True,Reservoir HS,7402.8
T20250012476,2025-10-05,12:22:00,1,Collision with vehicle,6,Saturday,129,OTHER OPPOSING MANOEUVRES NOT INCLUDED IN DCAs 120-125.,1,818222,2,0,0,1,1,2,1,5,Not at intersection,3,80,Local Road,CARDINIA,-37.99991,145.48405,3810.0,True,Reservoir HS,50450.3
T20210024952,2021-06-12,17:15:00,2,Struck Pedestrian,2,Monday,105,PED WALKING AGAINST TRAFFIC.,1,701695,1,0,0,2,1,3,2,2,T intersection,3,80,Arterial Other,YARRA RANGES,-37.80584,145.3528,3765.0,True,Reservoir HS,29903.8
T20210020282,2021-05-10,08:16:00,2,Struck Pedestrian,2,Tuesday,102,FAR SIDE. PED HIT BY VEHICLE FROM THE LEFT,1,694526,1,0,1,0,1,2,1,5,Not at intersection,2,40,Local Road,BENDIGO,-36.74368,144.27406,3550.0,True,William Ruthven SC,124063.5
T20230029309,2023-07-12,15:00:00,6,Vehicle overturned (no collision),5,Thursday,184,OUT OF CONTROL ON CARRIAGEWAY (ON BEND),1,795414,1,0,0,1,0,1,2,5,Not at intersection,3,100,Local Road,BAW BAW,-38.062767,146.22638,3825.0,True,Reservoir HS,111645.7
T20250021545,2025-03-07,15:10:00,1,Collision with vehicle,5,Thursday,132,RIGHT REAR.,1,821917,2,0,0,1,3,4,2,1,Cross intersection,3,999,Arterial Other,BRIMBANK,-37.727425,144.78214,3037.0,True,William Ruthven SC,19728.5
T20240025671,2024-11-10,09:15:00,2,Struck Pedestrian,6,Friday,108,PED STRUCK WALKING TO/FROM OR BOARDING/ALIGHTING VEHICLE.,1,809596,1,0,0,1,1,2,1,5,Not at intersection,3,777,,WHITEHORSE,-37.809658,145.1114,3129.0,True,Preston HS,11880.0
T20250009862,2025-12-04,02:40:00,2,Struck Pedestrian,7,Saturday,104,PED WALKING WITH TRAFFIC,3,817902,1,0,1,0,1,2,1,2,T intersection,2,40,Arterial Highway,YARRA RANGES,-37.654465,145.5133,3777.0,True,Reservoir HS,43245.0
T20230018547,2023-09-08,11:15:00,1,Collision with vehicle,4,Wednesday,119,OTHER ADJACENT (INTERSECTIONS ONLY),1,798093,2,0,0,1,1,2,1,2,T intersection,3,60,Local Road,GLEN EIRA,-37.877316,145.03535,3161.0,True,Preston HS,15282.7
T20210025005,2021-07-12,12:51:00,1,Collision with vehicle,3,Tuesday,110,CROSS TRAFFIC(INTERSECTIONS ONLY),1,62922,2,0,1,0,2,3,1,1,Cross intersection,2,40,Local Road,BANYULE,-37.7359,145.06393,3084.0,True,Reservoir HS,3387.5
T20220019882,2022-02-09,17:10:00,2,Struck Pedestrian,5,Friday,102,FAR SIDE. PED HIT BY VEHICLE FROM THE LEFT,1,726939,1,0,0,1,1,2,1,5,Not at intersection,3,40,Local Road,MORELAND,-37.742397,144.9651,3058.0,True,Preston HS,3693.9
T20250016075,2025-09-06,22:30:00,6,Vehicle overturned (no collision),1,Monday,179,OTHER ACCIDENTS-OFF STRAIGHT NOT INCLUDED IN DCAs 170-175,6,819367,1,0,0,1,0,1,2,5,Not at intersection,3,60,Arterial Other,KNOX,-37.84829,145.30493,3155.0,True,Reservoir HS,27968.4
T20230006014,2023-12-03,11:45:00,4,Collision with a fixed object,1,Sunday,173,RIGHT OFF CARRIAGEWAY INTO OBJECT/PARKED VEHICLE,1,761579,1,0,1,0,0,1,1,5,Not at intersection,2,100,Local Road,GOLDEN PLAINS,-37.76104,143.70601,3352.0,True,William Ruthven SC,114288.4
T20220002251,2022-03-02,07:02:00,8,No collision and no object struck,5,Thursday,174,OUT OF CONTROL ON CARRIAGEWAY (ON STRAIGHT),1,78078,1,0,0,1,0,1,1,5,Not at intersection,3,40,Arterial Other,YARRA,-37.81607,144.99963,3121.0,True,Preston HS,8295.6
T20250006136,2025-06-03,15:36:00,1,Collision with vehicle,5,Thursday,121,RIGHT THROUGH,1,672233,2,0,1,0,1,2,1,2,T intersection,2,60,Local Road,WYNDHAM,-37.84324,144.70767,3029.0,True,Preston HS,28631.2
T20250017811,2025-04-07,14:00:00,1,Collision with vehicle,6,Friday,120,HEAD ON (NOT OVERTAKING),1,820692,2,0,0,1,1,2,1,5,Not at intersection,3,60,Arterial Other,YARRA RANGES,-37.84578,145.35762,3767.0,True,Reservoir HS,31940.5
T20250020978,2025-08-08,12:30:00,1,Collision with vehicle,6,Friday,152,PULLING OUT (OVERTAKING),1,821244,2,0,0,1,2,3,1,5,Not at intersection,3,100,Local Road,TOWONG,-36.11019,147.05432,3691.0,True,William Ruthven SC,253726.0
T20250012341,2025-09-05,06:15:00,2,Struck Pedestrian,6,Friday,100,PED NEAR SIDE. PED HIT BY VEHICLE FROM THE RIGHT.,3,820626,1,0,1,0,1,2,1,5,Not at intersection,2,50,Local Road,WHITTLESEA,-37.629627,145.0347,3076.0,True,William Ruthven SC,7946.7
T20220007004,2022-06-03,13:15:00,6,Vehicle overturned (no collision),0,Sunday,174,OUT OF CONTROL ON CARRIAGEWAY (ON STRAIGHT),1,708150,1,0,0,1,0,1,2,5,Not at intersection,3,100,Local Road,BENDIGO,-36.70101,144.37074,3551.0,True,William Ruthven SC,124055.3
T20240002727,2023-02-11,18:20:00,1,Collision with vehicle,5,Thursday,132,RIGHT REAR.,1,799510,2,0,0,1,0,1,9,5,Not at intersection,3,999,Arterial Other,MORNINGTON PENINSULA,-38.264526,145.18976,3913.0,True,Preston HS,60298.3
T20240021064,2024-03-08,16:30:00,6,Vehicle overturned (no collision),6,Saturday,174,OUT OF CONTROL ON CARRIAGEWAY (ON STRAIGHT),1,807601,1,0,0,1,0,1,2,2,T intersection,3,50,Local Road,KINGSTON,-37.953754,145.05573,3190.0,True,Preston HS,23962.8
T20220023513,2022-12-10,16:30:00,8,No collision and no object struck,4,Wednesday,180,OFF CARRIAGEWAY ON RIGHT BEND,9,731157,1,0,1,0,0,1,2,5,Not at intersection,2,999,Arterial Other,EAST GIPPSLAND,-36.931843,147.47041,3898.0,True,Reservoir HS,233040.6
T20230015971,2023-08-07,15:15:00,8,No collision and no object struck,7,Saturday,174,OUT OF CONTROL ON CARRIAGEWAY (ON STRAIGHT),1,777105,1,0,1,0,0,1,1,5,Not at intersection,2,50,Local Road,FRANKSTON,-38.116905,145.14078,3198.0,True,Preston HS,43337.1
T20220025293,2022-08-08,12:00:00,8,No collision and no object struck,2,Monday,151,OUT OF CONTROL (OVERTAKING),9,734492,2,0,0,1,1,2,2,5,Not at intersection,3,60,Arterial Other,STONNINGTON,-37.84976,145.0429,3146.0,True,Preston HS,12420.6
T20230000856,2023-12-01,17:43:00,2,Struck Pedestrian,4,Thursday,100,PED NEAR SIDE. PED HIT BY VEHICLE FROM THE RIGHT.,1,784378,1,0,0,1,1,2,1,5,Not at intersection,3,40,Local Road,MELBOURNE,-37.817993,144.96558,3000.0,True,Preston HS,9234.9
T20210020402,2021-07-10,10:45:00,1,Collision with vehicle,5,Thursday,110,CROSS TRAFFIC(INTERSECTIONS ONLY),1,53182,2,0,0,1,1,2,2,1,Cross intersection,3,50,Local Road,GEELONG,-38.262093,144.52702,3226.0,True,Preston HS,71538.7
T20230020845,2023-06-09,12:10:00,1,Collision with vehicle,4,Wednesday,130,REAR END(VEHICLES IN SAME LANE),1,261406,2,0,0,1,1,2,1,1,Cross intersection,3,60,Arterial Other,MOONEE VALLEY,-37.781254,144.9326,3032.0,True,Preston HS,7888.9
T20230011328,2023-12-05,16:15:00,1,Collision with vehicle,5,Friday,163,VEHICLE STRIKES DOOR OF PARKED/STATIONARY VEHICLE,1,775611,2,0,1,0,1,2,2,5,Not at intersection,2,60,Local Road,YARRA,-37.79764,144.9845,3066.0,True,Preston HS,6529.7
T20220022286,2022-03-10,06:30:00,7,Fall from or in moving vehicle,1,Monday,190,FELL IN/FROM VEHICLE,9,727078,1,0,1,0,0,1,2,5,Not at intersection,2,999,Arterial Other,KINGSTON,-37.948753,145.06824,3192.0,True,Preston HS,23640.9
T20230008665,2023-11-04,19:05:00,2,Struck Pedestrian,2,Tuesday,102,FAR SIDE. PED HIT BY VEHICLE FROM THE LEFT,6,767616,1,0,0,1,1,2,2,2,T intersection,3,999,Local Road,MARIBYRNONG,-37.775654,144.88557,3032.0,True,Preston HS,11331.2
T20250011893,2025-04-05,15:00:00,6,Vehicle overturned (no collision),1,Sunday,180,OFF CARRIAGEWAY ON RIGHT BEND,1,818044,1,0,1,0,0,1,1,5,Not at intersection,2,100,Local Road,BENDIGO,-36.85265,144.51007,3551.0,True,William Ruthven SC,103476.6
T20240020430,2024-12-08,08:22:00,1,Collision with vehicle,2,Monday,121,RIGHT THROUGH,1,36626,2,0,1,0,2,3,1,1,Cross intersection,2,40,Arterial Other,YARRA,-37.79928,144.98735,3066.0,True,Preston HS,6633.8
T20240005951,2024-08-03,16:15:00,1,Collision with vehicle,6,Friday,110,CROSS TRAFFIC(INTERSECTIONS ONLY),1,808747,2,0,1,0,1,2,1,1,Cross intersection,2,999,Local Road,MERRI-BEK,-37.76221,144.94514,3055.0,True,Preston HS,5905.6
T20250017716,2025-03-07,18:58:00,2,Struck Pedestrian,5,Thursday,102,FAR SIDE. PED HIT BY VEHICLE FROM THE LEFT,3,823578,1,1,0,0,2,3,1,5,Not at intersection,1,80,Arterial Other,KNOX,-37.859013,145.26266,3155.0,True,Reservoir HS,25512.5
T20220017904,2022-10-08,16:04:00,2,Struck Pedestrian,3,Wednesday,107,PED ON FOOTHPATH STRUCK BY VEHENTERING/LEAVING DRIVEWAY.,1,785912,1,0,1,0,1,2,1,5,Not at intersection,2,888,Arterial Highway,MORNINGTON PENINSULA,-38.353615,144.91284,3939.0,True,Preston HS,68540.6
T20230013465,2023-09-06,15:45:00,2,Struck Pedestrian,6,Friday,106,VEH STRIKES PED ON FOOTPATH/MEDIAN/TRAFFIC ISLAND.,1,38060,1,0,0,1,1,2,1,1,Cross intersection,3,60,Arterial Other,DAREBIN,-37.754433,145.02061,3072.0,True,Preston HS,1848.1
T20220005332,2022-10-02,16:30:00,6,Vehicle overturned (no collision),5,Thursday,184,OUT OF CONTROL ON CARRIAGEWAY (ON BEND),1,706316,1,0,0,1,0,1,2,5,Not at intersection,3,100,Local Road,SOUTHERN GRAMPIANS,-37.933403,142.03043,3301.0,True,Preston HS,262257.2
T20230019516,2023-11-08,12:30:00,1,Collision with vehicle,6,Friday,163,VEHICLE STRIKES DOOR OF PARKED/STATIONARY VEHICLE,1,779997,2,0,0,1,1,2,2,5,Not at intersection,3,40,Local Road,MELBOURNE,-37.814896,144.96857,3000.0,True,Preston HS,8815.4
T20210003031,2021-10-02,06:00:00,2,Struck Pedestrian,4,Wednesday,100,PED NEAR SIDE. PED HIT BY VEHICLE FROM THE RIGHT.,2,29710,1,0,1,0,1,2,1,1,Cross intersection,2,80,Arterial Highway,DANDENONG,-37.975204,145.2037,3175.0,True,Preston HS,31177.8
T20240002733,2024-03-02,17:30:00,2,Struck Pedestrian,7,Saturday,102,FAR SIDE. PED HIT BY VEHICLE FROM THE LEFT,1,798395,1,0,1,0,2,3,1,5,Not at intersection,2,60,Local Road,WYNDHAM,-37.830193,144.65395,3029.0,True,Preston HS,32556.7
T20220002536,2022-06-02,11:44:00,6,Vehicle overturned (no collision),1,Sunday,174,OUT OF CONTROL ON CARRIAGEWAY (ON STRAIGHT),1,708842,2,0,2,0,1,3,1,5,Not at intersection,2,40,Local Road,PORT PHILLIP,-37.839146,144.92357,3207.0,True,Preston HS,13087.5
T20250003260,2025-07-02,11:30:00,1,Collision with vehicle,6,Friday,110,CROSS TRAFFIC(INTERSECTIONS ONLY),1,65265,2,0,1,0,1,2,1,1,Cross intersection,2,50,Local Road,MELBOURNE,-37.800392,144.95198,3051.0,True,Preston HS,8128.0
T20250000797,2025-10-01,18:45:00,1,Collision with vehicle,6,Friday,121,RIGHT THROUGH,1,36335,2,0,1,2,1,4,1,1,Cross intersection,2,60,Arterial Other,MELBOURNE,-37.79226,144.96838,3054.0,True,Preston HS,6572.0
T20230020514,2023-02-09,13:34:00,1,Collision with vehicle,7,Saturday,121,RIGHT THROUGH,1,41121,2,0,1,0,1,2,2,1,Cross intersection,2,60,Arterial Other,BAYSIDE,-37.883274,144.99226,3186.0,True,Preston HS,15796.2
T20250019348,2025-03-07,17:30:00,1,Collision with vehicle,4,Thursday,140,U TURN,3,821521,2,0,0,1,1,2,2,5,Not at intersection,3,40,Local Road,DANDENONG,-37.98301,145.21594,3175.0,True,Preston HS,32497.6
T20250002907,2025-03-02,15:55:00,2,Struck Pedestrian,2,Monday,101,PED EMERGES FROM IN FRONT OF PARKED OR STATIONARY VEHICLE,1,814637,1,0,0,2,1,3,1,5,Not at intersection,3,40,Local Road,HUME,-37.60147,144.9055,3064.0,True,William Ruthven SC,13617.0
T20220027206,2022-01-12,11:06:00,1,Collision with vehicle,5,Thursday,110,CROSS TRAFFIC(INTERSECTIONS ONLY),1,38066,2,0,1,1,0,2,1,1,Cross intersection,2,60,Arterial Other,DAREBIN,-37.75936,145.02142,3071.0,True,Preston HS,2332.6
T20240008631,2024-06-04,13:00:00,1,Collision with vehicle,7,Saturday,137,LEFT TURN SIDESWIPE,1,36603,2,0,1,0,1,2,1,1,Cross intersection,2,40,Local Road,YARRA,-37.806557,144.9852,3066.0,True,Preston HS,7464.2
T20240000595,2024-09-01,12:42:00,1,Collision with vehicle,3,Tuesday,130,REAR END(VEHICLES IN SAME LANE),1,808903,2,0,1,0,1,2,1,5,Not at intersection,2,40,Arterial Other,MARIBYRNONG,-37.799202,144.90353,3011.0,True,Preston HS,11124.5
T20230025861,2023-04-11,21:10:00,2,Struck Pedestrian,7,Saturday,100,PED NEAR SIDE. PED HIT BY VEHICLE FROM THE RIGHT.,3,36666,1,0,3,1,0,4,1,1,Cross intersection,2,70,Arterial Highway,YARRA,-37.799847,144.99298,3067.0,True,Preston HS,6583.7
T20230010422,2023-04-05,06:40:00,1,Collision with vehicle,5,Thursday,119,OTHER ADJACENT (INTERSECTIONS ONLY),3,807169,2,0,0,1,1,2,1,2,T intersection,3,60,Local Road,GEELONG,-38.222824,144.3256,3217.0,True,Preston HS,80184.9
T20240000435,2024-06-01,10:30:00,1,Collision with vehicle,7,Saturday,121,RIGHT THROUGH,1,33663,2,0,1,0,1,2,2,2,T intersection,2,50,Arterial Highway,MORNINGTON PENINSULA,-38.364727,144.87178,3940.0,True,Preston HS,70283.3
T20210019028,2021-11-09,13:58:00,1,Collision with vehicle,7,Saturday,148,VEHICLE OFF FOOTPATH STRIKES VEH ON CARRIAGEWAY,1,693581,3,0,0,1,1,2,1,5,Not at intersection,3,50,Local Road,CARDINIA,-38.075485,145.48892,3810.0,True,Preston HS,56252.6
T20230026000,2023-05-11,20:30:00,3,Struck animal,1,Sunday,167,STRUCK ANIMAL,5,793129,1,0,0,1,0,1,2,2,T intersection,3,100,Local Road,PYRENEES,-37.463276,143.43361,3373.0,True,William Ruthven SC,140707.0
T20250012497,2025-10-05,15:22:00,1,Collision with vehicle,6,Saturday,132,RIGHT REAR.,1,37076,2,0,1,0,1,2,1,2,T intersection,2,60,Arterial Other,NILLUMBIK,-37.687954,145.21625,3097.0,True,Reservoir HS,16878.3
T20240003068,2024-07-02,18:00:00,8,No collision and no object struck,4,Wednesday,174,OUT OF CONTROL ON CARRIAGEWAY (ON STRAIGHT),1,36417,2,0,0,1,1,2,2,2,T intersection,3,60,Arterial Other,MELBOURNE,-37.792946,144.97475,3054.0,True,Preston HS,6368.4
T20220000156,2022-03-01,12:38:00,1,Collision with vehicle,2,Monday,120,HEAD ON (NOT OVERTAKING),1,704456,2,0,1,1,0,2,1,5,Not at intersection,2,80,Arterial Other,YARRA RANGES,-37.627758,145.90327,3799.0,True,Reservoir HS,77625.3
T20240003058,2024-03-02,11:30:00,8,No collision and no object struck,7,Saturday,184,OUT OF CONTROL ON CARRIAGEWAY (ON BEND),1,797719,1,0,1,0,0,1,2,5,Not at intersection,2,999,Local Road,SURF COAST,-38.435543,143.95358,3235.0,True,Preston HS,120220.6
T20240020977,2024-04-08,11:45:00,8,No collision and no object struck,1,Sunday,184,OUT OF CONTROL ON CARRIAGEWAY (ON BEND),1,808622,1,0,0,1,0,1,2,5,Not at intersection,3,999,Local Road,SOUTHERN GRAMPIANS,-37.514774,141.71446,3315.0,True,William Ruthven SC,290381.9
T20250015168,2025-05-06,08:30:00,1,Collision with vehicle,5,Thursday,130,REAR END(VEHICLES IN SAME LANE),1,40093,2,0,1,0,1,2,2,1,Cross intersection,2,60,Arterial Other,PORT PHILLIP,-37.853268,144.98175,3004.0,True,Preston HS,12604.2
T20250017893,2025-04-07,13:40:00,1,Collision with vehicle,5,Friday,163,VEHICLE STRIKES DOOR OF PARKED/STATIONARY VEHICLE,1,819958,2,0,0,1,1,2,2,5,Not at intersection,3,50,Local Road,KINGSTON,-37.994354,145.09244,3195.0,True,Preston HS,29075.4
T20220018205,2022-09-08,15:30:00,1,Collision with vehicle,2,Tuesday,140,U TURN,9,725059,2,0,1,0,1,2,2,5,Not at intersection,2,60,Local Road,WHITTLESEA,-37.65377,145.07732,3082.0,True,William Ruthven SC,8087.8
T20230003748,2023-03-02,18:00:00,8,No collision and no object struck,6,Friday,174,OUT OF CONTROL ON CARRIAGEWAY (ON STRAIGHT),1,754899,1,0,1,0,0,1,2,5,Not at intersection,2,60,Arterial Other,YARRA,-37.829987,144.99716,3121.0,True,Preston HS,9855.9
T20230000533,2023-08-01,21:07:00,4,Collision with a fixed object,1,Sunday,173,RIGHT OFF CARRIAGEWAY INTO OBJECT/PARKED VEHICLE,5,783947,1,0,0,1,0,1,1,2,T intersection,3,50,Local Road,HUME,-37.601406,144.90028,3064.0,True,William Ruthven SC,13916.6
T20230002007,2023-12-01,16:19:00,1,Collision with vehicle,5,Thursday,121,RIGHT THROUGH,1,36019,2,0,0,1,1,2,1,1,Cross intersection,3,60,Arterial Other,MORELAND,-37.756535,144.97366,3058.0,True,Preston HS,3371.2
T20240015431,2024-08-06,14:30:00,8,No collision and no object struck,7,Saturday,174,OUT OF CONTROL ON CARRIAGEWAY (ON STRAIGHT),1,805369,1,0,0,1,0,1,2,5,Not at intersection,3,80,Local Road,GLENELG,-38.228416,141.37901,3305.0,True,Preston HS,322518.6
T20220017235,2022-02-08,10:45:00,1,Collision with vehicle,3,Tuesday,113,RIGHT NEAR (INTERSECTIONS ONLY),1,47648,2,0,1,0,1,2,1,2,T intersection,2,60,Local Road,PORT PHILLIP,-37.83083,144.9438,3207.0,True,Preston HS,11365.2
T20240020187,2024-04-08,13:30:00,6,Vehicle overturned (no collision),1,Sunday,184,OUT OF CONTROL ON CARRIAGEWAY (ON BEND),1,807281,1,0,0,1,0,1,2,5,Not at intersection,3,999,Local Road,MOORABOOL,-37.71279,144.06746,3352.0,True,William Ruthven SC,82322.3
T20220012988,2022-08-06,13:39:00,2,Struck Pedestrian,4,Wednesday,100,PED NEAR SIDE. PED HIT BY VEHICLE FROM THE RIGHT.,1,98670,1,0,0,1,1,2,1,5,Not at intersection,3,80,Arterial Highway,KINGSTON,-37.960766,145.05432,3192.0,True,Preston HS,24709.3
T20250021238,2025-11-08,09:30:00,1,Collision with vehicle,1,Monday,121,RIGHT THROUGH,1,821097,2,0,0,1,1,2,1,5,Not at intersection,3,60,Arterial Other,MOONEE VALLEY,-37.784885,144.93823,3032.0,True,Preston HS,7727.2
T20240016862,2024-03-07,20:54:00,2,Struck Pedestrian,3,Wednesday,103,PED PLAYING/LYING/WORKING/STANDING ON CARRIAGEWAY.,3,825111,2,0,1,0,2,3,1,5,Not at intersection,2,40,Arterial Other,MELBOURNE,-37.806755,144.95595,3000.0,True,Preston HS,8517.0
T20250003242,2025-07-02,07:35:00,2,Struck Pedestrian,6,Friday,106,VEH STRIKES PED ON FOOTPATH/MEDIAN/TRAFFIC ISLAND.,1,816477,1,0,0,2,0,2,1,5,Not at intersection,3,50,Local Road,MOUNT ALEXANDER,-37.063534,144.2193,3450.0,True,William Ruthven SC,98737.7
T20240023015,2024-10-09,15:30:00,2,Struck Pedestrian,2,Tuesday,100,PED NEAR SIDE. PED HIT BY VEHICLE FROM THE RIGHT.,1,810097,1,0,1,0,1,2,2,2,T intersection,2,60,Arterial Other,MOONEE VALLEY,-37.782745,144.9222,3031.0,True,Preston HS,8748.1
T20230000336,2023-06-01,10:53:00,1,Collision with vehicle,6,Friday,110,CROSS TRAFFIC(INTERSECTIONS ONLY),1,287496,2,0,1,0,1,2,1,1,Cross intersection,2,100,Arterial Highway,MOUNT ALEXANDER,-37.096043,144.32663,3448.0,True,William Ruthven SC,89601.2
T20210015267,2021-10-07,14:43:00,1,Collision with vehicle,7,Saturday,110,CROSS TRAFFIC(INTERSECTIONS ONLY),1,36395,2,0,1,0,1,2,1,1,Cross intersection,2,50,Local Road,MELBOURNE,-37.795216,144.97331,3053.0,True,Preston HS,6650.7
T20240014267,2024-02-06,21:00:00,2,Struck Pedestrian,1,Sunday,109,ANY MANOEUVRE INVOLVING PED NOT INCLUDED IN DCAs 100-108.,5,807859,1,0,1,0,1,2,1,5,Not at intersection,2,50,Local Road,SHEPPARTON,-36.38288,145.35645,3629.0,True,William Ruthven SC,149402.9
T20230005453,2023-07-03,09:00:00,1,Collision with vehicle,3,Tuesday,111,RIGHT FAR (INTERSECTIONS ONLY),1,29645,2,0,0,1,1,2,1,1,Cross intersection,3,40,Arterial Other,GLEN EIRA,-37.87566,145.0396,3145.0,True,Preston HS,15166.8
T20230013186,2023-01-06,15:00:00,2,Struck Pedestrian,5,Thursday,102,FAR SIDE. PED HIT BY VEHICLE FROM THE LEFT,1,668593,1,0,0,1,1,2,1,1,Cross intersection,3,80,Arterial Other,CASEY,-38.110874,145.26492,3977.0,True,Preston HS,46866.8
T20220015672,2022-10-07,16:50:00,1,Collision with vehicle,1,Sunday,121,RIGHT THROUGH,1,49918,2,0,0,1,1,2,2,1,Cross intersection,3,999,Arterial Highway,GEELONG,-38.145718,144.33833,3220.0,True,Preston HS,73873.9
T20250006789,2025-12-03,21:00:00,1,Collision with vehicle,4,Wednesday,121,RIGHT THROUGH,3,15335,2,0,1,1,1,3,1,1,Cross intersection,2,60,Arterial Other,MOORABOOL,-37.662792,144.43996,3340.0,True,William Ruthven SC,49690.8
T20250021149,2025-10-08,09:25:00,2,Struck Pedestrian,0,Sunday,102,FAR SIDE. PED HIT BY VEHICLE FROM THE LEFT,1,821052,1,0,0,2,0,2,1,2,T intersection,3,50,Local Road,BRIMBANK,-37.75457,144.76208,3023.0,True,Preston HS,21590.3