ACCIDENT_NO,ACCIDENT_DATE,ACCIDENT_TIME,ACCIDENT_TYPE,ACCIDENT_TYPE_DESC,DAY_OF_WEEK,DAY_WEEK_DESC,DCA_CODE,DCA_DESC,LIGHT_CONDITION,NODE_ID,NO_OF_VEHICLES,NO_PERSONS_KILLED,NO_PERSONS_INJ_2,NO_PERSONS_INJ_3,NO_PERSONS_NOT_INJ,NO_PERSONS,POLICE_ATTEND,ROAD_GEOMETRY,ROAD_GEOMETRY_DESC,SEVERITY,SPEED_ZONE,RMA,LGA_NAME,LATITUDE,LONGITUDE,POSTCODE_CRASH,PED_OR_CYC,nearest_school,dist_to_gate_m
T20250006533,2025-09-03,11:00:00,1,Collision with vehicle,1,Sunday,137,LEFT TURN SIDESWIPE,1,816209,2,0,1,0,1,2,2,2,T intersection,2,50,Arterial Other,PORT PHILLIP,-37.86434,144.97218,3182.0,True,Preston HS,13977.8
T20240002604,2024-01-02,20:15:00,1,Collision with vehicle,5,Thursday,115,RIGHT/LEFT FAR (INTERSECTIONS ONLY),2,39408,2,0,0,1,1,2,2,2,T intersection,3,60,Local Road,WHITEHORSE,-37.8104,145.15208,3130.0,True,Reservoir HS,14561.5
T20250003813,2025-12-02,17:45:00,1,Collision with vehicle,4,Wednesday,121,RIGHT THROUGH,1,66797,2,0,0,1,1,2,1,2,T intersection,3,40,Arterial Other,STONNINGTON,-37.838505,144.99582,3141.0,True,Preston HS,10809.8
T20240012261,2024-06-04,08:30:00,8,No collision and no object struck,6,Saturday,184,OUT OF CONTROL ON CARRIAGEWAY (ON BEND),1,803302,1,0,0,1,0,1,2,2,T intersection,3,999,Local Road,YARRA RANGES,-37.88407,145.36823,3791.0,True,Reservoir HS,34775.6
T20220007746,2022-06-04,18:15:00,8,No collision and no object struck,3,Wednesday,172,OFF CARRIAGEWAY TO RIGHT,2,774199,1,0,1,0,0,1,1,5,Not at intersection,2,80,,GEELONG,-38.097862,144.30998,3213.0,True,Preston HS,72854.3
T20220004926,2022-05-03,10:35:00,2,Struck Pedestrian,7,Saturday,100,PED NEAR SIDE. PED HIT BY VEHICLE FROM THE RIGHT.,1,241962,1,0,1,0,1,2,1,5,Not at intersection,2,60,Arterial Other,BENDIGO,-36.76865,144.2498,3555.0,True,William Ruthven SC,122847.6
T20250009697,2025-10-04,18:06:00,2,Struck Pedestrian,5,Thursday,100,PED NEAR SIDE. PED HIT BY VEHICLE FROM THE RIGHT.,3,817310,1,0,1,0,1,2,1,5,Not at intersection,2,60,Arterial Other,PORT PHILLIP,-37.83937,144.93921,3207.0,True,Preston HS,12391.0
T20220014875,2022-03-07,13:15:00,1,Collision with vehicle,0,Sunday,113,RIGHT NEAR (INTERSECTIONS ONLY),1,718548,2,0,1,0,1,2,1,2,T intersection,2,100,Local Road,NILLUMBIK,-37.570133,145.17604,3099.0,True,William Ruthven SC,20731.2
T20240014357,2024-05-06,08:30:00,1,Collision with vehicle,4,Wednesday,148,VEHICLE OFF FOOTPATH STRIKES VEH ON CARRIAGEWAY,1,41760,2,0,0,1,1,2,2,2,T intersection,3,50,Arterial Highway,MORELAND,-37.737766,144.93384,3044.0,True,Preston HS,6456.8
T20230010685,2023-06-05,18:00:00,1,Collision with vehicle,7,Saturday,135,LANE CHANGE LEFT (NOT OVERTAKING),9,280430,2,0,0,1,1,2,2,2,T intersection,3,999,Local Road,BOROONDARA,-37.83598,145.04254,3122.0,True,Preston HS,10936.3
T20230003299,2023-10-02,17:15:00,1,Collision with vehicle,6,Friday,111,RIGHT FAR (INTERSECTIONS ONLY),1,755945,2,0,1,0,1,2,1,1,Cross intersection,2,100,Arterial Other,YARRIAMBIACK,-36.339848,142.22592,3401.0,True,William Ruthven SC,289026.0
T20220005321,2022-05-03,15:00:00,5,collision with some other object,7,Saturday,179,OTHER ACCIDENTS-OFF STRAIGHT NOT INCLUDED IN DCAs 170-175,1,706314,1,0,0,1,0,1,2,5,Not at intersection,3,100,Local Road,PYRENEES,-37.327686,143.25981,3373.0,True,William Ruthven SC,159126.6
T20210010437,2021-09-05,15:25:00,1,Collision with vehicle,1,Sunday,116,LEFT NEAR (INTERSECTIONS ONLY),1,780996,2,0,0,1,1,2,2,1,Cross intersection,3,60,,KINGSTON,-38.076332,145.12302,3197.0,True,Preston HS,38574.1
T20220023276,2022-08-10,07:15:00,8,No collision and no object struck,7,Saturday,174,OUT OF CONTROL ON CARRIAGEWAY (ON STRAIGHT),1,68729,1,0,0,1,0,1,2,2,T intersection,3,60,Arterial Other,GLEN EIRA,-37.893494,145.02072,3162.0,True,Preston HS,16921.1
T20220017185,2022-01-08,16:58:00,2,Struck Pedestrian,1,Monday,101,PED EMERGES FROM IN FRONT OF PARKED OR STATIONARY VEHICLE,1,720442,1,0,0,1,1,2,1,5,Not at intersection,3,40,Arterial Other,STONNINGTON,-37.85376,145.00735,3181.0,True,Preston HS,12460.5
T20220002451,2022-05-02,08:34:00,1,Collision with vehicle,7,Saturday,130,REAR END(VEHICLES IN SAME LANE),1,707160,2,0,1,0,2,3,1,5,Not at intersection,2,70,Arterial Other,BRIMBANK,-37.72563,144.846,3033.0,True,William Ruthven SC,14183.7
T20230015619,2023-05-07,21:09:00,2,Struck Pedestrian,4,Wednesday,104,PED WALKING WITH TRAFFIC,3,776725,1,1,0,0,1,2,1,2,T intersection,1,60,Local Road,WYNDHAM,-37.88953,144.65736,3030.0,True,Preston HS,34843.2
T20240020074,2024-08-08,11:55:00,1,Collision with vehicle,5,Thursday,160,VEHICLE COLLIDES WITH VEHICLE PARKED ON LEFT OF ROAD,1,64101,2,0,1,0,1,2,1,2,T intersection,2,50,Local Road,MORELAND,-37.77255,144.97046,3056.0,True,Preston HS,4705.6
T20250021031,2025-08-08,23:18:00,2,Struck Pedestrian,5,Friday,100,PED NEAR SIDE. PED HIT BY VEHICLE FROM THE RIGHT.,3,822525,1,0,0,1,1,2,1,5,Not at intersection,3,40,Local Road,MELBOURNE,-37.811035,144.95612,3003.0,True,Preston HS,8917.1
T20220024890,2022-05-11,04:50:00,4,Collision with a fixed object,7,Saturday,175,OFF END OF ROAD/T-INTERSECTION.,3,735260,2,0,0,3,2,5,1,2,T intersection,3,50,Local Road,ARARAT,-37.29341,142.93279,3377.0,True,William Ruthven SC,188054.8
T20230005244,2023-04-03,18:00:00,1,Collision with vehicle,7,Saturday,115,RIGHT/LEFT FAR (INTERSECTIONS ONLY),1,760944,2,0,0,3,1,4,1,2,T intersection,3,50,Local Road,DAREBIN,-37.721256,145.02466,3073.0,True,Reservoir HS,435.9
T20230016171,2023-12-07,16:22:00,1,Collision with vehicle,4,Wednesday,110,CROSS TRAFFIC(INTERSECTIONS ONLY),1,777164,2,0,1,0,1,2,1,1,Cross intersection,2,40,Local Road,MELBOURNE,-37.796677,144.95363,3052.0,True,Preston HS,7711.0
T20240017025,2024-03-07,14:35:00,1,Collision with vehicle,4,Wednesday,121,RIGHT THROUGH,1,806116,2,0,1,0,1,2,2,2,T intersection,2,60,Local Road,MAROONDAH,-37.786343,145.29109,3136.0,True,Reservoir HS,24080.2
T20210007975,2021-09-04,18:32:00,1,Collision with vehicle,6,Friday,113,RIGHT NEAR (INTERSECTIONS ONLY),3,683060,2,0,0,1,1,2,1,1,Cross intersection,3,60,Local Road,WODONGA,-36.13807,146.88574,3690.0,True,William Ruthven SC,240916.1
T20250000515,2025-07-01,13:48:00,1,Collision with vehicle,3,Tuesday,113,RIGHT NEAR (INTERSECTIONS ONLY),1,61497,2,0,1,0,1,2,1,1,Cross intersection,2,50,Arterial Other,MOORABOOL,-37.67257,144.43655,3340.0,True,William Ruthven SC,49916.9
T20250008910,2025-02-04,13:50:00,1,Collision with vehicle,4,Wednesday,130,REAR END(VEHICLES IN SAME LANE),1,817483,3,0,1,1,1,3,1,5,Not at intersection,2,80,Arterial Highway,MONASH,-37.90272,145.10873,3166.0,True,Preston HS,20006.5
T20240025122,2024-04-10,17:15:00,8,No collision and no object struck,6,Friday,174,OUT OF CONTROL ON CARRIAGEWAY (ON STRAIGHT),1,809307,2,0,1,0,1,2,2,5,Not at intersection,2,60,Arterial Other,MELBOURNE,-37.80093,144.91023,3003.0,True,Preston HS,10764.4
T20250011568,2025-01-05,09:13:00,1,Collision with vehicle,5,Thursday,116,LEFT NEAR (INTERSECTIONS ONLY),1,224287,2,0,1,0,1,2,1,2,T intersection,2,60,Arterial Highway,KINGSTON,-37.982563,145.07596,3194.0,True,Preston HS,27456.5
T20240028055,2024-04-11,19:00:00,1,Collision with vehicle,2,Monday,121,RIGHT THROUGH,1,810490,2,0,0,1,1,2,1,2,T intersection,3,70,Local Road,WYNDHAM,-37.888622,144.64903,3030.0,True,Preston HS,35443.6
T20230010983,2023-10-05,19:38:00,1,Collision with vehicle,4,Wednesday,121,RIGHT THROUGH,5,38883,2,0,1,0,1,2,1,1,Cross intersection,2,60,Arterial Other,BOROONDARA,-37.81016,145.02632,3101.0,True,Preston HS,7797.6
T20220008219,2022-12-04,18:30:00,1,Collision with vehicle,3,Tuesday,130,REAR END(VEHICLES IN SAME LANE),5,38174,2,0,0,1,1,2,1,1,Cross intersection,3,60,Arterial Other,BANYULE,-37.75955,145.05226,3079.0,True,Preston HS,4438.9
T20220013194,2022-11-06,13:10:00,1,Collision with vehicle,6,Saturday,121,RIGHT THROUGH,1,39324,2,0,0,1,1,2,1,2,T intersection,3,60,Arterial Other,WHITEHORSE,-37.821968,145.1231,3128.0,True,Preston HS,13549.5
T20250003127,2025-06-02,07:55:00,2,Struck Pedestrian,5,Thursday,101,PED EMERGES FROM IN FRONT OF PARKED OR STATIONARY VEHICLE,1,814880,1,0,0,1,1,2,1,2,T intersection,3,70,Arterial Other,BALLARAT,-37.56822,143.7961,3358.0,True,William Ruthven SC,107231.8
T20230007888,2023-03-04,15:50:00,1,Collision with vehicle,2,Monday,136,RIGHT TURN SIDESWIPE,1,43386,2,0,1,0,1,2,1,1,Cross intersection,2,60,Arterial Other,MORELAND,-37.735405,144.97746,3058.0,True,Preston HS,2698.7
T20220002898,2022-09-02,08:40:00,2,Struck Pedestrian,4,Wednesday,100,PED NEAR SIDE. PED HIT BY VEHICLE FROM THE RIGHT.,1,705072,1,0,1,0,1,2,2,1,Cross intersection,2,40,Local Road,MELBOURNE,-37.811012,144.95898,3000.0,True,Preston HS,8791.3
T20240005728,2024-06-03,18:26:00,1,Collision with vehicle,3,Wednesday,121,RIGHT THROUGH,1,801916,2,0,0,1,1,2,1,5,Not at intersection,3,60,Arterial Other,BAYSIDE,-37.93273,145.02489,3188.0,True,Preston HS,21298.9
T20240001532,2024-05-01,21:00:00,4,Collision with a fixed object,5,Friday,179,OTHER ACCIDENTS-OFF STRAIGHT NOT INCLUDED IN DCAs 170-175,3,796739,1,0,0,1,0,1,2,5,Not at intersection,3,50,Arterial Other,HUME,-37.64691,144.95224,3061.0,True,William Ruthven SC,7099.7
T20220000521,2022-09-01,21:35:00,2,Struck Pedestrian,1,Sunday,103,PED PLAYING/LYING/WORKING/STANDING ON CARRIAGEWAY.,2,29495,1,0,0,1,1,2,2,1,Cross intersection,3,60,Arterial Other,DAREBIN,-37.74315,145.00812,3072.0,True,Preston HS,184.5
T20220013107,2022-10-06,11:20:00,1,Collision with vehicle,5,Friday,110,CROSS TRAFFIC(INTERSECTIONS ONLY),1,39225,2,0,0,1,1,2,1,1,Cross intersection,3,60,Arterial Other,BOROONDARA,-37.804245,145.10132,3103.0,True,Preston HS,10814.2
T20250001179,2025-03-01,15:00:00,8,No collision and no object struck,6,Friday,174,OUT OF CONTROL ON CARRIAGEWAY (ON STRAIGHT),1,813877,1,0,0,1,0,1,2,5,Not at intersection,3,50,Local Road,CARDINIA,-37.905983,145.44745,3782.0,True,Reservoir HS,42015.6
T20240014196,2024-03-06,18:00:00,2,Struck Pedestrian,2,Monday,100,PED NEAR SIDE. PED HIT BY VEHICLE FROM THE RIGHT.,4,804623,1,0,0,1,1,2,1,2,T intersection,3,50,Local Road,BANYULE,-37.71557,145.12349,3094.0,True,Reservoir HS,8310.7
T20230023710,2023-11-10,13:30:00,1,Collision with vehicle,4,Wednesday,121,RIGHT THROUGH,1,29694,2,0,1,0,2,3,1,2,T intersection,2,60,Arterial Other,BAYSIDE,-37.989677,145.04419,3193.0,True,Preston HS,27765.3
T20230000596,2023-09-01,17:45:00,2,Struck Pedestrian,2,Monday,100,PED NEAR SIDE. PED HIT BY VEHICLE FROM THE RIGHT.,1,202162,1,0,1,0,1,2,1,5,Not at intersection,2,40,Arterial Other,GLEN EIRA,-37.917667,145.03217,3204.0,True,Preston HS,19690.1
T20210006614,2021-10-03,10:40:00,2,Struck Pedestrian,4,Wednesday,104,PED WALKING WITH TRAFFIC,1,773318,1,0,0,1,1,2,2,2,T intersection,3,50,Local Road,DAREBIN,-37.72954,144.993,3072.0,True,Preston HS,1834.6
T20240000602,2024-09-01,14:55:00,2,Struck Pedestrian,3,Tuesday,100,PED NEAR SIDE. PED HIT BY VEHICLE FROM THE RIGHT.,1,37768,1,0,1,0,1,2,1,1,Cross intersection,2,50,Arterial Other,STONNINGTON,-37.841305,145.01074,3142.0,True,Preston HS,11080.2
T20230021388,2023-12-09,11:45:00,2,Struck Pedestrian,2,Tuesday,100,PED NEAR SIDE. PED HIT BY VEHICLE FROM THE RIGHT.,1,781051,1,0,0,1,1,2,2,1,Cross intersection,3,999,Arterial Other,MORELAND,-37.73468,144.9379,3044.0,True,Preston HS,6134.9
T20220027197,2022-01-12,07:46:00,1,Collision with vehicle,5,Thursday,121,RIGHT THROUGH,1,356846,2,0,1,0,1,2,1,2,T intersection,2,50,Arterial Highway,GLEN EIRA,-37.904846,145.04662,3204.0,True,Preston HS,18470.1
T20240003724,2024-11-02,19:30:00,4,Collision with a fixed object,0,Sunday,181,OFF RIGHT BEND INTO OBJECT/PARKED VEHICLE,1,804467,1,0,1,0,0,1,1,5,Not at intersection,2,80,Arterial Other,CARDINIA,-37.909283,145.58902,3783.0,True,Reservoir HS,53370.0
T20210005167,2021-09-03,08:30:00,6,Vehicle overturned (no collision),3,Tuesday,174,OUT OF CONTROL ON CARRIAGEWAY (ON STRAIGHT),1,683457,2,0,1,0,0,1,1,5,Not at intersection,2,70,Arterial Highway,PORT PHILLIP,-37.859997,145.00748,3183.0,True,Preston HS,13154.1
T20250019557,2025-09-07,14:01:00,1,Collision with vehicle,3,Wednesday,137,LEFT TURN SIDESWIPE,1,822774,2,0,0,1,1,2,1,5,Not at intersection,3,999,Arterial Other,CASEY,-38.0107,145.27246,3803.0,True,Preston HS,37909.8
T20220027766,2022-03-12,10:20:00,4,Collision with a fixed object,7,Saturday,179,OTHER ACCIDENTS-OFF STRAIGHT NOT INCLUDED IN DCAs 170-175,1,788640,1,0,0,1,0,1,2,5,Not at intersection,3,60,Local Road,MOORABOOL,-37.62909,144.16162,3342.0,True,William Ruthven SC,74439.4
T20220008194,2022-01-04,13:30:00,8,No collision and no object struck,6,Friday,149,OTHER MANOEUVRING NOT INCLUDED IN DCAs 140-148,1,709474,1,0,0,1,0,1,2,5,Not at intersection,3,999,Arterial Highway,MAROONDAH,-37.798977,145.25237,3134.0,True,Reservoir HS,21370.5
T20230026848,2023-02-11,12:20:00,1,Collision with vehicle,5,Thursday,163,VEHICLE STRIKES DOOR OF PARKED/STATIONARY VEHICLE,1,793009,2,0,0,1,1,2,2,5,Not at intersection,3,40,Local Road,MELBOURNE,-37.79955,144.95602,3052.0,True,Preston HS,7844.5
T20240000638,2024-09-01,18:50:00,2,Struck Pedestrian,2,Tuesday,102,FAR SIDE. PED HIT BY VEHICLE FROM THE LEFT,1,795832,1,0,1,0,1,2,1,1,Cross intersection,2,60,Arterial Other,MELBOURNE,-37.802086,144.94829,3051.0,True,Preston HS,8473.8
T20230011197,2023-12-05,08:50:00,1,Collision with vehicle,6,Friday,137,LEFT TURN SIDESWIPE,1,57492,2,0,1,0,1,2,2,1,Cross intersection,2,60,Arterial Other,PORT PHILLIP,-37.839123,144.9764,3004.0,True,Preston HS,11163.8
T20220005287,2022-09-03,09:45:00,3,Struck animal,4,Wednesday,167,STRUCK ANIMAL,1,706395,1,0,0,1,0,1,1,5,Not at intersection,3,60,,BALLARAT,-37.57856,143.82014,3356.0,True,William Ruthven SC,104977.0
T20250000239,2025-04-01,08:51:00,1,Collision with vehicle,7,Saturday,121,RIGHT THROUGH,1,1083,2,0,0,1,1,2,1,2,T intersection,3,50,Arterial Highway,MORNINGTON PENINSULA,-38.33027,144.96988,3936.0,True,Preston HS,65527.1
T20230005915,2023-11-03,15:00:00,6,Vehicle overturned (no collision),7,Saturday,180,OFF CARRIAGEWAY ON RIGHT BEND,1,760238,1,0,1,0,0,1,2,5,Not at intersection,2,100,Arterial Other,TOWONG,-36.72106,147.44951,3701.0,True,Reservoir HS,241476.6
T20210013215,2021-08-02,08:30:00,1,Collision with vehicle,1,Monday,116,LEFT NEAR (INTERSECTIONS ONLY),1,65035,2,0,0,1,1,2,1,1,Cross intersection,3,40,Local Road,YARRA,-37.79486,144.98027,3065.0,True,Preston HS,6364.2
T20240000134,2024-02-01,16:00:00,2,Struck Pedestrian,2,Tuesday,100,PED NEAR SIDE. PED HIT BY VEHICLE FROM THE RIGHT.,1,45649,1,0,0,1,1,2,2,1,Cross intersection,3,40,Arterial Other,MORELAND,-37.74858,144.96533,3058.0,True,Preston HS,3751.5
T20210025239,2021-11-11,17:20:00,8,No collision and no object struck,5,Thursday,174,OUT OF CONTROL ON CARRIAGEWAY (ON STRAIGHT),1,701262,1,0,0,1,0,1,2,5,Not at intersection,3,50,Local Road,BALLARAT,-37.643894,143.85817,3357.0,True,William Ruthven SC,100931.0
T20250002797,2025-02-02,16:45:00,1,Collision with vehicle,1,Sunday,110,CROSS TRAFFIC(INTERSECTIONS ONLY),1,53208,2,0,1,1,0,2,1,1,Cross intersection,2,60,Arterial Highway,GEELONG,-38.18918,144.4643,3224.0,True,Preston HS,68847.8
T20220028005,2022-09-12,14:55:00,1,Collision with vehicle,6,Friday,131,LEFT REAR,1,46544,2,0,1,1,0,2,1,2,T intersection,2,60,Arterial Other,DAREBIN,-37.727684,145.01958,3073.0,True,Reservoir HS,1044.6
T20240017533,2024-11-07,16:15:00,2,Struck Pedestrian,5,Thursday,106,VEH STRIKES PED ON FOOTPATH/MEDIAN/TRAFFIC ISLAND.,1,807202,1,0,1,0,1,2,1,5,Not at intersection,2,888,Arterial Highway,GEELONG,-38.089664,144.35715,3214.0,True,Preston HS,68904.5
T20220012376,2022-01-06,08:30:00,2,Struck Pedestrian,4,Wednesday,101,PED EMERGES FROM IN FRONT OF PARKED OR STATIONARY VEHICLE,1,713906,1,0,0,1,1,2,2,5,Not at intersection,3,60,Arterial Other,MORELAND,-37.776333,144.95412,3056.0,True,Preston HS,6043.4
T20250012984,2025-11-05,18:00:00,3,Struck animal,0,Sunday,167,STRUCK ANIMAL,2,818508,1,0,0,1,0,1,2,5,Not at intersection,3,80,Local Road,MACEDON RANGES,-37.3738,144.50848,3442.0,True,William Ruthven SC,56472.4
T20210003157,2021-11-02,11:00:00,6,Vehicle overturned (no collision),4,Thursday,180,OFF CARRIAGEWAY ON RIGHT BEND,1,809547,1,0,1,0,0,1,1,5,Not at intersection,2,100,Local Road,SWAN HILL,-35.43505,143.7348,3586.0,True,William Ruthven SC,275787.2
T20240028656,2024-10-11,15:20:00,1,Collision with vehicle,0,Sunday,133,LANE SIDE SWIPE (VEHICLES IN PARALLEL LANES),1,29588,2,0,0,1,1,2,2,1,Cross intersection,3,40,Arterial Other,PORT PHILLIP,-37.85981,144.97731,3182.0,True,Preston HS,13391.5
T20210018980,2021-10-09,16:00:00,1,Collision with vehicle,6,Friday,140,U TURN,1,692617,2,0,0,1,1,2,1,5,Not at intersection,3,70,,MELTON,-37.70864,144.60144,3338.0,True,William Ruthven SC,35352.7
T20210015281,2021-11-07,18:05:00,2,Struck Pedestrian,1,Sunday,100,PED NEAR SIDE. PED HIT BY VEHICLE FROM THE RIGHT.,3,378,1,0,1,0,1,2,1,1,Cross intersection,2,999,Local Road,MELBOURNE,-37.83415,144.98253,3141.0,True,Preston HS,10504.3
T20220007868,2022-08-04,08:23:00,1,Collision with vehicle,6,Friday,121,RIGHT THROUGH,1,709077,2,0,1,0,3,4,1,2,T intersection,2,60,Local Road,MARIBYRNONG,-37.77913,144.87486,3012.0,True,Preston HS,12347.6
T20240005639,2024-05-03,17:16:00,2,Struck Pedestrian,2,Tuesday,102,FAR SIDE. PED HIT BY VEHICLE FROM THE LEFT,1,799276,1,0,1,0,1,2,1,5,Not at intersection,2,40,Local Road,MELBOURNE,-37.820442,144.9494,3008.0,True,Preston HS,10118.1
T20220028640,2022-07-12,16:30:00,1,Collision with vehicle,4,Wednesday,143,ENTERING PARKING,1,743762,2,0,1,0,1,2,2,5,Not at intersection,2,40,Local Road,YARRA,-37.816055,145.00087,3121.0,True,Preston HS,8286.0
T20220010871,2022-09-05,15:30:00,2,Struck Pedestrian,2,Monday,102,FAR SIDE. PED HIT BY VEHICLE FROM THE LEFT,1,713566,1,0,1,0,1,2,2,2,T intersection,2,999,Local Road,MAROONDAH,-37.815876,145.23276,3134.0,True,Reservoir HS,20677.3
T20230018315,2023-06-08,11:33:00,1,Collision with vehicle,1,Sunday,140,U TURN,1,790639,2,0,1,1,0,2,1,5,Not at intersection,2,60,Arterial Other,MARIBYRNONG,-37.769264,144.89459,3032.0,True,Preston HS,10355.2
T20230005399,2023-04-03,21:45:00,1,Collision with vehicle,7,Saturday,130,REAR END(VEHICLES IN SAME LANE),9,778388,2,0,0,1,1,2,1,5,Not at intersection,3,80,Freeway,MELBOURNE,-37.810036,144.93407,3003.0,True,Preston HS,9946.7
T20220007528,2022-04-04,15:17:00,1,Collision with vehicle,2,Monday,140,U TURN,1,70890,2,0,1,0,1,2,1,2,T intersection,2,40,Local Road,KINGSTON,-38.00011,145.08267,3195.0,True,Preston HS,29489.6
T20210012783,2021-09-06,18:41:00,2,Struck Pedestrian,3,Wednesday,102,FAR SIDE. PED HIT BY VEHICLE FROM THE LEFT,3,685,1,0,0,1,1,2,1,1,Cross intersection,3,60,Local Road,GLEN EIRA,-37.888878,145.03766,3163.0,True,Preston HS,16584.2
T20210003134,2021-09-01,12:00:00,8,No collision and no object struck,7,Saturday,180,OFF CARRIAGEWAY ON RIGHT BEND,1,675624,1,0,1,0,0,1,2,5,Not at intersection,2,80,Arterial Other,CARDINIA,-37.920303,145.57127,3783.0,True,Reservoir HS,52436.5
T20220009747,2022-01-05,17:45:00,2,Struck Pedestrian,1,Sunday,102,FAR SIDE. PED HIT BY VEHICLE FROM THE LEFT,2,715724,1,0,1,0,1,2,1,5,Not at intersection,2,50,Local Road,HOBSONS BAY,-37.866077,144.8308,3018.0,True,Preston HS,20765.0
T20210007800,2021-07-04,18:20:00,1,Collision with vehicle,4,Wednesday,121,RIGHT THROUGH,3,45567,2,0,0,1,1,2,1,2,T intersection,3,60,Arterial Other,MORELAND,-37.75417,144.95334,3058.0,True,Preston HS,4925.9
T20250015524,2025-10-06,20:20:00,2,Struck Pedestrian,3,Tuesday,106,VEH STRIKES PED ON FOOTPATH/MEDIAN/TRAFFIC ISLAND.,2,39063,1,0,0,1,1,2,1,1,Cross intersection,3,40,Arterial Other,BOROONDARA,-37.81037,145.06068,3103.0,True,Preston HS,8971.1
T20220017276,2022-02-08,17:20:00,1,Collision with vehicle,3,Tuesday,121,RIGHT THROUGH,3,733802,2,0,0,2,2,4,1,5,Not at intersection,3,60,Arterial Other,BOROONDARA,-37.82785,145.04402,3122.0,True,Preston HS,10114.0
T20240028594,2024-09-11,15:00:00,8,No collision and no object struck,7,Saturday,180,OFF CARRIAGEWAY ON RIGHT BEND,1,812791,1,0,1,0,0,1,2,5,Not at intersection,2,100,Arterial Highway,MANSFIELD,-37.025703,145.84274,3720.0,True,William Ruthven SC,105224.9
T20240014026,2024-01-06,17:00:00,1,Collision with vehicle,7,Saturday,111,RIGHT FAR (INTERSECTIONS ONLY),1,805227,2,0,0,1,1,2,1,2,T intersection,3,50,Local Road,KNOX,-37.860775,145.22159,3152.0,True,Reservoir HS,22846.2
T20250019341,2025-09-07,06:40:00,2,Struck Pedestrian,4,Wednesday,109,ANY MANOEUVRE INVOLVING PED NOT INCLUDED IN DCAs 100-108.,2,821184,1,0,0,1,1,2,1,5,Not at intersection,3,50,Local Road,MARIBYRNONG,-37.805313,144.89415,3011.0,True,Preston HS,12189.7
T20230029308,2023-11-12,16:00:00,5,collision with some other object,2,Monday,166,STRUCK OBJECT ON CARRIAGEWAY,1,797356,1,0,0,1,0,1,2,5,Not at intersection,3,40,Local Road,MORELAND,-37.766026,144.95367,3056.0,True,Preston HS,5420.5
T20220015725,2022-07-06,17:40:00,2,Struck Pedestrian,3,Tuesday,106,VEH STRIKES PED ON FOOTPATH/MEDIAN/TRAFFIC ISLAND.,2,29543,1,0,0,1,1,2,2,1,Cross intersection,3,60,Arterial Other,BOROONDARA,-37.82874,145.03421,3122.0,True,Preston HS,9967.3
T20220002528,2022-06-02,08:55:00,4,Collision with a fixed object,1,Sunday,181,OFF RIGHT BEND INTO OBJECT/PARKED VEHICLE,1,704577,1,0,0,1,0,1,1,5,Not at intersection,3,70,Local Road,YARRA RANGES,-37.89819,145.47054,3782.0,True,Reservoir HS,43404.2
T20220028394,2022-12-12,15:40:00,2,Struck Pedestrian,2,Monday,101,PED EMERGES FROM IN FRONT OF PARKED OR STATIONARY VEHICLE,1,751175,1,0,1,0,1,2,1,5,Not at intersection,2,60,Arterial Other,BALLARAT,-37.571125,143.84557,3350.0,True,William Ruthven SC,102869.6
T20240024282,2022-02-05,12:30:00,5,collision with some other object,2,Monday,166,STRUCK OBJECT ON CARRIAGEWAY,1,809031,1,0,0,1,0,1,2,5,Not at intersection,3,999,Local Road,BAW BAW,-37.75011,146.44617,3825.0,True,Reservoir HS,124623.4
T20230026276,2023-09-11,15:40:00,1,Collision with vehicle,5,Thursday,147,VEHICLE STRIKES ANOTHER VEH WHILE EMERGING FROM DRIVEWAY,1,793249,2,0,0,1,1,2,1,5,Not at intersection,3,888,Arterial Other,FRANKSTON,-38.115265,145.17839,3201.0,True,Preston HS,44171.9
T20240011812,2024-01-05,08:05:00,2,Struck Pedestrian,3,Wednesday,102,FAR SIDE. PED HIT BY VEHICLE FROM THE LEFT,1,224077,1,0,0,1,1,2,2,1,Cross intersection,3,60,Local Road,DANDENONG,-38.034477,145.23463,3175.0,True,Preston HS,38190.8
T20240002915,2024-06-02,08:51:00,1,Collision with vehicle,3,Tuesday,121,RIGHT THROUGH,1,687594,2,0,1,0,1,2,1,2,T intersection,2,70,Arterial Other,BAYSIDE,-37.931385,145.02066,3187.0,True,Preston HS,21125.6
T20210017532,2021-07-08,09:35:00,1,Collision with vehicle,7,Saturday,137,LEFT TURN SIDESWIPE,1,241,2,0,0,1,1,2,2,1,Cross intersection,3,999,Local Road,MELBOURNE,-37.809246,144.97298,3002.0,True,Preston HS,8087.3
T20220005545,2022-11-03,17:10:00,1,Collision with vehicle,6,Friday,147,VEHICLE STRIKES ANOTHER VEH WHILE EMERGING FROM DRIVEWAY,1,711254,2,0,1,0,1,2,1,5,Not at intersection,2,60,Arterial Highway,MOONEE VALLEY,-37.78883,144.93678,3031.0,True,Preston HS,8103.9
T20230011007,2023-11-05,11:32:00,2,Struck Pedestrian,5,Thursday,107,PED ON FOOTHPATH STRUCK BY VEHENTERING/LEAVING DRIVEWAY.,1,782867,1,0,0,1,1,2,1,5,Not at intersection,3,999,Arterial Highway,GLEN EIRA,-37.904472,145.04358,3204.0,True,Preston HS,18380.9