ACCIDENT_NO,ACCIDENT_DATE,ACCIDENT_TIME,ACCIDENT_TYPE,ACCIDENT_TYPE_DESC,DAY_OF_WEEK,DAY_WEEK_DESC,DCA_CODE,DCA_DESC,LIGHT_CONDITION,NODE_ID,NO_OF_VEHICLES,NO_PERSONS_KILLED,NO_PERSONS_INJ_2,NO_PERSONS_INJ_3,NO_PERSONS_NOT_INJ,NO_PERSONS,POLICE_ATTEND,ROAD_GEOMETRY,ROAD_GEOMETRY_DESC,SEVERITY,SPEED_ZONE,RMA,LGA_NAME,LATITUDE,LONGITUDE,POSTCODE_CRASH,PED_OR_CYC,nearest_school,dist_to_gate_m
T20220007919,2022-08-04,19:22:00,2,Struck Pedestrian,6,Friday,102,FAR SIDE. PED HIT BY VEHICLE FROM THE LEFT,3,744769,1,0,1,0,1,2,1,5,Not at intersection,2,50,Local Road,DANDENONG,-37.952038,145.2169,3175.0,True,Preston HS,29772.1
T20230025879,2023-04-11,16:45:00,4,Collision with a fixed object,7,Saturday,181,OFF RIGHT BEND INTO OBJECT/PARKED VEHICLE,1,785405,1,1,0,0,0,1,1,5,Not at intersection,1,70,Arterial Other,CARDINIA,-38.00041,145.41501,3808.0,True,Reservoir HS,45843.0
T20240000784,2024-05-01,16:30:00,8,No collision and no object struck,6,Friday,184,OUT OF CONTROL ON CARRIAGEWAY (ON BEND),1,796056,1,0,0,1,0,1,2,5,Not at intersection,3,60,Local Road,YARRA RANGES,-37.900696,145.4106,3792.0,True,Reservoir HS,38916.1
T20230012065,2023-11-05,11:15:00,1,Collision with vehicle,4,Thursday,121,RIGHT THROUGH,1,150,2,0,0,1,1,2,2,2,T intersection,3,40,Local Road,YARRA,-37.803707,144.98657,3066.0,True,Preston HS,7127.1
T20230023166,2023-04-10,14:19:00,1,Collision with vehicle,4,Wednesday,113,RIGHT NEAR (INTERSECTIONS ONLY),1,784673,2,0,1,0,1,2,1,2,T intersection,2,60,Local Road,GEELONG,-38.18609,144.37604,3219.0,True,Preston HS,74177.2
T20250002693,2025-01-02,14:20:00,4,Collision with a fixed object,6,Saturday,171,LEFT OFF CARRIAGEWAY INTO OBJECT/PARKED VEHICLE,1,815386,1,0,1,0,0,1,1,5,Not at intersection,2,50,Local Road,WHITTLESEA,-37.644306,144.98674,3076.0,True,William Ruthven SC,5981.7
T20250025463,2025-04-02,05:00:00,2,Struck Pedestrian,3,Tuesday,109,ANY MANOEUVRE INVOLVING PED NOT INCLUDED IN DCAs 100-108.,2,824294,1,0,0,1,1,2,1,6,Dead end,3,999,Local Road,KINGSTON,-37.987473,145.13007,3172.0,True,Preston HS,29383.4
T20250009885,2025-12-04,10:30:00,6,Vehicle overturned (no collision),6,Saturday,174,OUT OF CONTROL ON CARRIAGEWAY (ON STRAIGHT),1,35626,2,0,0,1,1,2,1,2,T intersection,3,60,Arterial Highway,KINGSTON,-38.008427,145.08789,3195.0,True,Preston HS,30494.6
T20250006236,2025-07-03,09:08:00,2,Struck Pedestrian,6,Friday,102,FAR SIDE. PED HIT BY VEHICLE FROM THE LEFT,1,49690,1,0,1,0,1,2,1,2,T intersection,2,60,Arterial Other,GEELONG,-38.082882,144.3488,3214.0,True,Preston HS,69097.1
T20220028723,2022-07-12,15:30:00,4,Collision with a fixed object,3,Wednesday,179,OTHER ACCIDENTS-OFF STRAIGHT NOT INCLUDED IN DCAs 170-175,1,763485,1,0,0,1,0,1,2,5,Not at intersection,3,60,Local Road,BENDIGO,-36.70518,144.31636,3551.0,True,William Ruthven SC,125895.5
T20220002105,2022-03-01,11:00:00,1,Collision with vehicle,2,Monday,113,RIGHT NEAR (INTERSECTIONS ONLY),1,44027,2,0,0,2,0,2,1,2,T intersection,3,50,Local Road,DAREBIN,-37.716072,145.00375,3073.0,True,William Ruthven SC,2172.9
T20210010549,2021-11-05,06:15:00,4,Collision with a fixed object,3,Tuesday,171,LEFT OFF CARRIAGEWAY INTO OBJECT/PARKED VEHICLE,5,683416,1,1,0,0,0,1,1,5,Not at intersection,1,100,Arterial Highway,CARDINIA,-38.214554,145.49236,3981.0,True,Preston HS,67627.9
T20210005407,2021-11-03,15:15:00,6,Vehicle overturned (no collision),5,Thursday,184,OUT OF CONTROL ON CARRIAGEWAY (ON BEND),1,677689,1,0,0,1,0,1,1,5,Not at intersection,3,80,Local Road,DANDENONG,-38.03423,145.18129,3175.0,True,Preston HS,35940.7
T20240021856,2024-01-08,15:30:00,2,Struck Pedestrian,4,Thursday,100,PED NEAR SIDE. PED HIT BY VEHICLE FROM THE RIGHT.,9,7660,1,0,0,1,1,2,2,1,Cross intersection,3,50,,BANYULE,-37.756035,145.06464,3084.0,True,Reservoir HS,4857.0
T20230021436,2023-01-09,14:00:00,1,Collision with vehicle,6,Friday,137,LEFT TURN SIDESWIPE,1,65471,2,0,0,1,1,2,2,1,Cross intersection,3,50,Local Road,MELBOURNE,-37.80423,144.9603,3053.0,True,Preston HS,8078.7
T20230018139,2023-10-07,07:30:00,8,No collision and no object struck,2,Monday,174,OUT OF CONTROL ON CARRIAGEWAY (ON STRAIGHT),1,36902,2,0,0,1,1,2,2,2,T intersection,3,50,Local Road,PORT PHILLIP,-37.8284,144.96126,3006.0,True,Preston HS,10448.4
T20220027686,2022-06-12,05:30:00,1,Collision with vehicle,3,Tuesday,137,LEFT TURN SIDESWIPE,2,763697,2,0,0,1,1,2,2,5,Not at intersection,3,40,Local Road,MELBOURNE,-37.81051,144.9607,3000.0,True,Preston HS,8670.3
T20230003383,2023-11-02,16:10:00,6,Vehicle overturned (no collision),7,Saturday,174,OUT OF CONTROL ON CARRIAGEWAY (ON STRAIGHT),1,754074,1,0,1,0,0,1,1,5,Not at intersection,2,70,Arterial Highway,GLEN EIRA,-37.904636,145.04639,3204.0,True,Preston HS,18443.4
T20230005400,2023-02-03,08:20:00,1,Collision with vehicle,5,Thursday,113,RIGHT NEAR (INTERSECTIONS ONLY),1,38944,2,0,0,1,1,2,2,2,T intersection,3,60,Arterial Other,BOROONDARA,-37.829094,145.03716,3122.0,True,Preston HS,10070.4
T20250012185,2025-07-05,08:45:00,2,Struck Pedestrian,3,Wednesday,100,PED NEAR SIDE. PED HIT BY VEHICLE FROM THE RIGHT.,9,46134,1,0,0,1,1,2,1,1,Cross intersection,3,50,Arterial Other,CASEY,-38.03295,145.34334,3806.0,True,Preston HS,43812.2
T20240025801,2024-12-10,14:15:00,1,Collision with vehicle,7,Saturday,163,VEHICLE STRIKES DOOR OF PARKED/STATIONARY VEHICLE,1,809806,2,0,1,0,1,2,1,5,Not at intersection,2,40,Local Road,MELBOURNE,-37.815323,144.96925,3000.0,True,Preston HS,8836.5
T20250012385,2025-09-05,14:00:00,1,Collision with vehicle,6,Friday,121,RIGHT THROUGH,1,36909,2,0,1,1,0,2,1,1,Cross intersection,2,40,Local Road,PORT PHILLIP,-37.830067,144.96202,3205.0,True,Preston HS,10594.5
T20220018038,2022-11-08,17:40:00,4,Collision with a fixed object,4,Thursday,171,LEFT OFF CARRIAGEWAY INTO OBJECT/PARKED VEHICLE,3,774843,1,0,0,1,0,1,1,5,Not at intersection,3,50,Local Road,WHITTLESEA,-37.611088,145.00685,3750.0,True,William Ruthven SC,9507.9
T20240028176,2024-05-11,19:00:00,1,Collision with vehicle,3,Tuesday,152,PULLING OUT (OVERTAKING),1,811377,2,0,1,0,1,2,1,2,T intersection,2,60,Local Road,GEELONG,-38.196766,144.34018,3216.0,True,Preston HS,77318.8
T20230013589,2023-11-06,17:10:00,8,No collision and no object struck,1,Sunday,170,OFF CARRIAGEWAY TO LEFT,2,48570,2,0,0,1,2,3,1,2,T intersection,3,70,Arterial Other,CASEY,-38.03784,145.28821,3805.0,True,Preston HS,41144.5
T20210013135,2021-12-06,12:30:00,1,Collision with vehicle,7,Saturday,147,VEHICLE STRIKES ANOTHER VEH WHILE EMERGING FROM DRIVEWAY,1,686162,2,0,1,0,1,2,2,5,Not at intersection,2,999,Local Road,BRIMBANK,-37.81048,144.81207,3020.0,True,Preston HS,18769.9
T20210025378,2021-11-12,13:50:00,1,Collision with vehicle,7,Saturday,120,HEAD ON (NOT OVERTAKING),1,699180,2,1,0,1,0,2,1,5,Not at intersection,1,60,Arterial Other,YARRA RANGES,-37.72516,145.75891,3799.0,True,Reservoir HS,64162.3
T20240002867,2024-03-02,07:20:00,1,Collision with vehicle,7,Saturday,116,LEFT NEAR (INTERSECTIONS ONLY),9,35339,2,0,1,0,1,2,2,2,T intersection,2,999,Arterial Other,WHITTLESEA,-37.672535,145.00171,3075.0,True,William Ruthven SC,2671.6
T20230016786,2023-10-06,14:30:00,8,No collision and no object struck,6,Saturday,151,OUT OF CONTROL (OVERTAKING),9,784312,1,0,0,1,0,1,2,5,Not at intersection,3,999,Local Road,BENDIGO,-36.82598,144.76389,3523.0,True,William Ruthven SC,99087.4
T20240008770,2024-08-04,10:31:00,2,Struck Pedestrian,1,Monday,102,FAR SIDE. PED HIT BY VEHICLE FROM THE LEFT,1,803758,1,0,0,1,1,2,1,5,Not at intersection,3,60,Arterial Other,MANNINGHAM,-37.736813,145.22412,3113.0,True,Reservoir HS,17199.5
T20230003314,2023-10-02,19:00:00,6,Vehicle overturned (no collision),6,Friday,184,OUT OF CONTROL ON CARRIAGEWAY (ON BEND),1,754315,1,0,1,0,0,1,1,5,Not at intersection,2,80,Freeway,MACEDON RANGES,-37.54086,144.6417,3437.0,True,William Ruthven SC,36224.9
T20240017634,2024-12-07,15:40:00,1,Collision with vehicle,6,Friday,110,CROSS TRAFFIC(INTERSECTIONS ONLY),1,806571,2,0,1,0,1,2,1,1,Cross intersection,2,80,Arterial Other,MELTON,-37.693356,144.75652,3037.0,True,William Ruthven SC,21688.8
T20220007493,2022-04-04,06:05:00,6,Vehicle overturned (no collision),2,Monday,170,OFF CARRIAGEWAY TO LEFT,1,708684,1,0,1,0,0,1,1,5,Not at intersection,2,80,Arterial Highway,DANDENONG,-37.967632,145.19489,3174.0,True,Preston HS,30049.4
T20220020985,2022-10-09,18:00:00,2,Struck Pedestrian,7,Saturday,104,PED WALKING WITH TRAFFIC,2,753056,1,0,1,0,1,2,2,5,Not at intersection,2,70,Arterial Other,BRIMBANK,-37.770947,144.7892,3023.0,True,Preston HS,19430.4
T20240028357,2024-07-11,16:10:00,4,Collision with a fixed object,5,Thursday,179,OTHER ACCIDENTS-OFF STRAIGHT NOT INCLUDED IN DCAs 170-175,1,810617,1,0,0,1,0,1,1,2,T intersection,3,50,Local Road,CASEY,-38.130592,145.29095,3977.0,True,Preston HS,49896.0
T20250000715,2025-10-01,07:30:00,1,Collision with vehicle,6,Friday,116,LEFT NEAR (INTERSECTIONS ONLY),1,48192,2,0,1,0,1,2,1,2,T intersection,2,50,Local Road,PORT PHILLIP,-37.845303,144.9555,3206.0,True,Preston HS,12380.3
T20220024579,2022-01-11,00:14:00,1,Collision with vehicle,3,Tuesday,110,CROSS TRAFFIC(INTERSECTIONS ONLY),3,27584,2,0,1,0,2,3,1,1,Cross intersection,2,60,,WYNDHAM,-37.887676,144.6136,3024.0,True,Preston HS,38187.8
T20230026083,2023-07-11,16:07:00,1,Collision with vehicle,3,Tuesday,160,VEHICLE COLLIDES WITH VEHICLE PARKED ON LEFT OF ROAD,1,786495,4,0,0,2,0,2,1,5,Not at intersection,3,50,Local Road,MORELAND,-37.727165,144.98189,3058.0,True,Preston HS,2743.5
T20240001214,2024-12-01,15:15:00,9,Other accident,6,Friday,159,OTHER OVERTAKING MANOEUVRES NOT INCLUDED IN DCAs 150-154,1,797437,2,0,1,0,1,2,2,2,T intersection,2,999,Local Road,MOONEE VALLEY,-37.769283,144.92741,3039.0,True,Preston HS,7647.8
T20220007431,2022-03-04,10:00:00,1,Collision with vehicle,1,Sunday,110,CROSS TRAFFIC(INTERSECTIONS ONLY),1,50843,2,0,1,0,1,2,1,1,Cross intersection,2,80,Local Road,MOIRA,-36.069107,145.45047,3636.0,True,William Ruthven SC,185286.4
T20220007472,2022-03-04,15:45:00,2,Struck Pedestrian,0,Sunday,102,FAR SIDE. PED HIT BY VEHICLE FROM THE LEFT,1,71924,1,0,0,1,2,3,1,5,Not at intersection,3,50,Local Road,FRANKSTON,-38.14354,145.12335,3199.0,True,Preston HS,45830.7
T20220000352,2022-02-01,11:00:00,1,Collision with vehicle,1,Sunday,160,VEHICLE COLLIDES WITH VEHICLE PARKED ON LEFT OF ROAD,1,701359,2,0,0,1,0,1,1,5,Not at intersection,3,50,Local Road,MACEDON RANGES,-37.247543,144.46588,3444.0,True,William Ruthven SC,68842.8
T20220015263,2022-07-07,23:35:00,1,Collision with vehicle,5,Thursday,160,VEHICLE COLLIDES WITH VEHICLE PARKED ON LEFT OF ROAD,3,736552,3,0,1,0,2,3,1,5,Not at intersection,2,40,Local Road,BALLARAT,-37.58376,143.85431,3350.0,True,William Ruthven SC,101916.3
T20210017222,2021-09-08,06:21:00,1,Collision with vehicle,2,Monday,140,U TURN,3,698690,2,0,1,1,0,2,1,5,Not at intersection,2,60,Arterial Other,WYNDHAM,-37.82852,144.79135,3026.0,True,Preston HS,21276.2
T20220022774,2022-10-10,08:55:00,2,Struck Pedestrian,1,Monday,100,PED NEAR SIDE. PED HIT BY VEHICLE FROM THE RIGHT.,1,727838,1,0,1,0,1,2,1,1,Cross intersection,2,40,Local Road,HUME,-37.680885,144.91669,3047.0,True,William Ruthven SC,7790.8
T20210017305,2021-10-08,17:25:00,2,Struck Pedestrian,3,Tuesday,100,PED NEAR SIDE. PED HIT BY VEHICLE FROM THE RIGHT.,1,695207,1,0,1,0,1,2,1,1,Cross intersection,2,80,Arterial Highway,WHITEHORSE,-37.85273,145.15181,3151.0,True,Preston HS,17722.6
T20250021141,2025-10-08,10:45:00,2,Struck Pedestrian,1,Sunday,106,VEH STRIKES PED ON FOOTPATH/MEDIAN/TRAFFIC ISLAND.,1,821301,1,0,0,1,2,3,2,1,Cross intersection,3,60,Arterial Other,WHITEHORSE,-37.80912,145.14056,3130.0,True,Reservoir HS,13728.1
T20240003594,2024-11-02,21:00:00,1,Collision with vehicle,0,Sunday,130,REAR END(VEHICLES IN SAME LANE),9,798056,2,0,0,1,1,2,2,5,Not at intersection,3,70,Arterial Highway,GLEN EIRA,-37.88188,145.0503,3163.0,True,Preston HS,16042.6
T20230025956,2023-06-11,09:35:00,8,No collision and no object struck,2,Monday,184,OUT OF CONTROL ON CARRIAGEWAY (ON BEND),1,803824,1,0,1,0,0,1,1,2,T intersection,2,100,Local Road,WELLINGTON,-37.93212,146.80037,3858.0,True,Reservoir HS,157278.0
T20250000817,2025-06-01,17:00:00,1,Collision with vehicle,1,Monday,147,VEHICLE STRIKES ANOTHER VEH WHILE EMERGING FROM DRIVEWAY,1,813643,2,0,0,1,1,2,1,5,Not at intersection,3,60,Arterial Highway,DANDENONG,-37.94011,145.16476,3171.0,True,Preston HS,26046.3
T20220005801,2022-07-01,13:00:00,8,No collision and no object struck,6,Friday,174,OUT OF CONTROL ON CARRIAGEWAY (ON STRAIGHT),1,46519,2,0,0,1,1,2,2,2,T intersection,3,40,Arterial Other,STONNINGTON,-37.84698,144.995,3181.0,True,Preston HS,11754.8
T20230019205,2023-06-08,01:00:00,8,No collision and no object struck,0,Sunday,179,OTHER ACCIDENTS-OFF STRAIGHT NOT INCLUDED IN DCAs 170-175,9,37204,1,0,0,1,0,1,2,2,T intersection,3,50,Arterial Other,YARRA,-37.82098,144.99875,3121.0,True,Preston HS,8846.0
T20240022507,2024-02-09,16:25:00,6,Vehicle overturned (no collision),2,Monday,174,OUT OF CONTROL ON CARRIAGEWAY (ON STRAIGHT),1,808494,1,0,0,1,0,1,2,5,Not at intersection,3,60,Arterial Highway,MELBOURNE,-37.790752,144.9205,3031.0,True,Preston HS,9364.6
T20220006062,2022-11-03,18:00:00,2,Struck Pedestrian,5,Friday,106,VEH STRIKES PED ON FOOTPATH/MEDIAN/TRAFFIC ISLAND.,9,709038,1,0,0,1,2,3,2,5,Not at intersection,3,999,Arterial Other,MORELAND,-37.704704,144.91577,3046.0,True,William Ruthven SC,7727.1
T20240033174,2024-01-12,11:00:00,1,Collision with vehicle,0,Sunday,137,LEFT TURN SIDESWIPE,1,36902,2,0,0,1,1,2,2,1,Cross intersection,3,40,Local Road,PORT PHILLIP,-37.8284,144.96126,3006.0,True,Preston HS,10448.4
T20230015702,2023-06-07,09:15:00,2,Struck Pedestrian,4,Thursday,100,PED NEAR SIDE. PED HIT BY VEHICLE FROM THE RIGHT.,1,29418,1,0,0,1,1,2,2,1,Cross intersection,3,40,Local Road,MELBOURNE,-37.813004,144.9598,3000.0,True,Preston HS,8952.4
T20210023714,2021-07-11,06:30:00,1,Collision with vehicle,1,Sunday,140,U TURN,1,697714,2,0,0,1,1,2,2,5,Not at intersection,3,60,Arterial Highway,STONNINGTON,-37.845016,144.98517,3141.0,True,Preston HS,11648.7
T20220010466,2022-07-05,13:55:00,1,Collision with vehicle,7,Saturday,163,VEHICLE STRIKES DOOR OF PARKED/STATIONARY VEHICLE,1,774631,2,0,0,1,2,3,1,5,Not at intersection,3,40,Arterial Other,STONNINGTON,-37.859375,145.02884,3144.0,True,Preston HS,13223.5
T20230000406,2023-07-01,06:03:00,1,Collision with vehicle,7,Saturday,110,CROSS TRAFFIC(INTERSECTIONS ONLY),2,35298,3,0,1,0,2,3,1,1,Cross intersection,2,60,Arterial Other,MORELAND,-37.778294,144.97069,3057.0,True,Preston HS,5177.1
T20250008788,2025-01-04,13:55:00,1,Collision with vehicle,3,Tuesday,160,VEHICLE COLLIDES WITH VEHICLE PARKED ON LEFT OF ROAD,1,817901,3,0,1,0,4,5,1,5,Not at intersection,2,50,Local Road,WYNDHAM,-37.91989,144.63165,3030.0,True,Preston HS,38468.8
T20250012304,2025-08-05,18:08:00,1,Collision with vehicle,5,Thursday,113,RIGHT NEAR (INTERSECTIONS ONLY),3,41601,2,0,1,0,1,2,1,2,T intersection,2,50,Arterial Other,MONASH,-37.881382,145.09918,3148.0,True,Preston HS,17512.1
T20240025007,2024-04-10,11:58:00,1,Collision with vehicle,6,Friday,113,RIGHT NEAR (INTERSECTIONS ONLY),1,809446,2,0,1,0,1,2,1,2,T intersection,2,50,Local Road,WODONGA,-36.15962,146.88435,3691.0,True,William Ruthven SC,239095.5
T20240012172,2024-07-05,19:15:00,1,Collision with vehicle,3,Tuesday,130,REAR END(VEHICLES IN SAME LANE),5,803935,2,0,1,0,1,2,2,5,Not at intersection,2,80,Local Road,BALLARAT,-37.481373,143.84456,3352.0,True,William Ruthven SC,104837.0
T20230015679,2023-06-07,18:10:00,1,Collision with vehicle,5,Thursday,140,U TURN,3,57059,2,0,1,0,1,2,1,1,Cross intersection,2,60,Local Road,MELTON,-37.730984,144.74162,3023.0,True,William Ruthven SC,23307.9
T20210000834,2021-07-01,20:30:00,6,Vehicle overturned (no collision),5,Thursday,184,OUT OF CONTROL ON CARRIAGEWAY (ON BEND),1,681296,1,0,1,0,0,1,2,5,Not at intersection,2,100,Arterial Other,(LAKE MOUNTAIN),-37.52363,145.87463,3779.0,True,Reservoir HS,77652.1
T20230021011,2023-08-09,09:10:00,1,Collision with vehicle,6,Friday,110,CROSS TRAFFIC(INTERSECTIONS ONLY),1,50121,2,0,1,0,1,2,1,1,Cross intersection,2,70,Arterial Highway,GEELONG,-38.173534,144.4025,3224.0,True,Preston HS,71522.3
T20230023679,2023-11-10,07:10:00,2,Struck Pedestrian,4,Wednesday,100,PED NEAR SIDE. PED HIT BY VEHICLE FROM THE RIGHT.,1,782738,1,0,1,0,1,2,1,5,Not at intersection,2,60,Arterial Other,BOROONDARA,-37.81345,145.08638,3103.0,True,Preston HS,10592.5
T20230018257,2023-05-08,15:23:00,7,Fall from or in moving vehicle,7,Saturday,190,FELL IN/FROM VEHICLE,1,780919,1,0,1,0,1,2,1,5,Not at intersection,2,50,Local Road,SURF COAST,-38.324688,144.32364,3228.0,True,Preston HS,88234.8
T20230003445,2023-12-02,15:45:00,1,Collision with vehicle,1,Sunday,120,HEAD ON (NOT OVERTAKING),1,765767,2,0,0,1,1,2,1,5,Not at intersection,3,80,Arterial Highway,CASEY,-38.06768,145.26735,3977.0,True,Preston HS,42839.6
T20220005486,2022-11-03,07:58:00,1,Collision with vehicle,6,Friday,130,REAR END(VEHICLES IN SAME LANE),1,57572,2,0,1,0,1,2,1,2,T intersection,2,50,Local Road,MONASH,-37.916847,145.1778,3150.0,True,Preston HS,24577.5
T20230010974,2023-10-05,18:30:00,1,Collision with vehicle,4,Wednesday,113,RIGHT NEAR (INTERSECTIONS ONLY),2,799811,2,0,1,0,1,2,1,1,Cross intersection,2,70,Arterial Other,MONASH,-37.89903,145.12187,3166.0,True,Preston HS,20191.0
T20220007435,2022-03-04,10:20:00,1,Collision with vehicle,1,Sunday,148,VEHICLE OFF FOOTPATH STRIKES VEH ON CARRIAGEWAY,1,60743,2,0,0,1,1,2,1,2,T intersection,3,40,Local Road,BALLARAT,-37.54592,143.82307,3350.0,True,William Ruthven SC,105259.8
T20240020889,2024-04-08,13:30:00,8,No collision and no object struck,0,Sunday,174,OUT OF CONTROL ON CARRIAGEWAY (ON STRAIGHT),1,807992,1,0,0,1,0,1,2,5,Not at intersection,3,80,Local Road,WELLINGTON,-38.462303,146.88388,3874.0,True,Reservoir HS,181947.8
T20230004944,2023-01-03,09:45:00,2,Struck Pedestrian,4,Wednesday,100,PED NEAR SIDE. PED HIT BY VEHICLE FROM THE RIGHT.,1,757644,1,1,0,0,1,2,1,1,Cross intersection,1,60,Arterial Other,MORELAND,-37.762215,144.94424,3055.0,True,Preston HS,5978.8
T20220020969,2022-03-09,17:30:00,2,Struck Pedestrian,6,Saturday,102,FAR SIDE. PED HIT BY VEHICLE FROM THE LEFT,1,725497,1,0,0,1,1,2,2,5,Not at intersection,3,50,Local Road,SURF COAST,-38.396873,144.19218,3230.0,True,Preston HS,101962.4
T20250009494,2025-08-04,16:35:00,1,Collision with vehicle,2,Tuesday,110,CROSS TRAFFIC(INTERSECTIONS ONLY),1,821203,2,0,0,1,1,2,1,1,Cross intersection,3,50,Arterial Other,MITCHELL,-37.20288,145.04948,3658.0,True,William Ruthven SC,55045.7
T20240030978,2024-03-12,17:40:00,1,Collision with vehicle,2,Tuesday,147,VEHICLE STRIKES ANOTHER VEH WHILE EMERGING FROM DRIVEWAY,1,815869,2,0,0,1,1,2,1,5,Not at intersection,3,50,Arterial Other,BRIMBANK,-37.743664,144.79489,3021.0,True,Preston HS,18660.8
T20220022780,2022-08-10,14:30:00,6,Vehicle overturned (no collision),7,Saturday,174,OUT OF CONTROL ON CARRIAGEWAY (ON STRAIGHT),1,727901,1,0,0,1,0,1,2,5,Not at intersection,3,60,Local Road,HINDMARSH,-35.997643,141.45622,3490.0,True,William Ruthven SC,367775.9
T20220000350,2022-03-01,19:30:00,1,Collision with vehicle,1,Monday,160,VEHICLE COLLIDES WITH VEHICLE PARKED ON LEFT OF ROAD,1,701280,2,0,0,1,0,1,2,5,Not at intersection,3,40,Arterial Other,YARRA,-37.83393,145.02469,3121.0,True,Preston HS,10371.3
T20220007631,2022-09-02,17:25:00,8,No collision and no object struck,3,Wednesday,184,OUT OF CONTROL ON CARRIAGEWAY (ON BEND),1,757543,1,0,1,0,0,1,1,5,Not at intersection,2,70,Arterial Other,WHITTLESEA,-37.667458,145.06012,3082.0,True,William Ruthven SC,5977.7
T20220002885,2022-05-02,05:40:00,3,Struck animal,7,Saturday,167,STRUCK ANIMAL,5,704537,1,0,1,0,0,1,2,5,Not at intersection,2,100,,MOORABOOL,-37.73966,143.98048,3334.0,True,William Ruthven SC,90065.8
T20230026368,2023-10-11,16:00:00,1,Collision with vehicle,5,Friday,110,CROSS TRAFFIC(INTERSECTIONS ONLY),1,64994,2,0,0,1,1,2,2,1,Cross intersection,3,50,Local Road,BOROONDARA,-37.793823,145.09634,3104.0,True,Preston HS,9753.1
T20220017728,2022-08-08,05:58:00,1,Collision with vehicle,2,Monday,113,RIGHT NEAR (INTERSECTIONS ONLY),6,70904,2,0,0,1,2,3,2,2,T intersection,3,999,Local Road,KINGSTON,-38.000916,145.11047,3195.0,True,Preston HS,30217.9
T20220025448,2022-11-11,00:30:00,6,Vehicle overturned (no collision),6,Friday,174,OUT OF CONTROL ON CARRIAGEWAY (ON STRAIGHT),5,746822,1,0,1,0,0,1,1,5,Not at intersection,2,100,Arterial Highway,YARRIAMBIACK,-35.648315,142.5439,3487.0,True,William Ruthven SC,316154.7
T20240028440,2024-07-11,06:42:00,1,Collision with vehicle,4,Thursday,147,VEHICLE STRIKES ANOTHER VEH WHILE EMERGING FROM DRIVEWAY,1,811159,2,0,0,1,1,2,2,5,Not at intersection,3,999,Arterial Other,MAROONDAH,-37.788452,145.29208,3136.0,True,Reservoir HS,24233.1
T20210018779,2021-06-09,17:52:00,1,Collision with vehicle,1,Monday,121,RIGHT THROUGH,1,346616,2,0,0,3,0,3,1,4,Multiple intersection,3,80,Freeway,CASEY,-38.02835,145.32202,3806.0,True,Preston HS,42187.4
T20230007785,2023-02-04,17:41:00,1,Collision with vehicle,1,Sunday,140,U TURN,1,807217,2,0,1,0,2,3,1,5,Not at intersection,2,50,Local Road,WYNDHAM,-37.91987,144.63145,3030.0,True,Preston HS,38482.8
T20220018075,2022-12-08,15:45:00,1,Collision with vehicle,6,Friday,148,VEHICLE OFF FOOTPATH STRIKES VEH ON CARRIAGEWAY,1,61818,2,0,1,0,1,2,1,1,Cross intersection,2,60,Freeway,MELTON,-37.692173,144.56668,3338.0,True,William Ruthven SC,38392.5
T20220002822,2022-09-02,13:33:00,2,Struck Pedestrian,4,Wednesday,102,FAR SIDE. PED HIT BY VEHICLE FROM THE LEFT,1,704532,1,0,0,1,1,2,1,1,Cross intersection,3,60,Arterial Highway,FRANKSTON,-38.11272,145.15744,3201.0,True,Preston HS,43311.6
T20230008203,2023-06-04,07:30:00,2,Struck Pedestrian,5,Thursday,102,FAR SIDE. PED HIT BY VEHICLE FROM THE LEFT,1,766244,1,0,1,0,1,2,1,1,Cross intersection,2,50,Arterial Other,MARIBYRNONG,-37.80114,144.90608,3011.0,True,Preston HS,11069.1
T20220027530,2022-04-12,14:24:00,4,Collision with a fixed object,1,Sunday,181,OFF RIGHT BEND INTO OBJECT/PARKED VEHICLE,1,745414,1,0,1,0,0,1,1,5,Not at intersection,2,100,Arterial Other,WELLINGTON,-37.64902,146.64325,3858.0,True,Reservoir HS,142246.4
T20250019295,2025-11-06,21:30:00,2,Struck Pedestrian,3,Wednesday,100,PED NEAR SIDE. PED HIT BY VEHICLE FROM THE RIGHT.,5,820593,1,0,0,1,1,2,2,5,Not at intersection,3,999,Arterial Other,MELTON,-37.683083,144.58195,3337.0,True,William Ruthven SC,37078.4
T20240022627,2024-05-09,17:34:00,1,Collision with vehicle,4,Thursday,121,RIGHT THROUGH,2,57866,2,0,0,1,2,3,1,1,Cross intersection,3,60,Arterial Highway,PORT PHILLIP,-37.860497,144.98447,3182.0,True,Preston HS,13358.4
T20250020710,2025-05-08,17:00:00,1,Collision with vehicle,3,Tuesday,113,RIGHT NEAR (INTERSECTIONS ONLY),1,43430,3,0,0,2,2,4,1,2,T intersection,3,60,Arterial Highway,FRANKSTON,-38.16402,145.10213,3199.0,True,Preston HS,47693.3
T20230000828,2023-11-01,22:00:00,2,Struck Pedestrian,3,Wednesday,100,PED NEAR SIDE. PED HIT BY VEHICLE FROM THE RIGHT.,6,749558,1,0,1,0,1,2,2,5,Not at intersection,2,60,Arterial Other,DAREBIN,-37.74759,145.02173,3072.0,True,Preston HS,1443.5