ACCIDENT_NO,ACCIDENT_DATE,ACCIDENT_TIME,ACCIDENT_TYPE,ACCIDENT_TYPE_DESC,DAY_OF_WEEK,DAY_WEEK_DESC,DCA_CODE,DCA_DESC,LIGHT_CONDITION,NODE_ID,NO_OF_VEHICLES,NO_PERSONS_KILLED,NO_PERSONS_INJ_2,NO_PERSONS_INJ_3,NO_PERSONS_NOT_INJ,NO_PERSONS,POLICE_ATTEND,ROAD_GEOMETRY,ROAD_GEOMETRY_DESC,SEVERITY,SPEED_ZONE,RMA,LGA_NAME,LATITUDE,LONGITUDE,POSTCODE_CRASH,PED_OR_CYC,nearest_school,dist_to_gate_m
T20230013602,2023-11-06,17:30:00,2,Struck Pedestrian,1,Sunday,102,FAR SIDE. PED HIT BY VEHICLE FROM THE LEFT,2,777021,1,0,1,0,1,2,1,5,Not at intersection,2,50,Local Road,CARDINIA,-38.084995,145.47888,3810.0,True,Preston HS,56303.3
T20230001737,2022-04-12,14:00:00,3,Struck animal,1,Sunday,167,STRUCK ANIMAL,1,751379,1,0,1,0,0,1,2,5,Not at intersection,2,100,Local Road,PYRENEES,-36.937653,143.2722,3477.0,True,William Ruthven SC,174773.9
T20210012829,2021-10-06,12:30:00,8,No collision and no object struck,5,Thursday,170,OFF CARRIAGEWAY TO LEFT,1,685348,1,0,1,0,0,1,2,5,Not at intersection,2,50,Local Road,GLEN EIRA,-37.880466,145.0127,3185.0,True,Preston HS,15437.9
T20240025523,2024-09-10,17:45:00,1,Collision with vehicle,4,Wednesday,113,RIGHT NEAR (INTERSECTIONS ONLY),1,43279,2,0,1,0,1,2,1,2,T intersection,2,70,Arterial Other,CASEY,-38.027782,145.26492,3976.0,True,Preston HS,39036.9
T20210025408,2021-11-12,22:59:00,2,Struck Pedestrian,7,Saturday,102,FAR SIDE. PED HIT BY VEHICLE FROM THE LEFT,4,704412,1,0,1,0,1,2,1,5,Not at intersection,2,60,Arterial Other,MONASH,-37.87485,145.11043,3149.0,True,Preston HS,17366.9
T20230020913,2023-03-09,23:32:00,2,Struck Pedestrian,1,Sunday,103,PED PLAYING/LYING/WORKING/STANDING ON CARRIAGEWAY.,9,780370,2,1,0,0,1,2,1,5,Not at intersection,1,50,,MANNINGHAM,-37.759705,145.173,3109.0,True,Reservoir HS,13290.8
T20230010651,2023-06-05,19:00:00,2,Struck Pedestrian,7,Saturday,100,PED NEAR SIDE. PED HIT BY VEHICLE FROM THE RIGHT.,3,779087,1,0,1,0,1,2,1,1,Cross intersection,2,40,Arterial Other,YARRA,-37.81009,144.99602,3121.0,True,Preston HS,7666.7
T20220009787,2022-02-05,09:05:00,2,Struck Pedestrian,2,Monday,100,PED NEAR SIDE. PED HIT BY VEHICLE FROM THE RIGHT.,1,713661,1,0,1,0,1,2,1,5,Not at intersection,2,60,Local Road,MOONEE VALLEY,-37.77453,144.92796,3032.0,True,Preston HS,7856.8
T20250002726,2025-01-02,15:05:00,1,Collision with vehicle,7,Saturday,121,RIGHT THROUGH,1,45835,2,0,1,0,1,2,1,1,Cross intersection,2,60,Arterial Other,MELBOURNE,-37.807133,144.96735,3053.0,True,Preston HS,8071.1
T20230013306,2023-08-06,07:44:00,2,Struck Pedestrian,4,Thursday,102,FAR SIDE. PED HIT BY VEHICLE FROM THE LEFT,2,783247,1,0,0,1,1,2,1,5,Not at intersection,3,60,Arterial Other,HUME,-37.575996,144.7285,3429.0,True,William Ruthven SC,27638.2
T20240011132,2024-02-05,20:20:00,1,Collision with vehicle,5,Thursday,147,VEHICLE STRIKES ANOTHER VEH WHILE EMERGING FROM DRIVEWAY,3,804927,2,0,1,0,2,3,1,5,Not at intersection,2,60,Local Road,BAW BAW,-38.1352,145.84319,3818.0,True,Reservoir HS,84860.6
T20250012233,2025-08-05,11:40:00,1,Collision with vehicle,4,Thursday,110,CROSS TRAFFIC(INTERSECTIONS ONLY),1,50167,2,0,0,1,1,2,1,4,Multiple intersection,3,60,Arterial Other,GEELONG,-38.180286,144.38234,3219.0,True,Preston HS,73337.1
T20230005217,2023-04-03,13:38:00,1,Collision with vehicle,7,Saturday,147,VEHICLE STRIKES ANOTHER VEH WHILE EMERGING FROM DRIVEWAY,1,759336,2,0,1,0,1,2,1,2,T intersection,2,60,Local Road,MILDURA,-34.19508,142.18205,3500.0,True,William Ruthven SC,464779.0
T20230021187,2023-10-09,13:29:00,2,Struck Pedestrian,1,Sunday,100,PED NEAR SIDE. PED HIT BY VEHICLE FROM THE RIGHT.,1,792282,1,0,0,1,1,2,1,5,Not at intersection,3,70,Arterial Other,MONASH,-37.909084,145.14148,3168.0,True,Preston HS,22039.1
T20230003286,2023-10-02,17:10:00,1,Collision with vehicle,5,Friday,133,LANE SIDE SWIPE (VEHICLES IN PARALLEL LANES),1,753687,2,0,0,1,1,2,1,5,Not at intersection,3,40,Local Road,HOBSONS BAY,-37.863056,144.90437,3016.0,True,Preston HS,16234.4
T20210017081,2021-06-08,14:00:00,1,Collision with vehicle,6,Friday,147,VEHICLE STRIKES ANOTHER VEH WHILE EMERGING FROM DRIVEWAY,1,690238,2,0,1,0,2,3,1,5,Not at intersection,2,60,Arterial Other,GEELONG,-38.097473,144.33409,3215.0,True,Preston HS,71064.5
T20240020249,2024-09-08,06:30:00,1,Collision with vehicle,6,Friday,130,REAR END(VEHICLES IN SAME LANE),9,807874,2,0,0,1,1,2,2,5,Not at intersection,3,999,Arterial Other,MELBOURNE,-37.82077,144.9243,3207.0,True,Preston HS,11412.9
T20230017926,2023-01-08,17:05:00,1,Collision with vehicle,3,Tuesday,110,CROSS TRAFFIC(INTERSECTIONS ONLY),1,35946,2,0,1,0,1,2,1,1,Cross intersection,2,40,Local Road,MORELAND,-37.758755,144.96545,3056.0,True,Preston HS,4123.8
T20220026375,2022-08-11,14:30:00,8,No collision and no object struck,3,Tuesday,184,OUT OF CONTROL ON CARRIAGEWAY (ON BEND),1,737134,1,0,0,1,0,1,2,2,T intersection,3,999,Arterial Other,SOUTH GIPPSLAND,-38.485752,146.1318,3953.0,True,Reservoir HS,128485.1
T20220004897,2022-04-03,21:58:00,1,Collision with vehicle,6,Friday,120,HEAD ON (NOT OVERTAKING),5,706509,2,0,1,0,1,2,1,5,Not at intersection,2,50,Arterial Other,YARRA RANGES,-37.860703,145.356,3787.0,True,Reservoir HS,32559.5
T20240025554,2024-09-10,21:45:00,1,Collision with vehicle,4,Wednesday,121,RIGHT THROUGH,5,42433,2,0,1,1,2,4,1,2,T intersection,2,60,Arterial Other,KINGSTON,-37.959785,145.13065,3169.0,True,Preston HS,26565.7
T20220027635,2022-04-12,17:30:00,1,Collision with vehicle,1,Sunday,130,REAR END(VEHICLES IN SAME LANE),1,744601,3,0,1,0,2,3,2,5,Not at intersection,2,80,Local Road,CARDINIA,-37.911694,145.4685,3782.0,True,Reservoir HS,43940.3
T20230021556,2023-09-09,12:50:00,2,Struck Pedestrian,7,Saturday,102,FAR SIDE. PED HIT BY VEHICLE FROM THE LEFT,1,226420,1,0,0,1,2,3,1,2,T intersection,3,40,Arterial Other,WHITEHORSE,-37.819225,145.1236,3128.0,True,Preston HS,13384.3
T20240017608,2024-12-07,12:38:00,2,Struck Pedestrian,6,Friday,100,PED NEAR SIDE. PED HIT BY VEHICLE FROM THE RIGHT.,1,40078,1,0,1,0,1,2,1,2,T intersection,2,40,Local Road,PORT PHILLIP,-37.866997,144.97842,3182.0,True,Preston HS,14158.4
T20220017455,2022-04-08,18:25:00,6,Vehicle overturned (no collision),5,Thursday,174,OUT OF CONTROL ON CARRIAGEWAY (ON STRAIGHT),3,721284,1,0,1,0,0,1,1,5,Not at intersection,2,60,Local Road,WHITTLESEA,-37.63081,145.086,3752.0,True,William Ruthven SC,10334.8
T20250009124,2025-04-04,17:59:00,1,Collision with vehicle,6,Friday,134,LANE CHANGE RIGHT (NOT OVERTAKING),1,817175,3,0,1,0,2,3,1,5,Not at intersection,2,100,Freeway,CASEY,-37.982937,145.24625,3802.0,True,Preston HS,34063.2
T20220008197,2022-12-04,13:18:00,1,Collision with vehicle,3,Tuesday,113,RIGHT NEAR (INTERSECTIONS ONLY),1,42292,2,1,0,0,1,2,1,1,Cross intersection,1,60,Arterial Other,MORELAND,-37.741726,144.94527,3044.0,True,Preston HS,5436.7
T20230001580,2023-02-01,14:40:00,1,Collision with vehicle,1,Monday,121,RIGHT THROUGH,1,51978,3,0,0,1,2,3,1,1,Cross intersection,3,60,Arterial Highway,EAST GIPPSLAND,-37.875015,148.00737,3909.0,True,Reservoir HS,262191.2
T20220025573,2022-10-11,17:07:00,2,Struck Pedestrian,5,Thursday,100,PED NEAR SIDE. PED HIT BY VEHICLE FROM THE RIGHT.,1,610306,1,0,0,2,0,2,2,1,Cross intersection,3,70,Arterial Other,MARIBYRNONG,-37.788578,144.88304,3012.0,True,Preston HS,12087.0
T20220007598,2021-10-12,20:00:00,1,Collision with vehicle,5,Friday,133,LANE SIDE SWIPE (VEHICLES IN PARALLEL LANES),2,709363,2,0,0,1,1,2,2,5,Not at intersection,3,60,Arterial Other,HUME,-37.68735,144.93672,3047.0,True,William Ruthven SC,5919.9
T20220016418,2022-03-07,13:00:00,7,Fall from or in moving vehicle,1,Sunday,190,FELL IN/FROM VEHICLE,1,718957,1,0,0,1,0,1,2,5,Not at intersection,3,60,Local Road,BENDIGO,-36.658863,144.27094,3556.0,True,William Ruthven SC,132361.8
T20220020586,2022-11-09,02:30:00,2,Struck Pedestrian,0,Sunday,104,PED WALKING WITH TRAFFIC,3,49935,1,0,1,0,1,2,2,1,Cross intersection,2,70,Arterial Highway,GEELONG,-38.147438,144.35275,3220.0,True,Preston HS,72991.7
T20240013512,2024-03-05,18:30:00,2,Struck Pedestrian,6,Friday,100,PED NEAR SIDE. PED HIT BY VEHICLE FROM THE RIGHT.,1,804292,1,0,0,1,1,2,2,5,Not at intersection,3,40,Local Road,MERRI-BEK,-37.75235,144.9653,3058.0,True,Preston HS,3861.3
T20250009831,2025-11-04,16:45:00,2,Struck Pedestrian,6,Friday,100,PED NEAR SIDE. PED HIT BY VEHICLE FROM THE RIGHT.,2,820219,1,0,1,0,2,3,1,2,T intersection,2,50,Local Road,WHITTLESEA,-37.669327,145.02402,3075.0,True,William Ruthven SC,3547.0
T20250020843,2025-06-08,19:45:00,1,Collision with vehicle,3,Wednesday,140,U TURN,3,823223,2,0,1,0,2,3,1,5,Not at intersection,2,50,Local Road,MERRI-BEK,-37.771645,144.97168,3057.0,True,Preston HS,4558.9
T20240028162,2024-10-10,17:00:00,1,Collision with vehicle,5,Thursday,148,VEHICLE OFF FOOTPATH STRIKES VEH ON CARRIAGEWAY,1,799988,2,0,1,0,1,2,2,2,T intersection,2,888,Local Road,MAROONDAH,-37.815365,145.22736,3134.0,True,Reservoir HS,20239.3
T20230003450,2023-01-02,12:30:00,8,No collision and no object struck,4,Wednesday,174,OUT OF CONTROL ON CARRIAGEWAY (ON STRAIGHT),1,29550,1,0,0,1,0,1,2,1,Cross intersection,3,60,Arterial Other,BOROONDARA,-37.829857,145.04366,3122.0,True,Preston HS,10315.7
T20240017067,2024-05-07,23:50:00,2,Struck Pedestrian,6,Friday,102,FAR SIDE. PED HIT BY VEHICLE FROM THE LEFT,3,806008,1,0,1,0,1,2,1,5,Not at intersection,2,70,Arterial Highway,PORT PHILLIP,-37.85995,145.00717,3183.0,True,Preston HS,13148.8
T20240028463,2024-07-11,19:30:00,2,Struck Pedestrian,5,Thursday,108,PED STRUCK WALKING TO/FROM OR BOARDING/ALIGHTING VEHICLE.,1,277994,1,0,0,1,1,2,2,1,Cross intersection,3,60,Local Road,DAREBIN,-37.74564,145.0062,3072.0,True,Preston HS,445.2
T20210020372,2021-06-10,17:35:00,4,Collision with a fixed object,4,Wednesday,151,OUT OF CONTROL (OVERTAKING),1,698763,2,0,0,1,1,2,1,5,Not at intersection,3,80,Arterial Highway,KNOX,-37.898582,145.2329,3179.0,True,Preston HS,26413.7
T20250005726,2025-02-03,09:00:00,6,Vehicle overturned (no collision),1,Sunday,174,OUT OF CONTROL ON CARRIAGEWAY (ON STRAIGHT),1,52450,1,0,1,0,0,1,2,2,T intersection,2,60,Arterial Other,SOUTH GIPPSLAND,-38.65008,146.20467,3960.0,True,Preston HS,145444.2
T20230003325,2023-10-02,21:30:00,2,Struck Pedestrian,6,Friday,100,PED NEAR SIDE. PED HIT BY VEHICLE FROM THE RIGHT.,3,65713,1,0,1,0,1,2,1,2,T intersection,2,50,Local Road,MARIBYRNONG,-37.80978,144.88986,3013.0,True,Preston HS,12786.1
T20220007501,2022-04-04,08:30:00,4,Collision with a fixed object,2,Monday,181,OFF RIGHT BEND INTO OBJECT/PARKED VEHICLE,1,718136,1,0,1,0,0,1,1,5,Not at intersection,2,100,Arterial Other,SHEPPARTON,-36.313595,145.27383,3629.0,True,William Ruthven SC,155645.5
T20240004961,2024-11-02,12:25:00,1,Collision with vehicle,1,Sunday,163,VEHICLE STRIKES DOOR OF PARKED/STATIONARY VEHICLE,1,800876,3,0,0,1,3,4,2,5,Not at intersection,3,40,Local Road,MELBOURNE,-37.808586,144.96616,3000.0,True,Preston HS,8262.1
T20220002626,2022-07-02,13:40:00,1,Collision with vehicle,2,Monday,140,U TURN,1,704442,2,0,1,0,1,2,1,5,Not at intersection,2,60,Arterial Highway,SOUTH GIPPSLAND,-38.474644,145.9481,3953.0,True,Preston HS,115846.1
T20230029153,2023-06-12,13:00:00,6,Vehicle overturned (no collision),4,Wednesday,174,OUT OF CONTROL ON CARRIAGEWAY (ON STRAIGHT),1,791487,2,0,0,1,1,2,2,2,T intersection,3,60,Local Road,BRIMBANK,-37.709087,144.88734,3043.0,True,William Ruthven SC,10269.7
T20220027511,2022-04-12,13:05:00,5,collision with some other object,0,Sunday,166,STRUCK OBJECT ON CARRIAGEWAY,1,739562,1,0,0,1,0,1,1,5,Not at intersection,3,80,Arterial Other,YARRA RANGES,-37.563976,145.90573,3779.0,True,Reservoir HS,79143.6
T20240014698,2024-09-06,10:30:00,4,Collision with a fixed object,1,Sunday,171,LEFT OFF CARRIAGEWAY INTO OBJECT/PARKED VEHICLE,1,807117,1,0,1,2,1,4,1,5,Not at intersection,2,60,Local Road,HOBSONS BAY,-37.873497,144.77728,3028.0,True,Preston HS,24948.3
T20240003680,2024-10-02,09:30:00,3,Struck animal,6,Saturday,167,STRUCK ANIMAL,1,798160,1,0,1,0,0,1,2,5,Not at intersection,2,70,Local Road,SURF COAST,-38.421837,143.92938,3235.0,True,Preston HS,120900.1
T20220017570,2022-04-08,16:45:00,4,Collision with a fixed object,5,Thursday,181,OFF RIGHT BEND INTO OBJECT/PARKED VEHICLE,1,782312,1,0,0,1,0,1,2,5,Not at intersection,3,80,Local Road,EAST GIPPSLAND,-37.75984,147.8672,3885.0,True,Reservoir HS,249556.4
T20240005490,2024-04-03,11:40:00,8,No collision and no object struck,2,Monday,174,OUT OF CONTROL ON CARRIAGEWAY (ON STRAIGHT),1,799282,1,0,1,0,0,1,1,5,Not at intersection,2,100,Local Road,MOUNT ALEXANDER,-37.12313,144.1716,3451.0,True,William Ruthven SC,97248.9
T20230026645,2023-12-11,12:30:00,1,Collision with vehicle,0,Sunday,110,CROSS TRAFFIC(INTERSECTIONS ONLY),1,39241,2,0,0,1,1,2,2,1,Cross intersection,3,50,Local Road,WHITEHORSE,-37.80968,145.10669,3129.0,True,Preston HS,11565.2
T20210020650,2021-11-10,13:08:00,1,Collision with vehicle,1,Monday,137,LEFT TURN SIDESWIPE,1,694855,2,0,0,1,1,2,1,5,Not at intersection,3,999,Local Road,PORT PHILLIP,-37.86698,145.0043,3183.0,True,Preston HS,13932.7
T20240020099,2024-02-08,10:30:00,6,Vehicle overturned (no collision),6,Friday,184,OUT OF CONTROL ON CARRIAGEWAY (ON BEND),1,807786,1,0,0,1,0,1,2,5,Not at intersection,3,888,Local Road,MOORABOOL,-37.62676,144.13174,3352.0,True,William Ruthven SC,77083.5
T20240011771,2024-09-05,08:40:00,1,Collision with vehicle,5,Thursday,147,VEHICLE STRIKES ANOTHER VEH WHILE EMERGING FROM DRIVEWAY,1,803219,1,0,0,1,1,2,2,5,Not at intersection,3,50,Arterial Other,BOROONDARA,-37.865124,145.09093,3147.0,True,Preston HS,15575.5
T20220008069,2022-09-04,08:00:00,6,Vehicle overturned (no collision),7,Saturday,184,OUT OF CONTROL ON CARRIAGEWAY (ON BEND),2,238573,1,0,0,1,0,1,2,2,T intersection,3,70,Arterial Highway,YARRA RANGES,-37.78374,145.62619,3797.0,True,Reservoir HS,52909.4
T20230025920,2023-05-11,15:10:00,6,Vehicle overturned (no collision),1,Sunday,184,OUT OF CONTROL ON CARRIAGEWAY (ON BEND),1,805002,1,0,1,0,0,1,1,5,Not at intersection,2,100,Local Road,MANSFIELD,-37.06105,145.85457,3720.0,True,William Ruthven SC,103223.0
T20220023352,2022-08-10,12:02:00,8,No collision and no object struck,7,Saturday,174,OUT OF CONTROL ON CARRIAGEWAY (ON STRAIGHT),1,734868,1,0,1,0,0,1,2,5,Not at intersection,2,100,Local Road,BAW BAW,-38.230984,145.79208,3818.0,True,Reservoir HS,87560.6
T20240005816,2024-07-03,06:40:00,2,Struck Pedestrian,4,Thursday,100,PED NEAR SIDE. PED HIT BY VEHICLE FROM THE RIGHT.,9,40650,1,0,0,1,1,2,2,1,Cross intersection,3,999,Arterial Highway,WHITEHORSE,-37.849617,145.10902,3125.0,True,Preston HS,14973.1
T20240017452,2024-10-07,18:32:00,2,Struck Pedestrian,4,Wednesday,102,FAR SIDE. PED HIT BY VEHICLE FROM THE LEFT,3,37219,1,0,1,0,1,2,1,1,Cross intersection,2,40,Arterial Other,YARRA,-37.81057,145.00064,3121.0,True,Preston HS,7679.0
T20230000796,2023-12-01,08:26:00,2,Struck Pedestrian,5,Thursday,102,FAR SIDE. PED HIT BY VEHICLE FROM THE LEFT,1,28,4,0,1,2,2,5,1,2,T intersection,2,60,Arterial Other,BAYSIDE,-37.91249,144.98576,3186.0,True,Preston HS,19083.2
T20220009779,2022-02-05,06:10:00,1,Collision with vehicle,2,Monday,134,LANE CHANGE RIGHT (NOT OVERTAKING),3,711305,2,0,0,1,1,2,2,5,Not at intersection,3,60,Arterial Other,MELBOURNE,-37.805515,144.9434,3003.0,True,Preston HS,9038.7
T20240027635,2024-01-10,07:30:00,2,Struck Pedestrian,2,Tuesday,100,PED NEAR SIDE. PED HIT BY VEHICLE FROM THE RIGHT.,1,810419,1,0,0,1,1,2,1,5,Not at intersection,3,50,Local Road,DAREBIN,-37.76751,144.99547,3070.0,True,Preston HS,3046.6
T20230000395,2023-06-01,18:45:00,1,Collision with vehicle,5,Friday,110,CROSS TRAFFIC(INTERSECTIONS ONLY),1,43662,2,0,0,1,2,3,1,1,Cross intersection,3,60,Arterial Other,HUME,-37.578457,144.71011,3429.0,True,William Ruthven SC,28939.4
T20250000204,2025-03-01,14:00:00,6,Vehicle overturned (no collision),6,Friday,174,OUT OF CONTROL ON CARRIAGEWAY (ON STRAIGHT),1,814044,2,0,1,0,2,3,1,5,Not at intersection,2,80,Arterial Other,MURRINDINDI,-37.26282,145.25087,3658.0,True,William Ruthven SC,52955.8
T20230018759,2023-11-08,23:15:00,6,Vehicle overturned (no collision),6,Friday,184,OUT OF CONTROL ON CARRIAGEWAY (ON BEND),3,41008,1,0,0,1,0,1,2,2,T intersection,3,50,Arterial Other,KNOX,-37.862392,145.28381,3155.0,True,Reservoir HS,27240.8
T20240017763,2024-06-07,12:40:00,1,Collision with vehicle,6,Saturday,110,CROSS TRAFFIC(INTERSECTIONS ONLY),1,51833,2,0,0,1,1,2,1,1,Cross intersection,3,50,Local Road,MACEDON RANGES,-37.24556,144.45135,3444.0,True,William Ruthven SC,69890.4
T20210021265,2021-11-09,12:00:00,4,Collision with a fixed object,7,Saturday,189,OTHER ACCIDENTS ON CURVE NOT INCLUDED IN DCAs 180-184,1,695683,1,0,0,1,0,1,2,9,Unknown,3,30,Local Road,MOUNT ALEXANDER,-37.005764,144.30894,3453.0,True,William Ruthven SC,98302.7
T20250011776,2025-03-05,09:15:00,1,Collision with vehicle,6,Saturday,147,VEHICLE STRIKES ANOTHER VEH WHILE EMERGING FROM DRIVEWAY,1,818106,2,0,0,1,1,2,2,5,Not at intersection,3,999,Arterial Other,BAYSIDE,-37.94675,145.02213,3188.0,True,Preston HS,22838.7
T20210005384,2021-11-03,08:20:00,1,Collision with vehicle,5,Thursday,121,RIGHT THROUGH,1,65200,2,0,1,0,1,2,1,2,T intersection,2,60,Local Road,MARIBYRNONG,-37.798435,144.88693,3011.0,True,Preston HS,12303.1
T20220027952,2021-08-12,20:30:00,1,Collision with vehicle,4,Wednesday,142,LEAVING PARKING,9,742212,2,0,0,1,1,2,2,5,Not at intersection,3,50,Local Road,WHITTLESEA,-37.675823,145.05438,3082.0,True,William Ruthven SC,5075.1
T20220003115,2022-12-02,23:00:00,4,Collision with a fixed object,6,Saturday,141,U TURN INTO FIXED OBJECT/PARKED VEHICLE,3,29565,1,0,0,1,0,1,1,2,T intersection,3,60,Arterial Highway,WHITEHORSE,-37.8189,145.13062,3128.0,True,Preston HS,13839.5
T20240032379,2024-05-12,16:00:00,2,Struck Pedestrian,5,Thursday,100,PED NEAR SIDE. PED HIT BY VEHICLE FROM THE RIGHT.,1,812740,1,0,0,1,1,2,2,5,Not at intersection,3,50,Local Road,MAROONDAH,-37.795643,145.30139,3136.0,True,Reservoir HS,25259.6
T20240005824,2024-03-03,17:30:00,1,Collision with vehicle,1,Sunday,136,RIGHT TURN SIDESWIPE,1,804561,2,0,0,1,1,2,2,2,T intersection,3,60,Local Road,GLEN EIRA,-37.872993,145.00816,3183.0,True,Preston HS,14599.4
T20240014155,2024-01-06,15:00:00,6,Vehicle overturned (no collision),7,Saturday,182,OFF CARRIAGEWAY ON LEFT BEND,1,804922,1,0,1,0,0,1,2,5,Not at intersection,2,999,Local Road,MURRINDINDI,-37.220493,145.87291,3713.0,True,Reservoir HS,93037.2
T20250015719,2025-12-06,18:00:00,2,Struck Pedestrian,5,Thursday,102,FAR SIDE. PED HIT BY VEHICLE FROM THE LEFT,3,819257,1,1,0,0,1,2,1,2,T intersection,1,40,Arterial Other,STONNINGTON,-37.852795,145.03882,3144.0,True,Preston HS,12663.7
T20220007328,2022-01-04,17:52:00,1,Collision with vehicle,6,Friday,119,OTHER ADJACENT (INTERSECTIONS ONLY),1,330885,2,0,0,1,1,2,1,4,Multiple intersection,3,80,Freeway,KNOX,-37.92559,145.21379,3178.0,True,Preston HS,27342.1
T20210019221,2021-12-05,13:25:00,2,Struck Pedestrian,4,Wednesday,100,PED NEAR SIDE. PED HIT BY VEHICLE FROM THE RIGHT.,1,692994,1,0,0,1,1,2,1,5,Not at intersection,3,999,Local Road,WODONGA,-36.13257,146.94763,3691.0,True,William Ruthven SC,245207.5
T20250009085,2025-03-04,07:35:00,1,Collision with vehicle,4,Thursday,147,VEHICLE STRIKES ANOTHER VEH WHILE EMERGING FROM DRIVEWAY,2,817305,2,0,0,1,2,3,2,2,T intersection,3,40,Local Road,YARRA,-37.82884,144.98859,3121.0,True,Preston HS,9825.1
T20220015558,2022-12-07,09:23:00,8,No collision and no object struck,3,Tuesday,182,OFF CARRIAGEWAY ON LEFT BEND,1,725461,1,0,1,0,0,1,1,2,T intersection,2,60,Local Road,BAYSIDE,-37.908176,144.98767,3186.0,True,Preston HS,18589.8
T20230002529,2023-01-02,12:20:00,6,Vehicle overturned (no collision),4,Wednesday,174,OUT OF CONTROL ON CARRIAGEWAY (ON STRAIGHT),1,751716,1,0,0,1,0,1,1,5,Not at intersection,3,40,Arterial Other,YARRA,-37.811085,145.00586,3121.0,True,Preston HS,7716.0
T20230016177,2023-12-07,17:56:00,1,Collision with vehicle,3,Wednesday,121,RIGHT THROUGH,2,778035,2,0,0,1,1,2,1,1,Cross intersection,3,60,Local Road,WYNDHAM,-37.884598,144.73294,3030.0,True,Preston HS,28853.1
T20230018648,2023-02-08,17:05:00,1,Collision with vehicle,3,Wednesday,121,RIGHT THROUGH,1,35371,2,0,0,1,1,2,2,1,Cross intersection,3,60,Arterial Other,MELBOURNE,-37.816467,144.97905,3002.0,True,Preston HS,8671.5
T20240017524,2024-11-07,16:01:00,1,Collision with vehicle,5,Thursday,121,RIGHT THROUGH,1,37890,2,0,1,0,1,2,1,2,T intersection,2,60,Arterial Highway,DAREBIN,-37.7442,144.99394,3072.0,True,Preston HS,1190.1
T20250012066,2025-06-05,14:18:00,1,Collision with vehicle,3,Tuesday,121,RIGHT THROUGH,1,821260,2,0,1,0,1,2,1,5,Not at intersection,2,50,Local Road,DAREBIN,-37.718475,144.99385,3073.0,True,William Ruthven SC,2568.2
T20210000613,2021-10-01,12:50:00,8,No collision and no object struck,0,Sunday,170,OFF CARRIAGEWAY TO LEFT,1,673047,1,0,0,1,0,1,1,5,Not at intersection,3,100,Local Road,EAST GIPPSLAND,-37.800076,148.73375,3888.0,True,Reservoir HS,325732.7
T20240031013,2024-04-12,00:20:00,2,Struck Pedestrian,3,Wednesday,102,FAR SIDE. PED HIT BY VEHICLE FROM THE LEFT,3,813446,1,0,1,0,1,2,1,5,Not at intersection,2,50,Local Road,DANDENONG,-37.984608,145.20189,3175.0,True,Preston HS,31968.0
T20220022453,2022-05-10,19:00:00,2,Struck Pedestrian,4,Wednesday,100,PED NEAR SIDE. PED HIT BY VEHICLE FROM THE RIGHT.,2,40806,1,0,0,1,1,2,2,1,Cross intersection,3,80,Local Road,WHITEHORSE,-37.84856,145.17044,3133.0,True,Preston HS,18632.6
T20230020597,2023-03-09,12:05:00,4,Collision with a fixed object,1,Sunday,181,OFF RIGHT BEND INTO OBJECT/PARKED VEHICLE,1,805555,1,0,1,0,0,1,1,5,Not at intersection,2,100,Arterial Other,CARDINIA,-37.9084,145.59024,3783.0,True,Reservoir HS,53430.9
T20210005669,2021-11-03,15:30:00,6,Vehicle overturned (no collision),5,Thursday,184,OUT OF CONTROL ON CARRIAGEWAY (ON BEND),1,71092,1,0,1,0,0,1,2,2,T intersection,2,999,Local Road,DANDENONG,-38.03314,145.18002,3175.0,True,Preston HS,35783.6
T20220020411,2022-10-09,11:50:00,6,Vehicle overturned (no collision),7,Saturday,184,OUT OF CONTROL ON CARRIAGEWAY (ON BEND),1,724685,1,0,1,0,0,1,1,5,Not at intersection,2,80,Arterial Other,BAW BAW,-38.090405,145.83112,3818.0,True,Reservoir HS,81375.0
T20250020341,2025-01-08,05:30:00,2,Struck Pedestrian,6,Friday,102,FAR SIDE. PED HIT BY VEHICLE FROM THE LEFT,3,822242,1,0,2,1,0,3,1,5,Not at intersection,2,50,Local Road,DANDENONG,-37.977425,145.21985,3175.0,True,Preston HS,32185.1
T20230005947,2023-12-03,17:04:00,1,Collision with vehicle,0,Sunday,130,REAR END(VEHICLES IN SAME LANE),1,40912,2,0,0,1,2,3,1,1,Cross intersection,3,80,Arterial Other,KNOX,-37.864902,145.23726,3152.0,True,Reservoir HS,24179.9
T20230010383,2023-03-05,17:00:00,2,Struck Pedestrian,3,Wednesday,100,PED NEAR SIDE. PED HIT BY VEHICLE FROM THE RIGHT.,1,786726,1,0,1,0,1,2,1,2,T intersection,2,70,Arterial Other,MORELAND,-37.70449,144.96036,3060.0,True,William Ruthven SC,3853.3
T20220012995,2022-08-06,17:22:00,2,Struck Pedestrian,3,Wednesday,100,PED NEAR SIDE. PED HIT BY VEHICLE FROM THE RIGHT.,3,715865,1,0,0,1,1,2,1,2,T intersection,3,70,Arterial Highway,FRANKSTON,-38.13551,145.12428,3199.0,True,Preston HS,44979.3