ACCIDENT_NO,ACCIDENT_DATE,ACCIDENT_TIME,ACCIDENT_TYPE,ACCIDENT_TYPE_DESC,DAY_OF_WEEK,DAY_WEEK_DESC,DCA_CODE,DCA_DESC,LIGHT_CONDITION,NODE_ID,NO_OF_VEHICLES,NO_PERSONS_KILLED,NO_PERSONS_INJ_2,NO_PERSONS_INJ_3,NO_PERSONS_NOT_INJ,NO_PERSONS,POLICE_ATTEND,ROAD_GEOMETRY,ROAD_GEOMETRY_DESC,SEVERITY,SPEED_ZONE,RMA,LGA_NAME,LATITUDE,LONGITUDE,POSTCODE_CRASH,PED_OR_CYC,nearest_school,dist_to_gate_m
T20240006017,2024-07-03,12:00:00,2,Struck Pedestrian,4,Thursday,107,PED ON FOOTHPATH STRUCK BY VEHENTERING/LEAVING DRIVEWAY.,1,800378,1,0,1,0,1,2,2,5,Not at intersection,2,40,Local Road,PORT PHILLIP,-37.860577,144.99176,3182.0,True,Preston HS,13287.1
T20220010418,2022-09-05,06:30:00,1,Collision with vehicle,2,Monday,147,VEHICLE STRIKES ANOTHER VEH WHILE EMERGING FROM DRIVEWAY,6,714401,2,0,1,0,1,2,2,5,Not at intersection,2,999,Local Road,YARRA,-37.77726,144.9879,3068.0,True,Preston HS,4299.3
T20230023876,2023-04-10,15:15:00,6,Vehicle overturned (no collision),4,Wednesday,174,OUT OF CONTROL ON CARRIAGEWAY (ON STRAIGHT),1,790687,1,0,0,1,0,1,2,5,Not at intersection,3,40,Local Road,MORELAND,-37.769188,144.97212,3057.0,True,Preston HS,4335.8
T20240014397,2024-03-06,17:45:00,1,Collision with vehicle,2,Monday,163,VEHICLE STRIKES DOOR OF PARKED/STATIONARY VEHICLE,2,65743,2,0,0,1,2,3,2,1,Cross intersection,3,40,Local Road,MELBOURNE,-37.810318,144.96136,3000.0,True,Preston HS,8624.2
T20240003063,2024-05-02,17:30:00,8,No collision and no object struck,2,Monday,174,OUT OF CONTROL ON CARRIAGEWAY (ON STRAIGHT),1,38051,2,0,0,1,1,2,2,1,Cross intersection,3,60,Arterial Other,DAREBIN,-37.7834,145.01738,3078.0,True,Preston HS,4724.1
T20240001256,2024-05-01,10:00:00,8,No collision and no object struck,6,Friday,149,OTHER MANOEUVRING NOT INCLUDED IN DCAs 140-148,1,125519,2,0,0,1,1,2,2,5,Not at intersection,3,40,Local Road,MELBOURNE,-37.810513,144.96144,3000.0,True,Preston HS,8640.2
T20230012776,2023-01-06,08:00:00,1,Collision with vehicle,5,Thursday,134,LANE CHANGE RIGHT (NOT OVERTAKING),2,140180,2,0,1,0,1,2,1,5,Not at intersection,2,100,Freeway,MONASH,-37.926918,145.18211,3170.0,True,Preston HS,25698.0
T20220002799,2022-05-02,17:00:00,8,No collision and no object struck,6,Saturday,184,OUT OF CONTROL ON CARRIAGEWAY (ON BEND),1,704408,1,0,0,1,0,1,2,2,T intersection,3,40,Arterial Other,(FALLS CREEK),-36.84205,147.25139,3699.0,True,Reservoir HS,219602.4
T20210000355,2021-06-01,17:45:00,1,Collision with vehicle,4,Wednesday,110,CROSS TRAFFIC(INTERSECTIONS ONLY),1,36298,2,0,1,0,1,2,1,1,Cross intersection,2,50,Local Road,MAROONDAH,-37.77449,145.27556,3136.0,True,Reservoir HS,22404.6
T20230010124,2023-01-05,11:15:00,2,Struck Pedestrian,1,Monday,102,FAR SIDE. PED HIT BY VEHICLE FROM THE LEFT,1,771960,1,0,0,1,1,2,1,1,Cross intersection,3,40,Local Road,LATROBE,-38.238552,146.39749,3840.0,True,Reservoir HS,132933.6
T20210020365,2021-06-10,16:45:00,1,Collision with vehicle,4,Wednesday,133,LANE SIDE SWIPE (VEHICLES IN PARALLEL LANES),1,696987,2,0,1,0,1,2,1,5,Not at intersection,2,50,Local Road,WHITEHORSE,-37.85968,145.18248,3133.0,True,Preston HS,20237.0
T20210019024,2021-11-09,12:03:00,6,Vehicle overturned (no collision),7,Saturday,174,OUT OF CONTROL ON CARRIAGEWAY (ON STRAIGHT),1,696110,1,0,1,0,0,1,1,5,Not at intersection,2,100,Local Road,MILDURA,-34.50014,142.2998,3494.0,True,William Ruthven SC,430428.8
T20240006951,2024-08-03,13:30:00,1,Collision with vehicle,6,Friday,143,ENTERING PARKING,1,800110,2,0,0,1,1,2,2,5,Not at intersection,3,50,Arterial Other,DAREBIN,-37.77725,145.01842,3078.0,True,Preston HS,4076.3
T20220022990,2022-12-10,15:23:00,2,Struck Pedestrian,4,Wednesday,102,FAR SIDE. PED HIT BY VEHICLE FROM THE LEFT,1,732109,1,0,1,0,1,2,1,2,T intersection,2,60,Arterial Other,BOROONDARA,-37.79824,145.08417,3104.0,True,Preston HS,9242.1
T20220017826,2022-09-08,17:42:00,1,Collision with vehicle,2,Tuesday,121,RIGHT THROUGH,2,36654,2,0,1,0,1,2,1,1,Cross intersection,2,50,Local Road,YARRA,-37.804806,144.99025,3066.0,True,Preston HS,7171.7
T20220015315,2022-08-07,15:12:00,1,Collision with vehicle,6,Friday,149,OTHER MANOEUVRING NOT INCLUDED IN DCAs 140-148,1,718609,2,0,1,0,1,2,1,5,Not at intersection,2,60,Arterial Other,KINGSTON,-37.988873,145.07008,3195.0,True,Preston HS,28034.9
T20220022674,2022-08-10,13:00:00,4,Collision with a fixed object,7,Saturday,173,RIGHT OFF CARRIAGEWAY INTO OBJECT/PARKED VEHICLE,1,783126,2,0,0,2,1,3,1,5,Not at intersection,3,50,Local Road,YARRA RANGES,-37.72167,145.7734,3799.0,True,Reservoir HS,65437.6
T20240017268,2024-08-07,19:25:00,1,Collision with vehicle,2,Monday,123,RIGHT/LEFT. ONE VEH TURNING RIGHT THE OTHER LEFT.,3,352756,2,0,1,0,1,2,1,1,Cross intersection,2,80,Arterial Highway,CASEY,-38.10545,145.28183,3977.0,True,Preston HS,47081.5
T20250000937,2025-12-01,15:25:00,1,Collision with vehicle,1,Sunday,110,CROSS TRAFFIC(INTERSECTIONS ONLY),1,45046,2,0,0,1,1,2,1,1,Cross intersection,3,60,Local Road,LATROBE,-38.20213,146.55115,3844.0,True,Reservoir HS,143675.6
T20230016519,2023-11-07,18:00:00,1,Collision with vehicle,3,Tuesday,130,REAR END(VEHICLES IN SAME LANE),2,36481,2,0,0,1,1,2,2,1,Cross intersection,3,50,Arterial Other,YARRA,-37.78973,144.97992,3068.0,True,Preston HS,5850.7
T20210012797,2021-07-06,14:00:00,1,Collision with vehicle,1,Monday,147,VEHICLE STRIKES ANOTHER VEH WHILE EMERGING FROM DRIVEWAY,1,785027,2,0,1,0,1,2,2,5,Not at intersection,2,999,Arterial Highway,KINGSTON,-38.07176,145.12141,3196.0,True,Preston HS,38046.6
T20210020407,2021-07-10,12:13:00,1,Collision with vehicle,5,Thursday,137,LEFT TURN SIDESWIPE,1,697163,2,0,0,1,1,2,1,5,Not at intersection,3,80,Arterial Highway,DANDENONG,-37.965424,145.13472,3172.0,True,Preston HS,27283.9
T20240010990,2024-12-02,07:30:00,2,Struck Pedestrian,2,Monday,100,PED NEAR SIDE. PED HIT BY VEHICLE FROM THE RIGHT.,1,807461,1,0,0,1,1,2,1,5,Not at intersection,3,60,Arterial Highway,BENDIGO,-36.797913,144.24367,3555.0,True,William Ruthven SC,120422.6
T20240009108,2024-11-04,17:30:00,1,Collision with vehicle,5,Thursday,130,REAR END(VEHICLES IN SAME LANE),3,802172,2,0,1,0,2,3,1,5,Not at intersection,2,80,Arterial Highway,DANDENONG,-37.994957,145.1794,3173.0,True,Preston HS,31965.4
T20220004794,2022-03-03,07:27:00,1,Collision with vehicle,5,Thursday,160,VEHICLE COLLIDES WITH VEHICLE PARKED ON LEFT OF ROAD,1,708588,2,0,1,0,0,1,1,5,Not at intersection,2,60,Arterial Other,BOROONDARA,-37.808006,145.04071,3101.0,True,Preston HS,7942.7
T20220013248,2022-07-06,14:30:00,1,Collision with vehicle,3,Tuesday,130,REAR END(VEHICLES IN SAME LANE),1,715234,2,0,0,1,1,2,2,1,Cross intersection,3,70,Arterial Highway,GLEN EIRA,-37.903233,145.03484,3162.0,True,Preston HS,18126.2
T20220014937,2022-04-07,07:24:00,1,Collision with vehicle,1,Monday,114,TWO RIGHT TURNING (INTERSECTIONS ONLY),2,56730,2,0,0,1,1,2,1,2,T intersection,3,60,Local Road,WHITTLESEA,-37.688652,145.03484,3074.0,True,William Ruthven SC,2936.5
T20240024960,2024-03-10,18:05:00,1,Collision with vehicle,5,Thursday,113,RIGHT NEAR (INTERSECTIONS ONLY),1,809274,2,0,1,0,1,2,1,2,T intersection,2,50,Arterial Other,DAREBIN,-37.782486,145.00844,3070.0,True,Preston HS,4536.7
T20240027734,2024-02-05,21:10:00,1,Collision with vehicle,5,Thursday,121,RIGHT THROUGH,9,29666,2,0,0,1,1,2,2,1,Cross intersection,3,999,Arterial Other,MONASH,-37.90669,145.14195,3168.0,True,Preston HS,21837.2
T20250000615,2025-08-01,16:08:00,1,Collision with vehicle,4,Wednesday,132,RIGHT REAR.,1,45243,2,0,1,0,1,2,1,2,T intersection,2,60,Arterial Other,MARIBYRNONG,-37.769207,144.89412,3032.0,True,Preston HS,10392.8
T20240022865,2024-08-09,15:44:00,1,Collision with vehicle,1,Sunday,148,VEHICLE OFF FOOTPATH STRIKES VEH ON CARRIAGEWAY,1,39372,2,0,1,0,3,4,1,2,T intersection,2,60,Arterial Other,WHITEHORSE,-37.830696,145.13869,3130.0,True,Preston HS,15220.1
T20250011821,2025-03-05,15:36:00,1,Collision with vehicle,6,Saturday,110,CROSS TRAFFIC(INTERSECTIONS ONLY),1,48753,2,0,0,1,1,2,1,1,Cross intersection,3,60,Local Road,BRIMBANK,-37.7531,144.78185,3023.0,True,Preston HS,19845.3
T20240016613,2024-01-07,13:50:00,1,Collision with vehicle,2,Monday,112,LEFT FAR (INTERSECTIONS ONLY),1,54630,2,0,0,1,2,3,1,1,Cross intersection,3,60,Arterial Other,BAW BAW,-38.16102,145.92464,3820.0,True,Reservoir HS,92421.6
T20220020828,2022-02-09,22:30:00,8,No collision and no object struck,5,Friday,180,OFF CARRIAGEWAY ON RIGHT BEND,5,725199,1,0,0,1,0,1,2,5,Not at intersection,3,100,Arterial Other,MORNINGTON PENINSULA,-38.45082,145.0225,3929.0,True,Preston HS,78862.1
T20230018402,2023-07-08,17:21:00,2,Struck Pedestrian,1,Monday,107,PED ON FOOTHPATH STRUCK BY VEHENTERING/LEAVING DRIVEWAY.,1,778800,1,0,1,0,1,2,1,5,Not at intersection,2,50,Local Road,WHITTLESEA,-37.62074,145.03291,3750.0,True,William Ruthven SC,8830.5
T20250019723,2025-10-05,15:30:00,1,Collision with vehicle,6,Saturday,111,RIGHT FAR (INTERSECTIONS ONLY),1,24063,2,0,0,1,1,2,1,2,T intersection,3,60,Arterial Other,BAW BAW,-38.110706,145.76566,3816.0,True,Reservoir HS,77689.5
T20240020068,2024-08-08,08:28:00,1,Collision with vehicle,4,Thursday,121,RIGHT THROUGH,1,825548,2,0,0,1,1,2,1,5,Not at intersection,3,40,Arterial Other,BOROONDARA,-37.813904,145.03009,3122.0,True,Preston HS,8279.1
T20230010800,2023-08-05,18:45:00,1,Collision with vehicle,2,Monday,163,VEHICLE STRIKES DOOR OF PARKED/STATIONARY VEHICLE,3,776145,2,0,1,0,1,2,2,5,Not at intersection,2,999,Local Road,PORT PHILLIP,-37.862106,145.00357,3183.0,True,Preston HS,13392.1
T20210005044,2021-07-03,19:05:00,1,Collision with vehicle,1,Sunday,139,OTHER SAME DIRECTION-MANOUEVRES NOT INCLUDED IN DCAs 130-137,1,678778,2,0,1,0,0,1,1,5,Not at intersection,2,50,Local Road,NORTHERN GRAMPIANS,-37.06299,142.78297,3380.0,True,William Ruthven SC,208417.9
T20210022538,2021-06-11,08:00:00,1,Collision with vehicle,7,Saturday,113,RIGHT NEAR (INTERSECTIONS ONLY),1,40916,2,0,1,0,1,2,2,2,T intersection,2,60,Arterial Other,KNOX,-37.844353,145.24442,3153.0,True,Reservoir HS,23258.4
T20220004798,2022-04-03,07:50:00,1,Collision with vehicle,6,Friday,148,VEHICLE OFF FOOTPATH STRIKES VEH ON CARRIAGEWAY,1,709678,2,0,0,1,1,2,1,1,Cross intersection,3,60,,MELTON,-37.685608,144.54962,3337.0,True,William Ruthven SC,39910.8
T20230012833,2023-01-06,18:40:00,2,Struck Pedestrian,5,Thursday,102,FAR SIDE. PED HIT BY VEHICLE FROM THE LEFT,9,783940,1,0,0,2,0,2,2,5,Not at intersection,3,50,Local Road,KINGSTON,-37.950993,145.04388,3190.0,True,Preston HS,23495.3
T20250002975,2025-04-02,16:35:00,4,Collision with a fixed object,3,Tuesday,171,LEFT OFF CARRIAGEWAY INTO OBJECT/PARKED VEHICLE,1,815226,1,0,1,0,0,1,1,5,Not at intersection,2,50,Local Road,GEELONG,-38.21532,144.29672,3216.0,True,Preston HS,81548.8
T20220015551,2022-12-07,10:30:00,7,Fall from or in moving vehicle,2,Tuesday,190,FELL IN/FROM VEHICLE,1,718639,1,0,0,1,0,1,1,5,Not at intersection,3,60,Arterial Highway,WHITTLESEA,-37.688744,145.06584,3083.0,True,Reservoir HS,4927.7
T20240022838,2024-08-09,08:15:00,1,Collision with vehicle,1,Sunday,135,LANE CHANGE LEFT (NOT OVERTAKING),1,86740,2,0,1,0,2,3,1,5,Not at intersection,2,40,Arterial Other,BOROONDARA,-37.83026,145.0569,3124.0,True,Preston HS,10776.1
T20240017169,2024-07-07,15:15:00,8,No collision and no object struck,0,Sunday,180,OFF CARRIAGEWAY ON RIGHT BEND,1,806900,1,0,1,0,0,1,1,5,Not at intersection,2,40,Local Road,YARRA RANGES,-37.58044,145.48921,3777.0,True,Reservoir HS,43449.4
T20230023199,2023-04-10,16:30:00,6,Vehicle overturned (no collision),4,Wednesday,174,OUT OF CONTROL ON CARRIAGEWAY (ON STRAIGHT),1,783888,1,0,1,0,0,1,1,5,Not at intersection,2,40,Local Road,MELTON,-37.807323,144.74545,3029.0,True,Preston HS,24126.7
T20250017901,2025-05-07,16:55:00,1,Collision with vehicle,7,Saturday,132,RIGHT REAR.,1,820260,2,0,1,1,1,3,1,5,Not at intersection,2,60,Local Road,BENDIGO,-36.709263,144.27925,3556.0,True,William Ruthven SC,127122.4
T20230005858,2023-07-01,13:00:00,8,No collision and no object struck,6,Saturday,170,OFF CARRIAGEWAY TO LEFT,1,762258,1,0,0,1,0,1,2,5,Not at intersection,3,80,Arterial Other,BAW BAW,-37.975822,146.39507,3825.0,True,Reservoir HS,123174.9
T20220022955,2022-05-07,12:40:00,1,Collision with vehicle,3,Tuesday,116,LEFT NEAR (INTERSECTIONS ONLY),1,728512,2,0,0,1,1,2,1,2,T intersection,3,50,Local Road,KINGSTON,-38.001316,145.1138,3195.0,True,Preston HS,30349.2
T20220025645,2022-12-11,16:06:00,6,Vehicle overturned (no collision),7,Saturday,170,OFF CARRIAGEWAY TO LEFT,1,735269,1,0,0,1,0,1,1,5,Not at intersection,3,100,Arterial Other,MITCHELL,-37.014477,144.8309,3662.0,True,William Ruthven SC,77352.1
T20230018202,2023-04-08,21:35:00,1,Collision with vehicle,6,Friday,135,LANE CHANGE LEFT (NOT OVERTAKING),3,37602,2,0,1,0,1,2,1,2,T intersection,2,40,Local Road,MELBOURNE,-37.83391,144.98071,3141.0,True,Preston HS,10512.3
T20220009363,2022-12-04,07:30:00,1,Collision with vehicle,3,Tuesday,110,CROSS TRAFFIC(INTERSECTIONS ONLY),2,54854,2,0,0,1,1,2,2,1,Cross intersection,3,50,Local Road,BAW BAW,-38.161366,145.93954,3820.0,True,Reservoir HS,93553.9
T20220007606,2022-05-04,13:19:00,1,Collision with vehicle,3,Tuesday,131,LEFT REAR,1,708877,2,0,1,0,2,3,1,5,Not at intersection,2,60,Arterial Other,KNOX,-37.856068,145.31586,3154.0,True,Reservoir HS,29232.9
T20250003626,2025-10-02,17:40:00,1,Collision with vehicle,2,Monday,163,VEHICLE STRIKES DOOR OF PARKED/STATIONARY VEHICLE,1,814953,2,0,0,1,1,2,2,5,Not at intersection,3,999,Local Road,YARRA,-37.777187,144.98724,3068.0,True,Preston HS,4315.0
T20220015505,2022-11-07,15:22:00,1,Collision with vehicle,2,Monday,147,VEHICLE STRIKES ANOTHER VEH WHILE EMERGING FROM DRIVEWAY,1,782242,2,0,0,1,1,2,2,5,Not at intersection,3,50,Local Road,MELTON,-37.71332,144.56938,3338.0,True,William Ruthven SC,38192.1
T20240025769,2024-12-10,12:59:00,6,Vehicle overturned (no collision),6,Saturday,189,OTHER ACCIDENTS ON CURVE NOT INCLUDED IN DCAs 180-184,1,825161,1,0,1,0,0,1,1,5,Not at intersection,2,100,Freeway,HOBSONS BAY,-37.86627,144.77368,3028.0,True,Preston HS,24747.1
T20250009513,2025-08-04,18:50:00,1,Collision with vehicle,3,Tuesday,121,RIGHT THROUGH,3,52955,2,0,1,0,1,2,1,2,T intersection,2,60,Arterial Highway,BALLARAT,-37.573486,143.84656,3350.0,True,William Ruthven SC,102746.4
T20220025872,2022-11-11,21:10:00,1,Collision with vehicle,6,Friday,163,VEHICLE STRIKES DOOR OF PARKED/STATIONARY VEHICLE,3,336486,2,0,0,1,1,2,2,5,Not at intersection,3,60,Local Road,MELBOURNE,-37.79766,144.97214,3053.0,True,Preston HS,6939.9
T20230000426,2023-07-01,12:30:00,4,Collision with a fixed object,6,Saturday,171,LEFT OFF CARRIAGEWAY INTO OBJECT/PARKED VEHICLE,1,747579,1,0,1,0,0,1,1,5,Not at intersection,2,60,,YARRA RANGES,-37.798664,145.60687,3797.0,True,Reservoir HS,51467.7
T20250008880,2025-02-04,06:22:00,2,Struck Pedestrian,3,Wednesday,108,PED STRUCK WALKING TO/FROM OR BOARDING/ALIGHTING VEHICLE.,5,818540,2,0,1,0,1,2,1,5,Not at intersection,2,80,Local Road,MELTON,-37.785442,144.75426,3026.0,True,Preston HS,22751.8
T20210015144,2021-09-07,17:12:00,1,Collision with vehicle,6,Friday,148,VEHICLE OFF FOOTPATH STRIKES VEH ON CARRIAGEWAY,2,890,2,0,1,0,1,2,1,1,Cross intersection,2,80,Arterial Highway,DANDENONG,-38.01461,145.21535,3175.0,True,Preston HS,35425.5
T20230025850,2023-04-11,02:24:00,2,Struck Pedestrian,6,Saturday,102,FAR SIDE. PED HIT BY VEHICLE FROM THE LEFT,3,804424,1,0,0,1,1,2,1,5,Not at intersection,3,30,Local Road,MELBOURNE,-37.8232,144.96068,3006.0,True,Preston HS,9938.3
T20240012814,2024-04-04,15:00:00,8,No collision and no object struck,4,Thursday,172,OFF CARRIAGEWAY TO RIGHT,1,803841,1,0,0,1,0,1,2,5,Not at intersection,3,60,Local Road,YARRA RANGES,-37.875813,145.43385,3793.0,True,Reservoir HS,39418.2
T20230007885,2023-03-04,14:07:00,1,Collision with vehicle,2,Monday,113,RIGHT NEAR (INTERSECTIONS ONLY),1,52780,2,0,1,1,1,3,1,2,T intersection,2,60,Arterial Other,BALLARAT,-37.54168,143.84415,3355.0,True,William Ruthven SC,103507.6
T20250003085,2025-05-02,20:05:00,1,Collision with vehicle,4,Wednesday,116,LEFT NEAR (INTERSECTIONS ONLY),1,814795,2,0,0,1,1,2,1,1,Cross intersection,3,50,Local Road,WODONGA,-36.129875,146.89685,3690.0,True,William Ruthven SC,242263.8
T20220028413,2022-11-12,13:30:00,8,No collision and no object struck,1,Sunday,182,OFF CARRIAGEWAY ON LEFT BEND,1,741498,1,0,1,0,0,1,2,5,Not at intersection,2,100,,BAW BAW,-37.995632,146.09628,3831.0,True,Reservoir HS,98466.1
T20230005348,2023-06-03,06:56:00,8,No collision and no object struck,2,Monday,184,OUT OF CONTROL ON CARRIAGEWAY (ON BEND),1,669606,2,0,1,0,1,2,1,4,Multiple intersection,2,60,Freeway,BRIMBANK,-37.71679,144.8772,3043.0,True,William Ruthven SC,11292.8
T20250018787,2025-12-07,11:32:00,1,Collision with vehicle,6,Saturday,121,RIGHT THROUGH,1,67342,2,0,0,1,1,2,2,2,T intersection,3,40,Local Road,PORT PHILLIP,-37.853897,144.9759,3182.0,True,Preston HS,12773.4
T20240003312,2024-10-02,09:44:00,1,Collision with vehicle,7,Saturday,110,CROSS TRAFFIC(INTERSECTIONS ONLY),1,52975,2,0,1,0,1,2,1,1,Cross intersection,2,50,Local Road,BALLARAT,-37.57884,143.83797,3350.0,True,William Ruthven SC,103415.4
T20230000249,2023-05-01,08:45:00,2,Struck Pedestrian,5,Thursday,100,PED NEAR SIDE. PED HIT BY VEHICLE FROM THE RIGHT.,1,229733,1,0,1,0,1,2,1,1,Cross intersection,2,80,Arterial Highway,MONASH,-37.91115,145.12234,3166.0,True,Preston HS,21388.4
T20230018225,2023-05-08,10:30:00,1,Collision with vehicle,7,Saturday,121,RIGHT THROUGH,1,51538,2,0,1,0,1,2,1,1,Cross intersection,2,60,Local Road,BENDIGO,-36.736755,144.27776,3550.0,True,William Ruthven SC,124554.0
T20230021221,2023-10-09,20:00:00,1,Collision with vehicle,0,Sunday,121,RIGHT THROUGH,2,66110,2,0,0,1,1,2,1,1,Cross intersection,3,40,Arterial Other,BOROONDARA,-37.818825,145.03606,3122.0,True,Preston HS,8945.6
T20220002263,2022-03-02,08:54:00,1,Collision with vehicle,5,Thursday,110,CROSS TRAFFIC(INTERSECTIONS ONLY),1,70138,2,0,1,0,1,2,1,1,Cross intersection,2,50,Local Road,KINGSTON,-37.958443,145.06017,3192.0,True,Preston HS,24547.0
T20230025670,2023-02-11,15:45:00,1,Collision with vehicle,5,Thursday,147,VEHICLE STRIKES ANOTHER VEH WHILE EMERGING FROM DRIVEWAY,1,785489,2,0,0,1,1,2,1,5,Not at intersection,3,50,Local Road,FRANKSTON,-38.154995,145.14334,3199.0,True,Preston HS,47483.6
T20230000461,2023-07-01,11:15:00,6,Vehicle overturned (no collision),7,Saturday,184,OUT OF CONTROL ON CARRIAGEWAY (ON BEND),1,747580,1,0,0,1,0,1,2,5,Not at intersection,3,80,Arterial Other,SOUTH GIPPSLAND,-38.333843,145.70798,3988.0,True,Preston HS,90016.1
T20240006890,2024-12-03,20:05:00,1,Collision with vehicle,3,Tuesday,116,LEFT NEAR (INTERSECTIONS ONLY),6,36677,2,0,0,1,1,2,2,1,Cross intersection,3,999,Local Road,YARRA,-37.8049,144.99124,3066.0,True,Preston HS,7164.4
T20240014683,2024-09-06,03:55:00,4,Collision with a fixed object,1,Sunday,171,LEFT OFF CARRIAGEWAY INTO OBJECT/PARKED VEHICLE,3,804916,1,1,0,0,0,1,1,5,Not at intersection,1,50,Local Road,KINGSTON,-38.053276,145.11996,3196.0,True,Preston HS,36033.2
T20220017536,2022-05-08,17:40:00,1,Collision with vehicle,6,Friday,121,RIGHT THROUGH,3,41755,2,0,0,1,1,2,1,1,Cross intersection,3,60,Arterial Other,MONASH,-37.88673,145.14569,3149.0,True,Preston HS,20206.0
T20240014131,2024-05-03,14:00:00,8,No collision and no object struck,3,Tuesday,174,OUT OF CONTROL ON CARRIAGEWAY (ON STRAIGHT),1,804618,1,0,0,1,0,1,2,5,Not at intersection,3,60,Arterial Highway,NORTHERN GRAMPIANS,-36.633022,143.43094,3477.0,True,William Ruthven SC,182723.5
T20250020964,2025-08-08,12:30:00,2,Struck Pedestrian,5,Friday,100,PED NEAR SIDE. PED HIT BY VEHICLE FROM THE RIGHT.,1,51386,1,0,0,2,1,3,1,1,Cross intersection,3,60,Arterial Other,CAMPASPE,-36.124588,144.74715,3564.0,True,William Ruthven SC,176266.7
T20240018168,2024-07-07,11:00:00,8,No collision and no object struck,1,Sunday,184,OUT OF CONTROL ON CARRIAGEWAY (ON BEND),1,761157,1,0,0,1,0,1,2,2,T intersection,3,999,Arterial Other,YARRA RANGES,-37.642212,145.89613,3799.0,True,Reservoir HS,76792.3
T20220014988,2022-04-07,19:00:00,1,Collision with vehicle,2,Monday,148,VEHICLE OFF FOOTPATH STRIKES VEH ON CARRIAGEWAY,3,726038,2,0,1,0,1,2,1,1,Cross intersection,2,80,,WYNDHAM,-37.82503,144.74886,3029.0,True,Preston HS,24513.1
T20220025167,2022-06-11,17:00:00,5,collision with some other object,0,Sunday,166,STRUCK OBJECT ON CARRIAGEWAY,1,52480,1,0,0,1,0,1,2,1,Cross intersection,3,50,,MILDURA,-34.184982,142.16254,3500.0,True,William Ruthven SC,466687.7
T20210010534,2021-11-05,06:55:00,2,Struck Pedestrian,2,Tuesday,100,PED NEAR SIDE. PED HIT BY VEHICLE FROM THE RIGHT.,3,36966,1,0,0,1,2,3,1,1,Cross intersection,3,40,Local Road,MELBOURNE,-37.810127,144.96965,3000.0,True,Preston HS,8290.2
T20220012075,2022-01-05,11:30:00,8,No collision and no object struck,0,Sunday,174,OUT OF CONTROL ON CARRIAGEWAY (ON STRAIGHT),1,713691,1,0,0,1,0,1,2,5,Not at intersection,3,100,Local Road,MURRINDINDI,-37.353428,145.98392,3713.0,True,Reservoir HS,93629.0
T20240009198,2024-12-04,20:09:00,2,Struck Pedestrian,6,Friday,100,PED NEAR SIDE. PED HIT BY VEHICLE FROM THE RIGHT.,3,36666,1,0,1,0,2,3,1,1,Cross intersection,2,70,Arterial Highway,YARRA,-37.799847,144.99298,3067.0,True,Preston HS,6583.7
T20240023191,2024-12-09,15:12:00,1,Collision with vehicle,5,Thursday,110,CROSS TRAFFIC(INTERSECTIONS ONLY),1,773125,3,0,1,0,2,3,1,1,Cross intersection,2,60,Local Road,WYNDHAM,-37.87631,144.60825,3024.0,True,Preston HS,38102.2
T20230005600,2023-04-03,16:50:00,2,Struck Pedestrian,6,Saturday,100,PED NEAR SIDE. PED HIT BY VEHICLE FROM THE RIGHT.,1,812385,1,0,0,1,1,2,2,5,Not at intersection,3,40,Arterial Highway,DANDENONG,-37.939823,145.16396,3171.0,True,Preston HS,25982.0
T20250000437,2025-06-01,15:50:00,1,Collision with vehicle,2,Monday,142,LEAVING PARKING,1,813326,2,0,0,1,1,2,1,5,Not at intersection,3,40,Local Road,MELBOURNE,-37.820473,144.9493,3008.0,True,Preston HS,10125.5
T20240005749,2024-06-03,18:40:00,1,Collision with vehicle,4,Wednesday,148,VEHICLE OFF FOOTPATH STRIKES VEH ON CARRIAGEWAY,1,653832,2,0,0,1,1,2,1,5,Not at intersection,3,40,Local Road,YARRA,-37.78349,144.98553,3068.0,True,Preston HS,5018.8
T20230026005,2023-06-11,15:58:00,1,Collision with vehicle,1,Monday,160,VEHICLE COLLIDES WITH VEHICLE PARKED ON LEFT OF ROAD,1,786220,2,0,0,1,1,2,1,5,Not at intersection,3,50,Local Road,PORT PHILLIP,-37.87117,144.97775,3182.0,True,Preston HS,14625.5
T20240011742,2024-08-05,14:15:00,6,Vehicle overturned (no collision),4,Wednesday,184,OUT OF CONTROL ON CARRIAGEWAY (ON BEND),1,49517,1,0,0,1,0,1,1,2,T intersection,3,100,Arterial Other,MURRINDINDI,-37.533127,145.72002,3779.0,True,Reservoir HS,64358.2
T20230001183,2023-09-01,08:15:00,1,Collision with vehicle,2,Monday,160,VEHICLE COLLIDES WITH VEHICLE PARKED ON LEFT OF ROAD,1,748483,2,0,1,0,1,2,1,2,T intersection,2,60,Arterial Other,BAYSIDE,-37.95075,145.00244,3191.0,True,Preston HS,23248.9
T20250012178,2025-07-05,16:50:00,1,Collision with vehicle,4,Wednesday,110,CROSS TRAFFIC(INTERSECTIONS ONLY),1,50604,2,0,1,0,1,2,2,1,Cross intersection,2,50,Local Road,COLAC OTWAY,-38.338524,143.587,3250.0,True,Preston HS,140961.4