ACCIDENT_NO,ACCIDENT_DATE,ACCIDENT_TIME,ACCIDENT_TYPE,ACCIDENT_TYPE_DESC,DAY_OF_WEEK,DAY_WEEK_DESC,DCA_CODE,DCA_DESC,LIGHT_CONDITION,NODE_ID,NO_OF_VEHICLES,NO_PERSONS_KILLED,NO_PERSONS_INJ_2,NO_PERSONS_INJ_3,NO_PERSONS_NOT_INJ,NO_PERSONS,POLICE_ATTEND,ROAD_GEOMETRY,ROAD_GEOMETRY_DESC,SEVERITY,SPEED_ZONE,RMA,LGA_NAME,LATITUDE,LONGITUDE,POSTCODE_CRASH,PED_OR_CYC,nearest_school,dist_to_gate_m
T20230005942,2023-11-03,15:15:00,6,Vehicle overturned (no collision),6,Saturday,184,OUT OF CONTROL ON CARRIAGEWAY (ON BEND),1,760450,1,0,0,1,0,1,2,5,Not at intersection,3,999,Arterial Highway,MURRINDINDI,-37.577316,145.63574,3778.0,True,Reservoir HS,55766.2
T20240009283,2024-10-04,11:19:00,3,Struck animal,4,Wednesday,167,STRUCK ANIMAL,1,805889,1,0,0,1,0,1,1,5,Not at intersection,3,100,Local Road,EAST GIPPSLAND,-37.20482,147.5868,3898.0,True,Reservoir HS,232928.7
T20230003118,2023-08-02,17:53:00,1,Collision with vehicle,3,Wednesday,121,RIGHT THROUGH,1,698463,2,0,1,0,2,3,1,2,T intersection,2,70,Arterial Other,KINGSTON,-37.9353,145.0523,3189.0,True,Preston HS,21890.2
T20250000548,2025-07-01,23:09:00,1,Collision with vehicle,3,Tuesday,179,OTHER ACCIDENTS-OFF STRAIGHT NOT INCLUDED IN DCAs 170-175,3,813431,2,0,0,1,1,2,1,5,Not at intersection,3,60,Arterial Other,KNOX,-37.842606,145.22733,3152.0,True,Reservoir HS,21936.9
T20230025948,2023-05-11,14:20:00,6,Vehicle overturned (no collision),0,Sunday,182,OFF CARRIAGEWAY ON LEFT BEND,1,794234,1,0,1,0,0,1,1,5,Not at intersection,2,100,Local Road,SOUTH GIPPSLAND,-38.381756,146.12463,3871.0,True,Reservoir HS,120712.9
T20250005796,2025-03-03,09:56:00,8,No collision and no object struck,1,Monday,174,OUT OF CONTROL ON CARRIAGEWAY (ON STRAIGHT),1,815862,1,0,0,1,0,1,2,5,Not at intersection,3,60,Local Road,WODONGA,-36.105846,146.86209,3690.0,True,William Ruthven SC,242089.6
T20220027803,2022-07-12,13:30:00,7,Fall from or in moving vehicle,3,Wednesday,190,FELL IN/FROM VEHICLE,1,783454,1,0,0,1,0,1,2,5,Not at intersection,3,999,,YARRA RANGES,-37.798702,145.60696,3797.0,True,Reservoir HS,51476.2
T20230015811,2023-08-07,07:14:00,5,collision with some other object,7,Saturday,166,STRUCK OBJECT ON CARRIAGEWAY,2,776979,1,0,1,0,0,1,1,5,Not at intersection,2,60,Arterial Other,CARDINIA,-38.016594,145.38632,3807.0,True,Preston HS,45189.4
T20220017848,2022-09-08,20:00:00,1,Collision with vehicle,3,Tuesday,121,RIGHT THROUGH,3,29457,2,1,0,0,1,2,1,1,Cross intersection,1,60,Arterial Other,WHITTLESEA,-37.69482,145.01141,3074.0,True,William Ruthven SC,765.1
T20230020789,2023-09-08,18:00:00,1,Collision with vehicle,3,Wednesday,133,LANE SIDE SWIPE (VEHICLES IN PARALLEL LANES),1,780304,2,0,0,1,1,2,2,5,Not at intersection,3,80,Arterial Other,WHITTLESEA,-37.69408,145.01154,3074.0,True,William Ruthven SC,800.5
T20240008185,2024-01-04,13:38:00,6,Vehicle overturned (no collision),1,Monday,149,OTHER MANOEUVRING NOT INCLUDED IN DCAs 140-148,1,803928,1,0,0,1,0,1,1,2,T intersection,3,50,Arterial Other,MARIBYRNONG,-37.776146,144.89127,3032.0,True,Preston HS,10879.2
T20240000748,2024-07-01,21:45:00,8,No collision and no object struck,1,Sunday,174,OUT OF CONTROL ON CARRIAGEWAY (ON STRAIGHT),9,796262,1,0,1,0,0,1,2,5,Not at intersection,2,999,Local Road,BENALLA,-36.79402,145.88234,3669.0,True,William Ruthven SC,127002.1
T20240017577,2024-12-07,06:50:00,1,Collision with vehicle,6,Friday,113,RIGHT NEAR (INTERSECTIONS ONLY),2,36053,2,0,1,0,1,2,1,2,T intersection,2,60,Arterial Other,MELBOURNE,-37.803715,144.93222,3003.0,True,Preston HS,9532.4
T20240020295,2024-10-08,13:50:00,1,Collision with vehicle,7,Saturday,133,LANE SIDE SWIPE (VEHICLES IN PARALLEL LANES),1,807314,2,0,1,0,1,2,1,5,Not at intersection,2,40,Local Road,MERRI-BEK,-37.734608,144.95024,3058.0,True,Preston HS,5061.8
T20250003328,2025-07-02,19:30:00,1,Collision with vehicle,6,Friday,113,RIGHT NEAR (INTERSECTIONS ONLY),1,241458,2,0,1,0,1,2,1,2,T intersection,2,50,Local Road,CARDINIA,-38.082146,145.48813,3810.0,True,Preston HS,56691.0
T20210018934,2021-07-09,19:10:00,1,Collision with vehicle,2,Tuesday,137,LEFT TURN SIDESWIPE,3,38006,2,0,1,0,1,2,2,2,T intersection,2,60,Arterial Other,DAREBIN,-37.78408,145.00963,3078.0,True,Preston HS,4717.7
T20240022839,2024-08-09,09:15:00,1,Collision with vehicle,1,Sunday,137,LEFT TURN SIDESWIPE,1,289646,2,0,0,1,1,2,1,2,T intersection,3,60,Arterial Other,PORT PHILLIP,-37.88192,144.97789,3184.0,True,Preston HS,15801.5
T20230000836,2022-11-12,13:15:00,6,Vehicle overturned (no collision),1,Sunday,174,OUT OF CONTROL ON CARRIAGEWAY (ON STRAIGHT),1,783365,1,0,0,1,0,1,2,5,Not at intersection,3,100,,GOLDEN PLAINS,-37.891575,144.205,3213.0,True,Preston HS,72401.5
T20240027079,2024-10-07,12:00:00,8,No collision and no object struck,4,Wednesday,174,OUT OF CONTROL ON CARRIAGEWAY (ON STRAIGHT),9,810210,1,0,0,1,0,1,2,5,Not at intersection,3,999,Local Road,SOUTHERN GRAMPIANS,-37.287716,142.4285,3314.0,True,William Ruthven SC,231633.6
T20220002979,2022-09-02,16:30:00,1,Collision with vehicle,3,Wednesday,121,RIGHT THROUGH,1,63853,2,0,0,1,1,2,2,1,Cross intersection,3,60,Local Road,DAREBIN,-37.765614,145.0121,3070.0,True,Preston HS,2695.2
T20220022446,2022-05-10,17:20:00,2,Struck Pedestrian,4,Wednesday,109,ANY MANOEUVRE INVOLVING PED NOT INCLUDED IN DCAs 100-108.,2,783052,1,0,0,1,1,2,1,5,Not at intersection,3,999,Local Road,MELBOURNE,-37.809406,144.96233,3000.0,True,Preston HS,8494.8
T20220002677,2022-07-02,19:38:00,8,No collision and no object struck,2,Monday,174,OUT OF CONTROL ON CARRIAGEWAY (ON STRAIGHT),1,731360,1,0,1,0,0,1,1,5,Not at intersection,2,80,Arterial Other,MELTON,-37.69205,144.74406,3037.0,True,William Ruthven SC,22787.9
T20220005222,2022-04-03,05:50:00,1,Collision with vehicle,6,Friday,133,LANE SIDE SWIPE (VEHICLES IN PARALLEL LANES),3,708235,2,0,0,1,1,2,1,5,Not at intersection,3,40,Local Road,MOONEE VALLEY,-37.77919,144.91605,3032.0,True,Preston HS,9024.6
T20240022084,2024-12-08,18:05:00,2,Struck Pedestrian,2,Monday,100,PED NEAR SIDE. PED HIT BY VEHICLE FROM THE RIGHT.,2,40105,1,0,0,1,1,2,1,1,Cross intersection,3,50,Arterial Other,PORT PHILLIP,-37.864098,144.98178,3182.0,True,Preston HS,13790.6
T20240008684,2024-07-04,09:24:00,8,No collision and no object struck,1,Sunday,184,OUT OF CONTROL ON CARRIAGEWAY (ON BEND),1,801096,1,0,0,1,1,2,1,5,Not at intersection,3,60,Arterial Highway,BANYULE,-37.734608,145.07869,3085.0,True,Reservoir HS,4542.4
T20240011007,2024-01-05,10:00:00,1,Collision with vehicle,4,Wednesday,130,REAR END(VEHICLES IN SAME LANE),1,802807,2,0,0,1,1,2,2,5,Not at intersection,3,999,,TOWONG,-36.310337,147.52377,3691.0,True,Reservoir HS,271458.6
T20240011064,2024-02-05,08:32:00,1,Collision with vehicle,4,Thursday,110,CROSS TRAFFIC(INTERSECTIONS ONLY),1,63634,2,0,0,1,1,2,1,1,Cross intersection,3,50,Local Road,BANYULE,-37.758324,145.06677,3084.0,True,Reservoir HS,5172.5
T20250005624,2025-02-03,01:05:00,1,Collision with vehicle,1,Sunday,130,REAR END(VEHICLES IN SAME LANE),3,57342,2,0,1,0,1,2,1,1,Cross intersection,2,999,Arterial Other,HUME,-37.64288,144.94672,3061.0,True,William Ruthven SC,7754.4
T20230004597,2022-12-12,08:15:00,1,Collision with vehicle,1,Monday,148,VEHICLE OFF FOOTPATH STRIKES VEH ON CARRIAGEWAY,1,757040,2,0,1,0,1,2,2,5,Not at intersection,2,40,Local Road,WELLINGTON,-37.967236,147.08508,3862.0,True,Reservoir HS,182542.5
T20210010206,2021-06-05,23:50:00,1,Collision with vehicle,5,Thursday,113,RIGHT NEAR (INTERSECTIONS ONLY),3,258684,2,0,1,0,1,2,1,2,T intersection,2,50,Local Road,MONASH,-37.92019,145.11417,3168.0,True,Preston HS,21962.1
T20230020689,2023-02-09,11:30:00,6,Vehicle overturned (no collision),7,Saturday,180,OFF CARRIAGEWAY ON RIGHT BEND,1,789889,1,0,0,1,0,1,2,1,Cross intersection,3,60,Arterial Highway,DANDENONG,-37.99079,145.14482,3173.0,True,Preston HS,30221.0
T20240011250,2024-03-05,23:05:00,2,Struck Pedestrian,5,Friday,104,PED WALKING WITH TRAFFIC,3,802718,1,0,0,1,1,2,1,5,Not at intersection,3,60,Local Road,LATROBE,-38.200386,146.55122,3844.0,True,Reservoir HS,143610.9
T20220005520,2022-11-03,16:51:00,1,Collision with vehicle,6,Friday,148,VEHICLE OFF FOOTPATH STRIKES VEH ON CARRIAGEWAY,1,38598,2,0,0,1,1,2,1,2,T intersection,3,60,Arterial Other,MARIBYRNONG,-37.797665,144.86238,3019.0,True,Preston HS,14161.1
T20230012871,2023-02-06,08:54:00,1,Collision with vehicle,6,Friday,134,LANE CHANGE RIGHT (NOT OVERTAKING),1,250019,2,0,1,0,1,2,1,1,Cross intersection,2,60,Arterial Other,YARRA,-37.781033,144.9858,3068.0,True,Preston HS,4757.6
T20210022823,2021-11-11,15:03:00,4,Collision with a fixed object,5,Thursday,181,OFF RIGHT BEND INTO OBJECT/PARKED VEHICLE,1,698904,1,0,1,0,0,1,1,5,Not at intersection,2,888,,BAW BAW,-38.05908,146.0017,3821.0,True,Reservoir HS,93173.6
T20250004329,2025-12-02,09:00:00,2,Struck Pedestrian,4,Wednesday,107,PED ON FOOTHPATH STRUCK BY VEHENTERING/LEAVING DRIVEWAY.,1,819126,1,0,1,0,1,2,2,5,Not at intersection,2,999,Local Road,CORANGAMITE,-38.23755,143.1413,3260.0,True,Preston HS,172551.6
T20220007642,2022-05-04,16:30:00,1,Collision with vehicle,3,Tuesday,132,RIGHT REAR.,1,37076,2,0,1,1,2,4,1,2,T intersection,2,60,Arterial Other,NILLUMBIK,-37.687954,145.21625,3097.0,True,Reservoir HS,16878.3
T20220022657,2022-08-10,08:02:00,2,Struck Pedestrian,7,Saturday,100,PED NEAR SIDE. PED HIT BY VEHICLE FROM THE RIGHT.,1,732544,1,0,1,0,1,2,1,5,Not at intersection,2,777,Local Road,MONASH,-37.891117,145.14354,3149.0,True,Preston HS,20486.1
T20220025378,2022-07-04,15:00:00,2,Struck Pedestrian,5,Thursday,106,VEH STRIKES PED ON FOOTPATH/MEDIAN/TRAFFIC ISLAND.,1,743037,1,0,0,1,1,2,2,5,Not at intersection,3,60,Arterial Other,MELBOURNE,-37.80284,144.92693,3003.0,True,Preston HS,9791.4
T20220024943,2022-05-11,12:35:00,4,Collision with a fixed object,7,Saturday,173,RIGHT OFF CARRIAGEWAY INTO OBJECT/PARKED VEHICLE,1,746823,1,0,1,0,0,1,1,2,T intersection,2,80,Arterial Other,HUME,-37.53637,144.91168,3064.0,True,William Ruthven SC,19541.8
T20210008176,2021-08-04,13:00:00,6,Vehicle overturned (no collision),5,Thursday,182,OFF CARRIAGEWAY ON LEFT BEND,1,680485,1,0,1,0,0,1,2,5,Not at intersection,2,60,Local Road,GEELONG,-38.271805,144.43738,3227.0,True,Preston HS,77240.2
T20250020853,2025-07-08,06:22:00,4,Collision with a fixed object,4,Thursday,171,LEFT OFF CARRIAGEWAY INTO OBJECT/PARKED VEHICLE,3,61414,1,0,0,1,0,1,1,2,T intersection,3,50,Local Road,NILLUMBIK,-37.669125,145.15926,3089.0,True,Reservoir HS,12870.1
T20250020413,2025-07-07,13:00:00,2,Struck Pedestrian,1,Monday,100,PED NEAR SIDE. PED HIT BY VEHICLE FROM THE RIGHT.,1,820812,1,0,0,1,1,2,2,5,Not at intersection,3,50,Local Road,GEELONG,-38.142097,144.34749,3218.0,True,Preston HS,72992.7
T20250018032,2025-07-07,09:57:00,8,No collision and no object struck,2,Monday,172,OFF CARRIAGEWAY TO RIGHT,1,821475,1,0,1,0,0,1,1,5,Not at intersection,2,60,Arterial Other,MACEDON RANGES,-37.405636,144.58351,3441.0,True,William Ruthven SC,49130.8
T20220000263,2022-05-01,09:30:00,2,Struck Pedestrian,3,Wednesday,103,PED PLAYING/LYING/WORKING/STANDING ON CARRIAGEWAY.,1,705157,1,0,0,1,1,2,1,5,Not at intersection,3,30,,MELTON,-37.687824,144.56265,3337.0,True,William Ruthven SC,38757.3
T20240018844,2024-01-07,17:35:00,2,Struck Pedestrian,1,Monday,102,FAR SIDE. PED HIT BY VEHICLE FROM THE LEFT,2,40004,1,0,0,1,1,2,2,1,Cross intersection,3,60,Arterial Other,HOBSONS BAY,-37.84511,144.89229,3015.0,True,Preston HS,15296.8
T20230020843,2023-05-09,16:00:00,1,Collision with vehicle,3,Tuesday,121,RIGHT THROUGH,1,38982,2,0,0,1,1,2,2,2,T intersection,3,60,Arterial Other,BOROONDARA,-37.82343,145.04222,3122.0,True,Preston HS,9597.8
T20240023166,2024-12-09,12:20:00,2,Struck Pedestrian,5,Thursday,106,VEH STRIKES PED ON FOOTPATH/MEDIAN/TRAFFIC ISLAND.,1,808475,1,0,0,1,1,2,2,1,Cross intersection,3,60,Local Road,GLEN EIRA,-37.91131,145.04025,3204.0,True,Preston HS,19083.2
T20250005981,2025-05-03,09:00:00,2,Struck Pedestrian,4,Wednesday,100,PED NEAR SIDE. PED HIT BY VEHICLE FROM THE RIGHT.,1,816234,1,0,0,2,0,2,1,5,Not at intersection,3,30,Local Road,MILDURA,-34.186302,142.15884,3500.0,True,William Ruthven SC,466746.3
T20240002705,2024-03-02,14:00:00,1,Collision with vehicle,6,Saturday,121,RIGHT THROUGH,1,14250,2,0,0,1,1,2,2,2,T intersection,3,40,Local Road,STONNINGTON,-37.84474,144.99455,3141.0,True,Preston HS,11510.5
T20210022428,2021-06-11,10:30:00,1,Collision with vehicle,7,Saturday,147,VEHICLE STRIKES ANOTHER VEH WHILE EMERGING FROM DRIVEWAY,1,697343,2,0,0,1,1,2,1,5,Not at intersection,3,60,Local Road,MORNINGTON PENINSULA,-38.34748,144.74265,3943.0,True,Preston HS,71229.1
T20250000040,2025-01-01,13:43:00,1,Collision with vehicle,4,Wednesday,113,RIGHT NEAR (INTERSECTIONS ONLY),1,61055,2,0,0,1,1,2,1,2,T intersection,3,60,Local Road,BALLARAT,-37.597794,143.824,3356.0,True,William Ruthven SC,104379.9
T20250018231,2025-09-07,08:55:00,2,Struck Pedestrian,3,Wednesday,102,FAR SIDE. PED HIT BY VEHICLE FROM THE LEFT,1,38858,1,0,0,1,2,3,1,1,Cross intersection,3,60,Arterial Other,NILLUMBIK,-37.67361,145.15498,3089.0,True,Reservoir HS,12308.9
T20230005797,2023-09-03,15:00:00,2,Struck Pedestrian,5,Thursday,102,FAR SIDE. PED HIT BY VEHICLE FROM THE LEFT,1,61657,1,0,0,1,1,2,2,1,Cross intersection,3,50,Local Road,MELTON,-37.681637,144.58568,3337.0,True,William Ruthven SC,36757.7
T20230028079,2023-08-11,10:30:00,4,Collision with a fixed object,4,Wednesday,173,RIGHT OFF CARRIAGEWAY INTO OBJECT/PARKED VEHICLE,9,37280,2,0,0,1,1,2,2,2,T intersection,3,50,Local Road,YARRA,-37.812054,145.00496,3121.0,True,Preston HS,7825.3
T20240014386,2024-05-06,06:00:00,1,Collision with vehicle,4,Wednesday,160,VEHICLE COLLIDES WITH VEHICLE PARKED ON LEFT OF ROAD,2,804799,2,0,0,1,1,2,2,5,Not at intersection,3,50,Local Road,BAYSIDE,-37.96039,145.04399,3192.0,True,Preston HS,24532.0
T20220002958,2022-06-02,15:00:00,6,Vehicle overturned (no collision),1,Sunday,184,OUT OF CONTROL ON CARRIAGEWAY (ON BEND),1,704543,1,0,0,1,0,1,2,5,Not at intersection,3,100,,BAW BAW,-38.01907,145.81613,3816.0,True,Reservoir HS,76531.1
T20230003226,2023-09-02,19:49:00,1,Collision with vehicle,5,Thursday,140,U TURN,1,774895,2,0,1,0,3,4,1,2,T intersection,2,60,Arterial Other,BAYSIDE,-37.9735,145.01657,3193.0,True,Preston HS,25788.4
T20230007670,2023-01-04,10:54:00,1,Collision with vehicle,7,Saturday,163,VEHICLE STRIKES DOOR OF PARKED/STATIONARY VEHICLE,1,754899,2,0,0,1,1,2,2,5,Not at intersection,3,40,Arterial Other,YARRA,-37.829987,144.99716,3121.0,True,Preston HS,9855.9
T20210002815,2021-07-02,15:30:00,1,Collision with vehicle,1,Sunday,120,HEAD ON (NOT OVERTAKING),1,677409,3,1,0,2,0,3,1,5,Not at intersection,1,80,Arterial Highway,COLAC OTWAY,-38.692043,143.83568,3234.0,True,Preston HS,147102.9
T20240006059,2024-10-03,08:30:00,1,Collision with vehicle,1,Sunday,116,LEFT NEAR (INTERSECTIONS ONLY),1,799503,2,0,1,0,1,2,1,1,Cross intersection,2,999,Local Road,BAYSIDE,-37.88855,144.99617,3186.0,True,Preston HS,16357.2
T20230023760,2023-11-10,14:25:00,1,Collision with vehicle,4,Wednesday,110,CROSS TRAFFIC(INTERSECTIONS ONLY),1,38681,2,0,0,1,1,2,2,1,Cross intersection,3,999,Local Road,MARIBYRNONG,-37.796,144.88487,3011.0,True,Preston HS,12324.2
T20240026185,2024-11-10,06:05:00,6,Vehicle overturned (no collision),6,Friday,174,OUT OF CONTROL ON CARRIAGEWAY (ON STRAIGHT),1,809776,1,0,0,1,0,1,2,1,Cross intersection,3,60,Local Road,BRIMBANK,-37.76926,144.84207,3020.0,True,Preston HS,14828.6
T20230018063,2023-02-08,17:20:00,1,Collision with vehicle,3,Wednesday,135,LANE CHANGE LEFT (NOT OVERTAKING),1,778298,2,0,0,1,1,2,2,5,Not at intersection,3,40,Local Road,MARIBYRNONG,-37.799583,144.89798,3011.0,True,Preston HS,11550.6
T20210007745,2021-07-04,05:30:00,3,Struck animal,3,Wednesday,167,STRUCK ANIMAL,2,779954,1,0,0,1,0,1,2,5,Not at intersection,3,100,Freeway,GEELONG,-38.006847,144.48218,3212.0,True,Preston HS,54699.3
T20250000532,2025-07-01,18:25:00,1,Collision with vehicle,3,Tuesday,152,PULLING OUT (OVERTAKING),1,814475,2,0,1,0,1,2,1,5,Not at intersection,2,60,Local Road,MELTON,-37.730206,144.65797,3335.0,True,William Ruthven SC,30579.4
T20220010483,2022-10-05,06:57:00,1,Collision with vehicle,3,Tuesday,148,VEHICLE OFF FOOTPATH STRIKES VEH ON CARRIAGEWAY,1,62884,2,0,1,0,1,2,1,2,T intersection,2,60,Arterial Other,MOONEE VALLEY,-37.734787,144.86475,3033.0,True,Preston HS,12541.1
T20210007954,2021-09-04,15:34:00,1,Collision with vehicle,6,Friday,148,VEHICLE OFF FOOTPATH STRIKES VEH ON CARRIAGEWAY,1,681744,2,0,0,1,2,3,1,5,Not at intersection,3,40,Arterial Other,YARRA,-37.799896,144.9935,3067.0,True,Preston HS,6580.6
T20240031179,2024-05-12,16:51:00,2,Struck Pedestrian,5,Thursday,100,PED NEAR SIDE. PED HIT BY VEHICLE FROM THE RIGHT.,1,812128,1,0,0,1,1,2,1,2,T intersection,3,60,Local Road,MELTON,-37.706955,144.57431,3338.0,True,William Ruthven SC,37732.1
T20220022782,2022-09-10,12:05:00,1,Collision with vehicle,0,Sunday,133,LANE SIDE SWIPE (VEHICLES IN PARALLEL LANES),1,740293,2,0,0,1,1,2,2,5,Not at intersection,3,50,Local Road,YARRA RANGES,-37.89638,145.62158,3139.0,True,Reservoir HS,55503.5
T20220010382,2022-09-05,07:50:00,2,Struck Pedestrian,1,Monday,102,FAR SIDE. PED HIT BY VEHICLE FROM THE LEFT,1,41261,1,0,1,0,1,2,1,1,Cross intersection,2,70,Arterial Highway,GLEN EIRA,-37.901302,145.0192,3162.0,True,Preston HS,17778.7
T20220010116,2022-05-05,16:56:00,2,Struck Pedestrian,4,Thursday,101,PED EMERGES FROM IN FRONT OF PARKED OR STATIONARY VEHICLE,1,711902,1,0,0,1,1,2,1,5,Not at intersection,3,60,Arterial Other,KNOX,-37.898792,145.29451,3156.0,True,Reservoir HS,30448.4
T20230021293,2023-11-09,15:25:00,1,Collision with vehicle,2,Monday,110,CROSS TRAFFIC(INTERSECTIONS ONLY),1,52003,2,0,1,1,0,2,1,1,Cross intersection,2,50,Local Road,WELLINGTON,-37.959328,146.98335,3860.0,True,Reservoir HS,173588.8
T20240014288,2024-04-06,15:00:00,1,Collision with vehicle,3,Tuesday,136,RIGHT TURN SIDESWIPE,1,804864,2,0,1,0,2,3,1,5,Not at intersection,2,50,Local Road,KINGSTON,-37.971066,145.08675,3194.0,True,Preston HS,26445.6
T20240006255,2024-10-03,15:00:00,6,Vehicle overturned (no collision),1,Sunday,174,OUT OF CONTROL ON CARRIAGEWAY (ON STRAIGHT),1,803567,1,0,1,0,0,1,2,5,Not at intersection,2,999,Local Road,PYRENEES,-37.18791,143.4151,3468.0,True,William Ruthven SC,151163.1
T20220022149,2022-01-10,07:00:00,3,Struck animal,7,Saturday,167,STRUCK ANIMAL,1,726953,1,0,0,1,0,1,2,5,Not at intersection,3,100,,WELLINGTON,-38.47298,146.53136,3971.0,True,Reservoir HS,155687.4
T20240008572,2024-04-04,18:45:00,1,Collision with vehicle,5,Thursday,137,LEFT TURN SIDESWIPE,1,10760,2,0,0,1,2,3,2,1,Cross intersection,3,999,Local Road,MELBOURNE,-37.819008,144.94669,3008.0,True,Preston HS,10103.6
T20210022923,2021-12-11,07:30:00,1,Collision with vehicle,6,Friday,116,LEFT NEAR (INTERSECTIONS ONLY),1,47092,2,0,0,1,1,2,2,2,T intersection,3,50,Arterial Other,BRIMBANK,-37.70854,144.7776,3037.0,True,William Ruthven SC,19874.0
T20210017103,2021-06-08,18:09:00,2,Struck Pedestrian,5,Friday,100,PED NEAR SIDE. PED HIT BY VEHICLE FROM THE RIGHT.,3,809337,1,0,2,0,3,5,1,5,Not at intersection,2,60,Arterial Other,YARRA,-37.8094,144.98909,3066.0,True,Preston HS,7692.5
T20220004994,2022-05-03,22:26:00,1,Collision with vehicle,7,Saturday,147,VEHICLE STRIKES ANOTHER VEH WHILE EMERGING FROM DRIVEWAY,3,706256,2,0,0,1,1,2,1,5,Not at intersection,3,999,Arterial Other,HUME,-37.674305,144.95578,3061.0,True,William Ruthven SC,4834.4
T20220020019,2022-02-09,11:20:00,2,Struck Pedestrian,5,Friday,101,PED EMERGES FROM IN FRONT OF PARKED OR STATIONARY VEHICLE,1,57866,1,0,0,1,1,2,2,1,Cross intersection,3,999,Arterial Highway,PORT PHILLIP,-37.860497,144.98447,3182.0,True,Preston HS,13358.4
T20240022785,2024-07-09,14:42:00,1,Collision with vehicle,7,Saturday,136,RIGHT TURN SIDESWIPE,1,808358,2,0,1,0,1,2,1,5,Not at intersection,2,100,Arterial Other,BENDIGO,-36.806316,144.217,3555.0,True,William Ruthven SC,120987.9
T20230006614,2023-12-03,11:00:00,4,Collision with a fixed object,1,Sunday,183,OFF LEFT BEND INTO OBJECT/PARKED VEHICLE,1,762022,1,0,1,0,0,1,2,5,Not at intersection,2,999,,BAW BAW,-37.948074,145.76205,3833.0,True,Reservoir HS,69060.9
T20210003034,2021-10-02,07:50:00,1,Collision with vehicle,4,Wednesday,110,CROSS TRAFFIC(INTERSECTIONS ONLY),2,49287,2,0,1,0,1,2,1,1,Cross intersection,2,50,Local Road,BALLARAT,-37.564976,143.86461,3350.0,True,William Ruthven SC,101309.3
T20210014830,2021-06-07,08:04:00,2,Struck Pedestrian,3,Tuesday,102,FAR SIDE. PED HIT BY VEHICLE FROM THE LEFT,1,687608,1,0,0,2,1,3,1,1,Cross intersection,3,70,Arterial Highway,YARRA,-37.807247,144.99176,3067.0,True,Preston HS,7412.1
T20240000320,2024-05-01,14:45:00,1,Collision with vehicle,6,Friday,110,CROSS TRAFFIC(INTERSECTIONS ONLY),1,797839,2,0,1,0,1,2,1,1,Cross intersection,2,50,Local Road,GEELONG,-38.17603,144.32263,3216.0,True,Preston HS,77028.7
T20240012259,2024-11-05,09:00:00,4,Collision with a fixed object,7,Saturday,179,OTHER ACCIDENTS-OFF STRAIGHT NOT INCLUDED IN DCAs 170-175,1,803301,1,0,0,1,0,1,2,1,Cross intersection,3,999,Local Road,SURF COAST,-38.345947,144.14656,3230.0,True,Preston HS,100960.4
T20220022215,2021-06-06,19:30:00,2,Struck Pedestrian,0,Sunday,102,FAR SIDE. PED HIT BY VEHICLE FROM THE LEFT,3,287021,1,0,0,1,1,2,2,2,T intersection,3,60,Local Road,FRANKSTON,-38.087757,145.19794,3201.0,True,Preston HS,41963.8
T20230000341,2023-06-01,07:14:00,1,Collision with vehicle,5,Friday,121,RIGHT THROUGH,1,29646,2,0,0,1,1,2,1,1,Cross intersection,3,60,Arterial Other,GLEN EIRA,-37.88727,145.04613,3163.0,True,Preston HS,16545.8
T20240028531,2024-06-11,08:00:00,8,No collision and no object struck,4,Wednesday,172,OFF CARRIAGEWAY TO RIGHT,1,64722,2,0,0,1,1,2,2,1,Cross intersection,3,40,Local Road,YARRA,-37.78786,144.9746,3054.0,True,Preston HS,5874.2
T20250003266,2025-04-02,16:00:00,5,collision with some other object,3,Tuesday,191,LOAD OR MISSILE STRUCK VEHICLE,9,814876,1,0,0,1,0,1,2,5,Not at intersection,3,999,Local Road,MELBOURNE,-37.79726,144.96849,3053.0,True,Preston HS,7048.8
T20220014968,2022-04-07,14:12:00,1,Collision with vehicle,2,Monday,110,CROSS TRAFFIC(INTERSECTIONS ONLY),1,51081,3,0,1,0,2,3,1,1,Cross intersection,2,60,Local Road,SHEPPARTON,-36.386703,145.39967,3630.0,True,William Ruthven SC,149841.7
T20230030674,2023-12-09,18:00:00,1,Collision with vehicle,2,Tuesday,110,CROSS TRAFFIC(INTERSECTIONS ONLY),2,795722,2,0,0,1,1,2,2,1,Cross intersection,3,40,Arterial Other,HUME,-37.634773,144.88144,3059.0,True,William Ruthven SC,12713.7
T20230008259,2023-07-04,17:53:00,1,Collision with vehicle,6,Friday,181,OFF RIGHT BEND INTO OBJECT/PARKED VEHICLE,2,775846,2,0,1,0,0,1,1,5,Not at intersection,2,50,Local Road,HOBSONS BAY,-37.84687,144.89195,3015.0,True,Preston HS,15463.9
T20240008407,2024-03-04,19:50:00,2,Struck Pedestrian,3,Wednesday,100,PED NEAR SIDE. PED HIT BY VEHICLE FROM THE RIGHT.,3,801816,2,0,1,0,3,4,1,5,Not at intersection,2,60,Arterial Other,MELBOURNE,-37.826794,144.9577,3006.0,True,Preston HS,10410.4
T20250020454,2025-02-08,16:03:00,2,Struck Pedestrian,7,Saturday,102,FAR SIDE. PED HIT BY VEHICLE FROM THE LEFT,2,42352,1,0,0,2,1,3,1,1,Cross intersection,3,60,Arterial Other,KINGSTON,-37.94067,145.09793,3169.0,True,Preston HS,23518.2