ACCIDENT_NO,ACCIDENT_DATE,ACCIDENT_TIME,ACCIDENT_TYPE,ACCIDENT_TYPE_DESC,DAY_OF_WEEK,DAY_WEEK_DESC,DCA_CODE,DCA_DESC,LIGHT_CONDITION,NODE_ID,NO_OF_VEHICLES,NO_PERSONS_KILLED,NO_PERSONS_INJ_2,NO_PERSONS_INJ_3,NO_PERSONS_NOT_INJ,NO_PERSONS,POLICE_ATTEND,ROAD_GEOMETRY,ROAD_GEOMETRY_DESC,SEVERITY,SPEED_ZONE,RMA,LGA_NAME,LATITUDE,LONGITUDE,POSTCODE_CRASH,PED_OR_CYC,nearest_school,dist_to_gate_m
T20230020826,2023-04-09,05:40:00,3,Struck animal,2,Monday,167,STRUCK ANIMAL,5,780474,1,0,1,0,0,1,2,5,Not at intersection,2,50,,MOORABOOL,-37.778774,144.25073,3342.0,True,Preston HS,66618.8
T20230029049,2023-08-12,13:45:00,2,Struck Pedestrian,5,Friday,104,PED WALKING WITH TRAFFIC,1,805033,1,0,0,1,1,2,2,5,Not at intersection,3,40,Local Road,MELBOURNE,-37.828392,144.96722,3006.0,True,Preston HS,10257.0
T20240006057,2024-12-02,12:45:00,1,Collision with vehicle,1,Monday,110,CROSS TRAFFIC(INTERSECTIONS ONLY),1,36246,2,0,0,1,1,2,2,1,Cross intersection,3,999,Local Road,YARRA,-37.78351,144.98573,3068.0,True,Preston HS,5014.2
T20240000076,2024-02-01,11:25:00,1,Collision with vehicle,3,Tuesday,134,LANE CHANGE RIGHT (NOT OVERTAKING),1,795836,2,0,1,0,1,2,1,5,Not at intersection,2,80,Arterial Other,BRIMBANK,-37.69623,144.77565,3038.0,True,William Ruthven SC,20002.4
T20220010347,2022-08-05,18:39:00,1,Collision with vehicle,1,Sunday,130,REAR END(VEHICLES IN SAME LANE),3,37624,3,0,0,1,2,3,1,2,T intersection,3,60,Arterial Highway,MELBOURNE,-37.831547,144.9879,3141.0,True,Preston HS,10132.0
T20240005404,2024-03-03,10:49:00,6,Vehicle overturned (no collision),1,Sunday,184,OUT OF CONTROL ON CARRIAGEWAY (ON BEND),1,802059,1,0,1,0,0,1,1,5,Not at intersection,2,50,Local Road,MARIBYRNONG,-37.805862,144.89825,3011.0,True,Preston HS,11934.4
T20240028469,2024-08-11,15:13:00,1,Collision with vehicle,6,Friday,121,RIGHT THROUGH,1,36772,2,0,0,1,1,2,1,2,T intersection,3,60,Arterial Other,BOROONDARA,-37.806747,145.02,3101.0,True,Preston HS,7321.2
T20230000840,2023-12-01,15:50:00,1,Collision with vehicle,4,Thursday,148,VEHICLE OFF FOOTPATH STRIKES VEH ON CARRIAGEWAY,1,784375,2,0,0,1,1,2,1,5,Not at intersection,3,60,Local Road,YARRA RANGES,-37.900867,145.32271,3156.0,True,Reservoir HS,32522.6
T20230008532,2023-11-04,20:24:00,1,Collision with vehicle,3,Tuesday,143,ENTERING PARKING,3,788428,4,0,0,2,1,3,1,5,Not at intersection,3,999,Local Road,HUME,-37.64047,144.93149,3064.0,True,William Ruthven SC,8858.7
T20210005376,2021-11-03,11:40:00,1,Collision with vehicle,5,Thursday,133,LANE SIDE SWIPE (VEHICLES IN PARALLEL LANES),1,35392,2,0,1,0,0,1,1,4,Multiple intersection,2,60,Freeway,MELBOURNE,-37.833645,144.91292,3207.0,True,Preston HS,13153.7
T20240000300,2024-05-01,10:23:00,4,Collision with a fixed object,6,Friday,181,OFF RIGHT BEND INTO OBJECT/PARKED VEHICLE,1,804028,1,0,1,0,0,1,1,5,Not at intersection,2,100,Arterial Other,SOUTH GIPPSLAND,-38.381847,145.83138,3951.0,True,Preston HS,101362.3
T20220000118,2022-02-01,20:20:00,7,Fall from or in moving vehicle,1,Sunday,190,FELL IN/FROM VEHICLE,2,35787,1,0,0,1,1,2,1,1,Cross intersection,3,40,Arterial Other,GEELONG,-38.26788,144.52463,3226.0,True,Preston HS,72181.6
T20250020718,2025-05-08,15:46:00,2,Struck Pedestrian,2,Tuesday,105,PED WALKING AGAINST TRAFFIC.,1,823041,1,0,0,1,1,2,1,5,Not at intersection,3,50,Local Road,CASEY,-38.093346,145.3351,3978.0,True,Preston HS,48546.5
T20230021389,2023-12-09,08:20:00,1,Collision with vehicle,3,Tuesday,121,RIGHT THROUGH,1,37600,2,0,0,1,3,4,1,1,Cross intersection,3,60,Arterial Other,MELBOURNE,-37.84772,144.97974,3004.0,True,Preston HS,12031.5
T20210019062,2021-12-09,10:20:00,1,Collision with vehicle,1,Sunday,110,CROSS TRAFFIC(INTERSECTIONS ONLY),1,73126,2,0,1,0,2,3,1,1,Cross intersection,2,999,Local Road,MORNINGTON PENINSULA,-38.257065,145.04176,3934.0,True,Preston HS,57386.4
T20230023474,2023-08-10,13:48:00,6,Vehicle overturned (no collision),1,Sunday,174,OUT OF CONTROL ON CARRIAGEWAY (ON STRAIGHT),1,350886,1,0,0,1,0,1,1,2,T intersection,3,60,Arterial Other,KINGSTON,-37.99972,145.07558,3195.0,True,Preston HS,29313.4
T20240003467,2024-10-02,12:30:00,1,Collision with vehicle,7,Saturday,121,RIGHT THROUGH,1,38691,2,0,0,1,1,2,2,2,T intersection,3,60,Arterial Other,MARIBYRNONG,-37.80797,144.8844,3012.0,True,Preston HS,13061.4
T20230018995,2023-08-08,06:30:00,6,Vehicle overturned (no collision),2,Tuesday,174,OUT OF CONTROL ON CARRIAGEWAY (ON STRAIGHT),9,685,1,0,1,0,0,1,2,5,Not at intersection,2,999,Local Road,GLEN EIRA,-37.888878,145.03766,3163.0,True,Preston HS,16584.2
T20250003112,2025-05-02,22:40:00,1,Collision with vehicle,4,Wednesday,110,CROSS TRAFFIC(INTERSECTIONS ONLY),3,29764,2,0,0,1,1,2,1,1,Cross intersection,3,80,Arterial Other,CASEY,-38.089348,145.33255,3978.0,True,Preston HS,48056.4
T20250006057,2025-05-03,10:15:00,1,Collision with vehicle,4,Wednesday,113,RIGHT NEAR (INTERSECTIONS ONLY),1,359283,2,0,1,0,1,2,1,4,Multiple intersection,2,80,Arterial Highway,CASEY,-38.03675,145.2478,3975.0,True,Preston HS,39019.6
T20240005354,2024-02-03,15:45:00,2,Struck Pedestrian,6,Saturday,100,PED NEAR SIDE. PED HIT BY VEHICLE FROM THE RIGHT.,1,799025,1,0,1,0,1,2,1,5,Not at intersection,2,40,Local Road,MELBOURNE,-37.830296,144.97467,3004.0,True,Preston HS,10255.4
T20230015451,2023-04-07,08:15:00,1,Collision with vehicle,3,Tuesday,163,VEHICLE STRIKES DOOR OF PARKED/STATIONARY VEHICLE,2,780136,2,0,1,0,2,3,1,5,Not at intersection,2,40,Local Road,MELBOURNE,-37.812344,144.97452,3002.0,True,Preston HS,8360.9
T20250003714,2025-11-02,15:18:00,1,Collision with vehicle,3,Tuesday,121,RIGHT THROUGH,1,149,2,0,1,0,1,2,1,2,T intersection,2,40,Local Road,YARRA,-37.802357,144.9868,3066.0,True,Preston HS,6976.8
T20230025690,2023-03-11,09:31:00,1,Collision with vehicle,6,Friday,134,LANE CHANGE RIGHT (NOT OVERTAKING),1,787045,2,0,1,0,1,2,1,5,Not at intersection,2,40,,MELBOURNE,-37.820335,144.96866,3006.0,True,Preston HS,9373.7
T20240003652,2024-08-02,16:15:00,8,No collision and no object struck,5,Thursday,149,OTHER MANOEUVRING NOT INCLUDED IN DCAs 140-148,1,39605,2,0,0,1,1,2,1,1,Cross intersection,3,60,Arterial Highway,MAROONDAH,-37.81696,145.22049,3134.0,True,Reservoir HS,19815.9
T20240002908,2024-06-02,06:05:00,1,Collision with vehicle,3,Tuesday,133,LANE SIDE SWIPE (VEHICLES IN PARALLEL LANES),1,803656,2,0,1,0,1,2,1,5,Not at intersection,2,70,Arterial Other,BAYSIDE,-37.930153,145.01169,3187.0,True,Preston HS,20958.9
T20230016002,2023-10-07,14:40:00,1,Collision with vehicle,2,Monday,147,VEHICLE STRIKES ANOTHER VEH WHILE EMERGING FROM DRIVEWAY,1,788486,2,0,0,1,1,2,2,5,Not at intersection,3,888,Arterial Other,KNOX,-37.83814,145.27802,3153.0,True,Reservoir HS,25358.4
T20250012320,2025-08-05,20:11:00,2,Struck Pedestrian,5,Thursday,102,FAR SIDE. PED HIT BY VEHICLE FROM THE LEFT,3,818171,1,0,1,0,1,2,1,2,T intersection,2,50,Local Road,WYNDHAM,-37.87439,144.67207,3029.0,True,Preston HS,32924.0
T20210017137,2021-11-07,13:10:00,5,collision with some other object,1,Sunday,166,STRUCK OBJECT ON CARRIAGEWAY,1,695003,1,0,1,0,0,1,1,5,Not at intersection,2,888,Local Road,YARRA RANGES,-37.862804,145.73894,3797.0,True,Reservoir HS,64272.1
T20210017463,2021-07-08,12:30:00,4,Collision with a fixed object,7,Saturday,179,OTHER ACCIDENTS-OFF STRAIGHT NOT INCLUDED IN DCAs 170-175,1,691604,1,0,1,0,0,1,2,2,T intersection,2,100,Local Road,MANSFIELD,-36.941246,146.07664,3723.0,True,William Ruthven SC,126756.6
T20250020556,2025-02-08,16:00:00,8,No collision and no object struck,6,Saturday,175,OFF END OF ROAD/T-INTERSECTION.,9,821132,1,0,0,1,0,1,2,2,T intersection,3,60,Arterial Other,WYNDHAM,-37.87361,144.68343,3029.0,True,Preston HS,31995.2
T20210025475,2021-12-12,16:30:00,2,Struck Pedestrian,1,Sunday,100,PED NEAR SIDE. PED HIT BY VEHICLE FROM THE RIGHT.,1,699400,1,0,1,0,1,2,1,1,Cross intersection,2,50,Local Road,GEELONG,-38.147038,144.3637,3220.0,True,Preston HS,72211.7
T20220020768,2022-05-09,18:45:00,1,Collision with vehicle,2,Monday,121,RIGHT THROUGH,3,39054,2,0,0,1,1,2,2,4,Multiple intersection,3,60,Arterial Other,BOROONDARA,-37.793434,145.064,3104.0,True,Preston HS,7622.8
T20230013671,2023-12-06,15:00:00,2,Struck Pedestrian,2,Monday,100,PED NEAR SIDE. PED HIT BY VEHICLE FROM THE RIGHT.,1,43129,1,0,0,1,1,2,1,1,Cross intersection,3,50,Local Road,CASEY,-37.995087,145.23802,3177.0,True,Preston HS,34709.2
T20240025244,2024-06-10,22:56:00,4,Collision with a fixed object,0,Sunday,171,LEFT OFF CARRIAGEWAY INTO OBJECT/PARKED VEHICLE,3,48223,1,0,1,0,0,1,1,2,T intersection,2,70,Arterial Other,CASEY,-38.031666,145.29315,3805.0,True,Preston HS,40862.7
T20220006095,2022-12-03,12:30:00,3,Struck animal,6,Saturday,167,STRUCK ANIMAL,1,779555,1,0,0,1,0,1,2,5,Not at intersection,3,999,Local Road,BENALLA,-36.7362,145.92838,3670.0,True,William Ruthven SC,134600.8
T20250005554,2025-01-03,13:30:00,1,Collision with vehicle,7,Saturday,147,VEHICLE STRIKES ANOTHER VEH WHILE EMERGING FROM DRIVEWAY,1,815765,2,0,0,1,1,2,2,5,Not at intersection,3,40,Local Road,HOBSONS BAY,-37.863808,144.90663,3016.0,True,Preston HS,16194.9
T20230026423,2023-06-11,09:30:00,1,Collision with vehicle,2,Monday,110,CROSS TRAFFIC(INTERSECTIONS ONLY),1,352711,2,0,0,1,1,2,2,1,Cross intersection,3,50,Local Road,BOROONDARA,-37.807735,145.09186,3103.0,True,Preston HS,10460.1
T20250009853,2025-12-04,08:02:00,1,Collision with vehicle,7,Saturday,121,RIGHT THROUGH,1,36488,2,0,1,0,1,2,1,1,Cross intersection,2,999,Arterial Highway,YARRA,-37.793453,144.9793,3065.0,True,Preston HS,6252.0
T20250012452,2025-09-05,12:48:00,2,Struck Pedestrian,5,Friday,100,PED NEAR SIDE. PED HIT BY VEHICLE FROM THE RIGHT.,1,818195,1,0,0,1,2,3,1,2,T intersection,3,60,Arterial Other,MOONEE VALLEY,-37.76883,144.92545,3039.0,True,Preston HS,7786.4
T20230001382,2022-09-12,11:30:00,8,No collision and no object struck,5,Friday,174,OUT OF CONTROL ON CARRIAGEWAY (ON STRAIGHT),1,748941,1,0,0,1,0,1,2,2,T intersection,3,50,Arterial Other,CASEY,-38.124325,145.24936,3977.0,True,Preston HS,47556.1
T20230026977,2023-10-11,07:30:00,2,Struck Pedestrian,5,Friday,100,PED NEAR SIDE. PED HIT BY VEHICLE FROM THE RIGHT.,2,44393,1,0,0,1,1,2,2,1,Cross intersection,3,999,Arterial Other,DAREBIN,-37.731155,145.01445,3072.0,True,Preston HS,1338.9
T20250021969,2025-08-08,08:40:00,2,Struck Pedestrian,5,Friday,102,FAR SIDE. PED HIT BY VEHICLE FROM THE LEFT,1,40698,1,0,0,1,1,2,2,2,T intersection,3,999,Arterial Other,MONASH,-37.85747,145.13066,3149.0,True,Preston HS,16839.6
T20230018599,2023-09-08,20:38:00,2,Struck Pedestrian,4,Wednesday,100,PED NEAR SIDE. PED HIT BY VEHICLE FROM THE RIGHT.,3,780824,1,0,0,1,1,2,1,5,Not at intersection,3,80,,DANDENONG,-37.961903,145.15042,3171.0,True,Preston HS,27529.6
T20240022916,2024-08-09,16:00:00,4,Collision with a fixed object,1,Sunday,183,OFF LEFT BEND INTO OBJECT/PARKED VEHICLE,1,808384,1,0,0,1,0,1,2,5,Not at intersection,3,999,Local Road,BAW BAW,-37.867523,146.02585,3833.0,True,Reservoir HS,89029.5
T20220027264,2022-01-12,17:33:00,6,Vehicle overturned (no collision),5,Thursday,174,OUT OF CONTROL ON CARRIAGEWAY (ON STRAIGHT),1,748471,1,0,1,0,0,1,1,5,Not at intersection,2,80,,SURF COAST,-38.347153,144.18451,3230.0,True,Preston HS,98595.9
T20230028384,2023-01-12,18:44:00,1,Collision with vehicle,6,Friday,116,LEFT NEAR (INTERSECTIONS ONLY),3,792173,2,0,0,1,1,2,1,1,Cross intersection,3,40,Local Road,YARRA,-37.794384,145.00058,3068.0,True,Preston HS,5886.2
T20220009413,2022-12-04,16:00:00,1,Collision with vehicle,3,Tuesday,110,CROSS TRAFFIC(INTERSECTIONS ONLY),1,50963,2,0,0,1,1,2,2,1,Cross intersection,3,50,Local Road,WANGARATTA,-36.350456,146.31076,3677.0,True,William Ruthven SC,189421.9
T20220007538,2022-04-04,17:44:00,1,Collision with vehicle,2,Monday,148,VEHICLE OFF FOOTPATH STRIKES VEH ON CARRIAGEWAY,2,708873,2,0,0,1,2,3,1,1,Cross intersection,3,40,,MORELAND,-37.77976,144.9747,3054.0,True,Preston HS,5101.3
T20220002762,2022-08-02,18:40:00,1,Collision with vehicle,3,Tuesday,121,RIGHT THROUGH,1,29616,3,0,1,0,4,5,1,1,Cross intersection,2,60,Arterial Highway,BOROONDARA,-37.849434,145.08708,3124.0,True,Preston HS,13888.6
T20230026091,2023-07-11,15:00:00,1,Collision with vehicle,3,Tuesday,133,LANE SIDE SWIPE (VEHICLES IN PARALLEL LANES),1,785728,2,0,1,0,1,2,1,5,Not at intersection,2,60,Arterial Highway,YARRA,-37.793415,144.98233,3068.0,True,Preston HS,6148.8
T20220008241,2022-12-04,21:25:00,1,Collision with vehicle,2,Tuesday,116,LEFT NEAR (INTERSECTIONS ONLY),3,774203,2,0,0,1,1,2,1,1,Cross intersection,3,80,Arterial Highway,CASEY,-38.07809,145.23955,3977.0,True,Preston HS,42602.7
T20240031646,2024-09-12,17:58:00,1,Collision with vehicle,1,Monday,130,REAR END(VEHICLES IN SAME LANE),1,813124,2,0,0,1,1,2,2,5,Not at intersection,3,50,Arterial Other,BANYULE,-37.751293,145.03972,3081.0,True,Preston HS,3060.0
T20240014321,2024-04-06,21:00:00,1,Collision with vehicle,3,Tuesday,110,CROSS TRAFFIC(INTERSECTIONS ONLY),3,51667,2,0,0,1,1,2,1,1,Cross intersection,3,60,Arterial Other,BENDIGO,-36.769302,144.28618,3550.0,True,William Ruthven SC,121067.8
T20250006112,2025-05-03,14:35:00,1,Collision with vehicle,4,Wednesday,120,HEAD ON (NOT OVERTAKING),1,818113,2,0,0,1,1,2,2,5,Not at intersection,3,999,Local Road,MELTON,-37.71371,144.72939,3336.0,True,William Ruthven SC,24145.3
T20230013467,2023-09-06,16:25:00,2,Struck Pedestrian,5,Friday,100,PED NEAR SIDE. PED HIT BY VEHICLE FROM THE RIGHT.,2,776319,1,0,0,1,1,2,2,1,Cross intersection,3,50,Arterial Highway,CASEY,-38.107925,145.28313,3977.0,True,Preston HS,47376.1
T20250018317,2025-01-07,15:30:00,1,Collision with vehicle,3,Tuesday,147,VEHICLE STRIKES ANOTHER VEH WHILE EMERGING FROM DRIVEWAY,1,821390,2,0,0,1,1,2,2,5,Not at intersection,3,50,Local Road,WARRNAMBOOL,-38.386135,142.48387,3280.0,True,Preston HS,232222.0
T20250012020,2025-04-05,16:15:00,4,Collision with a fixed object,0,Sunday,189,OTHER ACCIDENTS ON CURVE NOT INCLUDED IN DCAs 180-184,1,818440,1,0,0,1,0,1,2,5,Not at intersection,3,60,Arterial Other,MORNINGTON PENINSULA,-38.47817,144.94797,3929.0,True,Preston HS,82055.0
T20230015611,2023-05-07,19:15:00,2,Struck Pedestrian,4,Wednesday,194,PARKED CAR RUN AWAY,3,776813,2,0,1,0,0,1,1,5,Not at intersection,2,50,Local Road,WHITTLESEA,-37.512753,145.13472,3757.0,True,William Ruthven SC,23501.1
T20240006248,2024-12-03,15:26:00,1,Collision with vehicle,3,Tuesday,147,VEHICLE STRIKES ANOTHER VEH WHILE EMERGING FROM DRIVEWAY,1,799591,2,0,1,0,1,2,1,5,Not at intersection,2,60,Arterial Highway,SHEPPARTON,-36.385483,145.39844,3630.0,True,William Ruthven SC,149948.1
T20230018029,2023-02-08,15:45:00,2,Struck Pedestrian,4,Wednesday,100,PED NEAR SIDE. PED HIT BY VEHICLE FROM THE RIGHT.,1,42790,1,0,1,0,2,3,1,1,Cross intersection,2,60,Arterial Highway,KINGSTON,-37.974846,145.07275,3194.0,True,Preston HS,26557.6
T20240031324,2024-06-12,21:40:00,1,Collision with vehicle,6,Friday,121,RIGHT THROUGH,5,815677,2,0,0,1,1,2,1,1,Cross intersection,3,50,Local Road,DAREBIN,-37.697163,144.99272,3073.0,True,William Ruthven SC,906.2
T20240002780,2024-04-02,14:40:00,1,Collision with vehicle,1,Sunday,137,LEFT TURN SIDESWIPE,1,37026,2,0,1,0,1,2,1,1,Cross intersection,2,40,Local Road,MELBOURNE,-37.810703,144.98616,3002.0,True,Preston HS,7890.4
T20250014843,2025-03-06,06:00:00,2,Struck Pedestrian,3,Tuesday,102,FAR SIDE. PED HIT BY VEHICLE FROM THE LEFT,6,38744,1,0,1,0,1,2,2,1,Cross intersection,2,999,Arterial Other,MARIBYRNONG,-37.803257,144.8924,3011.0,True,Preston HS,12185.5
T20230005283,2023-05-03,11:30:00,1,Collision with vehicle,1,Sunday,130,REAR END(VEHICLES IN SAME LANE),1,758695,2,0,2,0,0,2,1,5,Not at intersection,2,80,Arterial Other,YARRA RANGES,-37.67508,145.85858,3799.0,True,Reservoir HS,73141.8
T20240011793,2024-09-05,13:31:00,1,Collision with vehicle,4,Thursday,121,RIGHT THROUGH,1,102,2,0,0,1,2,3,1,1,Cross intersection,3,40,Local Road,MELBOURNE,-37.800743,144.96692,3053.0,True,Preston HS,7454.9
T20240028589,2024-09-11,18:40:00,7,Fall from or in moving vehicle,6,Saturday,190,FELL IN/FROM VEHICLE,1,811160,1,0,0,1,1,2,1,5,Not at intersection,3,50,Local Road,BAW BAW,-38.1561,145.9471,3820.0,True,Reservoir HS,93820.3
T20250021047,2025-09-08,08:00:00,1,Collision with vehicle,7,Saturday,163,VEHICLE STRIKES DOOR OF PARKED/STATIONARY VEHICLE,1,821036,2,0,1,0,1,2,1,1,Cross intersection,2,60,Arterial Other,PORT PHILLIP,-37.83481,144.94652,3207.0,True,Preston HS,11641.8
T20250021784,2025-10-08,11:00:00,6,Vehicle overturned (no collision),0,Sunday,184,OUT OF CONTROL ON CARRIAGEWAY (ON BEND),1,822577,1,0,0,1,0,1,2,5,Not at intersection,3,80,Local Road,YARRA RANGES,-37.58867,145.51799,3777.0,True,Reservoir HS,45509.8
T20230018792,2023-10-08,08:00:00,1,Collision with vehicle,5,Thursday,121,RIGHT THROUGH,1,49057,2,0,0,1,1,2,2,2,T intersection,3,50,Local Road,YARRA,-37.78517,144.9862,3068.0,True,Preston HS,5171.0
T20240025320,2024-07-10,18:45:00,1,Collision with vehicle,2,Monday,110,CROSS TRAFFIC(INTERSECTIONS ONLY),2,43171,2,0,0,1,1,2,1,1,Cross intersection,3,50,Local Road,KINGSTON,-38.006866,145.08849,3195.0,True,Preston HS,30338.2
T20230028958,2023-07-12,19:41:00,1,Collision with vehicle,5,Thursday,137,LEFT TURN SIDESWIPE,2,44104,2,0,0,1,1,2,1,2,T intersection,3,50,Local Road,DAREBIN,-37.73496,145.00452,3072.0,True,Preston HS,783.0
T20230000511,2023-08-01,13:30:00,3,Struck animal,1,Sunday,167,STRUCK ANIMAL,1,751115,1,0,1,0,0,1,1,5,Not at intersection,2,80,Local Road,GANNAWARRA,-35.67428,144.17303,3580.0,True,William Ruthven SC,236727.5
T20240006026,2024-09-03,18:16:00,1,Collision with vehicle,7,Saturday,116,LEFT NEAR (INTERSECTIONS ONLY),1,52931,2,0,0,1,1,2,1,1,Cross intersection,3,60,Local Road,BALLARAT,-37.569744,143.88525,3350.0,True,William Ruthven SC,99431.5
T20220005605,2022-11-03,09:35:00,2,Struck Pedestrian,6,Friday,100,PED NEAR SIDE. PED HIT BY VEHICLE FROM THE RIGHT.,1,71821,1,0,1,0,1,2,2,2,T intersection,2,60,Local Road,FRANKSTON,-38.13478,145.13344,3199.0,True,Preston HS,45090.9
T20220019901,2022-03-09,09:50:00,2,Struck Pedestrian,6,Saturday,100,PED NEAR SIDE. PED HIT BY VEHICLE FROM THE RIGHT.,1,55512,1,0,1,1,2,4,1,1,Cross intersection,2,60,Local Road,MORNINGTON PENINSULA,-38.246277,145.04597,3934.0,True,Preston HS,56209.7
T20210005539,2021-12-03,16:42:00,6,Vehicle overturned (no collision),6,Friday,174,OUT OF CONTROL ON CARRIAGEWAY (ON STRAIGHT),1,678587,1,0,1,0,0,1,1,5,Not at intersection,2,80,Arterial Highway,COLAC OTWAY,-38.770542,143.4249,3238.0,True,Preston HS,179364.6
T20210003160,2021-06-02,15:45:00,8,No collision and no object struck,7,Saturday,180,OFF CARRIAGEWAY ON RIGHT BEND,1,50372,2,0,0,1,0,1,2,2,T intersection,3,60,Local Road,BASS COAST,-38.41069,145.57231,3945.0,True,Preston HS,89337.5
T20220015575,2022-12-07,10:37:00,1,Collision with vehicle,3,Tuesday,130,REAR END(VEHICLES IN SAME LANE),1,722522,2,0,0,1,1,2,1,5,Not at intersection,3,80,Freeway,MELBOURNE,-37.826042,144.93204,3207.0,True,Preston HS,11465.8
T20250021240,2025-10-08,13:20:00,3,Struck animal,1,Sunday,167,STRUCK ANIMAL,1,821111,1,0,1,0,0,1,2,5,Not at intersection,2,100,Arterial Other,MURRINDINDI,-37.28968,145.79218,3712.0,True,Reservoir HS,82718.3
T20220024844,2022-04-11,14:27:00,4,Collision with a fixed object,6,Friday,171,LEFT OFF CARRIAGEWAY INTO OBJECT/PARKED VEHICLE,1,313263,2,0,0,1,3,4,1,5,Not at intersection,3,60,Arterial Other,HUME,-37.666588,144.9481,3061.0,True,William Ruthven SC,5867.3
T20230007871,2023-03-04,16:32:00,2,Struck Pedestrian,1,Monday,101,PED EMERGES FROM IN FRONT OF PARKED OR STATIONARY VEHICLE,1,38857,1,0,0,1,1,2,1,2,T intersection,3,60,Arterial Other,NILLUMBIK,-37.673832,145.15599,3089.0,True,Reservoir HS,12377.9
T20210005043,2021-07-03,17:00:00,8,No collision and no object struck,1,Sunday,180,OFF CARRIAGEWAY ON RIGHT BEND,1,677430,1,0,1,0,0,1,1,5,Not at intersection,2,80,Arterial Highway,YARRA RANGES,-37.632736,145.404,3775.0,True,Reservoir HS,34441.9
T20230023297,2023-05-10,22:15:00,2,Struck Pedestrian,5,Thursday,102,FAR SIDE. PED HIT BY VEHICLE FROM THE LEFT,5,42068,1,0,1,0,1,2,1,2,T intersection,2,50,Arterial Other,BAYSIDE,-37.95226,145.0079,3191.0,True,Preston HS,23413.3
T20210024891,2021-10-11,15:05:00,2,Struck Pedestrian,4,Wednesday,102,FAR SIDE. PED HIT BY VEHICLE FROM THE LEFT,1,699286,1,0,0,1,1,2,2,5,Not at intersection,3,50,Local Road,KINGSTON,-37.988335,145.0653,3194.0,True,Preston HS,27896.4
T20220025356,2022-10-11,08:02:00,1,Collision with vehicle,5,Thursday,147,VEHICLE STRIKES ANOTHER VEH WHILE EMERGING FROM DRIVEWAY,1,737317,2,0,0,1,1,2,1,5,Not at intersection,3,60,Arterial Other,WYNDHAM,-37.877033,144.6775,3030.0,True,Preston HS,32632.3
T20220003411,2022-07-01,21:50:00,8,No collision and no object struck,5,Friday,184,OUT OF CONTROL ON CARRIAGEWAY (ON BEND),3,813759,1,0,0,1,0,1,2,1,Cross intersection,3,80,Arterial Highway,WHITEHORSE,-37.85479,145.1697,3133.0,True,Preston HS,19032.5
T20230020837,2023-06-09,07:20:00,2,Struck Pedestrian,4,Wednesday,100,PED NEAR SIDE. PED HIT BY VEHICLE FROM THE RIGHT.,1,780400,1,0,1,0,1,2,1,1,Cross intersection,2,50,Local Road,GEELONG,-38.17542,144.34267,3216.0,True,Preston HS,75625.0
T20220010578,2022-10-05,20:21:00,2,Struck Pedestrian,3,Tuesday,100,PED NEAR SIDE. PED HIT BY VEHICLE FROM THE RIGHT.,4,713680,2,0,2,0,2,4,1,5,Not at intersection,2,60,Arterial Other,MONASH,-37.86961,145.11139,3147.0,True,Preston HS,16918.6
T20250012624,2025-11-05,20:45:00,2,Struck Pedestrian,0,Sunday,101,PED EMERGES FROM IN FRONT OF PARKED OR STATIONARY VEHICLE,3,821443,1,0,0,1,1,2,1,5,Not at intersection,3,30,Local Road,YARRA,-37.805885,144.98308,3066.0,True,Preston HS,7442.7
T20250017890,2025-05-07,12:52:00,1,Collision with vehicle,7,Saturday,130,REAR END(VEHICLES IN SAME LANE),1,820383,2,0,2,0,2,4,1,5,Not at intersection,2,100,Freeway,MELTON,-37.748947,144.7154,3336.0,True,Preston HS,25660.7
T20250021245,2025-11-08,11:15:00,8,No collision and no object struck,2,Monday,184,OUT OF CONTROL ON CARRIAGEWAY (ON BEND),1,821754,1,0,0,1,0,1,1,5,Not at intersection,3,80,Local Road,MURRINDINDI,-37.56355,145.50877,3777.0,True,Reservoir HS,45754.3
T20240017765,2024-04-07,16:35:00,1,Collision with vehicle,4,Thursday,110,CROSS TRAFFIC(INTERSECTIONS ONLY),1,49318,2,0,0,1,1,2,2,1,Cross intersection,3,60,Arterial Highway,BENDIGO,-36.758373,144.28738,3550.0,True,William Ruthven SC,122051.6
T20230004259,2023-05-02,11:30:00,6,Vehicle overturned (no collision),0,Sunday,184,OUT OF CONTROL ON CARRIAGEWAY (ON BEND),1,755960,1,0,0,1,0,1,2,5,Not at intersection,3,60,,MOUNT ALEXANDER,-37.098557,144.21376,3451.0,True,William Ruthven SC,96342.3
T20240005825,2024-07-03,11:00:00,1,Collision with vehicle,5,Thursday,116,LEFT NEAR (INTERSECTIONS ONLY),1,799554,2,0,0,1,1,2,2,2,T intersection,3,60,Arterial Highway,PORT PHILLIP,-37.874542,144.99129,3183.0,True,Preston HS,14836.5
T20220013024,2022-08-06,17:40:00,2,Struck Pedestrian,3,Wednesday,100,PED NEAR SIDE. PED HIT BY VEHICLE FROM THE RIGHT.,3,714631,1,0,0,1,2,3,2,5,Not at intersection,3,40,Local Road,MELBOURNE,-37.812435,144.95953,3000.0,True,Preston HS,8907.5