ACCIDENT_NO,ACCIDENT_DATE,ACCIDENT_TIME,ACCIDENT_TYPE,ACCIDENT_TYPE_DESC,DAY_OF_WEEK,DAY_WEEK_DESC,DCA_CODE,DCA_DESC,LIGHT_CONDITION,NODE_ID,NO_OF_VEHICLES,NO_PERSONS_KILLED,NO_PERSONS_INJ_2,NO_PERSONS_INJ_3,NO_PERSONS_NOT_INJ,NO_PERSONS,POLICE_ATTEND,ROAD_GEOMETRY,ROAD_GEOMETRY_DESC,SEVERITY,SPEED_ZONE,RMA,LGA_NAME,LATITUDE,LONGITUDE,POSTCODE_CRASH,PED_OR_CYC,nearest_school,dist_to_gate_m
T20230005319,2023-05-03,18:20:00,6,Vehicle overturned (no collision),1,Sunday,174,OUT OF CONTROL ON CARRIAGEWAY (ON STRAIGHT),1,758920,2,0,0,2,0,2,1,5,Not at intersection,3,100,,MOORABOOL,-37.76812,144.01807,3334.0,True,William Ruthven SC,86980.0
T20240032243,2024-11-12,16:45:00,1,Collision with vehicle,4,Wednesday,134,LANE CHANGE RIGHT (NOT OVERTAKING),1,815735,2,0,1,0,1,2,1,5,Not at intersection,2,80,Arterial Other,MELTON,-37.68712,144.6968,3335.0,True,William Ruthven SC,26961.9
T20230013026,2023-04-06,09:30:00,2,Struck Pedestrian,1,Sunday,102,FAR SIDE. PED HIT BY VEHICLE FROM THE LEFT,1,779306,1,0,0,1,1,2,2,2,T intersection,3,999,Local Road,MAROONDAH,-37.797,145.24472,3134.0,True,Reservoir HS,20666.4
T20250003633,2025-10-02,16:00:00,8,No collision and no object struck,2,Monday,184,OUT OF CONTROL ON CARRIAGEWAY (ON BEND),1,815059,1,0,0,1,0,1,2,5,Not at intersection,3,999,Local Road,MURRINDINDI,-37.34186,145.96541,3713.0,True,Reservoir HS,92750.2
T20210007823,2021-07-04,10:35:00,5,collision with some other object,4,Wednesday,149,OTHER MANOEUVRING NOT INCLUDED IN DCAs 140-148,1,680769,1,0,1,0,1,2,2,5,Not at intersection,2,50,Local Road,BAW BAW,-38.162994,145.93335,3820.0,True,Reservoir HS,93185.6
T20250015346,2025-08-06,10:30:00,8,No collision and no object struck,0,Sunday,174,OUT OF CONTROL ON CARRIAGEWAY (ON STRAIGHT),1,819508,1,0,0,1,0,1,2,5,Not at intersection,3,60,Arterial Highway,ALPINE,-36.72922,146.95255,3741.0,True,Reservoir HS,202945.6
T20220022764,2022-10-10,05:51:00,1,Collision with vehicle,1,Monday,121,RIGHT THROUGH,2,38574,2,0,1,0,1,2,1,2,T intersection,2,50,Arterial Other,BRIMBANK,-37.809013,144.84813,3012.0,True,Preston HS,15850.5
T20220012595,2022-03-06,18:15:00,2,Struck Pedestrian,5,Friday,106,VEH STRIKES PED ON FOOTPATH/MEDIAN/TRAFFIC ISLAND.,3,36966,1,0,0,1,1,2,2,1,Cross intersection,3,40,Local Road,MELBOURNE,-37.810127,144.96965,3000.0,True,Preston HS,8290.2
T20230005268,2023-04-03,11:30:00,8,No collision and no object struck,7,Saturday,174,OUT OF CONTROL ON CARRIAGEWAY (ON STRAIGHT),1,787905,1,0,1,0,0,1,1,5,Not at intersection,2,888,Local Road,BENDIGO,-36.66931,144.35033,3551.0,True,William Ruthven SC,128022.1
T20240028437,2024-08-11,07:14:00,1,Collision with vehicle,6,Friday,137,LEFT TURN SIDESWIPE,1,810635,2,0,0,1,1,2,1,5,Not at intersection,3,60,Arterial Other,YARRA,-37.82426,145.00745,3121.0,True,Preston HS,9180.3
T20250002994,2025-04-02,22:48:00,2,Struck Pedestrian,3,Tuesday,102,FAR SIDE. PED HIT BY VEHICLE FROM THE LEFT,3,29590,1,0,1,0,1,2,1,1,Cross intersection,2,60,Arterial Other,PORT PHILLIP,-37.86717,144.98123,3182.0,True,Preston HS,14135.5
T20210015107,2021-09-07,14:46:00,2,Struck Pedestrian,6,Friday,107,PED ON FOOTHPATH STRUCK BY VEHENTERING/LEAVING DRIVEWAY.,1,687800,2,0,1,0,2,3,1,5,Not at intersection,2,50,Local Road,HORSHAM,-36.727512,142.17294,3400.0,True,William Ruthven SC,272783.5
T20230023775,2023-11-10,15:45:00,8,No collision and no object struck,3,Wednesday,170,OFF CARRIAGEWAY TO LEFT,1,783507,2,0,0,1,1,2,1,5,Not at intersection,3,60,Local Road,SWAN HILL,-35.33105,143.55511,3585.0,True,William Ruthven SC,293123.9
T20210015010,2021-08-07,11:37:00,1,Collision with vehicle,5,Thursday,110,CROSS TRAFFIC(INTERSECTIONS ONLY),1,342077,2,0,2,0,1,3,1,1,Cross intersection,2,60,Arterial Other,CARDINIA,-38.051502,145.37468,3807.0,True,Preston HS,47191.0
T20220002773,2022-08-02,20:15:00,1,Collision with vehicle,2,Tuesday,130,REAR END(VEHICLES IN SAME LANE),2,710164,2,0,1,0,2,3,1,5,Not at intersection,2,80,Arterial Highway,CASEY,-38.004818,145.26251,3803.0,True,Preston HS,36858.8
T20220025321,2022-09-11,17:30:00,1,Collision with vehicle,3,Wednesday,163,VEHICLE STRIKES DOOR OF PARKED/STATIONARY VEHICLE,1,780250,2,0,0,1,1,2,1,5,Not at intersection,3,60,Arterial Other,PORT PHILLIP,-37.84242,144.97758,3004.0,True,Preston HS,11496.0
T20250008957,2025-02-04,09:00:00,1,Collision with vehicle,4,Wednesday,110,CROSS TRAFFIC(INTERSECTIONS ONLY),1,42119,2,0,0,1,1,2,1,1,Cross intersection,3,50,Local Road,BAYSIDE,-37.952404,145.02448,3190.0,True,Preston HS,23478.9
T20230020445,2023-01-09,09:45:00,2,Struck Pedestrian,5,Friday,100,PED NEAR SIDE. PED HIT BY VEHICLE FROM THE RIGHT.,1,44758,1,0,0,1,1,2,2,2,T intersection,3,999,Arterial Other,BANYULE,-37.699684,145.11139,3088.0,True,Reservoir HS,7641.9
T20240013120,2024-09-03,13:35:00,1,Collision with vehicle,6,Saturday,130,REAR END(VEHICLES IN SAME LANE),1,36037,2,0,0,1,1,2,2,1,Cross intersection,3,50,Local Road,MORELAND,-37.772663,144.9715,3057.0,True,Preston HS,4652.8
T20230010977,2023-10-05,16:08:00,1,Collision with vehicle,4,Wednesday,163,VEHICLE STRIKES DOOR OF PARKED/STATIONARY VEHICLE,1,143744,3,0,0,1,2,3,1,5,Not at intersection,3,40,Local Road,MELBOURNE,-37.81055,144.96985,3000.0,True,Preston HS,8326.4
T20220008183,2022-10-04,02:00:00,8,No collision and no object struck,1,Sunday,170,OFF CARRIAGEWAY TO LEFT,9,687062,1,0,0,1,0,1,2,2,T intersection,3,50,Local Road,MARIBYRNONG,-37.80188,144.9083,3011.0,True,Preston HS,10963.2
T20220022982,2022-12-10,11:22:00,6,Vehicle overturned (no collision),4,Wednesday,184,OUT OF CONTROL ON CARRIAGEWAY (ON BEND),1,731717,1,0,1,0,0,1,1,5,Not at intersection,2,100,Arterial Highway,EAST GIPPSLAND,-37.55442,149.35837,3891.0,True,Reservoir HS,381602.4
T20240003421,2024-11-02,15:24:00,1,Collision with vehicle,1,Sunday,137,LEFT TURN SIDESWIPE,1,29429,2,0,0,1,2,3,1,2,T intersection,3,40,Arterial Other,MELBOURNE,-37.824955,144.97089,3006.0,True,Preston HS,9789.2
T20210024871,2021-05-12,20:41:00,1,Collision with vehicle,1,Sunday,130,REAR END(VEHICLES IN SAME LANE),2,757396,5,0,1,0,1,2,1,5,Not at intersection,2,50,Local Road,FRANKSTON,-38.11191,145.18446,3201.0,True,Preston HS,44006.7
T20230015273,2023-01-07,20:15:00,2,Struck Pedestrian,6,Saturday,100,PED NEAR SIDE. PED HIT BY VEHICLE FROM THE RIGHT.,3,776609,1,0,0,1,1,2,1,5,Not at intersection,3,50,Local Road,HUME,-37.67646,144.91382,3047.0,True,William Ruthven SC,8158.1
T20240008207,2024-01-04,14:20:00,1,Collision with vehicle,2,Monday,133,LANE SIDE SWIPE (VEHICLES IN PARALLEL LANES),1,37052,2,0,0,1,1,2,2,1,Cross intersection,3,999,Arterial Highway,YARRA,-37.809612,144.99138,3121.0,True,Preston HS,7676.8
T20220028226,2022-02-12,11:30:00,8,No collision and no object struck,6,Friday,174,OUT OF CONTROL ON CARRIAGEWAY (ON STRAIGHT),1,748920,1,0,0,1,0,1,2,5,Not at intersection,3,999,Local Road,WANGARATTA,-36.81302,146.44733,3678.0,True,Reservoir HS,161143.8
T20230003350,2023-11-02,11:15:00,1,Collision with vehicle,7,Saturday,121,RIGHT THROUGH,1,760014,2,0,0,1,1,2,1,2,T intersection,3,60,Arterial Other,MOONEE VALLEY,-37.773552,144.92732,3032.0,True,Preston HS,7857.1
T20240024948,2024-03-10,14:40:00,1,Collision with vehicle,5,Thursday,110,CROSS TRAFFIC(INTERSECTIONS ONLY),1,52677,2,0,1,0,1,2,1,1,Cross intersection,2,60,Local Road,NORTHERN GRAMPIANS,-37.060825,142.77742,3380.0,True,William Ruthven SC,208963.4
T20240003376,2024-10-02,21:00:00,2,Struck Pedestrian,7,Saturday,108,PED STRUCK WALKING TO/FROM OR BOARDING/ALIGHTING VEHICLE.,9,803614,1,0,1,0,1,2,2,5,Not at intersection,2,999,Local Road,BRIMBANK,-37.69162,144.76457,3037.0,True,William Ruthven SC,20985.0
T20210020324,2021-05-10,19:10:00,1,Collision with vehicle,3,Tuesday,163,VEHICLE STRIKES DOOR OF PARKED/STATIONARY VEHICLE,1,696869,2,0,1,1,0,2,1,5,Not at intersection,2,60,Local Road,MORELAND,-37.77243,144.97154,3057.0,True,Preston HS,4631.3
T20250003525,2025-08-02,15:00:00,4,Collision with a fixed object,6,Saturday,181,OFF RIGHT BEND INTO OBJECT/PARKED VEHICLE,1,818023,1,0,1,0,0,1,1,5,Not at intersection,2,80,Arterial Other,(MOUNT BAW BAW),-37.849297,146.2423,3833.0,True,Reservoir HS,107516.4
T20210005003,2021-07-03,12:09:00,1,Collision with vehicle,1,Sunday,148,VEHICLE OFF FOOTPATH STRIKES VEH ON CARRIAGEWAY,1,239172,2,0,1,0,1,2,1,2,T intersection,2,60,Arterial Highway,PORT PHILLIP,-37.866627,144.98622,3182.0,True,Preston HS,14011.9
T20220014862,2022-03-07,07:33:00,4,Collision with a fixed object,0,Sunday,171,LEFT OFF CARRIAGEWAY INTO OBJECT/PARKED VEHICLE,2,803169,1,1,0,0,0,1,1,2,T intersection,1,100,Arterial Other,CARDINIA,-38.208218,145.47293,3981.0,True,Preston HS,66016.1
T20240028439,2024-08-11,12:20:00,1,Collision with vehicle,6,Friday,130,REAR END(VEHICLES IN SAME LANE),1,810656,3,0,1,0,4,5,1,5,Not at intersection,2,80,Arterial Highway,KNOX,-37.874023,145.25041,3180.0,True,Reservoir HS,25716.4
T20230008310,2023-08-04,18:25:00,2,Struck Pedestrian,6,Saturday,100,PED NEAR SIDE. PED HIT BY VEHICLE FROM THE RIGHT.,3,766789,1,0,0,1,1,2,1,1,Cross intersection,3,40,Local Road,MELBOURNE,-37.808132,144.96036,3000.0,True,Preston HS,8452.3
T20250006521,2025-10-03,14:50:00,6,Vehicle overturned (no collision),2,Monday,174,OUT OF CONTROL ON CARRIAGEWAY (ON STRAIGHT),1,816191,1,0,1,0,0,1,1,5,Not at intersection,2,100,Arterial Other,WHITTLESEA,-37.58959,145.03348,3750.0,True,William Ruthven SC,12191.5
T20250012487,2025-06-05,07:44:00,1,Collision with vehicle,2,Tuesday,143,ENTERING PARKING,1,820749,2,0,0,1,1,2,1,5,Not at intersection,3,50,Local Road,MONASH,-37.892662,145.09355,3166.0,True,Preston HS,18424.0
T20210010967,2021-06-05,15:30:00,2,Struck Pedestrian,4,Thursday,107,PED ON FOOTHPATH STRUCK BY VEHENTERING/LEAVING DRIVEWAY.,1,683364,1,0,0,1,1,2,2,5,Not at intersection,3,999,Local Road,DANDENONG,-37.97391,145.21036,3175.0,True,Preston HS,31386.8
T20240031818,2024-11-12,18:20:00,9,Other accident,4,Wednesday,198,OTHER ACCIDENTS NOT CLASSIFIABLE ELSEWHERE,1,68805,1,0,0,1,1,2,1,1,Cross intersection,3,50,Local Road,WYNDHAM,-37.895786,144.66176,3030.0,True,Preston HS,34838.6
T20240014467,2024-05-06,06:40:00,1,Collision with vehicle,3,Wednesday,130,REAR END(VEHICLES IN SAME LANE),2,35482,2,0,0,1,1,2,2,1,Cross intersection,3,60,Arterial Other,YARRA RANGES,-37.801704,145.30803,3137.0,True,Reservoir HS,26032.4
T20240005574,2024-05-03,06:40:00,8,No collision and no object struck,3,Tuesday,174,OUT OF CONTROL ON CARRIAGEWAY (ON STRAIGHT),2,800504,1,0,1,0,0,1,1,2,T intersection,2,60,Arterial Other,MORNINGTON PENINSULA,-38.347603,145.19167,3919.0,True,Preston HS,69284.9
T20230023589,2023-06-10,16:45:00,8,No collision and no object struck,6,Friday,174,OUT OF CONTROL ON CARRIAGEWAY (ON STRAIGHT),2,29818,1,0,0,1,0,1,2,1,Cross intersection,3,60,Local Road,WODONGA,-36.114845,146.86862,3690.0,True,William Ruthven SC,241750.9
T20240018679,2023-07-10,17:00:00,6,Vehicle overturned (no collision),7,Saturday,174,OUT OF CONTROL ON CARRIAGEWAY (ON STRAIGHT),1,806723,1,0,0,1,0,1,2,5,Not at intersection,3,888,Local Road,YARRA RANGES,-37.656853,145.34328,3775.0,True,Reservoir HS,28564.5
T20210020699,2021-12-10,18:03:00,1,Collision with vehicle,2,Tuesday,148,VEHICLE OFF FOOTPATH STRIKES VEH ON CARRIAGEWAY,1,760821,2,0,1,0,1,2,1,2,T intersection,2,50,Local Road,CASEY,-38.026974,145.34773,3806.0,True,Preston HS,43587.5
T20230011973,2023-08-05,09:10:00,1,Collision with vehicle,2,Monday,137,LEFT TURN SIDESWIPE,1,775887,2,0,0,1,1,2,1,5,Not at intersection,3,60,Arterial Highway,BENDIGO,-36.789078,144.24503,3555.0,True,William Ruthven SC,121174.4
T20240011534,2024-07-05,07:03:00,6,Vehicle overturned (no collision),2,Tuesday,174,OUT OF CONTROL ON CARRIAGEWAY (ON STRAIGHT),1,802982,1,0,0,1,0,1,1,5,Not at intersection,3,60,Arterial Other,MOONEE VALLEY,-37.762516,144.9257,3039.0,True,Preston HS,7521.5
T20230007789,2023-02-04,19:10:00,1,Collision with vehicle,0,Sunday,111,RIGHT FAR (INTERSECTIONS ONLY),3,54103,2,0,1,0,1,2,1,2,T intersection,2,60,Local Road,MARIBYRNONG,-37.79153,144.85278,3019.0,True,Preston HS,14652.9
T20220004677,2022-02-03,20:20:00,1,Collision with vehicle,4,Wednesday,120,HEAD ON (NOT OVERTAKING),3,711963,2,0,1,1,0,2,1,2,T intersection,2,50,Local Road,BRIMBANK,-37.757854,144.81152,3021.0,True,Preston HS,17289.1
T20230025894,2023-05-11,10:50:00,4,Collision with a fixed object,1,Sunday,181,OFF RIGHT BEND INTO OBJECT/PARKED VEHICLE,1,787895,1,0,0,1,0,1,1,5,Not at intersection,3,80,Arterial Other,YARRA RANGES,-37.644444,145.8677,3799.0,True,Reservoir HS,74277.4
T20220015289,2022-03-07,15:00:00,2,Struck Pedestrian,1,Sunday,105,PED WALKING AGAINST TRAFFIC.,1,356670,1,0,1,0,0,1,2,5,Not at intersection,2,40,Arterial Other,PORT PHILLIP,-37.859646,144.9776,3182.0,True,Preston HS,13368.7
T20240003127,2024-07-02,14:40:00,6,Vehicle overturned (no collision),4,Wednesday,170,OFF CARRIAGEWAY TO LEFT,1,798457,1,0,1,0,0,1,1,5,Not at intersection,2,80,Arterial Other,CARDINIA,-38.043747,145.48111,3810.0,True,Reservoir HS,53369.9
T20250014797,2025-02-06,16:10:00,1,Collision with vehicle,2,Monday,113,RIGHT NEAR (INTERSECTIONS ONLY),1,46913,2,0,0,1,1,2,1,2,T intersection,3,40,Local Road,DAREBIN,-37.736736,145.00183,3072.0,True,Preston HS,720.7
T20230025338,2023-12-10,15:15:00,1,Collision with vehicle,5,Thursday,137,LEFT TURN SIDESWIPE,1,785004,2,0,0,1,1,2,2,2,T intersection,3,40,Local Road,BENDIGO,-36.77026,144.2574,3555.0,True,William Ruthven SC,122332.6
T20230002792,2023-04-02,14:10:00,1,Collision with vehicle,6,Saturday,110,CROSS TRAFFIC(INTERSECTIONS ONLY),1,752490,2,0,0,1,1,2,1,1,Cross intersection,3,60,,CASEY,-38.050774,145.35841,3806.0,True,Preston HS,46166.8
T20230018016,2023-02-08,15:15:00,2,Struck Pedestrian,4,Wednesday,101,PED EMERGES FROM IN FRONT OF PARKED OR STATIONARY VEHICLE,1,778175,1,0,1,0,1,2,1,5,Not at intersection,2,50,Local Road,MORELAND,-37.744957,144.96545,3058.0,True,Preston HS,3680.1
T20250014697,2025-01-06,19:30:00,2,Struck Pedestrian,0,Sunday,100,PED NEAR SIDE. PED HIT BY VEHICLE FROM THE RIGHT.,3,357960,1,0,0,1,1,2,1,5,Not at intersection,3,60,Arterial Other,DAREBIN,-37.69497,145.0114,3073.0,True,William Ruthven SC,760.3
T20230013223,2023-07-06,09:10:00,2,Struck Pedestrian,4,Wednesday,100,PED NEAR SIDE. PED HIT BY VEHICLE FROM THE RIGHT.,1,775744,1,0,0,3,1,4,1,2,T intersection,3,50,Arterial Highway,MARIBYRNONG,-37.819332,144.87396,3013.0,True,Preston HS,14540.6
T20250009095,2025-04-04,08:17:00,2,Struck Pedestrian,6,Friday,100,PED NEAR SIDE. PED HIT BY VEHICLE FROM THE RIGHT.,9,817024,1,1,0,0,1,2,1,5,Not at intersection,1,80,Arterial Highway,HINDMARSH,-36.363007,141.79448,3418.0,True,William Ruthven SC,321077.9
T20250002828,2025-03-02,05:20:00,1,Collision with vehicle,2,Monday,148,VEHICLE OFF FOOTPATH STRIKES VEH ON CARRIAGEWAY,6,298900,2,0,1,0,1,2,1,4,Multiple intersection,2,40,Freeway,CASEY,-38.04574,145.34106,3806.0,True,Preston HS,44740.7
T20240014933,2024-12-06,12:05:00,2,Struck Pedestrian,4,Wednesday,100,PED NEAR SIDE. PED HIT BY VEHICLE FROM THE RIGHT.,1,805017,1,0,1,0,2,3,1,5,Not at intersection,2,40,Arterial Other,DAREBIN,-37.737816,145.00244,3072.0,True,Preston HS,595.3
T20220007954,2022-09-04,10:55:00,1,Collision with vehicle,6,Saturday,121,RIGHT THROUGH,1,29634,2,0,0,1,1,2,1,2,T intersection,3,60,Arterial Other,PORT PHILLIP,-37.87534,144.97688,3184.0,True,Preston HS,15095.4
T20210005997,2021-11-03,12:00:00,8,No collision and no object struck,5,Thursday,174,OUT OF CONTROL ON CARRIAGEWAY (ON STRAIGHT),1,679693,1,0,1,0,0,1,2,5,Not at intersection,2,80,Arterial Other,HUME,-37.565033,144.87607,3064.0,True,William Ruthven SC,18405.2
T20250005735,2025-03-03,09:00:00,1,Collision with vehicle,2,Monday,143,ENTERING PARKING,1,815844,2,0,0,1,1,2,1,5,Not at intersection,3,60,Local Road,BAYSIDE,-37.963493,145.04005,3192.0,True,Preston HS,24831.4
T20240027046,2024-10-10,16:45:00,8,No collision and no object struck,5,Thursday,174,OUT OF CONTROL ON CARRIAGEWAY (ON STRAIGHT),1,810233,2,0,0,1,1,2,2,5,Not at intersection,3,50,Arterial Highway,MONASH,-37.93072,145.1533,3170.0,True,Preston HS,24629.2
T20240025401,2024-05-10,12:40:00,1,Collision with vehicle,7,Saturday,163,VEHICLE STRIKES DOOR OF PARKED/STATIONARY VEHICLE,1,203626,2,0,0,1,1,2,2,5,Not at intersection,3,40,Local Road,DAREBIN,-37.77978,144.99692,3070.0,True,Preston HS,4327.8
T20250001765,2024-02-10,12:45:00,8,No collision and no object struck,3,Wednesday,180,OFF CARRIAGEWAY ON RIGHT BEND,1,814031,1,0,0,1,0,1,2,5,Not at intersection,3,999,Local Road,BENALLA,-36.397118,146.17352,3675.0,True,William Ruthven SC,177953.9
T20250000047,2025-01-01,03:30:00,2,Struck Pedestrian,4,Wednesday,101,PED EMERGES FROM IN FRONT OF PARKED OR STATIONARY VEHICLE,3,813138,1,0,0,1,1,2,2,3,Y intersection,3,40,Local Road,MELBOURNE,-37.820675,144.9414,3008.0,True,Preston HS,10509.8
T20230016128,2023-12-07,07:50:00,1,Collision with vehicle,3,Wednesday,130,REAR END(VEHICLES IN SAME LANE),2,777212,2,0,0,1,1,2,2,5,Not at intersection,3,60,Local Road,BOROONDARA,-37.81702,145.06918,3126.0,True,Preston HS,9995.6
T20210003019,2021-09-02,18:56:00,1,Collision with vehicle,3,Tuesday,153,CUTTING IN (OVERTAKING),1,676089,3,1,0,0,2,3,1,5,Not at intersection,1,90,Arterial Other,CARDINIA,-38.145885,145.48723,3810.0,True,Preston HS,61583.3
T20250017979,2025-07-05,23:00:00,2,Struck Pedestrian,4,Wednesday,102,FAR SIDE. PED HIT BY VEHICLE FROM THE LEFT,3,619374,1,0,0,1,1,2,2,1,Cross intersection,3,999,Arterial Highway,YARRA,-37.82455,144.98886,3121.0,True,Preston HS,9350.9
T20230011149,2023-12-05,18:20:00,1,Collision with vehicle,6,Friday,121,RIGHT THROUGH,3,35829,2,0,0,1,1,2,2,1,Cross intersection,3,50,Arterial Highway,HORSHAM,-36.71177,142.2049,3400.0,True,William Ruthven SC,270912.3
T20240011339,2024-04-05,16:36:00,2,Struck Pedestrian,7,Saturday,102,FAR SIDE. PED HIT BY VEHICLE FROM THE LEFT,1,29657,1,1,0,0,1,2,1,1,Cross intersection,1,40,Local Road,MONASH,-37.899033,145.09233,3166.0,True,Preston HS,19029.1
T20230015995,2023-10-07,15:43:00,2,Struck Pedestrian,2,Monday,102,FAR SIDE. PED HIT BY VEHICLE FROM THE LEFT,1,777244,1,0,1,0,1,2,1,5,Not at intersection,2,50,,BALLARAT,-37.556652,143.8346,3350.0,True,William Ruthven SC,104065.0
T20240011362,2024-04-05,13:00:00,6,Vehicle overturned (no collision),7,Saturday,174,OUT OF CONTROL ON CARRIAGEWAY (ON STRAIGHT),1,804491,1,0,1,0,0,1,1,5,Not at intersection,2,100,Local Road,EAST GIPPSLAND,-37.522648,147.95412,3885.0,True,Reservoir HS,258530.8
T20240024743,2024-01-10,06:20:00,1,Collision with vehicle,2,Tuesday,147,VEHICLE STRIKES ANOTHER VEH WHILE EMERGING FROM DRIVEWAY,1,809241,2,0,0,1,1,2,1,5,Not at intersection,3,70,Local Road,WYNDHAM,-37.83437,144.69037,3029.0,True,Preston HS,29679.0
T20210019089,2021-12-09,20:05:00,6,Vehicle overturned (no collision),1,Sunday,174,OUT OF CONTROL ON CARRIAGEWAY (ON STRAIGHT),3,693058,1,0,0,1,0,1,1,2,T intersection,3,50,Local Road,MONASH,-37.87911,145.13947,3149.0,True,Preston HS,19201.0
T20230007758,2023-02-04,13:45:00,6,Vehicle overturned (no collision),0,Sunday,149,OTHER MANOEUVRING NOT INCLUDED IN DCAs 140-148,1,22569,1,0,1,0,0,1,1,1,Cross intersection,2,80,Arterial Other,CENTRAL GOLDFIELDS,-37.10382,143.77602,3465.0,True,William Ruthven SC,126848.0
T20250011618,2025-01-05,18:10:00,3,Struck animal,4,Thursday,167,STRUCK ANIMAL,5,818491,1,0,1,0,0,1,1,5,Not at intersection,2,80,Local Road,HEPBURN,-37.289963,144.12411,3461.0,True,William Ruthven SC,89755.6
T20230021230,2023-10-09,20:57:00,1,Collision with vehicle,1,Sunday,110,CROSS TRAFFIC(INTERSECTIONS ONLY),3,780587,2,0,1,0,1,2,1,1,Cross intersection,2,60,Arterial Other,GEELONG,-38.0835,144.35811,3214.0,True,Preston HS,68453.9
T20240009124,2024-11-04,16:55:00,2,Struck Pedestrian,5,Thursday,107,PED ON FOOTHPATH STRUCK BY VEHENTERING/LEAVING DRIVEWAY.,1,803908,1,0,0,1,1,2,2,5,Not at intersection,3,40,Local Road,MELTON,-37.693634,144.5796,3338.0,True,William Ruthven SC,37253.7
T20240017316,2024-07-07,15:30:00,1,Collision with vehicle,1,Sunday,163,VEHICLE STRIKES DOOR OF PARKED/STATIONARY VEHICLE,1,7623,2,0,0,1,1,2,2,1,Cross intersection,3,40,,DAREBIN,-37.769344,144.99902,3070.0,True,Preston HS,3154.9
T20240019938,2024-06-08,16:17:00,2,Struck Pedestrian,3,Tuesday,101,PED EMERGES FROM IN FRONT OF PARKED OR STATIONARY VEHICLE,1,807981,1,0,1,0,1,2,1,2,T intersection,2,60,Local Road,WYNDHAM,-37.887733,144.66235,3030.0,True,Preston HS,34362.8
T20220027740,2022-03-12,18:40:00,8,No collision and no object struck,7,Saturday,170,OFF CARRIAGEWAY TO LEFT,1,753237,1,0,1,0,0,1,1,5,Not at intersection,2,80,Local Road,MOUNT ALEXANDER,-36.979713,143.9778,3463.0,True,William Ruthven SC,120696.2
T20220000344,2022-06-01,16:35:00,6,Vehicle overturned (no collision),5,Thursday,174,OUT OF CONTROL ON CARRIAGEWAY (ON STRAIGHT),1,701577,2,0,0,1,1,2,1,5,Not at intersection,3,60,Arterial Other,MORELAND,-37.73075,144.96396,3058.0,True,Preston HS,3984.2
T20220022989,2022-08-10,19:30:00,6,Vehicle overturned (no collision),7,Saturday,172,OFF CARRIAGEWAY TO RIGHT,9,728837,1,0,0,1,0,1,2,5,Not at intersection,3,999,Local Road,BENDIGO,-36.79167,144.27513,3555.0,True,William Ruthven SC,119476.4
T20210010155,2021-06-05,09:50:00,1,Collision with vehicle,5,Thursday,147,VEHICLE STRIKES ANOTHER VEH WHILE EMERGING FROM DRIVEWAY,1,687396,2,0,0,1,1,2,1,5,Not at intersection,3,60,Local Road,DAREBIN,-37.717987,145.00742,3073.0,True,Reservoir HS,1994.6
T20230010607,2023-06-05,06:50:00,1,Collision with vehicle,6,Saturday,110,CROSS TRAFFIC(INTERSECTIONS ONLY),1,29420,2,0,1,0,1,2,1,1,Cross intersection,2,40,Local Road,MELBOURNE,-37.819614,144.96002,3000.0,True,Preston HS,9601.0
T20220017950,2022-11-08,07:45:00,2,Struck Pedestrian,4,Thursday,100,PED NEAR SIDE. PED HIT BY VEHICLE FROM THE RIGHT.,1,782768,1,0,0,2,0,2,2,5,Not at intersection,3,60,Arterial Other,KINGSTON,-38.070686,145.13792,3197.0,True,Preston HS,38339.8
T20240028725,2024-11-11,10:23:00,3,Struck animal,2,Monday,167,STRUCK ANIMAL,1,811161,1,0,0,1,0,1,1,5,Not at intersection,3,100,Arterial Highway,EAST GIPPSLAND,-37.219322,147.7153,3896.0,True,Reservoir HS,243535.7
T20250000685,2025-07-01,05:30:00,1,Collision with vehicle,3,Tuesday,121,RIGHT THROUGH,1,46110,2,0,0,2,0,2,2,4,Multiple intersection,3,999,Arterial Other,MORELAND,-37.7621,144.9739,3057.0,True,Preston HS,3696.7
T20230015975,2023-10-07,13:01:00,2,Struck Pedestrian,2,Monday,108,PED STRUCK WALKING TO/FROM OR BOARDING/ALIGHTING VEHICLE.,1,264032,1,0,1,0,1,2,1,5,Not at intersection,2,40,Arterial Other,MELBOURNE,-37.816494,144.9862,3002.0,True,Preston HS,8517.1
T20220027251,2022-01-12,17:46:00,1,Collision with vehicle,5,Thursday,149,OTHER MANOEUVRING NOT INCLUDED IN DCAs 140-148,1,753492,2,0,1,0,1,2,1,5,Not at intersection,2,60,Local Road,WARRNAMBOOL,-38.356686,142.46577,3280.0,True,Preston HS,232789.6
T20210005378,2021-11-03,11:45:00,1,Collision with vehicle,5,Thursday,113,RIGHT NEAR (INTERSECTIONS ONLY),1,44899,2,0,0,1,1,2,1,1,Cross intersection,3,70,Arterial Other,BRIMBANK,-37.768574,144.7681,3023.0,True,Preston HS,21223.0
T20210010267,2021-07-05,13:43:00,1,Collision with vehicle,6,Friday,153,CUTTING IN (OVERTAKING),1,686794,3,0,1,0,1,2,1,5,Not at intersection,2,60,,MILDURA,-34.213676,142.14796,3500.0,True,William Ruthven SC,464720.6