ACCIDENT_NO,ACCIDENT_DATE,ACCIDENT_TIME,ACCIDENT_TYPE,ACCIDENT_TYPE_DESC,DAY_OF_WEEK,DAY_WEEK_DESC,DCA_CODE,DCA_DESC,LIGHT_CONDITION,NODE_ID,NO_OF_VEHICLES,NO_PERSONS_KILLED,NO_PERSONS_INJ_2,NO_PERSONS_INJ_3,NO_PERSONS_NOT_INJ,NO_PERSONS,POLICE_ATTEND,ROAD_GEOMETRY,ROAD_GEOMETRY_DESC,SEVERITY,SPEED_ZONE,RMA,LGA_NAME,LATITUDE,LONGITUDE,POSTCODE_CRASH,PED_OR_CYC,nearest_school,dist_to_gate_m
T20230002621,2023-02-02,12:50:00,6,Vehicle overturned (no collision),5,Thursday,174,OUT OF CONTROL ON CARRIAGEWAY (ON STRAIGHT),1,752606,1,0,0,1,0,1,1,5,Not at intersection,3,100,Local Road,MURRINDINDI,-37.53973,145.46631,3777.0,True,Reservoir HS,43507.5
T20250017768,2025-04-07,09:20:00,1,Collision with vehicle,6,Friday,116,LEFT NEAR (INTERSECTIONS ONLY),1,38812,2,0,0,1,1,2,2,2,T intersection,3,50,Arterial Other,MARIBYRNONG,-37.800854,144.90924,3011.0,True,Preston HS,10828.2
T20220019777,2022-01-09,16:19:00,2,Struck Pedestrian,4,Thursday,102,FAR SIDE. PED HIT BY VEHICLE FROM THE LEFT,1,724227,2,0,0,1,2,3,1,5,Not at intersection,3,80,Arterial Other,KNOX,-37.89912,145.23235,3179.0,True,Preston HS,26417.0
T20250000944,2025-12-01,16:52:00,1,Collision with vehicle,1,Sunday,137,LEFT TURN SIDESWIPE,1,67377,2,0,1,0,1,2,1,2,T intersection,2,60,Arterial Other,STONNINGTON,-37.854973,145.00209,3181.0,True,Preston HS,12603.1
T20240008791,2024-08-04,14:30:00,1,Collision with vehicle,2,Monday,147,VEHICLE STRIKES ANOTHER VEH WHILE EMERGING FROM DRIVEWAY,1,801278,2,0,1,0,1,2,1,5,Not at intersection,2,50,Local Road,YARRA,-37.80065,144.99208,3066.0,True,Preston HS,6686.6
T20240002741,2024-03-02,19:58:00,1,Collision with vehicle,7,Saturday,110,CROSS TRAFFIC(INTERSECTIONS ONLY),1,69450,3,1,0,0,3,4,1,1,Cross intersection,1,50,Local Road,GLEN EIRA,-37.91881,145.0707,3165.0,True,Preston HS,20470.5
T20240012108,2024-10-05,08:30:00,2,Struck Pedestrian,6,Friday,100,PED NEAR SIDE. PED HIT BY VEHICLE FROM THE RIGHT.,1,680825,1,0,0,1,1,2,2,2,T intersection,3,60,Arterial Other,MAROONDAH,-37.798885,145.28255,3136.0,True,Reservoir HS,23823.7
T20250017687,2025-03-07,17:30:00,1,Collision with vehicle,5,Thursday,121,RIGHT THROUGH,2,821131,2,0,0,1,1,2,2,1,Cross intersection,3,40,Local Road,YARRA,-37.830593,144.99866,3121.0,True,Preston HS,9912.2
T20220020523,2022-11-09,13:54:00,1,Collision with vehicle,1,Sunday,136,RIGHT TURN SIDESWIPE,1,774939,2,0,0,1,1,2,1,5,Not at intersection,3,50,Local Road,WHITTLESEA,-37.672565,145.01175,3075.0,True,William Ruthven SC,2775.1
T20250010140,2025-08-04,05:40:00,1,Collision with vehicle,2,Tuesday,142,LEAVING PARKING,9,36461,2,0,0,1,1,2,2,1,Cross intersection,3,999,Local Road,YARRA,-37.798943,144.97726,3065.0,True,Preston HS,6884.3
T20220012822,2022-06-06,18:00:00,2,Struck Pedestrian,2,Monday,100,PED NEAR SIDE. PED HIT BY VEHICLE FROM THE RIGHT.,5,781978,1,0,0,1,1,2,1,5,Not at intersection,3,50,Local Road,CASEY,-38.078636,145.32713,3977.0,True,Preston HS,46818.1
T20210010614,2021-11-05,21:44:00,1,Collision with vehicle,3,Tuesday,130,REAR END(VEHICLES IN SAME LANE),3,687210,2,0,1,0,0,1,1,2,T intersection,2,70,Arterial Other,HUME,-37.639862,144.92368,3064.0,True,William Ruthven SC,9404.7
T20240024945,2024-03-10,13:30:00,1,Collision with vehicle,5,Thursday,110,CROSS TRAFFIC(INTERSECTIONS ONLY),1,810127,2,0,1,0,1,2,1,1,Cross intersection,2,60,Arterial Highway,DANDENONG,-37.99124,145.20787,3175.0,True,Preston HS,32871.5
T20220007323,2022-01-04,15:40:00,4,Collision with a fixed object,6,Friday,181,OFF RIGHT BEND INTO OBJECT/PARKED VEHICLE,1,708398,1,1,0,0,0,1,1,5,Not at intersection,1,60,Arterial Highway,BANYULE,-37.74904,145.03358,3081.0,True,Preston HS,2467.2
T20240026226,2024-04-10,19:00:00,6,Vehicle overturned (no collision),5,Friday,174,OUT OF CONTROL ON CARRIAGEWAY (ON STRAIGHT),3,809792,1,0,0,1,0,1,2,5,Not at intersection,3,40,Arterial Other,STONNINGTON,-37.843323,145.02747,3142.0,True,Preston HS,11440.8
T20220020659,2022-06-09,18:00:00,2,Struck Pedestrian,2,Tuesday,102,FAR SIDE. PED HIT BY VEHICLE FROM THE LEFT,2,764294,1,0,1,0,1,2,2,5,Not at intersection,2,40,Local Road,MELBOURNE,-37.82411,144.96852,3006.0,True,Preston HS,9770.7
T20220020624,2022-09-09,21:30:00,1,Collision with vehicle,5,Friday,130,REAR END(VEHICLES IN SAME LANE),6,725318,2,0,0,1,1,2,2,5,Not at intersection,3,60,Arterial Highway,MONASH,-37.906258,145.0857,3166.0,True,Preston HS,19557.0
T20230000403,2023-07-01,04:00:00,3,Struck animal,6,Saturday,167,STRUCK ANIMAL,5,769009,1,0,1,0,0,1,1,5,Not at intersection,2,100,,CAMPASPE,-36.298843,144.9964,3621.0,True,William Ruthven SC,155417.9
T20210003094,2021-10-02,15:43:00,6,Vehicle overturned (no collision),4,Wednesday,172,OFF CARRIAGEWAY TO RIGHT,1,59399,1,0,1,0,0,1,1,1,Cross intersection,2,80,Local Road,ALPINE,-36.5847,147.09334,3691.0,True,Reservoir HS,222391.0
T20230018418,2023-07-08,14:30:00,2,Struck Pedestrian,2,Monday,107,PED ON FOOTHPATH STRUCK BY VEHENTERING/LEAVING DRIVEWAY.,1,800928,1,0,0,1,1,2,2,5,Not at intersection,3,888,Local Road,SHEPPARTON,-36.379925,145.40642,3630.0,True,William Ruthven SC,150716.0
T20220013167,2022-10-06,21:45:00,2,Struck Pedestrian,6,Friday,100,PED NEAR SIDE. PED HIT BY VEHICLE FROM THE RIGHT.,3,749509,1,0,0,1,1,2,2,5,Not at intersection,3,60,Arterial Other,BOROONDARA,-37.8456,145.04495,3123.0,True,Preston HS,12022.3
T20220022531,2022-05-10,15:45:00,1,Collision with vehicle,4,Wednesday,130,REAR END(VEHICLES IN SAME LANE),1,779809,3,0,0,1,3,4,1,5,Not at intersection,3,100,Arterial Highway,GEELONG,-38.20026,144.49284,3224.0,True,Preston HS,68058.7
T20220007721,2022-05-04,11:00:00,1,Collision with vehicle,2,Tuesday,163,VEHICLE STRIKES DOOR OF PARKED/STATIONARY VEHICLE,1,808414,2,0,1,1,1,3,2,5,Not at intersection,2,50,Local Road,MERRI-BEK,-37.770226,144.95042,3056.0,True,Preston HS,5906.9
T20250002708,2025-01-02,16:00:00,1,Collision with vehicle,6,Saturday,130,REAR END(VEHICLES IN SAME LANE),1,816636,4,0,0,1,3,4,1,1,Cross intersection,3,50,Local Road,MANNINGHAM,-37.78235,145.1302,3108.0,True,Reservoir HS,11089.4
T20220022297,2022-04-10,01:50:00,2,Struck Pedestrian,3,Tuesday,103,PED PLAYING/LYING/WORKING/STANDING ON CARRIAGEWAY.,3,676395,1,0,0,1,1,2,1,5,Not at intersection,3,70,Arterial Highway,DAREBIN,-37.7541,144.99463,3071.0,True,Preston HS,1761.6
T20220002489,2022-05-02,18:00:00,1,Collision with vehicle,7,Saturday,110,CROSS TRAFFIC(INTERSECTIONS ONLY),1,59645,2,0,0,1,1,2,1,1,Cross intersection,3,50,Local Road,HORSHAM,-36.720543,142.1997,3400.0,True,William Ruthven SC,270928.2
T20220014860,2022-03-07,04:50:00,4,Collision with a fixed object,1,Sunday,173,RIGHT OFF CARRIAGEWAY INTO OBJECT/PARKED VEHICLE,3,803168,1,1,0,0,0,1,1,5,Not at intersection,1,50,Local Road,WHITTLESEA,-37.625534,145.039,3076.0,True,William Ruthven SC,8508.0
T20210006992,2021-08-03,11:45:00,6,Vehicle overturned (no collision),1,Monday,174,OUT OF CONTROL ON CARRIAGEWAY (ON STRAIGHT),1,679406,1,0,0,1,0,1,2,5,Not at intersection,3,999,,WELLINGTON,-37.82851,146.84575,3860.0,True,Reservoir HS,160072.6
T20220010429,2022-05-05,07:35:00,1,Collision with vehicle,5,Thursday,147,VEHICLE STRIKES ANOTHER VEH WHILE EMERGING FROM DRIVEWAY,1,68058,2,0,0,1,1,2,1,2,T intersection,3,60,Arterial Other,HOBSONS BAY,-37.87271,144.78307,3028.0,True,Preston HS,24486.4
T20240031575,2024-09-12,17:45:00,2,Struck Pedestrian,2,Monday,109,ANY MANOEUVRE INVOLVING PED NOT INCLUDED IN DCAs 100-108.,1,814015,2,0,0,1,2,3,1,2,T intersection,3,60,Arterial Other,MOONEE VALLEY,-37.77584,144.92337,3032.0,True,Preston HS,8282.0
T20240011344,2024-04-05,14:55:00,4,Collision with a fixed object,7,Saturday,183,OFF LEFT BEND INTO OBJECT/PARKED VEHICLE,1,802761,1,0,0,1,0,1,1,5,Not at intersection,3,60,Local Road,EAST GIPPSLAND,-37.824776,147.64569,3875.0,True,Reservoir HS,230226.7
T20220018563,2022-04-08,16:45:00,1,Collision with vehicle,5,Thursday,136,RIGHT TURN SIDESWIPE,1,722631,2,0,0,1,1,2,2,1,Cross intersection,3,80,Local Road,CASEY,-38.093773,145.37013,3978.0,True,Preston HS,50465.2
T20220012773,2022-03-06,15:30:00,5,collision with some other object,6,Friday,166,STRUCK OBJECT ON CARRIAGEWAY,1,714319,1,0,0,1,2,3,1,5,Not at intersection,3,40,Local Road,BOROONDARA,-37.84359,145.04128,3122.0,True,Preston HS,11721.0
T20220009846,2022-07-03,19:30:00,1,Collision with vehicle,2,Monday,139,OTHER SAME DIRECTION-MANOUEVRES NOT INCLUDED IN DCAs 130-137,1,711204,2,0,0,1,1,2,2,5,Not at intersection,3,80,Arterial Highway,GLEN EIRA,-37.88476,145.06607,3163.0,True,Preston HS,16729.8
T20240009190,2024-12-04,19:17:00,1,Collision with vehicle,6,Friday,110,CROSS TRAFFIC(INTERSECTIONS ONLY),3,41261,3,0,1,0,4,5,1,1,Cross intersection,2,60,Arterial Highway,GLEN EIRA,-37.901302,145.0192,3162.0,True,Preston HS,17778.7
T20240017188,2024-07-07,19:40:00,2,Struck Pedestrian,0,Sunday,102,FAR SIDE. PED HIT BY VEHICLE FROM THE LEFT,3,813469,1,0,0,1,3,4,1,5,Not at intersection,3,60,Arterial Other,MELBOURNE,-37.80722,144.95566,3003.0,True,Preston HS,8574.3
T20240008962,2024-02-04,12:00:00,2,Struck Pedestrian,3,Tuesday,100,PED NEAR SIDE. PED HIT BY VEHICLE FROM THE RIGHT.,1,805142,1,0,1,0,1,2,2,5,Not at intersection,2,40,Local Road,WHITTLESEA,-37.682087,145.07005,3083.0,True,Reservoir HS,5734.4
T20220018768,2022-09-07,15:50:00,1,Collision with vehicle,6,Saturday,114,TWO RIGHT TURNING (INTERSECTIONS ONLY),9,725753,2,0,0,1,1,2,1,2,T intersection,3,60,Local Road,MORELAND,-37.7025,144.91519,3046.0,True,William Ruthven SC,7753.1
T20240011901,2024-04-05,10:30:00,6,Vehicle overturned (no collision),7,Saturday,184,OUT OF CONTROL ON CARRIAGEWAY (ON BEND),1,803100,1,0,0,1,0,1,2,5,Not at intersection,3,999,Local Road,MANSFIELD,-37.11149,146.56213,3723.0,True,Reservoir HS,151448.8
T20250015213,2025-06-06,15:30:00,2,Struck Pedestrian,6,Friday,100,PED NEAR SIDE. PED HIT BY VEHICLE FROM THE RIGHT.,1,822922,2,0,1,0,2,3,1,5,Not at intersection,2,60,Arterial Other,BOROONDARA,-37.80835,145.02885,3101.0,True,Preston HS,7653.7
T20250009904,2025-12-04,17:40:00,1,Collision with vehicle,6,Saturday,137,LEFT TURN SIDESWIPE,1,817537,2,0,0,1,1,2,1,2,T intersection,3,50,Local Road,MELBOURNE,-37.827347,144.96077,3006.0,True,Preston HS,10357.3
T20220003427,2022-11-02,10:30:00,6,Vehicle overturned (no collision),6,Friday,184,OUT OF CONTROL ON CARRIAGEWAY (ON BEND),1,704684,1,0,0,1,0,1,2,5,Not at intersection,3,999,,MANSFIELD,-37.154488,145.9896,3713.0,True,Reservoir HS,105709.4
T20230003306,2023-10-02,18:40:00,6,Vehicle overturned (no collision),6,Friday,182,OFF CARRIAGEWAY ON LEFT BEND,1,755606,1,0,1,0,0,1,1,5,Not at intersection,2,100,Arterial Other,MURRINDINDI,-37.43388,145.24481,3757.0,True,William Ruthven SC,36156.6
T20220004886,2022-04-03,15:10:00,2,Struck Pedestrian,6,Friday,100,PED NEAR SIDE. PED HIT BY VEHICLE FROM THE RIGHT.,1,222110,1,0,0,1,1,2,1,2,T intersection,3,60,Arterial Other,HUME,-37.68239,144.9194,3047.0,True,William Ruthven SC,7521.7
T20210020621,2021-09-10,10:40:00,5,collision with some other object,7,Saturday,166,STRUCK OBJECT ON CARRIAGEWAY,1,697869,1,0,1,0,0,1,1,5,Not at intersection,2,60,Arterial Other,BOROONDARA,-37.842175,145.06908,3124.0,True,Preston HS,12429.1
T20220008042,2022-10-04,18:08:00,1,Collision with vehicle,1,Sunday,140,U TURN,1,65713,2,0,0,1,1,2,2,2,T intersection,3,40,Local Road,MARIBYRNONG,-37.80978,144.88986,3013.0,True,Preston HS,12786.1
T20250017172,2025-12-06,06:22:00,1,Collision with vehicle,4,Thursday,136,RIGHT TURN SIDESWIPE,3,38806,2,0,2,0,1,3,1,1,Cross intersection,2,60,Arterial Highway,MARIBYRNONG,-37.809795,144.9021,3011.0,True,Preston HS,11937.2
T20240007907,2024-04-03,22:30:00,1,Collision with vehicle,2,Monday,134,LANE CHANGE RIGHT (NOT OVERTAKING),6,808720,2,0,1,0,1,2,2,5,Not at intersection,2,999,Arterial Other,HUME,-37.64832,144.93143,3048.0,True,William Ruthven SC,8271.4
T20250010621,2025-06-04,09:45:00,4,Collision with a fixed object,0,Sunday,171,LEFT OFF CARRIAGEWAY INTO OBJECT/PARKED VEHICLE,1,817542,1,0,1,0,0,1,2,5,Not at intersection,2,80,Arterial Other,GEELONG,-38.18251,144.64835,3223.0,True,Preston HS,58238.3
T20250010914,2025-08-04,10:45:00,2,Struck Pedestrian,3,Tuesday,106,VEH STRIKES PED ON FOOTPATH/MEDIAN/TRAFFIC ISLAND.,9,819008,1,0,0,1,1,2,2,2,T intersection,3,999,Local Road,MARIBYRNONG,-37.80038,144.89514,3011.0,True,Preston HS,11807.4
T20220027222,2022-01-12,15:15:00,2,Struck Pedestrian,4,Thursday,100,PED NEAR SIDE. PED HIT BY VEHICLE FROM THE RIGHT.,1,738862,1,0,0,1,1,2,1,5,Not at intersection,3,60,Arterial Other,MOONEE VALLEY,-37.746387,144.91124,3040.0,True,Preston HS,8444.9
T20250009793,2025-10-04,17:30:00,1,Collision with vehicle,4,Thursday,135,LANE CHANGE LEFT (NOT OVERTAKING),1,817875,2,0,0,1,1,2,1,5,Not at intersection,3,40,Local Road,MELBOURNE,-37.807934,144.96864,3000.0,True,Preston HS,8103.6
T20220020032,2022-05-09,11:27:00,1,Collision with vehicle,1,Monday,121,RIGHT THROUGH,1,780172,2,0,0,1,1,2,1,1,Cross intersection,3,50,Arterial Other,MELBOURNE,-37.792267,144.96843,3054.0,True,Preston HS,6570.4
T20220004610,2022-02-03,07:29:00,1,Collision with vehicle,4,Wednesday,148,VEHICLE OFF FOOTPATH STRIKES VEH ON CARRIAGEWAY,1,227113,2,0,0,1,1,2,1,1,Cross intersection,3,80,Arterial Highway,BAYSIDE,-37.922874,145.02446,3187.0,True,Preston HS,20203.2
T20210005015,2021-07-03,11:43:00,3,Struck animal,1,Sunday,167,STRUCK ANIMAL,1,678410,1,0,1,0,0,1,1,5,Not at intersection,2,100,,EAST GIPPSLAND,-37.7405,147.30788,3864.0,True,Reservoir HS,200380.9
T20220004639,2022-02-03,09:25:00,1,Collision with vehicle,4,Wednesday,148,VEHICLE OFF FOOTPATH STRIKES VEH ON CARRIAGEWAY,1,708987,2,0,0,1,1,2,1,1,Cross intersection,3,60,,GLEN EIRA,-37.87793,145.04468,3145.0,True,Preston HS,15503.7
T20230002791,2023-04-02,13:54:00,1,Collision with vehicle,7,Saturday,110,CROSS TRAFFIC(INTERSECTIONS ONLY),1,778527,2,0,0,1,1,2,1,1,Cross intersection,3,50,Local Road,LATROBE,-38.233906,146.39226,3840.0,True,Reservoir HS,132300.9
T20230018080,2023-03-08,14:16:00,7,Fall from or in moving vehicle,4,Thursday,190,FELL IN/FROM VEHICLE,1,65039,2,0,1,0,2,3,1,5,Not at intersection,2,40,Local Road,MELBOURNE,-37.79496,144.97095,3053.0,True,Preston HS,6720.8
T20230015734,2023-07-07,11:20:00,1,Collision with vehicle,5,Friday,110,CROSS TRAFFIC(INTERSECTIONS ONLY),1,52787,2,0,0,1,1,2,1,1,Cross intersection,3,60,Local Road,BALLARAT,-37.543816,143.86111,3350.0,True,William Ruthven SC,101993.7
T20240027965,2024-03-11,19:50:00,1,Collision with vehicle,0,Sunday,173,RIGHT OFF CARRIAGEWAY INTO OBJECT/PARKED VEHICLE,1,810570,2,0,0,1,0,1,1,5,Not at intersection,3,60,Local Road,MORNINGTON PENINSULA,-38.36193,144.90894,3939.0,True,Preston HS,69499.9
T20240031527,2024-09-12,10:00:00,2,Struck Pedestrian,2,Monday,100,PED NEAR SIDE. PED HIT BY VEHICLE FROM THE RIGHT.,1,812189,1,0,0,2,0,2,1,1,Cross intersection,3,40,Local Road,MELBOURNE,-37.811314,144.96182,3000.0,True,Preston HS,8703.8
T20220022835,2022-11-10,01:30:00,4,Collision with a fixed object,3,Tuesday,179,OTHER ACCIDENTS-OFF STRAIGHT NOT INCLUDED IN DCAs 170-175,6,741787,1,0,1,0,0,1,1,5,Not at intersection,2,50,,YARRA RANGES,-37.75152,145.35191,3140.0,True,Reservoir HS,28544.5
T20220022979,2022-09-10,08:40:00,1,Collision with vehicle,1,Sunday,113,RIGHT NEAR (INTERSECTIONS ONLY),1,737948,2,0,0,1,1,2,2,2,T intersection,3,40,Local Road,MILDURA,-34.17953,142.16362,3500.0,True,William Ruthven SC,467146.6
T20230002900,2023-06-02,00:15:00,8,No collision and no object struck,2,Monday,174,OUT OF CONTROL ON CARRIAGEWAY (ON STRAIGHT),3,752941,1,0,0,1,0,1,1,9,Unknown,3,50,Arterial Other,MELBOURNE,-37.798714,144.9425,3051.0,True,Preston HS,8510.7
T20250001827,2024-08-12,15:00:00,8,No collision and no object struck,1,Sunday,184,OUT OF CONTROL ON CARRIAGEWAY (ON BEND),1,814114,1,0,0,1,0,1,2,5,Not at intersection,3,999,Local Road,MANSFIELD,-37.31978,146.5074,3858.0,True,Reservoir HS,137819.7
T20230028563,2023-03-12,23:00:00,2,Struck Pedestrian,1,Sunday,100,PED NEAR SIDE. PED HIT BY VEHICLE FROM THE RIGHT.,3,36856,1,0,0,1,1,2,1,1,Cross intersection,3,40,Arterial Highway,MELBOURNE,-37.820366,144.95755,3000.0,True,Preston HS,9771.3
T20250021231,2025-11-08,06:45:00,1,Collision with vehicle,2,Monday,147,VEHICLE STRIKES ANOTHER VEH WHILE EMERGING FROM DRIVEWAY,2,821290,2,0,1,0,1,2,2,5,Not at intersection,2,60,Local Road,FRANKSTON,-38.170277,145.18758,3910.0,True,Preston HS,50213.9
T20220017644,2022-06-08,18:10:00,2,Struck Pedestrian,6,Saturday,100,PED NEAR SIDE. PED HIT BY VEHICLE FROM THE RIGHT.,3,39925,1,0,0,1,1,2,2,1,Cross intersection,3,60,Arterial Other,HOBSONS BAY,-37.830708,144.84335,3025.0,True,Preston HS,17465.0
T20220015446,2022-07-07,13:35:00,8,No collision and no object struck,4,Thursday,151,OUT OF CONTROL (OVERTAKING),1,782087,1,0,0,1,0,1,2,5,Not at intersection,3,999,Arterial Highway,MARIBYRNONG,-37.79786,144.89436,3011.0,True,Preston HS,11713.0
T20230008706,2023-06-04,07:30:00,1,Collision with vehicle,4,Thursday,163,VEHICLE STRIKES DOOR OF PARKED/STATIONARY VEHICLE,1,769303,2,0,0,1,1,2,2,5,Not at intersection,3,50,Local Road,PORT PHILLIP,-37.85859,144.97488,3182.0,True,Preston HS,13302.3
T20240000703,2024-10-01,16:20:00,1,Collision with vehicle,4,Wednesday,147,VEHICLE STRIKES ANOTHER VEH WHILE EMERGING FROM DRIVEWAY,1,796126,2,0,0,1,1,2,1,5,Not at intersection,3,60,Arterial Other,LATROBE,-38.23813,146.40353,3840.0,True,Reservoir HS,133391.5
T20230004141,2023-10-02,13:50:00,8,No collision and no object struck,6,Friday,174,OUT OF CONTROL ON CARRIAGEWAY (ON STRAIGHT),1,37408,1,0,0,1,0,1,2,1,Cross intersection,3,40,Arterial Other,PORT PHILLIP,-37.84028,144.9408,3207.0,True,Preston HS,12413.6
T20210017281,2021-10-08,14:26:00,4,Collision with a fixed object,3,Tuesday,171,LEFT OFF CARRIAGEWAY INTO OBJECT/PARKED VEHICLE,1,690025,1,0,1,0,0,1,1,2,T intersection,2,50,Arterial Highway,BENDIGO,-36.717587,144.25198,3556.0,True,William Ruthven SC,127564.5
T20230013477,2023-10-06,06:30:00,1,Collision with vehicle,7,Saturday,121,RIGHT THROUGH,3,29556,2,0,1,0,1,2,1,2,T intersection,2,60,Local Road,BOROONDARA,-37.818882,145.08504,3126.0,True,Preston HS,10980.6
T20240026930,2024-01-08,12:58:00,2,Struck Pedestrian,5,Thursday,100,PED NEAR SIDE. PED HIT BY VEHICLE FROM THE RIGHT.,1,41201,1,0,0,1,1,2,2,1,Cross intersection,3,60,Arterial Other,BAYSIDE,-37.89936,145.00272,3186.0,True,Preston HS,17535.2
T20230005955,2023-12-03,16:53:00,8,No collision and no object struck,1,Sunday,174,OUT OF CONTROL ON CARRIAGEWAY (ON STRAIGHT),1,781316,1,0,1,0,0,1,1,5,Not at intersection,2,100,Arterial Highway,PYRENEES,-36.93845,143.3324,3477.0,True,William Ruthven SC,170087.0
T20220005986,2022-12-03,09:27:00,1,Collision with vehicle,7,Saturday,147,VEHICLE STRIKES ANOTHER VEH WHILE EMERGING FROM DRIVEWAY,1,711378,2,0,0,1,1,2,1,5,Not at intersection,3,50,Local Road,DAREBIN,-37.716072,145.04158,3083.0,True,Reservoir HS,1281.7
T20240028286,2024-05-11,09:00:00,1,Collision with vehicle,3,Tuesday,119,OTHER ADJACENT (INTERSECTIONS ONLY),1,67739,2,0,1,0,1,2,2,2,T intersection,2,60,Arterial Highway,PORT PHILLIP,-37.863506,144.98514,3182.0,True,Preston HS,13680.9
T20210018734,2021-06-09,08:11:00,1,Collision with vehicle,2,Monday,147,VEHICLE STRIKES ANOTHER VEH WHILE EMERGING FROM DRIVEWAY,1,45055,2,0,1,0,1,2,1,2,T intersection,2,60,Arterial Other,BRIMBANK,-37.767994,144.83041,3020.0,True,Preston HS,15806.4
T20230026940,2023-10-11,23:30:00,1,Collision with vehicle,5,Friday,163,VEHICLE STRIKES DOOR OF PARKED/STATIONARY VEHICLE,3,789182,2,0,0,1,1,2,2,5,Not at intersection,3,40,Local Road,MELBOURNE,-37.817127,144.9609,3000.0,True,Preston HS,9318.2
T20240000481,2024-07-01,14:30:00,2,Struck Pedestrian,1,Sunday,102,FAR SIDE. PED HIT BY VEHICLE FROM THE LEFT,1,798079,1,0,0,1,1,2,2,5,Not at intersection,3,999,Arterial Other,MELBOURNE,-37.838287,144.98625,3141.0,True,Preston HS,10895.1
T20240002944,2024-06-02,11:10:00,1,Collision with vehicle,3,Tuesday,140,U TURN,1,797610,2,0,0,1,3,4,1,5,Not at intersection,3,100,Local Road,MITCHELL,-37.198433,144.96393,3764.0,True,William Ruthven SC,55494.2
T20240025653,2024-10-10,17:50:00,2,Struck Pedestrian,5,Thursday,102,FAR SIDE. PED HIT BY VEHICLE FROM THE LEFT,1,810675,1,0,1,0,1,2,1,1,Cross intersection,2,50,Local Road,MELBOURNE,-37.80955,144.97565,3002.0,True,Preston HS,8035.0
T20220010262,2022-07-05,13:15:00,2,Struck Pedestrian,6,Saturday,100,PED NEAR SIDE. PED HIT BY VEHICLE FROM THE RIGHT.,1,326348,1,0,1,0,1,2,1,5,Not at intersection,2,50,Local Road,MELBOURNE,-37.77995,144.96283,3054.0,True,Preston HS,5765.0
T20230028769,2023-06-12,10:55:00,1,Collision with vehicle,3,Wednesday,113,RIGHT NEAR (INTERSECTIONS ONLY),1,50277,2,0,1,0,1,2,1,1,Cross intersection,2,60,Arterial Other,GEELONG,-38.25756,144.53558,3226.0,True,Preston HS,70691.4
T20230022503,2023-07-08,08:45:00,1,Collision with vehicle,1,Monday,121,RIGHT THROUGH,1,38671,2,0,0,1,1,2,1,2,T intersection,3,60,Arterial Other,MARIBYRNONG,-37.822453,144.88162,3013.0,True,Preston HS,14220.9
T20250021263,2025-11-08,14:36:00,2,Struck Pedestrian,1,Monday,100,PED NEAR SIDE. PED HIT BY VEHICLE FROM THE RIGHT.,1,390,1,0,0,1,2,3,1,1,Cross intersection,3,40,Arterial Other,STONNINGTON,-37.84059,145.0047,3142.0,True,Preston HS,10998.1
T20250015280,2025-07-06,17:59:00,2,Struck Pedestrian,6,Saturday,102,FAR SIDE. PED HIT BY VEHICLE FROM THE LEFT,3,36258,1,0,0,1,1,2,1,1,Cross intersection,3,50,Local Road,MELBOURNE,-37.804394,144.96178,3053.0,True,Preston HS,8029.0
T20240001246,2024-10-01,14:00:00,7,Fall from or in moving vehicle,3,Wednesday,190,FELL IN/FROM VEHICLE,1,796557,1,0,0,1,0,1,2,3,Y intersection,3,999,Local Road,MURRINDINDI,-37.582928,145.6665,3778.0,True,Reservoir HS,58192.3
T20240014174,2024-03-06,15:50:00,2,Struck Pedestrian,2,Monday,102,FAR SIDE. PED HIT BY VEHICLE FROM THE LEFT,1,804646,1,0,0,1,1,2,1,5,Not at intersection,3,40,Local Road,MERRI-BEK,-37.73667,144.95586,3058.0,True,Preston HS,4540.3
T20230028972,2023-08-12,02:33:00,2,Struck Pedestrian,6,Friday,102,FAR SIDE. PED HIT BY VEHICLE FROM THE LEFT,3,40106,1,0,1,0,1,2,1,2,T intersection,2,40,Arterial Other,PORT PHILLIP,-37.86434,144.98174,3182.0,True,Preston HS,13817.8
T20240022825,2024-07-09,13:45:00,1,Collision with vehicle,7,Saturday,160,VEHICLE COLLIDES WITH VEHICLE PARKED ON LEFT OF ROAD,1,808360,2,0,1,0,1,2,1,5,Not at intersection,2,60,Local Road,CASEY,-38.021156,145.31084,3805.0,True,Preston HS,40941.6
T20210003147,2021-10-01,11:00:00,6,Vehicle overturned (no collision),1,Sunday,184,OUT OF CONTROL ON CARRIAGEWAY (ON BEND),1,675363,1,0,0,2,0,2,2,5,Not at intersection,3,100,Arterial Other,BAW BAW,-37.876366,145.7921,3797.0,True,Reservoir HS,69164.4
T20250012174,2025-07-05,17:51:00,1,Collision with vehicle,4,Wednesday,110,CROSS TRAFFIC(INTERSECTIONS ONLY),3,44662,2,0,1,0,1,2,1,1,Cross intersection,2,60,Arterial Other,CARDINIA,-38.098927,145.71552,3815.0,True,Reservoir HS,73321.6
T20210003694,2021-12-02,15:15:00,2,Struck Pedestrian,6,Friday,102,FAR SIDE. PED HIT BY VEHICLE FROM THE LEFT,1,668,1,0,0,1,1,2,2,2,T intersection,3,50,Local Road,GLEN EIRA,-37.884193,145.00018,3185.0,True,Preston HS,15856.2