ACCIDENT_NO,ACCIDENT_DATE,ACCIDENT_TIME,ACCIDENT_TYPE,ACCIDENT_TYPE_DESC,DAY_OF_WEEK,DAY_WEEK_DESC,DCA_CODE,DCA_DESC,LIGHT_CONDITION,NODE_ID,NO_OF_VEHICLES,NO_PERSONS_KILLED,NO_PERSONS_INJ_2,NO_PERSONS_INJ_3,NO_PERSONS_NOT_INJ,NO_PERSONS,POLICE_ATTEND,ROAD_GEOMETRY,ROAD_GEOMETRY_DESC,SEVERITY,SPEED_ZONE,RMA,LGA_NAME,LATITUDE,LONGITUDE,POSTCODE_CRASH,PED_OR_CYC,nearest_school,dist_to_gate_m
T20250012235,2025-12-03,08:00:00,1,Collision with vehicle,3,Wednesday,131,LEFT REAR,1,349924,2,0,0,1,1,2,2,1,Cross intersection,3,60,Arterial Highway,DANDENONG,-37.933105,145.15572,3171.0,True,Preston HS,24966.3
T20230020952,2023-07-09,09:50:00,6,Vehicle overturned (no collision),5,Thursday,184,OUT OF CONTROL ON CARRIAGEWAY (ON BEND),1,780496,1,0,1,0,0,1,1,5,Not at intersection,2,999,Local Road,MITCHELL,-37.37625,145.07684,3658.0,True,William Ruthven SC,36205.0
T20240003228,2023-06-10,13:50:00,2,Struck Pedestrian,6,Friday,103,PED PLAYING/LYING/WORKING/STANDING ON CARRIAGEWAY.,1,190217,1,0,0,1,0,1,1,5,Not at intersection,3,50,Arterial Other,WHITTLESEA,-37.68116,145.01367,3074.0,True,William Ruthven SC,1951.4
T20220017811,2022-09-08,14:50:00,1,Collision with vehicle,3,Tuesday,148,VEHICLE OFF FOOTPATH STRIKES VEH ON CARRIAGEWAY,1,727005,2,0,1,0,1,2,1,5,Not at intersection,2,60,Arterial Other,HUME,-37.682648,144.91249,3047.0,True,William Ruthven SC,8111.7
T20250012468,2025-04-05,16:30:00,1,Collision with vehicle,0,Sunday,121,RIGHT THROUGH,1,818495,2,0,0,1,1,2,2,5,Not at intersection,3,60,Arterial Other,BOROONDARA,-37.804348,145.08298,3103.0,True,Preston HS,9644.0
T20230016257,2023-11-07,15:00:00,2,Struck Pedestrian,2,Tuesday,100,PED NEAR SIDE. PED HIT BY VEHICLE FROM THE RIGHT.,1,777194,1,0,0,1,1,2,2,5,Not at intersection,3,50,Local Road,STONNINGTON,-37.85733,145.0205,3143.0,True,Preston HS,12911.3
T20250014691,2025-01-06,15:00:00,4,Collision with a fixed object,1,Sunday,179,OTHER ACCIDENTS-OFF STRAIGHT NOT INCLUDED IN DCAs 170-175,1,821477,1,0,0,1,0,1,1,5,Not at intersection,3,888,,MOORABOOL,-37.74792,144.06938,3334.0,True,William Ruthven SC,82312.6
T20250013649,2025-03-05,12:00:00,6,Vehicle overturned (no collision),7,Saturday,179,OTHER ACCIDENTS-OFF STRAIGHT NOT INCLUDED IN DCAs 170-175,1,818536,1,0,0,1,0,1,2,5,Not at intersection,3,60,Local Road,MANSFIELD,-36.951588,145.93187,3720.0,True,William Ruthven SC,116651.4
T20230029907,2023-02-12,17:00:00,6,Vehicle overturned (no collision),7,Saturday,170,OFF CARRIAGEWAY TO LEFT,1,804481,1,0,0,1,0,1,2,5,Not at intersection,3,40,Local Road,WANGARATTA,-36.600433,146.5272,3678.0,True,William Ruthven SC,181942.1
T20230017044,2023-09-07,18:00:00,2,Struck Pedestrian,1,Sunday,100,PED NEAR SIDE. PED HIT BY VEHICLE FROM THE RIGHT.,2,717408,1,0,0,1,1,2,2,2,T intersection,3,50,Arterial Other,WYNDHAM,-37.90053,144.66609,3030.0,True,Preston HS,34772.0
T20220017678,2022-07-08,01:45:00,2,Struck Pedestrian,0,Sunday,103,PED PLAYING/LYING/WORKING/STANDING ON CARRIAGEWAY.,3,782572,1,0,0,1,1,2,1,5,Not at intersection,3,40,Arterial Other,MORNINGTON PENINSULA,-38.219532,145.03853,3931.0,True,Preston HS,53203.9
T20210012970,2021-12-06,15:15:00,1,Collision with vehicle,7,Saturday,110,CROSS TRAFFIC(INTERSECTIONS ONLY),1,57265,2,0,0,1,1,2,1,1,Cross intersection,3,50,Local Road,MILDURA,-34.178276,142.15099,3500.0,True,William Ruthven SC,467886.8
T20210002943,2021-07-02,11:00:00,5,collision with some other object,1,Sunday,166,STRUCK OBJECT ON CARRIAGEWAY,1,675170,1,0,0,1,0,1,2,2,T intersection,3,999,Local Road,MURRINDINDI,-37.28118,145.55113,3717.0,True,William Ruthven SC,66873.2
T20240014700,2024-09-06,12:15:00,1,Collision with vehicle,1,Sunday,110,CROSS TRAFFIC(INTERSECTIONS ONLY),1,35794,2,0,1,0,1,2,1,1,Cross intersection,2,60,Arterial Highway,WARRNAMBOOL,-38.38395,142.49258,3280.0,True,Preston HS,231424.9
T20230003051,2023-04-02,16:30:00,1,Collision with vehicle,6,Saturday,110,CROSS TRAFFIC(INTERSECTIONS ONLY),1,777154,2,0,0,1,1,2,2,1,Cross intersection,3,40,Local Road,YARRA,-37.78874,144.97202,3054.0,True,Preston HS,6071.9
T20240027822,2024-01-11,22:50:00,4,Collision with a fixed object,6,Friday,179,OTHER ACCIDENTS-OFF STRAIGHT NOT INCLUDED IN DCAs 170-175,3,810434,1,0,0,1,0,1,1,5,Not at intersection,3,50,Local Road,WYNDHAM,-37.877155,144.65901,3030.0,True,Preston HS,34087.8
T20210005344,2021-11-03,03:50:00,6,Vehicle overturned (no collision),5,Thursday,174,OUT OF CONTROL ON CARRIAGEWAY (ON STRAIGHT),5,677686,1,0,0,1,0,1,1,5,Not at intersection,3,60,Local Road,EAST GIPPSLAND,-37.82236,147.61435,3875.0,True,Reservoir HS,227466.2
T20220020407,2022-10-09,08:45:00,1,Collision with vehicle,7,Saturday,130,REAR END(VEHICLES IN SAME LANE),1,249055,2,0,0,1,2,3,1,4,Multiple intersection,3,30,Arterial Other,MOONEE VALLEY,-37.74625,144.91167,3040.0,True,Preston HS,8406.2
T20240009060,2024-11-04,11:16:00,5,collision with some other object,5,Thursday,171,LEFT OFF CARRIAGEWAY INTO OBJECT/PARKED VEHICLE,1,801869,1,0,0,1,0,1,1,5,Not at intersection,3,80,Arterial Other,MOORABOOL,-37.586143,144.20139,3342.0,True,William Ruthven SC,71639.9
T20240003085,2024-07-02,21:53:00,1,Collision with vehicle,4,Wednesday,130,REAR END(VEHICLES IN SAME LANE),3,798275,2,0,0,1,1,2,2,5,Not at intersection,3,50,Local Road,MORNINGTON PENINSULA,-38.373127,144.84047,3941.0,True,Preston HS,71711.1
T20220008091,2022-10-04,14:10:00,6,Vehicle overturned (no collision),1,Sunday,182,OFF CARRIAGEWAY ON LEFT BEND,1,710123,1,0,1,0,0,1,1,5,Not at intersection,2,80,Arterial Highway,YARRA RANGES,-37.6468,145.56772,3777.0,True,Reservoir HS,48111.3
T20230002813,2023-04-02,18:20:00,6,Vehicle overturned (no collision),7,Saturday,174,OUT OF CONTROL ON CARRIAGEWAY (ON STRAIGHT),1,772696,1,0,1,0,1,2,1,5,Not at intersection,2,100,Freeway,YARRA,-37.791824,145.01273,3078.0,True,Preston HS,5595.5
T20210015284,2021-11-07,18:00:00,6,Vehicle overturned (no collision),1,Sunday,174,OUT OF CONTROL ON CARRIAGEWAY (ON STRAIGHT),2,687712,1,0,1,0,0,1,1,5,Not at intersection,2,80,Arterial Other,KNOX,-37.897984,145.24084,3180.0,True,Preston HS,26898.4
T20210026112,2021-11-12,12:00:00,6,Vehicle overturned (no collision),7,Saturday,172,OFF CARRIAGEWAY TO RIGHT,1,722278,1,0,0,1,0,1,2,5,Not at intersection,3,999,Local Road,SURF COAST,-38.34981,143.99506,3241.0,True,Preston HS,111471.7
T20240028426,2024-04-11,11:30:00,8,No collision and no object struck,2,Monday,174,OUT OF CONTROL ON CARRIAGEWAY (ON STRAIGHT),1,810634,1,0,0,1,0,1,2,5,Not at intersection,3,999,Local Road,MELTON,-37.728745,144.61649,3338.0,True,William Ruthven SC,34186.5
T20230025924,2023-05-11,17:55:00,2,Struck Pedestrian,0,Sunday,100,PED NEAR SIDE. PED HIT BY VEHICLE FROM THE RIGHT.,1,785819,1,0,1,0,1,2,1,5,Not at intersection,2,40,Arterial Other,YARRA,-37.810036,144.9955,3121.0,True,Preston HS,7666.7
T20250012610,2025-11-05,15:00:00,1,Collision with vehicle,1,Sunday,140,U TURN,1,818204,2,0,1,0,1,2,1,5,Not at intersection,2,50,Arterial Highway,MARIBYRNONG,-37.81784,144.86076,3013.0,True,Preston HS,15397.7
T20210024875,2021-05-12,23:20:00,2,Struck Pedestrian,1,Sunday,100,PED NEAR SIDE. PED HIT BY VEHICLE FROM THE RIGHT.,3,706192,1,0,1,0,1,2,1,5,Not at intersection,2,40,Local Road,PORT PHILLIP,-37.86456,144.97273,3182.0,True,Preston HS,13991.2
T20250017830,2025-04-07,21:09:00,2,Struck Pedestrian,6,Friday,100,PED NEAR SIDE. PED HIT BY VEHICLE FROM THE RIGHT.,3,822973,1,1,0,0,1,2,1,5,Not at intersection,1,50,Local Road,GLEN EIRA,-37.91627,145.0516,3204.0,True,Preston HS,19800.8
T20240025493,2024-09-10,08:47:00,2,Struck Pedestrian,3,Wednesday,102,FAR SIDE. PED HIT BY VEHICLE FROM THE LEFT,1,812975,1,0,0,1,1,2,2,5,Not at intersection,3,40,Local Road,MELBOURNE,-37.79924,144.9507,3051.0,True,Preston HS,8093.9
T20210004988,2021-06-03,11:15:00,5,collision with some other object,7,Saturday,166,STRUCK OBJECT ON CARRIAGEWAY,1,681112,1,0,1,0,0,1,1,5,Not at intersection,2,80,Arterial Other,YARRA RANGES,-37.70373,145.83018,3799.0,True,Reservoir HS,70470.6
T20210017132,2021-07-08,10:13:00,1,Collision with vehicle,7,Saturday,132,RIGHT REAR.,1,694445,2,0,1,0,1,2,1,5,Not at intersection,2,50,Local Road,MELTON,-37.68744,144.5663,3337.0,True,William Ruthven SC,38437.4
T20230020650,2023-04-09,07:10:00,1,Collision with vehicle,2,Monday,116,LEFT NEAR (INTERSECTIONS ONLY),1,791267,3,0,1,1,1,3,2,2,T intersection,2,60,Arterial Other,BAYSIDE,-37.934826,144.99576,3188.0,True,Preston HS,21497.7
T20240014468,2024-06-06,11:53:00,1,Collision with vehicle,4,Thursday,121,RIGHT THROUGH,1,70852,2,0,0,1,1,2,1,2,T intersection,3,60,Arterial Other,KINGSTON,-37.99649,145.07184,3195.0,True,Preston HS,28895.7
T20240003497,2024-12-02,09:30:00,8,No collision and no object struck,2,Monday,174,OUT OF CONTROL ON CARRIAGEWAY (ON STRAIGHT),1,798158,1,0,1,0,0,1,1,5,Not at intersection,2,40,Local Road,MORELAND,-37.770676,144.97185,3057.0,True,Preston HS,4470.4
T20230023189,2023-09-09,18:30:00,2,Struck Pedestrian,7,Saturday,100,PED NEAR SIDE. PED HIT BY VEHICLE FROM THE RIGHT.,3,783312,1,0,0,1,1,2,1,5,Not at intersection,3,50,Local Road,KINGSTON,-38.07756,145.12466,3197.0,True,Preston HS,38743.9
T20240009159,2024-12-04,08:30:00,2,Struck Pedestrian,6,Friday,104,PED WALKING WITH TRAFFIC,1,805044,1,0,0,1,1,2,1,2,T intersection,3,999,Local Road,WYNDHAM,-37.949738,144.72577,3030.0,True,Preston HS,33843.0
T20210018844,2021-07-09,17:00:00,1,Collision with vehicle,2,Tuesday,139,OTHER SAME DIRECTION-MANOUEVRES NOT INCLUDED IN DCAs 130-137,1,692354,2,0,0,1,1,2,1,5,Not at intersection,3,50,Local Road,BOROONDARA,-37.866455,145.08336,3147.0,True,Preston HS,15405.3
T20220022684,2022-08-10,17:04:00,1,Collision with vehicle,7,Saturday,147,VEHICLE STRIKES ANOTHER VEH WHILE EMERGING FROM DRIVEWAY,1,783118,2,0,0,1,4,5,1,5,Not at intersection,3,888,Arterial Highway,MONASH,-37.923965,145.2023,3170.0,True,Preston HS,26544.8
T20240008716,2024-07-04,13:53:00,6,Vehicle overturned (no collision),1,Sunday,174,OUT OF CONTROL ON CARRIAGEWAY (ON STRAIGHT),1,802507,4,1,3,0,0,4,1,5,Not at intersection,1,110,Freeway,MOORABOOL,-37.590534,144.18419,3342.0,True,William Ruthven SC,73049.9
T20210010474,2021-10-05,09:40:00,2,Struck Pedestrian,1,Monday,100,PED NEAR SIDE. PED HIT BY VEHICLE FROM THE RIGHT.,1,682849,1,0,1,0,1,2,1,5,Not at intersection,2,60,Arterial Highway,BENDIGO,-36.73179,144.25752,3556.0,True,William Ruthven SC,125958.4
T20220024383,2022-04-09,14:00:00,7,Fall from or in moving vehicle,0,Sunday,190,FELL IN/FROM VEHICLE,9,733707,1,0,0,1,1,2,2,5,Not at intersection,3,80,,MANSFIELD,-37.323708,146.06526,3723.0,True,Reservoir HS,101540.1
T20240023630,2024-10-09,15:30:00,4,Collision with a fixed object,3,Tuesday,179,OTHER ACCIDENTS-OFF STRAIGHT NOT INCLUDED IN DCAs 170-175,1,808618,1,0,1,0,0,1,2,5,Not at intersection,2,60,Local Road,GOLDEN PLAINS,-38.062675,144.02039,3321.0,True,Preston HS,93641.2
T20230019146,2023-09-08,14:24:00,1,Collision with vehicle,3,Wednesday,110,CROSS TRAFFIC(INTERSECTIONS ONLY),1,51004,2,0,0,1,1,2,1,1,Cross intersection,3,50,Local Road,WANGARATTA,-36.36296,146.3176,3677.0,True,William Ruthven SC,188694.2
T20220017164,2022-01-08,12:50:00,2,Struck Pedestrian,2,Monday,103,PED PLAYING/LYING/WORKING/STANDING ON CARRIAGEWAY.,1,720136,1,0,1,0,1,2,1,5,Not at intersection,2,999,Local Road,MORNINGTON PENINSULA,-38.255035,145.14053,3933.0,True,Preston HS,58265.3
T20210024849,2021-05-12,16:20:00,1,Collision with vehicle,1,Sunday,113,RIGHT NEAR (INTERSECTIONS ONLY),1,261035,2,0,1,0,1,2,1,1,Cross intersection,2,60,Local Road,MELTON,-37.741543,144.70628,3336.0,True,Preston HS,26451.3
T20250020518,2025-03-08,14:18:00,1,Collision with vehicle,1,Sunday,110,CROSS TRAFFIC(INTERSECTIONS ONLY),1,29590,3,0,1,0,2,3,1,1,Cross intersection,2,40,Arterial Other,PORT PHILLIP,-37.86717,144.98123,3182.0,True,Preston HS,14135.5
T20240011447,2024-02-05,11:40:00,1,Collision with vehicle,5,Thursday,147,VEHICLE STRIKES ANOTHER VEH WHILE EMERGING FROM DRIVEWAY,1,803134,2,0,0,1,1,2,1,5,Not at intersection,3,999,Local Road,KINGSTON,-37.94302,145.06871,3189.0,True,Preston HS,23030.2
T20240002467,2024-01-02,06:21:00,1,Collision with vehicle,5,Thursday,130,REAR END(VEHICLES IN SAME LANE),1,797361,4,0,0,1,3,4,1,2,T intersection,3,80,Arterial Highway,BRIMBANK,-37.816433,144.85022,3012.0,True,Preston HS,16098.2
T20250001331,2024-02-10,07:00:00,1,Collision with vehicle,3,Wednesday,130,REAR END(VEHICLES IN SAME LANE),1,813918,2,0,0,1,1,2,2,5,Not at intersection,3,999,Local Road,MOONEE VALLEY,-37.761333,144.91672,3039.0,True,Preston HS,8240.5
T20230018328,2023-06-08,18:00:00,2,Struck Pedestrian,0,Sunday,101,PED EMERGES FROM IN FRONT OF PARKED OR STATIONARY VEHICLE,3,231151,1,0,0,1,1,2,1,1,Cross intersection,3,40,Local Road,ALPINE,-37.024326,147.24184,3898.0,True,Reservoir HS,210343.5
T20230025795,2023-04-11,10:55:00,1,Collision with vehicle,7,Saturday,113,RIGHT NEAR (INTERSECTIONS ONLY),1,336224,2,0,1,0,1,2,2,2,T intersection,2,40,Arterial Other,DAREBIN,-37.737835,145.00266,3072.0,True,Preston HS,580.6
T20220012631,2022-04-06,11:30:00,1,Collision with vehicle,7,Saturday,137,LEFT TURN SIDESWIPE,1,697067,2,0,1,1,0,2,1,1,Cross intersection,2,60,Arterial Other,DAREBIN,-37.783306,145.01741,3078.0,True,Preston HS,4714.3
T20240003320,2024-09-02,18:00:00,1,Collision with vehicle,5,Friday,148,VEHICLE OFF FOOTPATH STRIKES VEH ON CARRIAGEWAY,1,241347,2,0,0,1,1,2,2,1,Cross intersection,3,999,Arterial Other,DAREBIN,-37.73996,144.99942,3072.0,True,Preston HS,702.5
T20250003466,2025-08-02,14:30:00,8,No collision and no object struck,7,Saturday,180,OFF CARRIAGEWAY ON RIGHT BEND,1,814951,1,0,1,0,0,1,2,5,Not at intersection,2,100,Local Road,ALPINE,-36.874966,147.29948,3699.0,True,Reservoir HS,221800.0
T20250021273,2025-11-08,15:55:00,1,Collision with vehicle,2,Monday,110,CROSS TRAFFIC(INTERSECTIONS ONLY),1,304410,2,0,1,0,1,2,1,1,Cross intersection,2,70,Arterial Highway,STONNINGTON,-37.864197,145.02321,3143.0,True,Preston HS,13694.4
T20230010638,2023-06-05,15:55:00,2,Struck Pedestrian,6,Saturday,102,FAR SIDE. PED HIT BY VEHICLE FROM THE LEFT,1,774428,1,0,0,1,1,2,1,5,Not at intersection,3,50,Local Road,CASEY,-37.978542,145.25887,3802.0,True,Preston HS,34381.6
T20220020530,2022-11-09,18:33:00,2,Struck Pedestrian,0,Sunday,100,PED NEAR SIDE. PED HIT BY VEHICLE FROM THE RIGHT.,5,92123,1,0,1,0,1,2,1,5,Not at intersection,2,50,Local Road,MORELAND,-37.70451,144.91539,3046.0,True,William Ruthven SC,7757.8
T20250009210,2025-05-04,16:25:00,2,Struck Pedestrian,6,Saturday,100,PED NEAR SIDE. PED HIT BY VEHICLE FROM THE RIGHT.,1,817131,1,0,1,0,1,2,1,5,Not at intersection,2,40,Arterial Other,MELBOURNE,-37.829884,144.97153,3004.0,True,Preston HS,10291.8
T20240016645,2024-01-07,06:00:00,1,Collision with vehicle,2,Monday,130,REAR END(VEHICLES IN SAME LANE),2,806845,2,0,0,1,1,2,2,1,Cross intersection,3,999,Arterial Other,CASEY,-38.031128,145.34372,3806.0,True,Preston HS,43685.4
T20250000476,2025-07-01,09:40:00,1,Collision with vehicle,3,Tuesday,110,CROSS TRAFFIC(INTERSECTIONS ONLY),1,41152,2,0,1,0,1,2,1,1,Cross intersection,2,50,Local Road,BAYSIDE,-37.888596,144.99617,3186.0,True,Preston HS,16362.3
T20240006589,2024-11-03,10:38:00,7,Fall from or in moving vehicle,2,Monday,190,FELL IN/FROM VEHICLE,1,799809,1,0,0,1,1,2,2,5,Not at intersection,3,50,Local Road,MELBOURNE,-37.8144,144.93881,3008.0,True,Preston HS,10068.3
T20230026838,2023-07-11,16:55:00,1,Collision with vehicle,2,Tuesday,110,CROSS TRAFFIC(INTERSECTIONS ONLY),1,40113,2,0,0,1,1,2,2,1,Cross intersection,3,50,Local Road,PORT PHILLIP,-37.873177,144.98244,3184.0,True,Preston HS,14779.2
T20220022222,2022-02-10,14:15:00,8,No collision and no object struck,0,Sunday,179,OTHER ACCIDENTS-OFF STRAIGHT NOT INCLUDED IN DCAs 170-175,1,727210,1,0,0,1,0,1,2,1,Cross intersection,3,40,Local Road,MELBOURNE,-37.81089,144.96722,3000.0,True,Preston HS,8454.4
T20230018180,2023-04-08,15:52:00,1,Collision with vehicle,6,Friday,148,VEHICLE OFF FOOTPATH STRIKES VEH ON CARRIAGEWAY,1,781917,2,0,1,0,1,2,1,2,T intersection,2,60,Arterial Other,MOONEE VALLEY,-37.75597,144.90805,3040.0,True,Preston HS,8852.1
T20240025445,2024-08-10,19:22:00,2,Struck Pedestrian,3,Tuesday,102,FAR SIDE. PED HIT BY VEHICLE FROM THE LEFT,1,809511,2,0,1,0,3,4,1,5,Not at intersection,2,60,Local Road,FRANKSTON,-38.111187,145.19516,3977.0,True,Preston HS,44272.6
T20250000095,2025-02-01,10:51:00,1,Collision with vehicle,5,Thursday,160,VEHICLE COLLIDES WITH VEHICLE PARKED ON LEFT OF ROAD,1,813184,2,0,0,1,1,2,1,5,Not at intersection,3,50,Arterial Other,YARRA,-37.825813,145.02158,3121.0,True,Preston HS,9439.1
T20250020635,2025-09-05,21:30:00,1,Collision with vehicle,6,Friday,152,PULLING OUT (OVERTAKING),6,35999,2,0,0,1,1,2,2,2,T intersection,3,60,Local Road,MELBOURNE,-37.785526,144.96953,3054.0,True,Preston HS,5886.9
T20230013514,2023-10-06,13:50:00,6,Vehicle overturned (no collision),7,Saturday,180,OFF CARRIAGEWAY ON RIGHT BEND,1,783256,1,0,1,0,0,1,1,5,Not at intersection,2,80,Arterial Highway,COLAC OTWAY,-38.645916,143.88371,3234.0,True,Preston HS,140522.5
T20220002880,2022-10-02,10:50:00,3,Struck animal,4,Thursday,167,STRUCK ANIMAL,1,719755,1,0,0,1,0,1,1,5,Not at intersection,3,80,,MOYNE,-38.073475,142.75291,3272.0,True,Preston HS,201173.1
T20210018889,2021-08-09,17:40:00,2,Struck Pedestrian,4,Wednesday,101,PED EMERGES FROM IN FRONT OF PARKED OR STATIONARY VEHICLE,1,698242,1,0,1,0,1,2,1,5,Not at intersection,2,50,Local Road,CASEY,-38.075035,145.35089,3806.0,True,Preston HS,47786.3
T20210018506,2021-12-01,08:15:00,2,Struck Pedestrian,3,Tuesday,104,PED WALKING WITH TRAFFIC,1,694484,1,0,1,0,0,1,2,5,Not at intersection,2,70,Arterial Other,BRIMBANK,-37.802433,144.77048,3026.0,True,Preston HS,21866.5
T20220002888,2022-10-02,09:29:00,1,Collision with vehicle,4,Thursday,113,RIGHT NEAR (INTERSECTIONS ONLY),1,36208,2,0,0,1,1,2,1,2,T intersection,3,60,Arterial Other,MELBOURNE,-37.797115,144.95789,3052.0,True,Preston HS,7528.5
T20250020350,2025-01-08,16:10:00,1,Collision with vehicle,6,Friday,139,OTHER SAME DIRECTION-MANOUEVRES NOT INCLUDED IN DCAs 130-137,1,820833,3,0,0,1,2,3,1,2,T intersection,3,60,Arterial Highway,PORT PHILLIP,-37.839516,144.97435,3004.0,True,Preston HS,11250.9
T20220011399,2022-07-05,15:00:00,1,Collision with vehicle,7,Saturday,111,RIGHT FAR (INTERSECTIONS ONLY),1,37685,2,0,0,1,1,2,2,1,Cross intersection,3,40,Local Road,STONNINGTON,-37.840443,144.99542,3141.0,True,Preston HS,11027.6
T20230029579,2023-11-12,14:45:00,6,Vehicle overturned (no collision),2,Monday,174,OUT OF CONTROL ON CARRIAGEWAY (ON STRAIGHT),1,222021,1,0,0,1,0,1,2,2,T intersection,3,50,Arterial Other,YARRA,-37.778294,144.98816,3068.0,True,Preston HS,4396.5
T20220013197,2022-11-06,11:15:00,1,Collision with vehicle,7,Saturday,139,OTHER SAME DIRECTION-MANOUEVRES NOT INCLUDED IN DCAs 130-137,1,719410,2,0,1,0,1,2,1,5,Not at intersection,2,100,Freeway,BRIMBANK,-37.802437,144.80537,3026.0,True,Preston HS,18973.6
T20220022259,2022-03-10,12:25:00,4,Collision with a fixed object,2,Monday,181,OFF RIGHT BEND INTO OBJECT/PARKED VEHICLE,1,270359,1,0,1,0,0,1,1,5,Not at intersection,2,60,Local Road,CARDINIA,-37.936607,145.4757,3781.0,True,Reservoir HS,45866.3
T20230018308,2023-04-08,18:00:00,2,Struck Pedestrian,6,Friday,102,FAR SIDE. PED HIT BY VEHICLE FROM THE LEFT,5,795293,1,0,1,0,1,2,2,5,Not at intersection,2,100,Arterial Other,CAMPASPE,-36.317852,145.03207,3620.0,True,William Ruthven SC,153324.9
T20250003646,2025-11-02,06:00:00,1,Collision with vehicle,2,Tuesday,130,REAR END(VEHICLES IN SAME LANE),3,815742,2,0,0,1,1,2,1,2,T intersection,3,60,Local Road,MELTON,-37.747803,144.57584,3338.0,True,Preston HS,37925.4
T20240003377,2024-11-02,01:23:00,2,Struck Pedestrian,1,Sunday,100,PED NEAR SIDE. PED HIT BY VEHICLE FROM THE RIGHT.,3,798342,1,0,0,1,1,2,1,5,Not at intersection,3,60,Arterial Highway,EAST GIPPSLAND,-37.872032,148.01024,3909.0,True,Reservoir HS,262426.8
T20210018827,2021-11-08,17:00:00,6,Vehicle overturned (no collision),3,Wednesday,184,OUT OF CONTROL ON CARRIAGEWAY (ON BEND),2,814144,1,0,0,1,0,1,2,5,Not at intersection,3,100,Local Road,MOIRA,-36.090683,145.6755,3649.0,True,William Ruthven SC,188310.4
T20230008115,2023-05-04,14:05:00,1,Collision with vehicle,4,Wednesday,163,VEHICLE STRIKES DOOR OF PARKED/STATIONARY VEHICLE,9,777314,2,0,0,1,1,2,2,5,Not at intersection,3,40,Arterial Other,STONNINGTON,-37.836094,144.9963,3141.0,True,Preston HS,10539.0
T20250012358,2025-09-05,08:23:00,1,Collision with vehicle,6,Friday,137,LEFT TURN SIDESWIPE,1,72460,2,0,1,0,1,2,1,2,T intersection,2,60,Local Road,GEELONG,-38.17678,144.32298,3216.0,True,Preston HS,77056.9
T20220013059,2022-09-06,17:40:00,1,Collision with vehicle,4,Thursday,139,OTHER SAME DIRECTION-MANOUEVRES NOT INCLUDED IN DCAs 130-137,3,714827,3,0,0,1,2,3,1,5,Not at intersection,3,100,Freeway,MOONEE VALLEY,-37.730873,144.87549,3042.0,True,Preston HS,11635.8
T20250009821,2025-11-04,19:00:00,1,Collision with vehicle,6,Friday,140,U TURN,3,817251,2,0,0,1,1,2,2,5,Not at intersection,3,50,Arterial Other,MOONEE VALLEY,-37.76418,144.9244,3039.0,True,Preston HS,7688.4
T20230015862,2023-08-07,18:20:00,2,Struck Pedestrian,6,Saturday,100,PED NEAR SIDE. PED HIT BY VEHICLE FROM THE RIGHT.,6,795783,1,0,0,1,1,2,2,2,T intersection,3,60,Local Road,MARIBYRNONG,-37.78262,144.86789,3012.0,True,Preston HS,13056.0
T20220005146,2022-07-03,18:00:00,1,Collision with vehicle,2,Monday,112,LEFT FAR (INTERSECTIONS ONLY),1,38812,2,0,1,0,1,2,1,2,T intersection,2,40,Arterial Other,MARIBYRNONG,-37.800854,144.90924,3011.0,True,Preston HS,10828.2
T20240028642,2024-10-11,13:13:00,1,Collision with vehicle,0,Sunday,134,LANE CHANGE RIGHT (NOT OVERTAKING),1,236,2,0,0,1,1,2,2,1,Cross intersection,3,40,Local Road,MELBOURNE,-37.81084,144.96721,3000.0,True,Preston HS,8449.7
T20220019986,2022-03-09,11:45:00,8,No collision and no object struck,7,Saturday,174,OUT OF CONTROL ON CARRIAGEWAY (ON STRAIGHT),1,724113,1,0,0,1,0,1,2,2,T intersection,3,100,,MANSFIELD,-36.947,145.9188,3720.0,True,William Ruthven SC,116207.7
T20220000086,2022-02-01,09:30:00,1,Collision with vehicle,1,Sunday,152,PULLING OUT (OVERTAKING),1,44277,2,0,1,0,1,2,1,1,Cross intersection,2,80,Local Road,MORNINGTON PENINSULA,-38.373993,145.07867,3926.0,True,Preston HS,70586.5
T20230020589,2023-11-07,13:30:00,1,Collision with vehicle,3,Tuesday,147,VEHICLE STRIKES ANOTHER VEH WHILE EMERGING FROM DRIVEWAY,1,788485,2,0,0,1,1,2,2,5,Not at intersection,3,888,Arterial Highway,SHEPPARTON,-36.37548,145.40048,3630.0,True,William Ruthven SC,151072.4
T20250001057,2025-10-01,18:09:00,1,Collision with vehicle,6,Friday,132,RIGHT REAR.,2,38779,2,0,0,1,1,2,2,2,T intersection,3,60,Arterial Highway,MARIBYRNONG,-37.814667,144.89977,3013.0,True,Preston HS,12442.3
T20250017864,2025-05-07,12:18:00,6,Vehicle overturned (no collision),7,Saturday,174,OUT OF CONTROL ON CARRIAGEWAY (ON STRAIGHT),1,819999,1,0,1,0,0,1,1,5,Not at intersection,2,60,Local Road,CARDINIA,-37.916237,145.47453,3782.0,True,Reservoir HS,44646.6
T20220022589,2022-07-10,12:00:00,2,Struck Pedestrian,6,Friday,100,PED NEAR SIDE. PED HIT BY VEHICLE FROM THE RIGHT.,1,750098,1,0,1,0,1,2,1,2,T intersection,2,50,Local Road,MORNINGTON PENINSULA,-38.372234,144.81842,3941.0,True,Preston HS,72032.0