ACCIDENT_NO,ACCIDENT_DATE,ACCIDENT_TIME,ACCIDENT_TYPE,ACCIDENT_TYPE_DESC,DAY_OF_WEEK,DAY_WEEK_DESC,DCA_CODE,DCA_DESC,LIGHT_CONDITION,NODE_ID,NO_OF_VEHICLES,NO_PERSONS_KILLED,NO_PERSONS_INJ_2,NO_PERSONS_INJ_3,NO_PERSONS_NOT_INJ,NO_PERSONS,POLICE_ATTEND,ROAD_GEOMETRY,ROAD_GEOMETRY_DESC,SEVERITY,SPEED_ZONE,RMA,LGA_NAME,LATITUDE,LONGITUDE,POSTCODE_CRASH,PED_OR_CYC,nearest_school,dist_to_gate_m
T20240002532,2024-01-02,16:45:00,2,Struck Pedestrian,5,Thursday,102,FAR SIDE. PED HIT BY VEHICLE FROM THE LEFT,1,1250,1,0,1,0,1,2,1,2,T intersection,2,60,Arterial Other,BRIMBANK,-37.758324,144.81053,3021.0,True,Preston HS,17381.1
T20230021097,2023-09-09,06:32:00,3,Struck animal,6,Saturday,167,STRUCK ANIMAL,5,784446,1,0,0,1,0,1,1,5,Not at intersection,3,110,Freeway,MOUNT ALEXANDER,-37.06517,144.30777,3451.0,True,William Ruthven SC,93284.6
T20240008826,2024-08-04,18:30:00,1,Collision with vehicle,1,Monday,133,LANE SIDE SWIPE (VEHICLES IN PARALLEL LANES),3,317895,2,0,1,0,1,2,1,2,T intersection,2,50,Local Road,HUME,-37.59093,144.91713,3064.0,True,William Ruthven SC,13966.2
T20250000267,2025-04-01,11:15:00,6,Vehicle overturned (no collision),7,Saturday,179,OTHER ACCIDENTS-OFF STRAIGHT NOT INCLUDED IN DCAs 170-175,1,813262,1,0,1,0,0,1,1,5,Not at intersection,2,60,Arterial Other,NILLUMBIK,-37.720676,145.20566,3113.0,True,Reservoir HS,15504.0
T20220010383,2022-08-05,11:45:00,2,Struck Pedestrian,1,Sunday,100,PED NEAR SIDE. PED HIT BY VEHICLE FROM THE RIGHT.,1,717312,1,0,0,1,1,2,2,5,Not at intersection,3,60,Arterial Other,MELBOURNE,-37.826637,144.95929,3006.0,True,Preston HS,10337.0
T20240000540,2023-08-11,17:43:00,8,No collision and no object struck,4,Wednesday,174,OUT OF CONTROL ON CARRIAGEWAY (ON STRAIGHT),1,796303,2,0,0,1,1,2,2,5,Not at intersection,3,60,Arterial Other,MELBOURNE,-37.805107,144.94798,3003.0,True,Preston HS,8758.5
T20250006005,2025-05-03,16:25:00,1,Collision with vehicle,4,Wednesday,110,CROSS TRAFFIC(INTERSECTIONS ONLY),1,36106,2,0,0,2,0,2,1,1,Cross intersection,3,60,Arterial Other,MELBOURNE,-37.807728,144.94789,3003.0,True,Preston HS,8999.3
T20230000709,2023-05-01,12:30:00,1,Collision with vehicle,5,Thursday,136,RIGHT TURN SIDESWIPE,1,747584,2,0,0,1,1,2,2,2,T intersection,3,100,Arterial Highway,BASS COAST,-38.54444,145.46141,3995.0,True,Preston HS,97702.9
T20240028381,2024-07-11,15:18:00,1,Collision with vehicle,4,Thursday,110,CROSS TRAFFIC(INTERSECTIONS ONLY),1,62462,2,0,0,1,1,2,1,1,Cross intersection,3,50,Arterial Other,MORELAND,-37.720177,144.9404,3044.0,True,William Ruthven SC,6101.2
T20250009470,2025-08-04,14:24:00,2,Struck Pedestrian,3,Tuesday,101,PED EMERGES FROM IN FRONT OF PARKED OR STATIONARY VEHICLE,1,819174,1,0,1,0,1,2,1,5,Not at intersection,2,50,Local Road,KINGSTON,-37.934807,145.03822,3189.0,True,Preston HS,21645.7
T20240025437,2024-08-10,20:18:00,1,Collision with vehicle,3,Tuesday,130,REAR END(VEHICLES IN SAME LANE),2,809514,2,0,2,0,1,3,1,2,T intersection,2,60,Arterial Other,MARIBYRNONG,-37.770615,144.88202,3032.0,True,Preston HS,11456.6
T20250003685,2025-11-02,15:23:00,8,No collision and no object struck,3,Tuesday,174,OUT OF CONTROL ON CARRIAGEWAY (ON STRAIGHT),1,71926,1,0,1,0,0,1,1,2,T intersection,2,60,Local Road,FRANKSTON,-38.14369,145.13516,3199.0,True,Preston HS,46088.3
T20250018152,2025-08-07,12:38:00,1,Collision with vehicle,3,Tuesday,113,RIGHT NEAR (INTERSECTIONS ONLY),1,820637,2,0,1,0,1,2,1,2,T intersection,2,999,Local Road,HUME,-37.611298,144.9378,3064.0,True,William Ruthven SC,11080.5
T20230011150,2023-11-05,14:30:00,1,Collision with vehicle,5,Thursday,121,RIGHT THROUGH,1,42397,2,0,0,1,2,3,1,2,T intersection,3,60,Arterial Other,KINGSTON,-37.94037,145.11678,3169.0,True,Preston HS,24099.3
T20250004152,2025-10-02,15:30:00,6,Vehicle overturned (no collision),2,Monday,189,OTHER ACCIDENTS ON CURVE NOT INCLUDED IN DCAs 180-184,1,815275,1,0,0,1,0,1,2,5,Not at intersection,3,888,Local Road,MANSFIELD,-37.619476,146.43477,3825.0,True,Reservoir HS,124220.1
T20240008216,2024-01-04,15:50:00,6,Vehicle overturned (no collision),2,Monday,170,OFF CARRIAGEWAY TO LEFT,1,801080,1,0,0,1,0,1,1,5,Not at intersection,3,100,Local Road,LATROBE,-38.143642,146.37805,3825.0,True,Reservoir HS,127215.6
T20220003163,2022-07-02,06:00:00,1,Collision with vehicle,1,Monday,113,RIGHT NEAR (INTERSECTIONS ONLY),2,707062,2,0,0,1,1,2,2,2,T intersection,3,50,Local Road,MANNINGHAM,-37.778095,145.1689,3109.0,True,Reservoir HS,13739.8
T20250000886,2025-11-01,23:40:00,2,Struck Pedestrian,7,Saturday,106,VEH STRIKES PED ON FOOTPATH/MEDIAN/TRAFFIC ISLAND.,3,814906,1,0,1,1,0,2,1,5,Not at intersection,2,60,Local Road,BASS COAST,-38.63461,145.72993,3996.0,True,Preston HS,117679.9
T20240023014,2024-10-09,15:30:00,2,Struck Pedestrian,2,Tuesday,107,PED ON FOOTHPATH STRUCK BY VEHENTERING/LEAVING DRIVEWAY.,1,808820,1,0,0,1,1,2,2,5,Not at intersection,3,999,Local Road,DANDENONG,-37.97715,145.2175,3175.0,True,Preston HS,32040.9
T20240006185,2024-11-03,19:37:00,4,Collision with a fixed object,2,Monday,171,LEFT OFF CARRIAGEWAY INTO OBJECT/PARKED VEHICLE,5,799832,1,0,0,1,0,1,1,2,T intersection,3,60,Arterial Highway,BENDIGO,-36.73658,144.14336,3515.0,True,William Ruthven SC,131102.9
T20240014546,2024-07-06,11:20:00,2,Struck Pedestrian,6,Friday,100,PED NEAR SIDE. PED HIT BY VEHICLE FROM THE RIGHT.,1,851,1,0,1,0,1,2,1,1,Cross intersection,2,60,Arterial Other,MORELAND,-37.72746,144.96368,3058.0,True,Preston HS,4133.6
T20230011003,2023-11-05,11:54:00,2,Struck Pedestrian,5,Thursday,100,PED NEAR SIDE. PED HIT BY VEHICLE FROM THE RIGHT.,1,39409,1,0,1,0,1,2,1,2,T intersection,2,60,Local Road,WHITEHORSE,-37.810352,145.15164,3130.0,True,Reservoir HS,14529.3
T20220003055,2022-12-02,09:08:00,4,Collision with a fixed object,7,Saturday,173,RIGHT OFF CARRIAGEWAY INTO OBJECT/PARKED VEHICLE,1,706223,1,0,1,0,0,1,1,5,Not at intersection,2,60,Arterial Other,NILLUMBIK,-37.672276,145.1682,3089.0,True,Reservoir HS,13423.8
T20230025675,2023-02-11,20:25:00,1,Collision with vehicle,4,Thursday,116,LEFT NEAR (INTERSECTIONS ONLY),3,297134,2,0,0,1,1,2,1,1,Cross intersection,3,60,Arterial Other,MELBOURNE,-37.796597,144.9512,3052.0,True,Preston HS,7836.1
T20250000033,2025-01-01,12:08:00,5,collision with some other object,4,Wednesday,179,OTHER ACCIDENTS-OFF STRAIGHT NOT INCLUDED IN DCAs 170-175,1,815218,1,0,1,0,0,1,1,5,Not at intersection,2,60,Local Road,GLEN EIRA,-37.871387,145.03542,3161.0,True,Preston HS,14633.6
T20250020444,2025-01-08,08:43:00,2,Struck Pedestrian,5,Friday,100,PED NEAR SIDE. PED HIT BY VEHICLE FROM THE RIGHT.,1,822772,1,0,0,2,0,2,2,2,T intersection,3,60,Local Road,CARDINIA,-38.080338,145.44678,3810.0,True,Preston HS,53904.8
T20220018302,2022-05-07,13:25:00,2,Struck Pedestrian,3,Tuesday,106,VEH STRIKES PED ON FOOTPATH/MEDIAN/TRAFFIC ISLAND.,1,85567,2,0,0,1,1,2,1,2,T intersection,3,999,Arterial Other,MELBOURNE,-37.801514,144.91486,3003.0,True,Preston HS,10486.5
T20240028659,2024-10-11,15:25:00,1,Collision with vehicle,1,Sunday,130,REAR END(VEHICLES IN SAME LANE),1,810732,3,0,1,0,2,3,1,1,Cross intersection,2,40,Non Arterial,CARDINIA,-38.091267,145.47113,3810.0,True,Preston HS,56283.5
T20250005635,2025-10-02,22:00:00,8,No collision and no object struck,2,Monday,170,OFF CARRIAGEWAY TO LEFT,3,815801,1,0,1,0,0,1,1,5,Not at intersection,2,40,Local Road,PORT PHILLIP,-37.860397,144.97632,3182.0,True,Preston HS,13472.7
T20240005545,2024-04-03,19:21:00,8,No collision and no object struck,1,Monday,174,OUT OF CONTROL ON CARRIAGEWAY (ON STRAIGHT),1,808352,1,0,0,1,0,1,1,5,Not at intersection,3,999,Arterial Other,MERRI-BEK,-37.77016,144.9616,3056.0,True,Preston HS,5100.5
T20220002986,2022-07-02,13:00:00,6,Vehicle overturned (no collision),2,Monday,174,OUT OF CONTROL ON CARRIAGEWAY (ON STRAIGHT),1,705813,1,0,0,1,0,1,2,3,Y intersection,3,60,Local Road,MOORABOOL,-37.60953,144.24022,3342.0,True,William Ruthven SC,67844.2
T20240003578,2024-10-02,10:30:00,7,Fall from or in moving vehicle,7,Saturday,170,OFF CARRIAGEWAY TO LEFT,1,799264,2,0,0,1,1,2,2,5,Not at intersection,3,50,Arterial Other,ALPINE,-36.709576,146.80038,3740.0,True,Reservoir HS,193065.6
T20240022810,2024-07-09,17:23:00,2,Struck Pedestrian,7,Saturday,103,PED PLAYING/LYING/WORKING/STANDING ON CARRIAGEWAY.,1,809299,1,0,0,1,1,2,1,5,Not at intersection,3,50,Local Road,DANDENONG,-37.992405,145.20264,3175.0,True,Preston HS,32737.8
T20210010393,2021-08-05,18:00:00,2,Struck Pedestrian,6,Saturday,102,FAR SIDE. PED HIT BY VEHICLE FROM THE LEFT,3,688392,1,0,0,2,0,2,1,2,T intersection,3,50,Local Road,BANYULE,-37.721424,145.07176,3085.0,True,Reservoir HS,3727.3
T20220014004,2022-02-06,09:30:00,2,Struck Pedestrian,5,Thursday,100,PED NEAR SIDE. PED HIT BY VEHICLE FROM THE RIGHT.,1,724872,1,0,0,2,0,2,2,5,Not at intersection,3,50,Arterial Other,GLEN EIRA,-37.91725,145.0286,3204.0,True,Preston HS,19611.4
T20240025750,2024-05-09,17:30:00,2,Struck Pedestrian,5,Thursday,102,FAR SIDE. PED HIT BY VEHICLE FROM THE LEFT,1,810978,1,0,0,1,1,2,1,5,Not at intersection,3,60,Local Road,WYNDHAM,-37.860767,144.6659,3029.0,True,Preston HS,32771.2
T20250009886,2025-12-04,14:20:00,1,Collision with vehicle,7,Saturday,111,RIGHT FAR (INTERSECTIONS ONLY),1,817340,2,0,1,0,1,2,1,1,Cross intersection,2,50,Local Road,MORNINGTON PENINSULA,-38.371708,144.88795,3940.0,True,Preston HS,70826.2
T20220002873,2022-10-02,09:00:00,1,Collision with vehicle,5,Thursday,121,RIGHT THROUGH,1,39962,2,0,1,0,1,2,1,2,T intersection,2,60,Local Road,HOBSONS BAY,-37.83977,144.85835,3025.0,True,Preston HS,17022.6
T20250002982,2025-04-02,17:32:00,4,Collision with a fixed object,3,Tuesday,181,OFF RIGHT BEND INTO OBJECT/PARKED VEHICLE,1,815985,3,0,0,1,2,3,1,1,Cross intersection,3,60,Local Road,GLENELG,-38.37004,141.6142,3305.0,True,Preston HS,305154.2
T20210017362,2021-11-08,16:05:00,2,Struck Pedestrian,4,Wednesday,100,PED NEAR SIDE. PED HIT BY VEHICLE FROM THE RIGHT.,1,690076,1,1,0,0,1,2,1,5,Not at intersection,1,50,Local Road,CARDINIA,-37.922092,145.4562,3782.0,True,Reservoir HS,43570.5
T20210020673,2021-11-10,17:35:00,1,Collision with vehicle,2,Monday,110,CROSS TRAFFIC(INTERSECTIONS ONLY),1,694605,2,0,1,0,1,2,1,1,Cross intersection,2,50,Local Road,COLAC OTWAY,-38.34041,143.78407,3242.0,True,Preston HS,126107.6
T20240022909,2024-09-09,07:02:00,4,Collision with a fixed object,2,Monday,171,LEFT OFF CARRIAGEWAY INTO OBJECT/PARKED VEHICLE,1,808633,1,0,0,1,0,1,1,5,Not at intersection,3,60,Local Road,FRANKSTON,-38.145767,145.14034,3199.0,True,Preston HS,46424.5
T20220022544,2022-02-10,18:08:00,2,Struck Pedestrian,0,Sunday,106,VEH STRIKES PED ON FOOTPATH/MEDIAN/TRAFFIC ISLAND.,2,782976,2,0,0,1,1,2,2,5,Not at intersection,3,50,Arterial Other,NILLUMBIK,-37.718384,145.14085,3095.0,True,Reservoir HS,9812.8
T20220002727,2022-07-02,18:25:00,8,No collision and no object struck,2,Monday,174,OUT OF CONTROL ON CARRIAGEWAY (ON STRAIGHT),1,36851,3,0,0,2,1,3,2,1,Cross intersection,3,40,Local Road,MELBOURNE,-37.814693,144.95776,3000.0,True,Preston HS,9202.2
T20230018697,2023-11-08,07:35:00,1,Collision with vehicle,6,Friday,132,RIGHT REAR.,1,249064,2,0,1,0,1,2,1,2,T intersection,2,60,,DANDENONG,-38.022293,145.20401,3175.0,True,Preston HS,35666.8
T20210004978,2021-07-03,03:25:00,2,Struck Pedestrian,0,Sunday,100,PED NEAR SIDE. PED HIT BY VEHICLE FROM THE RIGHT.,3,35500,1,0,0,1,1,2,1,1,Cross intersection,3,40,Arterial Highway,STONNINGTON,-37.857506,144.9923,3181.0,True,Preston HS,12942.5
T20240001625,2024-06-01,15:00:00,6,Vehicle overturned (no collision),7,Saturday,184,OUT OF CONTROL ON CARRIAGEWAY (ON BEND),1,803712,1,0,0,1,0,1,2,5,Not at intersection,3,100,Local Road,ALPINE,-37.08846,147.10329,3737.0,True,Reservoir HS,196272.5
T20240025564,2024-10-10,09:00:00,1,Collision with vehicle,5,Thursday,121,RIGHT THROUGH,1,44398,2,0,0,1,1,2,1,1,Cross intersection,3,60,Arterial Other,DAREBIN,-37.734398,145.01369,3072.0,True,Preston HS,997.5
T20250006163,2025-06-03,15:50:00,1,Collision with vehicle,5,Thursday,133,LANE SIDE SWIPE (VEHICLES IN PARALLEL LANES),1,816192,2,0,1,0,1,2,1,5,Not at intersection,2,80,Freeway,MELBOURNE,-37.833233,144.90533,3207.0,True,Preston HS,13548.9
T20210015139,2021-09-07,17:00:00,6,Vehicle overturned (no collision),5,Friday,170,OFF CARRIAGEWAY TO LEFT,2,693084,1,0,1,0,0,1,1,5,Not at intersection,2,60,Arterial Other,WHITEHORSE,-37.837814,145.13496,3130.0,True,Preston HS,15506.7
T20240011348,2024-04-05,23:20:00,1,Collision with vehicle,7,Saturday,134,LANE CHANGE RIGHT (NOT OVERTAKING),3,805157,3,0,0,1,1,2,1,5,Not at intersection,3,40,Arterial Other,MELBOURNE,-37.814804,144.955,3000.0,True,Preston HS,9329.7
T20210015626,2021-12-07,07:30:00,8,No collision and no object struck,2,Monday,174,OUT OF CONTROL ON CARRIAGEWAY (ON STRAIGHT),1,73598,1,0,0,1,0,1,2,1,Cross intersection,3,60,Arterial Other,MORNINGTON PENINSULA,-38.36456,145.20201,3919.0,True,Preston HS,71330.5
T20220013610,2022-01-06,18:00:00,8,No collision and no object struck,3,Wednesday,179,OTHER ACCIDENTS-OFF STRAIGHT NOT INCLUDED IN DCAs 170-175,9,715349,1,0,0,1,0,1,2,5,Not at intersection,3,50,Local Road,MARIBYRNONG,-37.788803,144.89146,3011.0,True,Preston HS,11435.1
T20250008807,2025-01-04,16:47:00,1,Collision with vehicle,3,Tuesday,133,LANE SIDE SWIPE (VEHICLES IN PARALLEL LANES),1,818002,3,0,2,0,1,3,1,5,Not at intersection,2,100,Freeway,MOONEE VALLEY,-37.73316,144.92007,3041.0,True,Preston HS,7711.7
T20220000678,2022-12-01,10:43:00,1,Collision with vehicle,4,Wednesday,111,RIGHT FAR (INTERSECTIONS ONLY),1,53196,2,0,1,0,1,2,1,2,T intersection,2,60,Local Road,HUME,-37.606556,144.92859,3064.0,True,William Ruthven SC,11959.0
T20230012888,2023-02-06,14:39:00,4,Collision with a fixed object,6,Friday,173,RIGHT OFF CARRIAGEWAY INTO OBJECT/PARKED VEHICLE,1,776252,1,0,1,0,0,1,1,5,Not at intersection,2,80,Freeway,BRIMBANK,-37.708595,144.88564,3043.0,True,William Ruthven SC,10410.8
T20220007843,2022-05-04,17:05:00,1,Collision with vehicle,3,Tuesday,163,VEHICLE STRIKES DOOR OF PARKED/STATIONARY VEHICLE,2,709154,2,0,0,1,1,2,2,5,Not at intersection,3,40,Arterial Other,MORELAND,-37.742268,144.96643,3058.0,True,Preston HS,3576.7
T20210012577,2021-06-06,14:30:00,8,No collision and no object struck,1,Sunday,174,OUT OF CONTROL ON CARRIAGEWAY (ON STRAIGHT),1,685047,1,0,0,1,0,1,1,5,Not at intersection,3,60,Arterial Other,GEELONG,-38.164986,144.36565,3220.0,True,Preston HS,73337.3
T20230008126,2023-06-04,07:43:00,4,Collision with a fixed object,4,Thursday,164,PERMANENT OBSTRUCTION ON CARRIAGEWAY,1,766124,1,0,1,0,0,1,1,5,Not at intersection,2,40,Arterial Other,YARRA,-37.825016,144.99203,3121.0,True,Preston HS,9358.5
T20210005266,2021-08-03,09:30:00,6,Vehicle overturned (no collision),2,Monday,170,OFF CARRIAGEWAY TO LEFT,1,678339,1,0,0,1,0,1,2,2,T intersection,3,888,Local Road,ALPINE,-36.6413,146.63846,3737.0,True,William Ruthven SC,186455.9
T20220020042,2022-04-09,14:30:00,5,collision with some other object,0,Sunday,149,OTHER MANOEUVRING NOT INCLUDED IN DCAs 140-148,1,724572,1,0,0,1,0,1,2,5,Not at intersection,3,999,Local Road,BRIMBANK,-37.700394,144.76952,3037.0,True,William Ruthven SC,20545.6
T20240008600,2024-06-04,02:06:00,5,collision with some other object,7,Saturday,166,STRUCK OBJECT ON CARRIAGEWAY,4,105603,2,0,2,0,1,3,1,5,Not at intersection,2,110,Freeway,MELTON,-37.71352,144.63632,3335.0,True,William Ruthven SC,32312.6
T20240014653,2024-08-06,00:17:00,4,Collision with a fixed object,7,Saturday,179,OTHER ACCIDENTS-OFF STRAIGHT NOT INCLUDED IN DCAs 170-175,3,804930,1,0,0,1,0,1,1,5,Not at intersection,3,60,Local Road,DANDENONG,-37.95552,145.16092,3171.0,True,Preston HS,27344.0
T20240025797,2024-10-10,16:45:00,2,Struck Pedestrian,4,Thursday,102,FAR SIDE. PED HIT BY VEHICLE FROM THE LEFT,1,41655,1,0,0,2,0,2,2,2,T intersection,3,999,Arterial Other,MONASH,-37.87513,145.11038,3149.0,True,Preston HS,17391.2
T20210008268,2021-08-04,16:19:00,1,Collision with vehicle,4,Thursday,113,RIGHT NEAR (INTERSECTIONS ONLY),1,66029,3,0,0,1,2,3,1,2,T intersection,3,60,Local Road,YARRA RANGES,-37.8171,145.31677,3137.0,True,Reservoir HS,27366.1
T20240019859,2024-06-08,08:56:00,1,Collision with vehicle,2,Tuesday,148,VEHICLE OFF FOOTPATH STRIKES VEH ON CARRIAGEWAY,1,37956,2,0,0,1,1,2,1,2,T intersection,3,40,Local Road,DAREBIN,-37.771618,144.99855,3070.0,True,Preston HS,3410.6
T20250000705,2025-09-01,22:23:00,9,Other accident,4,Thursday,198,OTHER ACCIDENTS NOT CLASSIFIABLE ELSEWHERE,3,816108,2,0,0,1,1,2,1,1,Cross intersection,3,80,Arterial Other,HUME,-37.61702,144.9473,3064.0,True,William Ruthven SC,10110.3
T20240002962,2024-03-02,11:00:00,6,Vehicle overturned (no collision),7,Saturday,174,OUT OF CONTROL ON CARRIAGEWAY (ON STRAIGHT),1,797595,1,0,1,0,0,1,2,5,Not at intersection,2,777,Arterial Other,HUME,-37.577675,144.70248,3429.0,True,William Ruthven SC,29578.6
T20220007715,2022-06-04,05:30:00,1,Collision with vehicle,3,Wednesday,113,RIGHT NEAR (INTERSECTIONS ONLY),3,70260,2,0,0,1,1,2,2,2,T intersection,3,60,Arterial Other,BAYSIDE,-37.96674,145.01225,3193.0,True,Preston HS,25027.4
T20230005618,2023-07-03,20:20:00,1,Collision with vehicle,2,Tuesday,163,VEHICLE STRIKES DOOR OF PARKED/STATIONARY VEHICLE,2,139680,2,0,0,1,2,3,2,5,Not at intersection,3,40,,MELBOURNE,-37.811733,144.97177,3000.0,True,Preston HS,8383.6
T20220024210,2022-10-10,06:40:00,1,Collision with vehicle,1,Monday,111,RIGHT FAR (INTERSECTIONS ONLY),2,43448,2,0,0,1,1,2,2,1,Cross intersection,3,60,Local Road,FRANKSTON,-38.150986,145.11961,3199.0,True,Preston HS,46567.6
T20240031757,2024-11-12,09:45:00,1,Collision with vehicle,4,Wednesday,171,LEFT OFF CARRIAGEWAY INTO OBJECT/PARKED VEHICLE,1,813052,2,0,0,4,0,4,1,5,Not at intersection,3,50,Local Road,WYNDHAM,-37.901054,144.59705,3030.0,True,Preston HS,40139.8
T20240005498,2024-04-03,08:45:00,1,Collision with vehicle,2,Monday,147,VEHICLE STRIKES ANOTHER VEH WHILE EMERGING FROM DRIVEWAY,1,808217,2,0,0,1,2,3,2,5,Not at intersection,3,999,Local Road,DAREBIN,-37.709885,145.0081,3073.0,True,William Ruthven SC,1550.5
T20220015491,2022-05-07,13:00:00,6,Vehicle overturned (no collision),3,Tuesday,182,OFF CARRIAGEWAY ON LEFT BEND,1,782100,1,0,0,1,0,1,2,5,Not at intersection,3,100,Arterial Other,MURRINDINDI,-37.53344,145.71967,3779.0,True,Reservoir HS,64317.6
T20210005118,2021-08-03,19:16:00,6,Vehicle overturned (no collision),2,Monday,174,OUT OF CONTROL ON CARRIAGEWAY (ON STRAIGHT),3,677512,1,0,1,0,0,1,1,5,Not at intersection,2,60,Arterial Other,STONNINGTON,-37.853893,145.04765,3146.0,True,Preston HS,12974.1
T20240028679,2024-10-11,17:50:00,2,Struck Pedestrian,0,Sunday,100,PED NEAR SIDE. PED HIT BY VEHICLE FROM THE RIGHT.,1,813117,1,0,0,1,1,2,1,5,Not at intersection,3,100,Freeway,WYNDHAM,-37.89203,144.70988,3030.0,True,Preston HS,31000.9
T20210022478,2021-06-11,13:15:00,1,Collision with vehicle,6,Saturday,110,CROSS TRAFFIC(INTERSECTIONS ONLY),1,73819,2,0,0,1,1,2,2,1,Cross intersection,3,60,Local Road,WARRNAMBOOL,-38.375008,142.48228,3280.0,True,Preston HS,231991.9
T20240031228,2024-06-12,07:04:00,1,Collision with vehicle,5,Friday,121,RIGHT THROUGH,1,46837,2,0,1,0,1,2,1,2,T intersection,2,60,Arterial Other,STONNINGTON,-37.845947,144.98703,3181.0,True,Preston HS,11725.1
T20230005860,2023-11-03,12:45:00,1,Collision with vehicle,7,Saturday,148,VEHICLE OFF FOOTPATH STRIKES VEH ON CARRIAGEWAY,1,780741,2,0,1,0,1,2,1,5,Not at intersection,2,50,Arterial Other,GEELONG,-38.173347,144.71204,3223.0,True,Preston HS,54524.3
T20220000111,2022-01-01,21:00:00,2,Struck Pedestrian,7,Saturday,102,FAR SIDE. PED HIT BY VEHICLE FROM THE LEFT,2,326111,1,0,0,1,1,2,2,2,T intersection,3,70,Local Road,WYNDHAM,-37.847443,144.67892,3029.0,True,Preston HS,31141.5
T20230016041,2023-11-07,06:59:00,1,Collision with vehicle,2,Tuesday,121,RIGHT THROUGH,2,64153,2,0,1,0,1,2,1,2,T intersection,2,50,Local Road,MORELAND,-37.77418,144.9603,3056.0,True,Preston HS,5474.6
T20230002798,2023-04-02,12:00:00,1,Collision with vehicle,6,Saturday,163,VEHICLE STRIKES DOOR OF PARKED/STATIONARY VEHICLE,1,780287,2,0,0,1,2,3,2,5,Not at intersection,3,40,Local Road,GLEN EIRA,-37.884693,145.00395,3185.0,True,Preston HS,15902.5
T20210008081,2021-10-04,15:45:00,1,Collision with vehicle,7,Saturday,143,ENTERING PARKING,9,680829,2,0,1,0,1,2,2,2,T intersection,2,40,Arterial Other,MORELAND,-37.773804,144.96098,3056.0,True,Preston HS,5402.1
T20240003236,2024-08-02,21:00:00,1,Collision with vehicle,5,Thursday,121,RIGHT THROUGH,3,798023,2,0,0,1,1,2,2,2,T intersection,3,50,Local Road,DAREBIN,-37.76586,145.00505,3070.0,True,Preston HS,2692.5
T20220008102,2022-11-04,06:15:00,1,Collision with vehicle,2,Monday,130,REAR END(VEHICLES IN SAME LANE),2,774202,2,0,0,1,1,2,1,1,Cross intersection,3,60,Local Road,MORELAND,-37.700188,144.92407,3046.0,True,William Ruthven SC,6955.4
T20230028639,2023-04-12,09:25:00,1,Collision with vehicle,2,Monday,163,VEHICLE STRIKES DOOR OF PARKED/STATIONARY VEHICLE,9,141845,2,0,1,0,1,2,2,5,Not at intersection,2,40,Local Road,STONNINGTON,-37.848667,144.99385,3181.0,True,Preston HS,11951.0
T20250021014,2025-08-08,15:08:00,2,Struck Pedestrian,6,Friday,102,FAR SIDE. PED HIT BY VEHICLE FROM THE LEFT,1,824185,1,0,1,0,1,2,1,2,T intersection,2,70,Arterial Other,MANNINGHAM,-37.788677,145.15802,3109.0,True,Reservoir HS,13497.1
T20230015354,2023-03-07,08:45:00,1,Collision with vehicle,2,Monday,140,U TURN,2,776657,2,0,0,1,1,2,1,5,Not at intersection,3,40,Local Road,YARRA,-37.809204,144.99927,3067.0,True,Preston HS,7537.6
T20220000541,2022-10-01,09:20:00,1,Collision with vehicle,2,Monday,121,RIGHT THROUGH,1,701896,2,0,0,1,1,2,1,1,Cross intersection,3,50,Local Road,BENALLA,-36.549458,145.98393,3672.0,True,William Ruthven SC,154376.3
T20240002601,2024-02-02,12:40:00,1,Collision with vehicle,6,Friday,147,VEHICLE STRIKES ANOTHER VEH WHILE EMERGING FROM DRIVEWAY,1,798853,2,0,0,1,1,2,1,5,Not at intersection,3,60,Arterial Other,MANNINGHAM,-37.789593,145.12527,3108.0,True,Reservoir HS,11263.2
T20220023003,2022-12-10,17:05:00,1,Collision with vehicle,4,Wednesday,151,OUT OF CONTROL (OVERTAKING),2,786759,2,0,1,0,0,1,1,5,Not at intersection,2,40,Arterial Other,STONNINGTON,-37.85337,145.04335,3146.0,True,Preston HS,12819.1
T20210005059,2021-08-03,00:20:00,6,Vehicle overturned (no collision),1,Monday,174,OUT OF CONTROL ON CARRIAGEWAY (ON STRAIGHT),3,682439,1,0,0,1,0,1,1,5,Not at intersection,3,60,Local Road,BASS COAST,-38.45233,145.24248,3922.0,True,Preston HS,81658.7
T20230002778,2023-04-02,09:00:00,2,Struck Pedestrian,6,Saturday,100,PED NEAR SIDE. PED HIT BY VEHICLE FROM THE RIGHT.,1,757387,1,0,0,1,3,4,1,5,Not at intersection,3,50,Local Road,MORELAND,-37.707214,144.97081,3060.0,True,William Ruthven SC,3069.9
T20220019912,2022-02-09,17:53:00,1,Collision with vehicle,6,Friday,148,VEHICLE OFF FOOTPATH STRIKES VEH ON CARRIAGEWAY,2,38778,2,0,1,0,1,2,1,1,Cross intersection,2,50,Local Road,MARIBYRNONG,-37.814377,144.89717,3013.0,True,Preston HS,12595.7
T20230013184,2023-01-06,17:30:00,6,Vehicle overturned (no collision),5,Thursday,174,OUT OF CONTROL ON CARRIAGEWAY (ON STRAIGHT),9,52987,1,0,1,0,0,1,2,1,Cross intersection,2,999,Arterial Other,BALLARAT,-37.582397,143.86798,3350.0,True,William Ruthven SC,100741.8