ACCIDENT_NO,ACCIDENT_DATE,ACCIDENT_TIME,ACCIDENT_TYPE,ACCIDENT_TYPE_DESC,DAY_OF_WEEK,DAY_WEEK_DESC,DCA_CODE,DCA_DESC,LIGHT_CONDITION,NODE_ID,NO_OF_VEHICLES,NO_PERSONS_KILLED,NO_PERSONS_INJ_2,NO_PERSONS_INJ_3,NO_PERSONS_NOT_INJ,NO_PERSONS,POLICE_ATTEND,ROAD_GEOMETRY,ROAD_GEOMETRY_DESC,SEVERITY,SPEED_ZONE,RMA,LGA_NAME,LATITUDE,LONGITUDE,POSTCODE_CRASH,PED_OR_CYC,nearest_school,dist_to_gate_m
T20230024595,2023-02-10,11:30:00,1,Collision with vehicle,1,Monday,133,LANE SIDE SWIPE (VEHICLES IN PARALLEL LANES),9,783660,2,0,0,1,1,2,2,5,Not at intersection,3,40,Local Road,MORELAND,-37.766716,144.97408,3057.0,True,Preston HS,4020.6
T20210018981,2021-09-09,17:52:00,1,Collision with vehicle,5,Thursday,129,OTHER OPPOSING MANOEUVRES NOT INCLUDED IN DCAs 120-125.,2,46002,2,0,0,1,2,3,2,4,Multiple intersection,3,999,Local Road,PORT PHILLIP,-37.841408,144.93448,3207.0,True,Preston HS,12792.3
T20220009885,2022-03-05,08:45:00,1,Collision with vehicle,3,Tuesday,160,VEHICLE COLLIDES WITH VEHICLE PARKED ON LEFT OF ROAD,1,711846,2,0,1,0,0,1,1,5,Not at intersection,2,50,Local Road,GEELONG,-38.27542,144.49283,3227.0,True,Preston HS,74512.4
T20220028294,2022-02-12,23:00:00,1,Collision with vehicle,5,Friday,130,REAR END(VEHICLES IN SAME LANE),6,741287,2,0,0,1,2,3,2,1,Cross intersection,3,70,Arterial Other,BRIMBANK,-37.752552,144.77795,3023.0,True,Preston HS,20183.9
T20230021281,2023-06-09,08:00:00,1,Collision with vehicle,3,Wednesday,121,RIGHT THROUGH,1,706190,2,0,0,1,1,2,2,2,T intersection,3,60,Local Road,GLEN EIRA,-37.86914,145.00888,3183.0,True,Preston HS,14171.5
T20220012987,2022-08-06,14:00:00,1,Collision with vehicle,4,Wednesday,160,VEHICLE COLLIDES WITH VEHICLE PARKED ON LEFT OF ROAD,1,714629,2,0,0,1,0,1,1,5,Not at intersection,3,40,Local Road,GLEN EIRA,-37.884743,145.0043,3185.0,True,Preston HS,15907.6
T20250000311,2025-05-01,07:58:00,1,Collision with vehicle,1,Sunday,160,VEHICLE COLLIDES WITH VEHICLE PARKED ON LEFT OF ROAD,1,30478,2,0,0,1,1,2,1,2,T intersection,3,50,Local Road,NILLUMBIK,-37.725574,145.15427,3095.0,True,Reservoir HS,10988.2
T20250017770,2025-04-07,13:07:00,1,Collision with vehicle,6,Friday,160,VEHICLE COLLIDES WITH VEHICLE PARKED ON LEFT OF ROAD,1,819981,2,0,1,0,0,1,1,2,T intersection,2,50,Local Road,GLEN EIRA,-37.87978,145.0349,3161.0,True,Preston HS,15546.8
T20250021299,2025-11-08,19:55:00,6,Vehicle overturned (no collision),2,Monday,175,OFF END OF ROAD/T-INTERSECTION.,3,38541,1,0,1,0,0,1,1,2,T intersection,2,60,Arterial Other,HOBSONS BAY,-37.827343,144.82898,3025.0,True,Preston HS,18322.4
T20220022442,2022-05-10,13:55:00,2,Struck Pedestrian,4,Wednesday,100,PED NEAR SIDE. PED HIT BY VEHICLE FROM THE RIGHT.,1,786266,1,0,1,0,1,2,1,1,Cross intersection,2,60,Arterial Other,GEELONG,-38.08378,144.35768,3214.0,True,Preston HS,68502.4
T20240012010,2024-11-05,21:34:00,1,Collision with vehicle,6,Saturday,149,OTHER MANOEUVRING NOT INCLUDED IN DCAs 140-148,5,803293,3,0,0,1,3,4,1,5,Not at intersection,3,60,Local Road,BENDIGO,-36.722176,144.2839,3556.0,True,William Ruthven SC,125672.6
T20220022805,2022-10-10,16:30:00,6,Vehicle overturned (no collision),1,Monday,179,OTHER ACCIDENTS-OFF STRAIGHT NOT INCLUDED IN DCAs 170-175,1,71832,2,0,0,1,1,2,2,2,T intersection,3,80,Arterial Other,BAW BAW,-38.132065,145.93094,3820.0,True,Reservoir HS,91255.6
T20250015043,2025-04-06,16:00:00,6,Vehicle overturned (no collision),3,Wednesday,170,OFF CARRIAGEWAY TO LEFT,1,819479,1,0,0,1,0,1,2,5,Not at intersection,3,999,Local Road,MANSFIELD,-36.92422,146.14645,3723.0,True,William Ruthven SC,132670.2
T20250005718,2025-03-03,08:33:00,1,Collision with vehicle,2,Monday,113,RIGHT NEAR (INTERSECTIONS ONLY),1,244728,2,0,0,1,1,2,1,2,T intersection,3,80,Arterial Other,BRIMBANK,-37.698654,144.78769,3038.0,True,William Ruthven SC,18944.2
T20210025499,2021-08-12,21:30:00,1,Collision with vehicle,4,Wednesday,130,REAR END(VEHICLES IN SAME LANE),6,731266,2,0,1,0,0,1,2,5,Not at intersection,2,60,Arterial Other,MONASH,-37.91711,145.12128,3168.0,True,Preston HS,21931.6
T20220004832,2022-04-03,11:06:00,4,Collision with a fixed object,6,Friday,171,LEFT OFF CARRIAGEWAY INTO OBJECT/PARKED VEHICLE,1,775926,1,0,1,0,1,2,1,5,Not at intersection,2,50,Local Road,HUME,-37.673416,144.92065,3047.0,True,William Ruthven SC,7688.4
T20250014913,2025-03-06,19:38:00,2,Struck Pedestrian,2,Tuesday,109,ANY MANOEUVRE INVOLVING PED NOT INCLUDED IN DCAs 100-108.,3,819336,1,0,1,0,1,2,1,5,Not at intersection,2,40,Arterial Other,MELBOURNE,-37.81624,144.98389,3002.0,True,Preston HS,8535.8
T20240002502,2024-01-02,12:50:00,1,Collision with vehicle,4,Thursday,160,VEHICLE COLLIDES WITH VEHICLE PARKED ON LEFT OF ROAD,1,800003,2,0,0,1,0,1,1,5,Not at intersection,3,50,Local Road,STONNINGTON,-37.853104,145.03987,3144.0,True,Preston HS,12717.8
T20210010352,2021-08-05,09:50:00,1,Collision with vehicle,7,Saturday,110,CROSS TRAFFIC(INTERSECTIONS ONLY),1,37366,2,0,1,0,1,2,1,1,Cross intersection,2,50,Local Road,BOROONDARA,-37.809338,145.01955,3101.0,True,Preston HS,7600.2
T20230024940,2023-01-10,11:00:00,1,Collision with vehicle,1,Sunday,152,PULLING OUT (OVERTAKING),1,791691,2,0,0,1,1,2,2,5,Not at intersection,3,80,Arterial Other,CARDINIA,-37.891346,145.5247,3781.0,True,Reservoir HS,47395.5
T20220022875,2022-11-10,12:00:00,1,Collision with vehicle,3,Tuesday,146,REVERSING INTO FIXED OBJECT/PARKED VEHICLE,1,731154,3,0,0,1,1,2,1,5,Not at intersection,3,50,Local Road,LATROBE,-38.314434,146.41609,3842.0,True,Reservoir HS,138164.1
T20240004270,2024-05-02,08:45:00,6,Vehicle overturned (no collision),2,Monday,179,OTHER ACCIDENTS-OFF STRAIGHT NOT INCLUDED IN DCAs 170-175,1,798767,1,0,0,1,0,1,2,1,Cross intersection,3,40,Local Road,MELBOURNE,-37.795048,144.91992,3031.0,True,Preston HS,9690.8
T20210017884,2021-11-07,10:00:00,8,No collision and no object struck,1,Sunday,174,OUT OF CONTROL ON CARRIAGEWAY (ON STRAIGHT),9,690834,1,0,0,1,0,1,2,5,Not at intersection,3,777,Local Road,MITCHELL,-37.3746,145.10484,3658.0,True,William Ruthven SC,36907.4
T20250004588,2025-08-01,23:15:00,6,Vehicle overturned (no collision),3,Wednesday,174,OUT OF CONTROL ON CARRIAGEWAY (ON STRAIGHT),9,823020,1,0,0,1,0,1,2,2,T intersection,3,50,Local Road,WYNDHAM,-37.86173,144.72893,3029.0,True,Preston HS,27846.7
T20210015405,2021-12-07,17:00:00,1,Collision with vehicle,2,Monday,121,RIGHT THROUGH,1,50277,2,0,1,0,1,2,2,1,Cross intersection,2,60,Arterial Other,GEELONG,-38.25756,144.53558,3226.0,True,Preston HS,70691.4
T20210023703,2021-09-11,15:15:00,1,Collision with vehicle,2,Tuesday,137,LEFT TURN SIDESWIPE,1,29465,2,0,0,1,2,3,2,2,T intersection,3,60,Arterial Other,MELBOURNE,-37.84405,144.9784,3004.0,True,Preston HS,11656.9
T20240011218,2024-03-05,18:20:00,1,Collision with vehicle,5,Friday,130,REAR END(VEHICLES IN SAME LANE),3,45410,2,0,0,1,1,2,1,1,Cross intersection,3,60,Arterial Other,MOONEE VALLEY,-37.7581,144.92645,3040.0,True,Preston HS,7321.6
T20230021064,2023-08-09,18:45:00,2,Struck Pedestrian,5,Friday,100,PED NEAR SIDE. PED HIT BY VEHICLE FROM THE RIGHT.,3,792205,1,0,1,0,1,2,1,5,Not at intersection,2,60,Arterial Other,WHITEHORSE,-37.82929,145.12172,3128.0,True,Preston HS,14011.3
T20210005468,2021-08-03,14:00:00,6,Vehicle overturned (no collision),2,Monday,184,OUT OF CONTROL ON CARRIAGEWAY (ON BEND),9,679405,1,0,0,1,0,1,2,5,Not at intersection,3,80,Freeway,NILLUMBIK,-37.693542,145.09322,3088.0,True,Reservoir HS,6466.6
T20210022540,2021-08-11,09:45:00,2,Struck Pedestrian,2,Monday,100,PED NEAR SIDE. PED HIT BY VEHICLE FROM THE RIGHT.,1,696702,1,0,0,1,1,2,1,5,Not at intersection,3,60,Arterial Highway,STONNINGTON,-37.847397,144.98473,3181.0,True,Preston HS,11916.2
T20240000735,2024-01-01,18:00:00,4,Collision with a fixed object,2,Monday,183,OFF LEFT BEND INTO OBJECT/PARKED VEHICLE,1,803716,1,0,0,1,0,1,2,5,Not at intersection,3,60,Local Road,GANNAWARRA,-35.85919,144.33772,3567.0,True,William Ruthven SC,212720.4
T20210002727,2021-06-02,10:30:00,6,Vehicle overturned (no collision),7,Saturday,174,OUT OF CONTROL ON CARRIAGEWAY (ON STRAIGHT),1,675156,1,0,0,1,0,1,2,5,Not at intersection,3,50,Local Road,NILLUMBIK,-37.66027,145.29187,3775.0,True,Reservoir HS,24106.0
T20230011036,2023-11-05,17:00:00,1,Collision with vehicle,5,Thursday,133,LANE SIDE SWIPE (VEHICLES IN PARALLEL LANES),1,270441,2,0,0,1,1,2,2,2,T intersection,3,40,Local Road,MELBOURNE,-37.812363,144.95428,3003.0,True,Preston HS,9126.3
T20230013073,2023-01-06,10:20:00,2,Struck Pedestrian,4,Thursday,106,VEH STRIKES PED ON FOOTPATH/MEDIAN/TRAFFIC ISLAND.,1,40362,1,0,0,1,1,2,2,2,T intersection,3,60,Local Road,BOROONDARA,-37.83517,145.0427,3122.0,True,Preston HS,10854.0
T20240019902,2024-06-08,16:00:00,1,Collision with vehicle,2,Tuesday,130,REAR END(VEHICLES IN SAME LANE),1,809520,2,0,0,1,1,2,1,5,Not at intersection,3,80,Arterial Other,HUME,-37.641376,144.93498,3062.0,True,William Ruthven SC,8570.8
T20230023823,2023-09-10,13:50:00,2,Struck Pedestrian,1,Monday,107,PED ON FOOTHPATH STRUCK BY VEHENTERING/LEAVING DRIVEWAY.,1,801346,1,0,0,1,1,2,2,5,Not at intersection,3,60,Arterial Other,MARIBYRNONG,-37.79103,144.88911,3011.0,True,Preston HS,11732.7
T20240028260,2024-06-11,18:50:00,4,Collision with a fixed object,4,Wednesday,189,OTHER ACCIDENTS ON CURVE NOT INCLUDED IN DCAs 180-184,1,814422,1,0,1,0,0,1,1,2,T intersection,2,60,Local Road,LATROBE,-38.315674,146.42766,3842.0,True,Reservoir HS,139120.4
T20230025384,2023-06-10,23:00:00,1,Collision with vehicle,6,Friday,160,VEHICLE COLLIDES WITH VEHICLE PARKED ON LEFT OF ROAD,6,795566,2,0,0,1,2,3,2,5,Not at intersection,3,60,Local Road,GEELONG,-38.16249,144.55443,3222.0,True,Preston HS,61356.0
T20250006441,2025-09-03,16:39:00,1,Collision with vehicle,1,Sunday,121,RIGHT THROUGH,1,57700,2,0,1,0,1,2,1,1,Cross intersection,2,70,Arterial Highway,WARRNAMBOOL,-38.38468,142.533,3280.0,True,Preston HS,228086.3
T20230017999,2023-02-08,14:29:00,1,Collision with vehicle,3,Wednesday,113,RIGHT NEAR (INTERSECTIONS ONLY),1,66437,2,0,1,0,1,2,1,2,T intersection,2,60,Local Road,MAROONDAH,-37.827755,145.21335,3134.0,True,Reservoir HS,19965.7
T20220002523,2022-06-02,09:02:00,3,Struck animal,0,Sunday,167,STRUCK ANIMAL,1,706838,1,0,0,1,0,1,1,5,Not at intersection,3,60,Local Road,NILLUMBIK,-37.6063,145.30257,3761.0,True,Reservoir HS,27291.5
T20240008594,2024-05-04,21:30:00,4,Collision with a fixed object,6,Friday,171,LEFT OFF CARRIAGEWAY INTO OBJECT/PARKED VEHICLE,3,805441,1,0,0,1,0,1,1,5,Not at intersection,3,70,Arterial Highway,STONNINGTON,-37.85698,144.99127,3181.0,True,Preston HS,12893.8
T20250018325,2025-09-07,16:46:00,6,Vehicle overturned (no collision),3,Wednesday,179,OTHER ACCIDENTS-OFF STRAIGHT NOT INCLUDED IN DCAs 170-175,1,821182,1,0,0,1,0,1,1,5,Not at intersection,3,60,Arterial Other,NILLUMBIK,-37.705196,145.15273,3095.0,True,Reservoir HS,11015.9
T20250022554,2025-12-07,11:00:00,8,No collision and no object struck,6,Saturday,174,OUT OF CONTROL ON CARRIAGEWAY (ON STRAIGHT),1,821642,1,0,0,1,0,1,2,5,Not at intersection,3,40,Local Road,STRATHBOGIE,-36.90981,145.81976,3666.0,True,William Ruthven SC,113452.7
T20240022522,2024-04-09,16:24:00,2,Struck Pedestrian,4,Wednesday,100,PED NEAR SIDE. PED HIT BY VEHICLE FROM THE RIGHT.,1,809108,1,0,1,0,1,2,1,5,Not at intersection,2,40,Arterial Highway,KINGSTON,-38.052723,145.11613,3196.0,True,Preston HS,35883.0
T20210019081,2021-08-09,06:15:00,1,Collision with vehicle,3,Wednesday,136,RIGHT TURN SIDESWIPE,1,694594,2,0,0,1,1,2,2,4,Multiple intersection,3,60,Arterial Other,MELBOURNE,-37.805454,144.94313,3003.0,True,Preston HS,9048.1
T20250012138,2025-07-05,12:36:00,2,Struck Pedestrian,3,Wednesday,102,FAR SIDE. PED HIT BY VEHICLE FROM THE LEFT,1,50798,1,0,0,1,1,2,1,1,Cross intersection,3,60,Arterial Other,MOIRA,-35.919285,145.63953,3644.0,True,William Ruthven SC,205584.8
T20220007611,2022-04-04,15:30:00,1,Collision with vehicle,1,Monday,137,LEFT TURN SIDESWIPE,9,36066,2,0,0,1,1,2,2,1,Cross intersection,3,999,Arterial Highway,MELBOURNE,-37.789173,144.94002,3051.0,True,Preston HS,7914.2
T20230002583,2023-01-02,16:30:00,8,No collision and no object struck,4,Wednesday,174,OUT OF CONTROL ON CARRIAGEWAY (ON STRAIGHT),1,341778,2,0,0,1,1,2,2,1,Cross intersection,3,40,Local Road,YARRA,-37.79989,144.9782,3065.0,True,Preston HS,6951.2
T20220000098,2022-02-01,14:15:00,1,Collision with vehicle,0,Sunday,121,RIGHT THROUGH,9,45572,2,0,0,1,1,2,2,2,T intersection,3,999,,MORELAND,-37.759315,144.95032,3056.0,True,Preston HS,5362.6
T20230016036,2023-11-07,06:52:00,1,Collision with vehicle,3,Tuesday,160,VEHICLE COLLIDES WITH VEHICLE PARKED ON LEFT OF ROAD,2,778033,2,0,0,1,0,1,1,5,Not at intersection,3,60,Arterial Other,BAYSIDE,-37.954533,145.00595,3191.0,True,Preston HS,23666.2
T20250021092,2025-09-08,15:50:00,3,Struck animal,7,Saturday,167,STRUCK ANIMAL,1,821943,1,0,1,0,0,1,1,5,Not at intersection,2,100,Local Road,CORANGAMITE,-38.491528,143.30101,3266.0,True,Preston HS,170959.3
T20230029307,2023-11-12,13:12:00,2,Struck Pedestrian,2,Monday,102,FAR SIDE. PED HIT BY VEHICLE FROM THE LEFT,1,90893,1,0,1,0,1,2,1,5,Not at intersection,2,40,Arterial Other,PORT PHILLIP,-37.868423,144.9908,3183.0,True,Preston HS,14163.5
T20230027515,2023-12-11,09:00:00,6,Vehicle overturned (no collision),1,Sunday,174,OUT OF CONTROL ON CARRIAGEWAY (ON STRAIGHT),1,45778,1,0,0,1,0,1,2,4,Multiple intersection,3,60,Arterial Other,YARRA RANGES,-37.93039,145.35988,3160.0,True,Reservoir HS,37113.1
T20240011641,2024-08-05,01:21:00,4,Collision with a fixed object,4,Wednesday,171,LEFT OFF CARRIAGEWAY INTO OBJECT/PARKED VEHICLE,3,806936,1,0,1,0,0,1,1,5,Not at intersection,2,60,Arterial Highway,MELBOURNE,-37.82136,144.97281,3004.0,True,Preston HS,9356.4
T20220017135,2022-01-08,08:00:00,1,Collision with vehicle,1,Monday,116,LEFT NEAR (INTERSECTIONS ONLY),1,37556,2,0,1,0,1,2,1,1,Cross intersection,2,40,Local Road,PORT PHILLIP,-37.83229,144.96306,3205.0,True,Preston HS,10791.0
T20210000559,2021-09-01,14:15:00,1,Collision with vehicle,7,Saturday,130,REAR END(VEHICLES IN SAME LANE),1,672398,2,0,1,0,1,2,1,5,Not at intersection,2,60,Arterial Other,BAYSIDE,-37.963036,145.01195,3193.0,True,Preston HS,24615.1
T20230013667,2023-12-06,16:18:00,2,Struck Pedestrian,2,Monday,100,PED NEAR SIDE. PED HIT BY VEHICLE FROM THE RIGHT.,2,43129,1,0,0,1,1,2,1,1,Cross intersection,3,80,Local Road,CASEY,-37.995087,145.23802,3177.0,True,Preston HS,34709.2
T20240012075,2024-12-05,14:45:00,1,Collision with vehicle,1,Sunday,148,VEHICLE OFF FOOTPATH STRIKES VEH ON CARRIAGEWAY,1,803683,2,0,1,0,1,2,2,1,Cross intersection,2,888,Local Road,YARRA,-37.78349,144.98555,3068.0,True,Preston HS,5018.1
T20220005032,2022-06-03,13:55:00,1,Collision with vehicle,0,Sunday,120,HEAD ON (NOT OVERTAKING),1,731427,2,0,0,1,1,2,1,5,Not at intersection,3,70,Arterial Other,GEELONG,-38.058964,144.35843,3212.0,True,Preston HS,66961.8
T20250009530,2025-09-04,07:05:00,1,Collision with vehicle,4,Wednesday,152,PULLING OUT (OVERTAKING),1,819695,2,0,0,1,1,2,2,2,T intersection,3,60,Arterial Highway,BENDIGO,-36.498394,144.61119,3558.0,True,William Ruthven SC,137684.4
T20230024080,2023-08-10,13:15:00,7,Fall from or in moving vehicle,0,Sunday,190,FELL IN/FROM VEHICLE,1,68708,1,0,0,1,0,1,2,2,T intersection,3,60,Local Road,YARRA RANGES,-37.892075,145.39087,3792.0,True,Reservoir HS,36937.9
T20250000716,2025-06-01,15:00:00,4,Collision with a fixed object,2,Monday,171,LEFT OFF CARRIAGEWAY INTO OBJECT/PARKED VEHICLE,1,815680,1,0,1,0,0,1,2,5,Not at intersection,2,100,Local Road,GOLDEN PLAINS,-37.731907,143.74971,3352.0,True,William Ruthven SC,110311.8
T20250003715,2025-11-02,16:22:00,8,No collision and no object struck,2,Tuesday,174,OUT OF CONTROL ON CARRIAGEWAY (ON STRAIGHT),1,714798,1,0,0,1,0,1,2,5,Not at intersection,3,40,Arterial Other,MORELAND,-37.77342,144.96104,3056.0,True,Preston HS,5370.0
T20220009753,2022-01-05,18:08:00,2,Struck Pedestrian,1,Sunday,102,FAR SIDE. PED HIT BY VEHICLE FROM THE LEFT,3,29783,1,0,1,0,1,2,1,2,T intersection,2,60,Arterial Other,DAREBIN,-37.70884,145.00894,3073.0,True,William Ruthven SC,1464.4
T20240019800,2024-03-08,19:29:00,2,Struck Pedestrian,6,Saturday,109,ANY MANOEUVRE INVOLVING PED NOT INCLUDED IN DCAs 100-108.,6,808171,1,0,0,1,1,2,2,5,Not at intersection,3,50,Local Road,CARDINIA,-38.061245,145.44061,3810.0,True,Preston HS,52050.5
T20230007851,2023-03-04,13:48:00,2,Struck Pedestrian,2,Monday,101,PED EMERGES FROM IN FRONT OF PARKED OR STATIONARY VEHICLE,9,765898,1,0,1,0,1,2,1,5,Not at intersection,2,60,Arterial Other,MORELAND,-37.73285,144.9531,3058.0,True,Preston HS,4849.4
T20240005771,2024-07-03,07:44:00,2,Struck Pedestrian,4,Thursday,103,PED PLAYING/LYING/WORKING/STANDING ON CARRIAGEWAY.,1,802312,1,0,0,1,1,2,1,5,Not at intersection,3,50,Local Road,HOBSONS BAY,-37.876328,144.78723,3028.0,True,Preston HS,24437.6
T20230002627,2023-02-02,12:10:00,2,Struck Pedestrian,5,Thursday,103,PED PLAYING/LYING/WORKING/STANDING ON CARRIAGEWAY.,1,752558,1,0,0,1,1,2,1,5,Not at intersection,3,40,Arterial Other,EAST GIPPSLAND,-37.97898,147.45685,3875.0,True,Reservoir HS,215026.9
T20210002905,2021-08-02,15:00:00,1,Collision with vehicle,2,Monday,121,RIGHT THROUGH,1,676128,2,0,1,1,0,2,1,5,Not at intersection,2,40,Local Road,WYNDHAM,-37.898514,144.61505,3024.0,True,Preston HS,38599.5
T20230015542,2023-05-07,10:40:00,4,Collision with a fixed object,4,Wednesday,149,OTHER MANOEUVRING NOT INCLUDED IN DCAs 140-148,1,776785,1,0,0,1,1,2,1,2,T intersection,3,50,Local Road,WHITTLESEA,-37.673622,145.01729,3075.0,True,William Ruthven SC,2842.1
T20240031259,2024-02-12,16:00:00,5,collision with some other object,2,Monday,166,STRUCK OBJECT ON CARRIAGEWAY,1,766678,1,0,0,1,0,1,2,5,Not at intersection,3,999,,WELLINGTON,-38.422745,146.94649,3851.0,True,Reservoir HS,184997.8
T20240011948,2024-10-05,21:45:00,2,Struck Pedestrian,6,Friday,102,FAR SIDE. PED HIT BY VEHICLE FROM THE LEFT,3,804277,1,1,0,0,1,2,1,5,Not at intersection,1,60,Arterial Other,HUME,-37.681656,144.90878,3047.0,True,William Ruthven SC,8453.4
T20240011514,2024-06-05,17:54:00,1,Collision with vehicle,2,Monday,113,RIGHT NEAR (INTERSECTIONS ONLY),1,804138,2,0,1,0,1,2,1,2,T intersection,2,50,Local Road,HUME,-37.6069,144.90657,3064.0,True,William Ruthven SC,13092.2
T20220017743,2022-08-08,14:32:00,2,Struck Pedestrian,1,Monday,101,PED EMERGES FROM IN FRONT OF PARKED OR STATIONARY VEHICLE,1,808317,1,0,1,0,1,2,1,5,Not at intersection,2,60,Arterial Other,BALLARAT,-37.5343,143.82315,3355.0,True,William Ruthven SC,105474.2
T20220012820,2022-06-06,12:28:00,1,Collision with vehicle,1,Monday,130,REAR END(VEHICLES IN SAME LANE),1,315985,2,0,0,1,1,2,1,1,Cross intersection,3,60,Local Road,MELTON,-37.706238,144.60191,3338.0,True,William Ruthven SC,35302.8
T20230025928,2023-05-11,15:50:00,1,Collision with vehicle,1,Sunday,130,REAR END(VEHICLES IN SAME LANE),1,788950,2,0,1,0,1,2,1,2,T intersection,2,60,Arterial Other,BOROONDARA,-37.802544,145.04259,3101.0,True,Preston HS,7450.0
T20250003548,2025-10-02,12:57:00,8,No collision and no object struck,2,Monday,151,OUT OF CONTROL (OVERTAKING),1,49813,1,0,0,1,0,1,1,2,T intersection,3,60,Local Road,GEELONG,-38.12254,144.34764,3215.0,True,Preston HS,71682.6
T20240011488,2024-06-05,15:10:00,1,Collision with vehicle,1,Monday,121,RIGHT THROUGH,1,38468,2,0,0,1,1,2,1,1,Cross intersection,3,50,Arterial Highway,YARRA RANGES,-37.756092,145.34319,3140.0,True,Reservoir HS,27845.8
T20240014418,2024-05-06,21:12:00,4,Collision with a fixed object,4,Wednesday,171,LEFT OFF CARRIAGEWAY INTO OBJECT/PARKED VEHICLE,3,804749,1,1,0,0,0,1,1,2,T intersection,1,80,Arterial Highway,KINGSTON,-37.948376,145.04547,3190.0,True,Preston HS,23227.0
T20230010477,2023-04-05,09:30:00,2,Struck Pedestrian,5,Thursday,100,PED NEAR SIDE. PED HIT BY VEHICLE FROM THE RIGHT.,1,791640,1,0,0,1,1,2,2,1,Cross intersection,3,40,Arterial Other,BOROONDARA,-37.800766,145.06253,3102.0,True,Preston HS,8177.6
T20210002709,2021-06-02,13:40:00,1,Collision with vehicle,7,Saturday,121,RIGHT THROUGH,1,359958,2,0,0,1,2,3,1,2,T intersection,3,50,Local Road,SURF COAST,-38.32705,144.32654,3228.0,True,Preston HS,88255.6
T20240024807,2024-01-10,17:38:00,1,Collision with vehicle,3,Tuesday,116,LEFT NEAR (INTERSECTIONS ONLY),1,37670,2,0,0,1,1,2,2,2,T intersection,3,999,Local Road,WHITTLESEA,-37.682236,145.01445,3074.0,True,William Ruthven SC,1883.3
T20230020924,2023-07-09,08:33:00,2,Struck Pedestrian,5,Thursday,102,FAR SIDE. PED HIT BY VEHICLE FROM THE LEFT,1,337564,1,0,1,0,1,2,1,1,Cross intersection,2,40,Arterial Other,WYNDHAM,-37.837124,144.71951,3029.0,True,Preston HS,27408.8
T20240028552,2024-02-11,11:15:00,1,Collision with vehicle,6,Saturday,130,REAR END(VEHICLES IN SAME LANE),1,225814,2,0,0,2,1,3,1,2,T intersection,3,50,Arterial Other,YARRA RANGES,-37.65967,145.375,3775.0,True,Reservoir HS,31199.3
T20210010445,2021-06-05,08:20:00,1,Collision with vehicle,5,Thursday,121,RIGHT THROUGH,1,36258,2,0,0,1,0,1,2,1,Cross intersection,3,40,Local Road,MELBOURNE,-37.804394,144.96178,3053.0,True,Preston HS,8029.0
T20220010319,2022-08-05,09:45:00,1,Collision with vehicle,0,Sunday,110,CROSS TRAFFIC(INTERSECTIONS ONLY),1,50517,2,0,0,1,1,2,2,1,Cross intersection,3,50,Local Road,SOUTHERN GRAMPIANS,-37.742725,142.02522,3300.0,True,William Ruthven SC,261954.2
T20230028671,2023-05-12,07:36:00,1,Collision with vehicle,3,Tuesday,148,VEHICLE OFF FOOTPATH STRIKES VEH ON CARRIAGEWAY,1,291975,2,0,1,0,1,2,1,2,T intersection,2,50,Local Road,DAREBIN,-37.71493,145.00899,3073.0,True,Reservoir HS,1978.1
T20240017544,2024-11-07,18:08:00,1,Collision with vehicle,5,Thursday,121,RIGHT THROUGH,3,8056,2,0,2,0,4,6,1,1,Cross intersection,2,40,,STONNINGTON,-37.862373,145.02834,3144.0,True,Preston HS,13547.4
T20220002963,2022-08-02,22:00:00,1,Collision with vehicle,3,Tuesday,120,HEAD ON (NOT OVERTAKING),6,706849,2,0,1,0,1,2,2,5,Not at intersection,2,999,Arterial Other,MELBOURNE,-37.792187,144.96317,3054.0,True,Preston HS,6813.7
T20220025394,2022-10-11,14:41:00,1,Collision with vehicle,5,Thursday,113,RIGHT NEAR (INTERSECTIONS ONLY),1,734689,2,0,0,1,1,2,1,2,T intersection,3,50,Local Road,BENDIGO,-36.73776,144.26147,3550.0,True,William Ruthven SC,125208.4
T20230010829,2023-09-05,08:42:00,2,Struck Pedestrian,2,Tuesday,102,FAR SIDE. PED HIT BY VEHICLE FROM THE LEFT,1,788337,1,0,1,0,1,2,1,1,Cross intersection,2,60,Arterial Other,STONNINGTON,-37.851624,145.03003,3144.0,True,Preston HS,12387.9
T20230003285,2023-10-02,15:40:00,2,Struck Pedestrian,6,Friday,100,PED NEAR SIDE. PED HIT BY VEHICLE FROM THE RIGHT.,1,39235,1,0,0,1,1,2,1,2,T intersection,3,60,Arterial Other,WHITEHORSE,-37.82625,145.09993,3127.0,True,Preston HS,12447.5
T20230019250,2023-05-08,02:00:00,6,Vehicle overturned (no collision),6,Saturday,179,OTHER ACCIDENTS-OFF STRAIGHT NOT INCLUDED IN DCAs 170-175,6,782051,1,0,0,1,0,1,2,5,Not at intersection,3,50,Local Road,MOONEE VALLEY,-37.747234,144.88228,3042.0,True,Preston HS,10992.3