ACCIDENT_NO,ACCIDENT_DATE,ACCIDENT_TIME,ACCIDENT_TYPE,ACCIDENT_TYPE_DESC,DAY_OF_WEEK,DAY_WEEK_DESC,DCA_CODE,DCA_DESC,LIGHT_CONDITION,NODE_ID,NO_OF_VEHICLES,NO_PERSONS_KILLED,NO_PERSONS_INJ_2,NO_PERSONS_INJ_3,NO_PERSONS_NOT_INJ,NO_PERSONS,POLICE_ATTEND,ROAD_GEOMETRY,ROAD_GEOMETRY_DESC,SEVERITY,SPEED_ZONE,RMA,LGA_NAME,LATITUDE,LONGITUDE,POSTCODE_CRASH,PED_OR_CYC,nearest_school,dist_to_gate_m
T20210003784,2021-07-02,21:00:00,8,No collision and no object struck,1,Sunday,174,OUT OF CONTROL ON CARRIAGEWAY (ON STRAIGHT),3,676052,1,0,1,0,0,1,2,5,Not at intersection,2,777,Local Road,PORT PHILLIP,-37.842308,144.96191,3206.0,True,Preston HS,11870.9
T20250009865,2025-12-04,10:20:00,8,No collision and no object struck,7,Saturday,184,OUT OF CONTROL ON CARRIAGEWAY (ON BEND),9,67767,1,0,0,1,0,1,2,2,T intersection,3,999,Arterial Other,PORT PHILLIP,-37.864326,144.97218,3182.0,True,Preston HS,13976.3
T20230000483,2023-08-01,10:30:00,1,Collision with vehicle,0,Sunday,121,RIGHT THROUGH,1,359918,2,0,1,0,1,2,1,2,T intersection,2,80,Arterial Other,GEELONG,-38.175537,144.46716,3224.0,True,Preston HS,67586.7
T20250009880,2025-12-04,11:06:00,1,Collision with vehicle,6,Saturday,130,REAR END(VEHICLES IN SAME LANE),1,817324,2,0,1,0,1,2,1,5,Not at intersection,2,80,Arterial Highway,GEELONG,-38.177162,144.41519,3224.0,True,Preston HS,70975.3
T20240028711,2024-11-11,09:00:00,1,Collision with vehicle,2,Monday,130,REAR END(VEHICLES IN SAME LANE),1,810765,2,0,0,1,1,2,1,5,Not at intersection,3,80,Freeway,WYNDHAM,-37.84142,144.79156,3026.0,True,Preston HS,21946.9
T20230011257,2023-12-05,15:50:00,1,Collision with vehicle,6,Friday,113,RIGHT NEAR (INTERSECTIONS ONLY),1,750715,2,0,0,1,1,2,1,2,T intersection,3,70,Local Road,WYNDHAM,-37.844902,144.65337,3029.0,True,Preston HS,33132.7
T20210011479,2021-08-05,07:50:00,1,Collision with vehicle,7,Saturday,147,VEHICLE STRIKES ANOTHER VEH WHILE EMERGING FROM DRIVEWAY,1,684971,2,0,0,1,1,2,1,5,Not at intersection,3,60,Local Road,CASEY,-38.065186,145.29836,3805.0,True,Preston HS,44123.4
T20240000812,2024-11-01,20:40:00,6,Vehicle overturned (no collision),5,Thursday,174,OUT OF CONTROL ON CARRIAGEWAY (ON STRAIGHT),2,797992,1,0,1,0,0,1,1,5,Not at intersection,2,110,Freeway,MOORABOOL,-37.663662,144.42511,3340.0,True,William Ruthven SC,50986.7
T20250010845,2025-03-02,12:15:00,1,Collision with vehicle,1,Monday,159,OTHER OVERTAKING MANOEUVRES NOT INCLUDED IN DCAs 150-154,1,193978,2,0,0,1,1,2,2,5,Not at intersection,3,80,Freeway,MELBOURNE,-37.826393,144.98506,3004.0,True,Preston HS,9614.5
T20250022559,2025-10-08,13:00:00,1,Collision with vehicle,1,Sunday,130,REAR END(VEHICLES IN SAME LANE),1,44174,2,0,0,1,2,3,1,1,Cross intersection,3,60,Local Road,MORNINGTON PENINSULA,-38.367947,144.9087,3939.0,True,Preston HS,70166.4
T20240005430,2024-03-03,13:00:00,1,Collision with vehicle,1,Sunday,110,CROSS TRAFFIC(INTERSECTIONS ONLY),1,44864,2,0,1,0,1,2,1,1,Cross intersection,2,60,Local Road,MILDURA,-34.202293,142.15186,3500.0,True,William Ruthven SC,465592.3
T20230011037,2023-11-05,14:00:00,2,Struck Pedestrian,5,Thursday,100,PED NEAR SIDE. PED HIT BY VEHICLE FROM THE RIGHT.,1,44585,1,0,1,0,1,2,1,1,Cross intersection,2,60,Arterial Other,BANYULE,-37.742172,145.04782,3081.0,True,Reservoir HS,2730.9
T20240009101,2024-11-04,16:38:00,2,Struck Pedestrian,5,Thursday,100,PED NEAR SIDE. PED HIT BY VEHICLE FROM THE RIGHT.,1,35714,1,0,0,1,1,2,1,4,Multiple intersection,3,60,Arterial Other,MORELAND,-37.778046,144.96024,3056.0,True,Preston HS,5770.9
T20230002852,2023-05-02,13:20:00,3,Struck animal,1,Sunday,167,STRUCK ANIMAL,1,760580,1,0,1,1,0,2,1,5,Not at intersection,2,100,Local Road,BENDIGO,-36.887085,144.73134,3523.0,True,William Ruthven SC,93159.9
T20240008940,2024-10-04,05:15:00,5,collision with some other object,4,Wednesday,166,STRUCK OBJECT ON CARRIAGEWAY,5,801373,3,0,1,0,2,3,1,5,Not at intersection,2,100,Freeway,MITCHELL,-37.445427,144.98035,3753.0,True,William Ruthven SC,27993.7
T20210005485,2021-11-03,17:45:00,1,Collision with vehicle,5,Thursday,148,VEHICLE OFF FOOTPATH STRIKES VEH ON CARRIAGEWAY,1,250423,2,0,0,1,2,3,1,2,T intersection,3,50,Local Road,PORT PHILLIP,-37.861855,144.99466,3183.0,True,Preston HS,13405.3
T20230006509,2023-12-03,13:07:00,1,Collision with vehicle,1,Sunday,183,OFF LEFT BEND INTO OBJECT/PARKED VEHICLE,1,775665,3,0,1,0,2,3,1,5,Not at intersection,2,70,Arterial Other,MAROONDAH,-37.82766,145.26045,3135.0,True,Reservoir HS,23438.7
T20220002772,2022-08-02,18:00:00,1,Collision with vehicle,3,Tuesday,169,OTHER ON PATH,1,757204,2,0,2,0,1,3,1,5,Not at intersection,2,50,Local Road,MONASH,-37.895473,145.17604,3150.0,True,Preston HS,22640.2
T20250020682,2025-05-08,07:00:00,8,No collision and no object struck,3,Tuesday,174,OUT OF CONTROL ON CARRIAGEWAY (ON STRAIGHT),2,820955,1,0,1,0,0,1,2,1,Cross intersection,2,60,Local Road,GLEN EIRA,-37.87913,145.04437,3145.0,True,Preston HS,15628.3
T20210015219,2021-10-07,17:30:00,2,Struck Pedestrian,7,Saturday,100,PED NEAR SIDE. PED HIT BY VEHICLE FROM THE RIGHT.,3,52218,1,0,1,0,2,3,1,1,Cross intersection,2,40,Local Road,LATROBE,-38.196247,146.53798,3844.0,True,Reservoir HS,142365.8
T20230002605,2023-01-02,15:00:00,1,Collision with vehicle,3,Wednesday,147,VEHICLE STRIKES ANOTHER VEH WHILE EMERGING FROM DRIVEWAY,9,752487,2,0,0,1,2,3,2,5,Not at intersection,3,999,Local Road,BRIMBANK,-37.740364,144.80583,3021.0,True,Preston HS,17698.6
T20220012675,2022-04-06,18:00:00,2,Struck Pedestrian,7,Saturday,100,PED NEAR SIDE. PED HIT BY VEHICLE FROM THE RIGHT.,3,725264,1,0,0,1,1,2,1,5,Not at intersection,3,50,Local Road,YARRA,-37.805477,144.98627,3066.0,True,Preston HS,7324.2
T20220020542,2022-11-09,19:20:00,2,Struck Pedestrian,0,Sunday,102,FAR SIDE. PED HIT BY VEHICLE FROM THE LEFT,3,725416,1,0,1,0,1,2,1,5,Not at intersection,2,40,Local Road,MAROONDAH,-37.815918,145.23003,3134.0,True,Reservoir HS,20472.5
T20240022551,2024-04-09,18:40:00,2,Struck Pedestrian,4,Wednesday,102,FAR SIDE. PED HIT BY VEHICLE FROM THE LEFT,3,808151,1,1,0,0,1,2,1,5,Not at intersection,1,60,Arterial Highway,YARRA RANGES,-37.780354,145.53224,3139.0,True,Reservoir HS,44676.4
T20250006278,2025-07-03,16:00:00,6,Vehicle overturned (no collision),6,Friday,174,OUT OF CONTROL ON CARRIAGEWAY (ON STRAIGHT),1,36334,1,0,1,0,1,2,2,2,T intersection,2,80,Arterial Other,YARRA RANGES,-37.805965,145.35287,3765.0,True,Reservoir HS,29914.0
T20240031294,2024-06-12,15:25:00,1,Collision with vehicle,6,Friday,148,VEHICLE OFF FOOTPATH STRIKES VEH ON CARRIAGEWAY,1,41544,2,0,0,1,1,2,1,2,T intersection,3,60,Arterial Highway,MONASH,-37.91822,145.08357,3167.0,True,Preston HS,20745.3
T20220010326,2022-06-05,18:00:00,2,Struck Pedestrian,5,Friday,100,PED NEAR SIDE. PED HIT BY VEHICLE FROM THE RIGHT.,3,711905,1,0,0,1,1,2,1,2,T intersection,3,50,Local Road,SHEPPARTON,-36.393257,145.4035,3630.0,True,William Ruthven SC,149213.7
T20210002838,2021-08-02,08:20:00,1,Collision with vehicle,1,Monday,148,VEHICLE OFF FOOTPATH STRIKES VEH ON CARRIAGEWAY,1,675666,2,0,1,0,2,3,1,1,Cross intersection,2,50,Local Road,CASEY,-38.109985,145.30994,3977.0,True,Preston HS,48811.7
T20220002776,2022-08-02,18:20:00,1,Collision with vehicle,3,Tuesday,110,CROSS TRAFFIC(INTERSECTIONS ONLY),1,39884,2,0,0,1,1,2,1,1,Cross intersection,3,60,,HOBSONS BAY,-37.871548,144.77756,3028.0,True,Preston HS,24801.8
T20250009199,2025-05-04,12:35:00,1,Collision with vehicle,7,Saturday,121,RIGHT THROUGH,1,39959,2,0,1,0,1,2,1,1,Cross intersection,2,50,Arterial Other,HOBSONS BAY,-37.83207,144.85632,3025.0,True,Preston HS,16629.5
T20240027861,2024-02-11,13:00:00,1,Collision with vehicle,6,Saturday,160,VEHICLE COLLIDES WITH VEHICLE PARKED ON LEFT OF ROAD,1,813142,2,0,1,0,0,1,1,5,Not at intersection,2,50,Local Road,GEELONG,-38.144913,144.36063,3220.0,True,Preston HS,72276.0
T20220020130,2022-06-09,10:45:00,2,Struck Pedestrian,2,Tuesday,100,PED NEAR SIDE. PED HIT BY VEHICLE FROM THE RIGHT.,1,49836,1,0,0,1,1,2,2,2,T intersection,3,999,Local Road,GEELONG,-38.12984,144.33194,3218.0,True,Preston HS,73270.9
T20220024387,2022-09-10,11:15:00,1,Collision with vehicle,1,Sunday,135,LANE CHANGE LEFT (NOT OVERTAKING),1,40271,2,0,0,1,1,2,2,2,T intersection,3,40,Arterial Other,STONNINGTON,-37.859932,145.02875,3144.0,True,Preston HS,13283.7
T20240000307,2024-05-01,10:00:00,6,Vehicle overturned (no collision),6,Friday,184,OUT OF CONTROL ON CARRIAGEWAY (ON BEND),1,795543,1,0,1,0,0,1,1,5,Not at intersection,2,100,Local Road,TOWONG,-36.451454,147.9671,3707.0,True,Reservoir HS,296415.1
T20220002538,2022-05-02,17:48:00,6,Vehicle overturned (no collision),7,Saturday,170,OFF CARRIAGEWAY TO LEFT,1,705511,1,0,0,1,0,1,1,5,Not at intersection,3,999,Local Road,EAST GIPPSLAND,-37.703083,147.80382,3885.0,True,Reservoir HS,244052.2
T20250002762,2025-02-02,09:25:00,2,Struck Pedestrian,1,Sunday,100,PED NEAR SIDE. PED HIT BY VEHICLE FROM THE RIGHT.,1,814733,1,0,1,0,1,2,1,5,Not at intersection,2,60,Local Road,GEELONG,-38.262474,144.51202,3226.0,True,Preston HS,72353.1
T20240002479,2024-01-02,11:44:00,8,No collision and no object struck,5,Thursday,174,OUT OF CONTROL ON CARRIAGEWAY (ON STRAIGHT),1,797775,1,0,1,0,0,1,1,5,Not at intersection,2,40,Arterial Other,MELBOURNE,-37.81677,144.9878,3002.0,True,Preston HS,8518.0
T20220005285,2022-09-03,09:00:00,1,Collision with vehicle,4,Wednesday,116,LEFT NEAR (INTERSECTIONS ONLY),1,45694,2,0,1,0,1,2,1,2,T intersection,2,100,Arterial Other,MORNINGTON PENINSULA,-38.33133,145.00847,3936.0,True,Preston HS,65564.0
T20220012506,2022-02-06,17:20:00,2,Struck Pedestrian,4,Thursday,102,FAR SIDE. PED HIT BY VEHICLE FROM THE LEFT,3,44870,1,0,0,1,2,3,1,5,Not at intersection,3,40,Local Road,LATROBE,-38.174526,146.25986,3825.0,True,Reservoir HS,119028.8
T20230008477,2023-08-04,12:10:00,1,Collision with vehicle,6,Saturday,137,LEFT TURN SIDESWIPE,1,139993,2,0,0,1,1,2,2,5,Not at intersection,3,60,Arterial Highway,DAREBIN,-37.747124,145.0214,3072.0,True,Preston HS,1394.5
T20230023606,2023-09-10,15:30:00,1,Collision with vehicle,2,Monday,134,LANE CHANGE RIGHT (NOT OVERTAKING),1,801653,2,0,1,0,1,2,2,5,Not at intersection,2,40,Arterial Other,MORELAND,-37.776577,144.96053,3056.0,True,Preston HS,5639.2
T20240009141,2024-03-04,11:30:00,8,No collision and no object struck,3,Wednesday,174,OUT OF CONTROL ON CARRIAGEWAY (ON STRAIGHT),1,801413,1,0,0,1,0,1,2,5,Not at intersection,3,40,Arterial Highway,WHITEHORSE,-37.815525,145.10356,3127.0,True,Preston HS,11800.7
T20220028794,2022-06-11,16:45:00,1,Collision with vehicle,1,Sunday,147,VEHICLE STRIKES ANOTHER VEH WHILE EMERGING FROM DRIVEWAY,1,742939,2,0,0,1,1,2,2,5,Not at intersection,3,50,Local Road,MARIBYRNONG,-37.81613,144.89687,3013.0,True,Preston HS,12741.6
T20220005438,2022-07-03,17:30:00,2,Struck Pedestrian,2,Monday,105,PED WALKING AGAINST TRAFFIC.,1,708734,1,0,0,1,1,2,2,5,Not at intersection,3,50,Arterial Other,MELBOURNE,-37.816265,144.98416,3002.0,True,Preston HS,8532.8
T20240018500,2024-02-07,11:00:00,6,Vehicle overturned (no collision),3,Tuesday,174,OUT OF CONTROL ON CARRIAGEWAY (ON STRAIGHT),1,806776,1,0,0,1,0,1,2,5,Not at intersection,3,888,Local Road,MILDURA,-34.35181,142.18558,3496.0,True,William Ruthven SC,449964.7
T20240008197,2024-01-04,15:30:00,2,Struck Pedestrian,2,Monday,100,PED NEAR SIDE. PED HIT BY VEHICLE FROM THE RIGHT.,1,43136,1,0,0,1,1,2,1,1,Cross intersection,3,70,Arterial Other,HUME,-37.663754,144.92218,3048.0,True,William Ruthven SC,7991.6
T20240017107,2024-06-07,17:18:00,1,Collision with vehicle,7,Saturday,111,RIGHT FAR (INTERSECTIONS ONLY),1,45973,2,0,1,0,1,2,1,1,Cross intersection,2,30,Local Road,MORNINGTON PENINSULA,-38.376762,144.84169,3941.0,True,Preston HS,72085.3
T20210016432,2021-11-07,12:15:00,5,collision with some other object,1,Sunday,166,STRUCK OBJECT ON CARRIAGEWAY,1,689046,1,0,0,1,0,1,2,5,Not at intersection,3,100,Freeway,BRIMBANK,-37.798542,144.77141,3026.0,True,Preston HS,21659.1
T20230022447,2023-07-08,09:00:00,2,Struck Pedestrian,2,Monday,100,PED NEAR SIDE. PED HIT BY VEHICLE FROM THE RIGHT.,9,789409,1,0,1,0,1,2,2,2,T intersection,2,50,Local Road,YARRA RANGES,-37.756626,145.35985,3140.0,True,Reservoir HS,29305.7
T20240020071,2024-08-08,11:00:00,1,Collision with vehicle,5,Thursday,113,RIGHT NEAR (INTERSECTIONS ONLY),1,811386,2,0,1,0,1,2,1,2,T intersection,2,60,Arterial Other,MANNINGHAM,-37.795532,145.16075,3109.0,True,Reservoir HS,14123.1
T20220000033,2022-01-01,06:30:00,4,Collision with a fixed object,7,Saturday,173,RIGHT OFF CARRIAGEWAY INTO OBJECT/PARKED VEHICLE,1,701064,1,1,0,0,0,1,1,5,Not at intersection,1,60,Local Road,HUME,-37.57971,144.91719,3064.0,True,William Ruthven SC,15028.0
T20250021068,2025-09-08,12:15:00,8,No collision and no object struck,7,Saturday,184,OUT OF CONTROL ON CARRIAGEWAY (ON BEND),1,821094,1,0,1,0,0,1,1,5,Not at intersection,2,100,Local Road,BASS COAST,-38.484875,145.57672,3992.0,True,Preston HS,96500.2
T20230005386,2023-06-03,15:37:00,1,Collision with vehicle,2,Monday,152,PULLING OUT (OVERTAKING),1,41235,2,0,1,0,2,3,1,2,T intersection,2,60,Local Road,GLEN EIRA,-37.891632,145.01392,3185.0,True,Preston HS,16682.4
T20240008650,2024-06-04,17:34:00,1,Collision with vehicle,7,Saturday,130,REAR END(VEHICLES IN SAME LANE),1,803921,2,0,1,0,4,5,1,5,Not at intersection,2,70,Arterial Highway,MONASH,-37.89466,145.16331,3150.0,True,Preston HS,21853.2
T20230019195,2023-12-08,12:30:00,5,collision with some other object,7,Saturday,166,STRUCK OBJECT ON CARRIAGEWAY,1,779112,1,0,0,1,0,1,2,5,Not at intersection,3,999,Local Road,EAST GIPPSLAND,-37.54151,147.87085,3885.0,True,Reservoir HS,251017.5
T20230015794,2023-07-07,22:30:00,2,Struck Pedestrian,6,Friday,100,PED NEAR SIDE. PED HIT BY VEHICLE FROM THE RIGHT.,3,37705,1,0,1,0,1,2,1,1,Cross intersection,2,40,Arterial Other,STONNINGTON,-37.85185,144.99338,3181.0,True,Preston HS,12307.3
T20240023119,2024-11-09,17:32:00,1,Collision with vehicle,4,Wednesday,137,LEFT TURN SIDESWIPE,1,810506,2,0,0,1,1,2,1,1,Cross intersection,3,60,Arterial Other,MANNINGHAM,-37.757763,145.1185,3107.0,True,Reservoir HS,8766.2
T20230000724,2023-05-01,14:00:00,2,Struck Pedestrian,4,Thursday,100,PED NEAR SIDE. PED HIT BY VEHICLE FROM THE RIGHT.,1,40524,1,0,1,0,1,2,2,2,T intersection,2,40,Arterial Other,BOROONDARA,-37.863243,145.07819,3147.0,True,Preston HS,14888.4
T20220015605,2022-12-07,18:30:00,2,Struck Pedestrian,2,Tuesday,105,PED WALKING AGAINST TRAFFIC.,2,718779,1,0,0,1,2,3,2,5,Not at intersection,3,60,Arterial Other,GLENELG,-38.127438,141.63562,3304.0,True,Preston HS,298759.2
T20210000469,2021-08-01,11:28:00,2,Struck Pedestrian,6,Friday,101,PED EMERGES FROM IN FRONT OF PARKED OR STATIONARY VEHICLE,1,729838,1,0,1,0,1,2,1,5,Not at intersection,2,40,Arterial Other,PORT PHILLIP,-37.868526,144.9916,3183.0,True,Preston HS,14168.0
T20220007709,2022-06-04,14:00:00,1,Collision with vehicle,3,Wednesday,110,CROSS TRAFFIC(INTERSECTIONS ONLY),1,69142,2,0,0,1,1,2,1,1,Cross intersection,3,50,Local Road,BAYSIDE,-37.906734,145.0009,3186.0,True,Preston HS,18359.0
T20210005161,2021-09-03,07:07:00,1,Collision with vehicle,2,Tuesday,136,RIGHT TURN SIDESWIPE,1,66356,2,0,1,2,0,3,1,2,T intersection,2,60,Local Road,WYNDHAM,-37.825726,144.79675,3026.0,True,Preston HS,20712.7
T20250009838,2025-12-04,00:30:00,8,No collision and no object struck,6,Saturday,174,OUT OF CONTROL ON CARRIAGEWAY (ON STRAIGHT),3,817280,1,0,0,1,0,1,1,5,Not at intersection,3,60,Arterial Other,DAREBIN,-37.703896,145.00987,3073.0,True,William Ruthven SC,1017.6
T20250011659,2025-01-05,06:15:00,8,No collision and no object struck,4,Thursday,172,OFF CARRIAGEWAY TO RIGHT,9,188631,1,0,0,1,0,1,2,4,Multiple intersection,3,999,Freeway,HUME,-37.707,144.88593,3043.0,True,William Ruthven SC,10364.2
T20240019700,2024-04-08,13:35:00,1,Collision with vehicle,0,Sunday,129,OTHER OPPOSING MANOEUVRES NOT INCLUDED IN DCAs 120-125.,1,48589,2,0,0,1,1,2,2,2,T intersection,3,60,Local Road,HOBSONS BAY,-37.845406,144.89497,3015.0,True,Preston HS,15167.5
T20220004813,2022-04-03,08:15:00,1,Collision with vehicle,5,Friday,110,CROSS TRAFFIC(INTERSECTIONS ONLY),1,781558,2,0,0,1,1,2,1,1,Cross intersection,3,999,Local Road,YARRA,-37.781258,144.98816,3068.0,True,Preston HS,4703.2
T20250011890,2025-04-05,14:25:00,2,Struck Pedestrian,1,Sunday,103,PED PLAYING/LYING/WORKING/STANDING ON CARRIAGEWAY.,1,818045,1,0,0,1,1,2,1,5,Not at intersection,3,50,Local Road,DANDENONG,-37.990643,145.20195,3175.0,True,Preston HS,32539.3
T20220009712,2022-01-05,10:35:00,1,Collision with vehicle,1,Sunday,110,CROSS TRAFFIC(INTERSECTIONS ONLY),1,51473,2,0,0,1,1,2,1,1,Cross intersection,3,60,Arterial Other,CAMPASPE,-36.358475,144.7099,3561.0,True,William Ruthven SC,151043.5
T20220018987,2022-01-08,16:00:00,1,Collision with vehicle,2,Monday,122,LEFT THROUGH,1,357259,2,0,0,1,1,2,2,1,Cross intersection,3,60,Arterial Highway,WHITEHORSE,-37.819847,145.13844,3130.0,True,Preston HS,14447.9
T20240002485,2024-01-02,09:00:00,1,Collision with vehicle,4,Thursday,110,CROSS TRAFFIC(INTERSECTIONS ONLY),1,36798,2,0,0,1,1,2,2,1,Cross intersection,3,60,Arterial Other,PORT PHILLIP,-37.830566,144.9457,3207.0,True,Preston HS,11258.6
T20240025666,2024-11-10,08:28:00,1,Collision with vehicle,6,Friday,148,VEHICLE OFF FOOTPATH STRIKES VEH ON CARRIAGEWAY,1,783100,2,0,0,1,1,2,1,5,Not at intersection,3,40,,MORELAND,-37.77973,144.9747,3054.0,True,Preston HS,5098.5
T20230002709,2023-03-02,08:30:00,1,Collision with vehicle,5,Friday,136,RIGHT TURN SIDESWIPE,1,773191,2,0,0,1,4,5,1,5,Not at intersection,3,40,Local Road,CARDINIA,-38.1455,145.4244,3978.0,True,Preston HS,57923.2
T20240014770,2024-10-06,14:40:00,1,Collision with vehicle,2,Monday,121,RIGHT THROUGH,1,65772,2,0,0,1,2,3,1,1,Cross intersection,3,40,Local Road,MELBOURNE,-37.81104,144.9589,3000.0,True,Preston HS,8797.4
T20240016688,2024-12-05,12:45:00,1,Collision with vehicle,1,Sunday,134,LANE CHANGE RIGHT (NOT OVERTAKING),1,142639,2,0,0,1,1,2,2,5,Not at intersection,3,999,Arterial Other,MELBOURNE,-37.8099,144.94983,3003.0,True,Preston HS,9101.9
T20230017941,2023-01-08,18:30:00,2,Struck Pedestrian,2,Tuesday,100,PED NEAR SIDE. PED HIT BY VEHICLE FROM THE RIGHT.,3,65784,1,0,0,1,1,2,1,1,Cross intersection,3,40,Local Road,YARRA,-37.8114,144.99582,3121.0,True,Preston HS,7813.4
T20210025598,2021-06-12,17:10:00,1,Collision with vehicle,1,Monday,131,LEFT REAR,1,701647,2,0,0,1,1,2,2,5,Not at intersection,3,40,Local Road,YARRA,-37.806072,144.98026,3065.0,True,Preston HS,7536.6
T20220027893,2022-08-12,16:10:00,1,Collision with vehicle,5,Thursday,120,HEAD ON (NOT OVERTAKING),1,740984,3,0,0,1,2,3,1,5,Not at intersection,3,60,Arterial Highway,COLAC OTWAY,-38.74211,143.25356,3237.0,True,Preston HS,189273.6
T20220026343,2022-08-08,14:00:00,1,Collision with vehicle,1,Monday,148,VEHICLE OFF FOOTPATH STRIKES VEH ON CARRIAGEWAY,1,19361,2,0,0,1,1,2,2,1,Cross intersection,3,60,Arterial Highway,CAMPASPE,-36.12482,144.73628,3564.0,True,William Ruthven SC,176368.4
T20220014957,2022-04-07,14:25:00,1,Collision with vehicle,1,Monday,163,VEHICLE STRIKES DOOR OF PARKED/STATIONARY VEHICLE,1,734259,2,0,0,1,1,2,2,5,Not at intersection,3,50,Local Road,MOONEE VALLEY,-37.76508,144.92195,3039.0,True,Preston HS,7924.7
T20220027763,2022-07-12,07:54:00,1,Collision with vehicle,4,Wednesday,110,CROSS TRAFFIC(INTERSECTIONS ONLY),1,740315,2,0,1,0,1,2,1,1,Cross intersection,2,50,Local Road,SOUTHERN GRAMPIANS,-37.747696,142.02028,3300.0,True,William Ruthven SC,262391.2
T20250012323,2025-08-05,19:39:00,1,Collision with vehicle,5,Thursday,121,RIGHT THROUGH,3,29431,2,0,1,1,0,2,1,2,T intersection,2,60,Arterial Other,MELBOURNE,-37.815514,144.97736,3002.0,True,Preston HS,8613.9
T20220010125,2022-04-05,16:00:00,1,Collision with vehicle,4,Wednesday,112,LEFT FAR (INTERSECTIONS ONLY),1,40074,2,0,0,1,1,2,2,1,Cross intersection,3,60,Local Road,PORT PHILLIP,-37.86065,144.97589,3182.0,True,Preston HS,13507.9
T20220008024,2022-10-04,12:23:00,1,Collision with vehicle,1,Sunday,132,RIGHT REAR.,1,712161,2,0,1,1,1,3,1,5,Not at intersection,2,80,Local Road,CARDINIA,-38.058205,145.389,3809.0,True,Preston HS,48594.5
T20250011817,2025-03-05,18:04:00,1,Collision with vehicle,7,Saturday,160,VEHICLE COLLIDES WITH VEHICLE PARKED ON LEFT OF ROAD,3,817991,2,0,0,1,0,1,1,1,Cross intersection,3,40,Local Road,STONNINGTON,-37.854717,144.99283,3181.0,True,Preston HS,12629.3
T20240022552,2024-04-09,19:21:00,1,Collision with vehicle,3,Wednesday,163,VEHICLE STRIKES DOOR OF PARKED/STATIONARY VEHICLE,6,809491,2,0,0,1,1,2,2,5,Not at intersection,3,40,Local Road,MELBOURNE,-37.807865,144.96024,3000.0,True,Preston HS,8431.6
T20250002092,2025-01-01,21:20:00,5,collision with some other object,4,Wednesday,166,STRUCK OBJECT ON CARRIAGEWAY,3,814271,1,0,1,0,0,1,2,5,Not at intersection,2,60,Arterial Other,PORT PHILLIP,-37.85829,144.9689,3182.0,True,Preston HS,13391.6
T20220005439,2022-10-03,15:38:00,1,Collision with vehicle,4,Thursday,132,RIGHT REAR.,1,67827,2,0,0,1,2,3,1,2,T intersection,3,60,Arterial Other,MONASH,-37.865845,145.1496,3150.0,True,Preston HS,18635.9
T20230012859,2023-02-06,08:00:00,1,Collision with vehicle,6,Friday,111,RIGHT FAR (INTERSECTIONS ONLY),2,29807,2,0,1,0,1,2,2,1,Cross intersection,2,50,Local Road,MORELAND,-37.696724,144.92482,3046.0,True,William Ruthven SC,6877.7
T20250002781,2025-02-02,13:10:00,4,Collision with a fixed object,1,Sunday,181,OFF RIGHT BEND INTO OBJECT/PARKED VEHICLE,1,815157,1,0,1,0,0,1,1,2,T intersection,2,100,Local Road,SOUTH GIPPSLAND,-38.47447,145.73434,3951.0,True,Preston HS,103380.3
T20240003075,2024-07-02,15:20:00,2,Struck Pedestrian,4,Wednesday,102,FAR SIDE. PED HIT BY VEHICLE FROM THE LEFT,1,798338,1,0,1,0,2,3,1,2,T intersection,2,40,Arterial Highway,DANDENONG,-37.95436,145.15181,3171.0,True,Preston HS,26844.2
T20240028648,2024-10-11,09:40:00,4,Collision with a fixed object,1,Sunday,181,OFF RIGHT BEND INTO OBJECT/PARKED VEHICLE,1,815243,1,1,0,0,0,1,1,5,Not at intersection,1,100,Local Road,EAST GIPPSLAND,-37.560703,149.73041,3892.0,True,Reservoir HS,414267.6
T20250013366,2025-09-05,08:52:00,2,Struck Pedestrian,5,Friday,100,PED NEAR SIDE. PED HIT BY VEHICLE FROM THE RIGHT.,1,820104,1,0,0,2,0,2,2,5,Not at intersection,3,40,Arterial Other,MOORABOOL,-37.67561,144.4359,3340.0,True,William Ruthven SC,49956.1
T20240008851,2024-09-04,08:05:00,1,Collision with vehicle,2,Tuesday,110,CROSS TRAFFIC(INTERSECTIONS ONLY),1,73501,2,0,0,1,1,2,1,1,Cross intersection,3,50,Local Road,COLAC OTWAY,-38.338074,143.58165,3250.0,True,Preston HS,141351.8
T20220005452,2022-02-03,21:35:00,1,Collision with vehicle,4,Wednesday,130,REAR END(VEHICLES IN SAME LANE),6,668259,2,0,0,1,1,2,2,1,Cross intersection,3,60,Local Road,CASEY,-38.076454,145.3163,3977.0,True,Preston HS,46058.5
T20230005597,2023-08-03,15:20:00,1,Collision with vehicle,3,Wednesday,147,VEHICLE STRIKES ANOTHER VEH WHILE EMERGING FROM DRIVEWAY,1,759476,2,0,0,1,1,2,1,2,T intersection,3,888,Arterial Other,GLEN EIRA,-37.92291,145.07304,3165.0,True,Preston HS,20965.3
T20230021661,2023-07-09,09:00:00,1,Collision with vehicle,4,Thursday,130,REAR END(VEHICLES IN SAME LANE),1,790975,2,0,0,1,1,2,2,1,Cross intersection,3,80,Arterial Other,DANDENONG,-37.97108,145.2237,3175.0,True,Preston HS,31814.5