ACCIDENT_NO,ACCIDENT_DATE,ACCIDENT_TIME,ACCIDENT_TYPE,ACCIDENT_TYPE_DESC,DAY_OF_WEEK,DAY_WEEK_DESC,DCA_CODE,DCA_DESC,LIGHT_CONDITION,NODE_ID,NO_OF_VEHICLES,NO_PERSONS_KILLED,NO_PERSONS_INJ_2,NO_PERSONS_INJ_3,NO_PERSONS_NOT_INJ,NO_PERSONS,POLICE_ATTEND,ROAD_GEOMETRY,ROAD_GEOMETRY_DESC,SEVERITY,SPEED_ZONE,RMA,LGA_NAME,LATITUDE,LONGITUDE,POSTCODE_CRASH,PED_OR_CYC,nearest_school,dist_to_gate_m
T20240002967,2023-08-11,11:00:00,1,Collision with vehicle,3,Wednesday,160,VEHICLE COLLIDES WITH VEHICLE PARKED ON LEFT OF ROAD,1,797581,2,0,0,1,1,2,2,5,Not at intersection,3,40,Local Road,MELBOURNE,-37.797466,144.97034,3053.0,True,Preston HS,6992.2
T20220019969,2022-04-09,06:00:00,2,Struck Pedestrian,0,Sunday,100,PED NEAR SIDE. PED HIT BY VEHICLE FROM THE RIGHT.,2,748443,1,0,1,0,1,2,1,5,Not at intersection,2,50,Arterial Other,YARRA,-37.826077,145.00145,3121.0,True,Preston HS,9395.4
T20230028534,2023-03-12,14:55:00,7,Fall from or in moving vehicle,0,Sunday,190,FELL IN/FROM VEHICLE,1,797846,1,0,0,1,0,1,1,1,Cross intersection,3,50,Local Road,GEELONG,-38.091724,144.35919,3214.0,True,Preston HS,68885.0
T20210010264,2021-06-05,07:10:00,1,Collision with vehicle,5,Thursday,133,LANE SIDE SWIPE (VEHICLES IN PARALLEL LANES),9,47248,2,0,0,1,1,2,2,4,Multiple intersection,3,60,Arterial Other,MELBOURNE,-37.800858,144.95741,3000.0,True,Preston HS,7896.0
T20240015066,2024-09-06,14:20:00,6,Vehicle overturned (no collision),1,Sunday,179,OTHER ACCIDENTS-OFF STRAIGHT NOT INCLUDED IN DCAs 170-175,1,805174,1,0,0,1,0,1,2,5,Not at intersection,3,60,Local Road,LATROBE,-38.228725,146.42348,3840.0,True,Reservoir HS,134538.4
T20210003459,2021-09-02,16:45:00,6,Vehicle overturned (no collision),3,Tuesday,174,OUT OF CONTROL ON CARRIAGEWAY (ON STRAIGHT),9,675825,1,0,0,1,0,1,2,4,Multiple intersection,3,999,Local Road,WHITTLESEA,-37.621773,145.01607,3750.0,True,William Ruthven SC,8393.1
T20230003344,2023-11-02,07:20:00,1,Collision with vehicle,7,Saturday,148,VEHICLE OFF FOOTPATH STRIKES VEH ON CARRIAGEWAY,1,768774,2,0,0,1,1,2,1,5,Not at intersection,3,50,Arterial Other,DAREBIN,-37.737648,145.00076,3072.0,True,Preston HS,716.8
T20220015495,2022-11-07,10:39:00,4,Collision with a fixed object,1,Monday,171,LEFT OFF CARRIAGEWAY INTO OBJECT/PARKED VEHICLE,1,721797,1,0,0,1,0,1,1,5,Not at intersection,3,60,Local Road,BASS COAST,-38.573765,145.58722,3995.0,True,Preston HS,105512.2
T20220004762,2022-03-03,16:54:00,8,No collision and no object struck,5,Thursday,180,OFF CARRIAGEWAY ON RIGHT BEND,1,731420,1,0,0,1,0,1,1,5,Not at intersection,3,80,Arterial Other,YARRA RANGES,-37.667057,145.73904,3799.0,True,Reservoir HS,62741.0
T20230003408,2023-12-02,00:18:00,2,Struck Pedestrian,1,Sunday,102,FAR SIDE. PED HIT BY VEHICLE FROM THE LEFT,6,774321,1,0,1,0,1,2,1,5,Not at intersection,2,50,Local Road,WYNDHAM,-37.839275,144.72862,3029.0,True,Preston HS,26768.2
T20220020403,2022-10-09,10:37:00,2,Struck Pedestrian,7,Saturday,101,PED EMERGES FROM IN FRONT OF PARKED OR STATIONARY VEHICLE,1,724683,1,0,0,2,0,2,1,5,Not at intersection,3,40,Arterial Other,MORELAND,-37.775867,144.96065,3056.0,True,Preston HS,5577.5
T20250011779,2025-03-05,09:00:00,5,collision with some other object,7,Saturday,166,STRUCK OBJECT ON CARRIAGEWAY,1,818107,2,0,0,2,0,2,1,5,Not at intersection,3,80,Arterial Highway,BENDIGO,-36.7622,144.33002,3551.0,True,William Ruthven SC,119765.2
T20240031734,2024-11-12,07:57:00,1,Collision with vehicle,4,Wednesday,116,LEFT NEAR (INTERSECTIONS ONLY),1,29359,2,0,0,1,1,2,1,1,Cross intersection,3,40,Local Road,YARRA,-37.781982,144.97162,3054.0,True,Preston HS,5458.1
T20240006080,2024-10-03,11:40:00,1,Collision with vehicle,1,Sunday,132,RIGHT REAR.,1,800422,2,0,1,0,1,2,2,5,Not at intersection,2,50,Arterial Highway,ALPINE,-36.55626,146.71637,3737.0,True,William Ruthven SC,197858.8
T20250009108,2025-01-04,07:45:00,1,Collision with vehicle,2,Tuesday,163,VEHICLE STRIKES DOOR OF PARKED/STATIONARY VEHICLE,1,288895,2,0,0,1,1,2,2,2,T intersection,3,40,Local Road,BAYSIDE,-37.90473,144.99641,3186.0,True,Preston HS,18152.4
T20210000751,2021-10-01,14:48:00,4,Collision with a fixed object,1,Sunday,183,OFF LEFT BEND INTO OBJECT/PARKED VEHICLE,1,681836,1,0,1,0,0,1,1,5,Not at intersection,2,60,Local Road,MURRINDINDI,-37.180996,145.2508,3660.0,True,William Ruthven SC,61359.1
T20230002879,2023-05-02,12:17:00,1,Collision with vehicle,1,Sunday,130,REAR END(VEHICLES IN SAME LANE),1,759704,2,0,1,0,2,3,2,5,Not at intersection,2,60,Arterial Highway,STONNINGTON,-37.88907,145.08894,3166.0,True,Preston HS,17894.4
T20230000532,2023-01-01,12:30:00,1,Collision with vehicle,1,Sunday,160,VEHICLE COLLIDES WITH VEHICLE PARKED ON LEFT OF ROAD,1,787170,2,0,0,1,0,1,2,5,Not at intersection,3,60,Arterial Other,KINGSTON,-37.99097,145.06384,3194.0,True,Preston HS,28161.5
T20210008040,2021-07-04,10:39:00,6,Vehicle overturned (no collision),4,Wednesday,174,OUT OF CONTROL ON CARRIAGEWAY (ON STRAIGHT),1,680872,1,0,0,1,0,1,1,5,Not at intersection,3,100,Local Road,GANNAWARRA,-35.860096,144.38168,3567.0,True,William Ruthven SC,211566.2
T20250020287,2025-01-08,07:03:00,1,Collision with vehicle,6,Friday,113,RIGHT NEAR (INTERSECTIONS ONLY),1,38965,2,0,1,0,1,2,1,2,T intersection,2,999,Arterial Other,BOROONDARA,-37.82952,145.04082,3122.0,True,Preston HS,10204.8
T20240016097,2024-08-06,13:30:00,1,Collision with vehicle,6,Saturday,130,REAR END(VEHICLES IN SAME LANE),1,805805,2,0,0,1,1,2,2,2,T intersection,3,999,Local Road,WYNDHAM,-37.880356,144.7046,3029.0,True,Preston HS,30722.8
T20240011997,2024-11-05,16:35:00,1,Collision with vehicle,7,Saturday,130,REAR END(VEHICLES IN SAME LANE),1,803501,2,0,1,0,2,3,1,5,Not at intersection,2,60,Local Road,MELTON,-37.61248,144.53697,3337.0,True,William Ruthven SC,42076.9
T20240031090,2024-04-12,20:50:00,2,Struck Pedestrian,3,Wednesday,101,PED EMERGES FROM IN FRONT OF PARKED OR STATIONARY VEHICLE,1,812104,1,0,0,1,1,2,1,5,Not at intersection,3,50,Local Road,HUME,-37.57735,144.89949,3064.0,True,William Ruthven SC,16084.5
T20220002774,2022-08-02,18:30:00,1,Collision with vehicle,3,Tuesday,142,LEAVING PARKING,1,4434,2,0,1,0,1,2,1,5,Not at intersection,2,40,Arterial Other,YARRA,-37.8229,145.01407,3121.0,True,Preston HS,9049.8
T20230006171,2023-06-03,15:00:00,2,Struck Pedestrian,2,Monday,102,FAR SIDE. PED HIT BY VEHICLE FROM THE LEFT,1,44665,1,0,1,0,1,2,1,1,Cross intersection,2,50,Arterial Highway,MOUNT ALEXANDER,-37.065628,144.2168,3450.0,True,William Ruthven SC,98726.4
T20230008518,2023-11-04,15:45:00,4,Collision with a fixed object,3,Tuesday,181,OFF RIGHT BEND INTO OBJECT/PARKED VEHICLE,1,784496,1,0,1,0,0,1,1,5,Not at intersection,2,80,Arterial Other,KINGSTON,-38.014694,145.10426,3195.0,True,Preston HS,31530.6
T20220027344,2022-02-12,16:10:00,7,Fall from or in moving vehicle,5,Friday,190,FELL IN/FROM VEHICLE,1,739256,1,0,0,1,1,2,1,5,Not at intersection,3,50,Local Road,BAYSIDE,-37.98471,145.03094,3193.0,True,Preston HS,27102.4
T20250009229,2025-05-04,19:12:00,1,Collision with vehicle,7,Saturday,160,VEHICLE COLLIDES WITH VEHICLE PARKED ON LEFT OF ROAD,1,817110,2,0,0,1,0,1,2,5,Not at intersection,3,50,Local Road,MERRI-BEK,-37.757607,144.94351,3055.0,True,Preston HS,5864.0
T20220002250,2022-02-02,16:38:00,1,Collision with vehicle,3,Wednesday,116,LEFT NEAR (INTERSECTIONS ONLY),1,266415,2,0,1,0,1,2,1,1,Cross intersection,2,60,Arterial Highway,EAST GIPPSLAND,-37.83109,147.6113,3875.0,True,Reservoir HS,227234.6
T20220022815,2022-10-10,16:30:00,1,Collision with vehicle,1,Monday,134,LANE CHANGE RIGHT (NOT OVERTAKING),1,728086,3,0,1,0,2,3,1,5,Not at intersection,2,100,Freeway,MONASH,-37.933884,145.19086,3170.0,True,Preston HS,26778.3
T20230000528,2023-04-01,11:14:00,4,Collision with a fixed object,3,Wednesday,171,LEFT OFF CARRIAGEWAY INTO OBJECT/PARKED VEHICLE,1,766214,1,0,1,0,0,1,1,5,Not at intersection,2,999,,BAW BAW,-37.945827,145.77692,3833.0,True,Reservoir HS,70191.2
T20240018829,2024-09-07,13:00:00,2,Struck Pedestrian,3,Tuesday,109,ANY MANOEUVRE INVOLVING PED NOT INCLUDED IN DCAs 100-108.,1,809230,2,0,1,0,1,2,2,5,Not at intersection,2,80,Local Road,LATROBE,-38.231922,146.40778,3840.0,True,Reservoir HS,133437.9
T20230018701,2023-03-08,11:30:00,2,Struck Pedestrian,4,Thursday,103,PED PLAYING/LYING/WORKING/STANDING ON CARRIAGEWAY.,1,778688,1,0,0,1,1,2,2,5,Not at intersection,3,999,Local Road,KINGSTON,-37.96621,145.08316,3192.0,True,Preston HS,25842.1
T20210003192,2021-11-02,18:55:00,1,Collision with vehicle,5,Thursday,132,RIGHT REAR.,1,679334,2,0,1,0,1,2,1,5,Not at intersection,2,60,Arterial Other,WHITTLESEA,-37.68907,145.02345,3074.0,True,William Ruthven SC,1982.6
T20240025851,2024-05-10,11:15:00,1,Collision with vehicle,7,Saturday,137,LEFT TURN SIDESWIPE,1,782487,2,0,0,1,1,2,2,5,Not at intersection,3,60,Arterial Other,PORT PHILLIP,-37.867134,144.97453,3182.0,True,Preston HS,14238.1
T20230006359,2023-12-03,15:00:00,6,Vehicle overturned (no collision),1,Sunday,174,OUT OF CONTROL ON CARRIAGEWAY (ON STRAIGHT),1,761382,1,0,1,0,0,1,2,5,Not at intersection,2,50,,CAMPASPE,-36.032837,144.5545,3562.0,True,William Ruthven SC,189248.2
T20220029790,2022-11-11,18:45:00,5,collision with some other object,5,Friday,166,STRUCK OBJECT ON CARRIAGEWAY,1,783385,1,0,0,1,0,1,1,5,Not at intersection,3,60,,WYNDHAM,-37.846844,144.68845,3029.0,True,Preston HS,30342.1
T20220003022,2022-11-02,18:47:00,1,Collision with vehicle,6,Friday,135,LANE CHANGE LEFT (NOT OVERTAKING),2,707162,2,0,1,0,1,2,1,5,Not at intersection,2,60,Arterial Other,HUME,-37.60412,144.94563,3064.0,True,William Ruthven SC,11450.4
T20210003293,2021-12-02,19:46:00,1,Collision with vehicle,6,Friday,148,VEHICLE OFF FOOTPATH STRIKES VEH ON CARRIAGEWAY,1,675626,2,0,1,0,1,2,1,5,Not at intersection,2,70,Arterial Other,MORNINGTON PENINSULA,-38.36175,144.88965,3939.0,True,Preston HS,69709.2
T20210012847,2021-08-06,11:00:00,6,Vehicle overturned (no collision),2,Tuesday,184,OUT OF CONTROL ON CARRIAGEWAY (ON BEND),1,685350,1,0,0,1,0,1,2,5,Not at intersection,3,999,Local Road,MANSFIELD,-37.189377,146.36671,3723.0,True,Reservoir HS,132085.2
T20230003077,2023-07-02,18:34:00,1,Collision with vehicle,3,Tuesday,160,VEHICLE COLLIDES WITH VEHICLE PARKED ON LEFT OF ROAD,1,760935,2,0,1,0,1,2,1,5,Not at intersection,2,70,Arterial Other,MANNINGHAM,-37.77252,145.10591,3107.0,True,Reservoir HS,8735.7
T20230005339,2023-06-03,11:45:00,1,Collision with vehicle,1,Monday,163,VEHICLE STRIKES DOOR OF PARKED/STATIONARY VEHICLE,1,759344,2,0,0,1,1,2,1,1,Cross intersection,3,40,Arterial Other,PORT PHILLIP,-37.830162,144.95926,3205.0,True,Preston HS,10697.3
T20220009835,2022-02-05,17:22:00,1,Collision with vehicle,2,Monday,110,CROSS TRAFFIC(INTERSECTIONS ONLY),2,644439,2,0,0,1,1,2,1,1,Cross intersection,3,60,Arterial Other,DAREBIN,-37.718334,145.02115,3073.0,True,Reservoir HS,855.0
T20220027268,2022-01-12,19:58:00,1,Collision with vehicle,5,Thursday,121,RIGHT THROUGH,1,42035,2,0,1,0,1,2,1,2,T intersection,2,60,Arterial Other,BAYSIDE,-37.946003,145.00095,3191.0,True,Preston HS,22723.9
T20240005926,2024-08-03,16:55:00,2,Struck Pedestrian,6,Friday,100,PED NEAR SIDE. PED HIT BY VEHICLE FROM THE RIGHT.,1,578,1,0,1,0,3,4,1,1,Cross intersection,2,60,Arterial Highway,PORT PHILLIP,-37.85358,144.97949,3004.0,True,Preston HS,12674.8
T20210025292,2021-10-12,16:45:00,2,Struck Pedestrian,5,Friday,101,PED EMERGES FROM IN FRONT OF PARKED OR STATIONARY VEHICLE,1,781397,1,0,0,1,1,2,1,5,Not at intersection,3,50,Local Road,HUME,-37.65474,144.91841,3048.0,True,William Ruthven SC,8775.7
T20250015117,2025-05-06,18:20:00,1,Collision with vehicle,4,Thursday,121,RIGHT THROUGH,3,390,2,0,0,1,1,2,1,1,Cross intersection,3,40,Arterial Other,STONNINGTON,-37.84059,145.0047,3142.0,True,Preston HS,10998.1
T20250014976,2025-04-06,08:41:00,1,Collision with vehicle,4,Wednesday,110,CROSS TRAFFIC(INTERSECTIONS ONLY),1,347784,2,0,1,0,1,2,1,1,Cross intersection,2,60,Arterial Other,DAREBIN,-37.783882,145.01425,3078.0,True,Preston HS,4732.3
T20240006443,2024-04-03,16:30:00,2,Struck Pedestrian,2,Monday,100,PED NEAR SIDE. PED HIT BY VEHICLE FROM THE RIGHT.,1,800172,1,0,1,0,1,2,2,5,Not at intersection,2,50,Local Road,DAREBIN,-37.73918,145.00735,3072.0,True,Preston HS,281.1
T20210000485,2021-08-01,14:00:00,6,Vehicle overturned (no collision),6,Friday,184,OUT OF CONTROL ON CARRIAGEWAY (ON BEND),1,675244,2,0,0,1,2,3,1,5,Not at intersection,3,50,Local Road,WHITTLESEA,-37.61362,145.04176,3750.0,True,William Ruthven SC,9831.7
T20220004893,2022-04-03,16:00:00,2,Struck Pedestrian,5,Friday,107,PED ON FOOTHPATH STRUCK BY VEHENTERING/LEAVING DRIVEWAY.,1,798951,1,0,0,1,1,2,1,2,T intersection,3,60,Local Road,BULOKE,-36.07725,143.22714,3527.0,True,William Ruthven SC,239498.3
T20230003012,2023-07-02,07:06:00,1,Collision with vehicle,3,Tuesday,147,VEHICLE STRIKES ANOTHER VEH WHILE EMERGING FROM DRIVEWAY,1,776641,2,0,1,0,1,2,1,5,Not at intersection,2,80,Arterial Highway,DANDENONG,-38.01521,145.21529,3175.0,True,Preston HS,35479.9
T20230000053,2023-01-01,09:15:00,4,Collision with a fixed object,1,Sunday,183,OFF LEFT BEND INTO OBJECT/PARKED VEHICLE,1,748689,1,0,1,0,0,1,1,5,Not at intersection,2,60,Local Road,HUME,-37.700096,144.84523,3045.0,True,William Ruthven SC,13885.7
T20210000598,2021-09-01,12:30:00,1,Collision with vehicle,7,Saturday,130,REAR END(VEHICLES IN SAME LANE),1,674202,2,0,1,0,1,2,2,5,Not at intersection,2,100,Arterial Highway,WANGARATTA,-36.38483,146.41911,3678.0,True,William Ruthven SC,192534.8
T20220012673,2022-04-06,17:39:00,2,Struck Pedestrian,7,Saturday,102,FAR SIDE. PED HIT BY VEHICLE FROM THE LEFT,2,42018,1,0,1,0,1,2,1,1,Cross intersection,2,50,Local Road,BAYSIDE,-37.92501,144.99466,3186.0,True,Preston HS,20412.4
T20230003504,2023-11-02,23:00:00,1,Collision with vehicle,6,Saturday,120,HEAD ON (NOT OVERTAKING),6,758675,2,0,1,0,1,2,2,5,Not at intersection,2,60,Arterial Other,MACEDON RANGES,-37.255108,144.45215,3444.0,True,William Ruthven SC,69080.7
T20230005952,2023-12-03,18:40:00,2,Struck Pedestrian,0,Sunday,107,PED ON FOOTHPATH STRUCK BY VEHENTERING/LEAVING DRIVEWAY.,2,788431,1,0,1,0,1,2,1,2,T intersection,2,60,Arterial Other,MORELAND,-37.750233,144.96504,3058.0,True,Preston HS,3817.9
T20240023102,2024-04-09,17:45:00,8,No collision and no object struck,4,Wednesday,174,OUT OF CONTROL ON CARRIAGEWAY (ON STRAIGHT),1,269458,1,0,0,1,0,1,2,5,Not at intersection,3,60,Arterial Highway,MONASH,-37.91481,145.12756,3168.0,True,Preston HS,21964.8
T20250015109,2025-05-06,16:04:00,1,Collision with vehicle,5,Thursday,140,U TURN,1,820021,4,0,2,0,2,4,1,5,Not at intersection,2,70,Arterial Highway,WELLINGTON,-38.09978,147.06793,3850.0,True,Reservoir HS,183690.8
T20240028717,2024-11-11,07:30:00,1,Collision with vehicle,2,Monday,121,RIGHT THROUGH,1,42680,2,0,1,0,1,2,1,2,T intersection,2,80,Arterial Other,YARRA RANGES,-37.961178,145.36115,3804.0,True,Reservoir HS,39415.6
T20240019944,2024-06-08,20:40:00,4,Collision with a fixed object,3,Tuesday,173,RIGHT OFF CARRIAGEWAY INTO OBJECT/PARKED VEHICLE,3,807131,1,1,0,0,0,1,1,5,Not at intersection,1,60,Arterial Other,CARDINIA,-37.93624,145.45096,3782.0,True,Reservoir HS,44001.9
T20250000049,2025-01-01,12:00:00,8,No collision and no object struck,4,Wednesday,174,OUT OF CONTROL ON CARRIAGEWAY (ON STRAIGHT),1,813196,1,0,0,1,0,1,2,5,Not at intersection,3,888,Local Road,WELLINGTON,-38.5933,146.53966,3971.0,True,Reservoir HS,163747.4
T20230011263,2023-03-05,09:30:00,6,Vehicle overturned (no collision),4,Wednesday,174,OUT OF CONTROL ON CARRIAGEWAY (ON STRAIGHT),1,773991,1,0,1,0,0,1,2,5,Not at intersection,2,100,Local Road,STRATHBOGIE,-36.734795,145.71582,3669.0,True,William Ruthven SC,124179.6
T20230002984,2023-06-02,18:25:00,1,Collision with vehicle,1,Monday,113,RIGHT NEAR (INTERSECTIONS ONLY),1,64505,2,0,1,0,3,4,1,2,T intersection,2,60,Local Road,YARRA,-37.783077,144.96994,3054.0,True,Preston HS,5642.6
T20220008111,2022-02-04,14:00:00,8,No collision and no object struck,7,Saturday,180,OFF CARRIAGEWAY ON RIGHT BEND,1,713138,1,0,1,0,0,1,2,5,Not at intersection,2,100,Arterial Other,MURRINDINDI,-37.24723,145.18713,3658.0,True,William Ruthven SC,52537.3
T20220005852,2022-09-03,15:00:00,6,Vehicle overturned (no collision),4,Wednesday,180,OFF CARRIAGEWAY ON RIGHT BEND,1,711429,1,0,0,1,0,1,2,5,Not at intersection,3,40,Arterial Other,MANSFIELD,-36.92275,146.24734,3723.0,True,Reservoir HS,139657.9
T20210017418,2021-12-08,16:10:00,8,No collision and no object struck,5,Thursday,174,OUT OF CONTROL ON CARRIAGEWAY (ON STRAIGHT),1,329703,1,0,1,0,0,1,1,1,Cross intersection,2,60,Local Road,WYNDHAM,-37.87936,144.7013,3029.0,True,Preston HS,30919.0
T20240008561,2024-05-04,11:40:00,1,Collision with vehicle,6,Friday,140,U TURN,1,35957,2,0,0,1,1,2,1,1,Cross intersection,3,50,Local Road,MORELAND,-37.765587,144.96332,3056.0,True,Preston HS,4676.5
T20250021275,2025-11-08,16:30:00,1,Collision with vehicle,2,Monday,135,LANE CHANGE LEFT (NOT OVERTAKING),1,822029,2,0,0,1,1,2,1,4,Multiple intersection,3,60,Freeway,MOONEE VALLEY,-37.725613,144.89107,3042.0,True,Preston HS,10359.3
T20250000295,2025-05-01,00:45:00,2,Struck Pedestrian,1,Sunday,106,VEH STRIKES PED ON FOOTPATH/MEDIAN/TRAFFIC ISLAND.,3,822398,1,0,0,1,1,2,1,5,Not at intersection,3,40,Local Road,MELBOURNE,-37.811523,144.96425,3000.0,True,Preston HS,8629.1
T20250021071,2025-09-08,13:15:00,1,Collision with vehicle,7,Saturday,121,RIGHT THROUGH,1,822708,2,0,1,0,1,2,1,2,T intersection,2,60,Local Road,GEELONG,-38.07633,144.34084,3214.0,True,Preston HS,69290.0
T20210010305,2021-07-05,17:40:00,1,Collision with vehicle,6,Friday,137,LEFT TURN SIDESWIPE,2,36847,2,0,0,1,0,1,2,2,T intersection,3,40,Local Road,MELBOURNE,-37.810677,144.95595,3003.0,True,Preston HS,8890.3
T20210025040,2021-07-12,18:23:00,2,Struck Pedestrian,3,Tuesday,102,FAR SIDE. PED HIT BY VEHICLE FROM THE LEFT,1,698872,1,0,0,1,1,2,1,5,Not at intersection,3,999,Local Road,MELBOURNE,-37.809612,144.98102,3002.0,True,Preston HS,7891.7
T20240011197,2024-03-05,15:30:00,1,Collision with vehicle,6,Friday,148,VEHICLE OFF FOOTPATH STRIKES VEH ON CARRIAGEWAY,1,57280,2,0,0,1,1,2,1,1,Cross intersection,3,60,Arterial Highway,WODONGA,-36.136993,146.90877,3690.0,True,William Ruthven SC,242429.1
T20250000359,2025-05-01,17:30:00,2,Struck Pedestrian,0,Sunday,107,PED ON FOOTHPATH STRUCK BY VEHENTERING/LEAVING DRIVEWAY.,1,813627,1,0,0,1,1,2,1,5,Not at intersection,3,999,Local Road,WHITTLESEA,-37.639984,145.08214,3752.0,True,William Ruthven SC,9385.2
T20230010917,2023-10-05,07:30:00,1,Collision with vehicle,4,Wednesday,110,CROSS TRAFFIC(INTERSECTIONS ONLY),1,36813,2,0,0,1,1,2,1,1,Cross intersection,3,60,Arterial Other,PORT PHILLIP,-37.828957,144.94844,3006.0,True,Preston HS,10986.9
T20230011520,2023-12-05,07:30:00,1,Collision with vehicle,5,Friday,116,LEFT NEAR (INTERSECTIONS ONLY),1,41246,2,0,0,1,1,2,1,2,T intersection,3,40,Local Road,GLEN EIRA,-37.875385,145.01704,3161.0,True,Preston HS,14890.7
T20210002992,2021-09-02,15:48:00,1,Collision with vehicle,3,Tuesday,119,OTHER ADJACENT (INTERSECTIONS ONLY),1,36891,2,0,0,4,2,6,1,2,T intersection,3,40,Arterial Other,MAROONDAH,-37.782936,145.26855,3136.0,True,Reservoir HS,22076.7
T20220017469,2022-05-08,06:00:00,1,Collision with vehicle,6,Friday,121,RIGHT THROUGH,3,43829,2,0,1,0,1,2,1,2,T intersection,2,60,Local Road,YARRA RANGES,-37.878895,145.39664,3793.0,True,Reservoir HS,36659.2
T20230013597,2023-10-06,15:00:00,2,Struck Pedestrian,6,Saturday,106,VEH STRIKES PED ON FOOTPATH/MEDIAN/TRAFFIC ISLAND.,1,776540,1,0,0,1,1,2,2,2,T intersection,3,60,Freeway,WHITEHORSE,-37.797745,145.12704,3129.0,True,Reservoir HS,11994.4
T20240003536,2024-12-02,15:22:00,1,Collision with vehicle,2,Monday,153,CUTTING IN (OVERTAKING),1,42881,2,0,0,1,1,2,1,2,T intersection,3,80,Arterial Other,DANDENONG,-37.962917,145.1564,3172.0,True,Preston HS,27872.9
T20240029423,2024-06-11,15:30:00,8,No collision and no object struck,4,Wednesday,174,OUT OF CONTROL ON CARRIAGEWAY (ON STRAIGHT),1,813938,2,0,0,1,1,2,2,2,T intersection,3,40,Local Road,MERRI-BEK,-37.768497,144.95886,3056.0,True,Preston HS,5183.1
T20220011128,2022-09-05,12:10:00,6,Vehicle overturned (no collision),2,Monday,179,OTHER ACCIDENTS-OFF STRAIGHT NOT INCLUDED IN DCAs 170-175,1,712361,1,0,0,1,0,1,2,2,T intersection,3,999,Local Road,GEELONG,-38.26204,144.54976,3226.0,True,Preston HS,70380.7
T20220014824,2022-02-07,14:50:00,2,Struck Pedestrian,7,Saturday,102,FAR SIDE. PED HIT BY VEHICLE FROM THE LEFT,1,43297,1,0,1,1,1,3,1,1,Cross intersection,2,60,Arterial Highway,KINGSTON,-38.055855,145.11752,3196.0,True,Preston HS,36251.1
T20250003769,2025-12-02,07:00:00,1,Collision with vehicle,4,Wednesday,116,LEFT NEAR (INTERSECTIONS ONLY),2,49812,2,0,1,0,1,2,1,2,T intersection,2,60,Local Road,GEELONG,-38.122463,144.34703,3215.0,True,Preston HS,71720.8
T20230005489,2023-07-03,18:15:00,8,No collision and no object struck,3,Tuesday,174,OUT OF CONTROL ON CARRIAGEWAY (ON STRAIGHT),1,37079,2,0,1,0,1,2,1,2,T intersection,2,70,Arterial Highway,BANYULE,-37.71447,145.0828,3087.0,True,Reservoir HS,4779.0
T20230018477,2023-08-08,10:47:00,2,Struck Pedestrian,3,Tuesday,102,FAR SIDE. PED HIT BY VEHICLE FROM THE LEFT,1,782922,1,0,1,0,1,2,1,2,T intersection,2,60,Arterial Other,HUME,-37.57407,144.72546,3429.0,True,William Ruthven SC,27976.5
T20220020136,2022-05-09,17:48:00,1,Collision with vehicle,2,Monday,113,RIGHT NEAR (INTERSECTIONS ONLY),2,45024,2,0,1,0,1,2,1,2,T intersection,2,60,Arterial Other,BRIMBANK,-37.747562,144.82774,3021.0,True,Preston HS,15784.1
T20240028926,2024-11-11,15:30:00,1,Collision with vehicle,2,Monday,110,CROSS TRAFFIC(INTERSECTIONS ONLY),1,46185,2,0,0,1,1,2,2,1,Cross intersection,3,50,Local Road,BAYSIDE,-37.943684,145.01608,3188.0,True,Preston HS,22473.4
T20210020607,2021-11-10,09:58:00,1,Collision with vehicle,2,Monday,116,LEFT NEAR (INTERSECTIONS ONLY),1,694603,2,0,1,0,1,2,1,2,T intersection,2,50,Local Road,MORNINGTON PENINSULA,-38.31717,145.00734,3936.0,True,Preston HS,63989.3
T20210008641,2021-10-04,18:45:00,6,Vehicle overturned (no collision),7,Saturday,174,OUT OF CONTROL ON CARRIAGEWAY (ON STRAIGHT),6,338531,1,0,0,1,0,1,2,1,Cross intersection,3,60,Local Road,HUME,-37.571514,144.90929,3064.0,True,William Ruthven SC,16166.4
T20210003243,2021-12-02,12:40:00,2,Struck Pedestrian,6,Friday,100,PED NEAR SIDE. PED HIT BY VEHICLE FROM THE RIGHT.,1,675949,1,0,1,0,1,2,1,5,Not at intersection,2,50,Arterial Highway,CORANGAMITE,-38.2313,143.1454,3260.0,True,Preston HS,171996.6
T20250011630,2025-01-05,20:00:00,1,Collision with vehicle,5,Thursday,129,OTHER OPPOSING MANOEUVRES NOT INCLUDED IN DCAs 120-125.,3,28842,2,0,0,1,1,2,1,2,T intersection,3,50,Local Road,WANGARATTA,-36.350155,146.3059,3677.0,True,William Ruthven SC,189184.4
T20230007787,2023-02-04,15:56:00,4,Collision with a fixed object,1,Sunday,151,OUT OF CONTROL (OVERTAKING),1,765046,1,0,0,1,0,1,1,5,Not at intersection,3,80,Freeway,HOBSONS BAY,-37.82569,144.83647,3025.0,True,Preston HS,17665.6
T20220000251,2022-03-01,09:50:00,1,Collision with vehicle,2,Monday,142,LEAVING PARKING,1,701762,2,0,0,1,1,2,1,5,Not at intersection,3,60,Arterial Highway,FRANKSTON,-38.102665,145.12592,3198.0,True,Preston HS,41468.6