ACCIDENT_NO,ACCIDENT_DATE,ACCIDENT_TIME,ACCIDENT_TYPE,ACCIDENT_TYPE_DESC,DAY_OF_WEEK,DAY_WEEK_DESC,DCA_CODE,DCA_DESC,LIGHT_CONDITION,NODE_ID,NO_OF_VEHICLES,NO_PERSONS_KILLED,NO_PERSONS_INJ_2,NO_PERSONS_INJ_3,NO_PERSONS_NOT_INJ,NO_PERSONS,POLICE_ATTEND,ROAD_GEOMETRY,ROAD_GEOMETRY_DESC,SEVERITY,SPEED_ZONE,RMA,LGA_NAME,LATITUDE,LONGITUDE,POSTCODE_CRASH,PED_OR_CYC,nearest_school,dist_to_gate_m
T20210023730,2021-06-11,13:00:00,1,Collision with vehicle,7,Saturday,160,VEHICLE COLLIDES WITH VEHICLE PARKED ON LEFT OF ROAD,1,98754,2,0,1,0,1,2,2,5,Not at intersection,2,60,Arterial Other,KINGSTON,-37.9468,145.05919,3189.0,True,Preston HS,23260.2
T20250017718,2025-04-07,00:55:00,2,Struck Pedestrian,6,Friday,101,PED EMERGES FROM IN FRONT OF PARKED OR STATIONARY VEHICLE,3,37610,1,0,1,0,1,2,1,1,Cross intersection,2,60,Arterial Highway,STONNINGTON,-37.83832,144.98653,3141.0,True,Preston HS,10894.6
T20240028586,2024-09-11,16:56:00,2,Struck Pedestrian,7,Saturday,100,PED NEAR SIDE. PED HIT BY VEHICLE FROM THE RIGHT.,1,41471,1,0,0,1,1,2,1,2,T intersection,3,60,Arterial Other,GLEN EIRA,-37.897125,145.06511,3163.0,True,Preston HS,18018.0
T20210003320,2021-12-02,21:47:00,2,Struck Pedestrian,6,Friday,100,PED NEAR SIDE. PED HIT BY VEHICLE FROM THE RIGHT.,3,677061,1,0,1,0,0,1,1,5,Not at intersection,2,60,Arterial Highway,GLEN EIRA,-37.903957,145.03952,3204.0,True,Preston HS,18265.5
T20230010596,2023-06-05,01:07:00,2,Struck Pedestrian,6,Saturday,100,PED NEAR SIDE. PED HIT BY VEHICLE FROM THE RIGHT.,3,48492,1,0,1,0,2,3,1,1,Cross intersection,2,50,Local Road,YARRA,-37.78182,144.97014,3054.0,True,Preston HS,5518.9
T20240013198,2024-04-05,16:15:00,8,No collision and no object struck,7,Saturday,174,OUT OF CONTROL ON CARRIAGEWAY (ON STRAIGHT),1,804035,1,0,0,1,0,1,2,5,Not at intersection,3,80,Local Road,MANSFIELD,-37.27866,146.11063,3723.0,True,Reservoir HS,107387.6
T20230011002,2023-11-05,10:03:00,1,Collision with vehicle,4,Thursday,121,RIGHT THROUGH,1,36317,2,0,0,1,1,2,1,1,Cross intersection,3,40,Local Road,MELBOURNE,-37.804726,144.96474,3053.0,True,Preston HS,7935.8
T20250012707,2025-07-05,11:15:00,2,Struck Pedestrian,4,Wednesday,100,PED NEAR SIDE. PED HIT BY VEHICLE FROM THE RIGHT.,1,821536,1,0,1,0,1,2,1,1,Cross intersection,2,40,Arterial Other,KINGSTON,-37.97983,145.05309,3194.0,True,Preston HS,26784.9
T20240016651,2024-01-07,21:35:00,1,Collision with vehicle,1,Monday,120,HEAD ON (NOT OVERTAKING),3,805837,2,0,0,1,1,2,1,5,Not at intersection,3,50,Local Road,GEELONG,-38.232117,144.37111,3217.0,True,Preston HS,77976.2
T20230017949,2023-07-06,16:40:00,2,Struck Pedestrian,3,Wednesday,100,PED NEAR SIDE. PED HIT BY VEHICLE FROM THE RIGHT.,2,783244,1,0,0,1,1,2,2,5,Not at intersection,3,60,Arterial Highway,MORELAND,-37.73922,144.94592,3044.0,True,Preston HS,5386.7
T20210010637,2021-09-05,10:40:00,3,Struck animal,1,Sunday,167,STRUCK ANIMAL,1,683117,1,0,1,0,0,1,2,5,Not at intersection,2,100,,TOWONG,-36.483772,147.4427,3701.0,True,Reservoir HS,254493.0
T20220003656,2022-09-02,17:00:00,1,Collision with vehicle,3,Wednesday,121,RIGHT THROUGH,1,708639,2,0,0,2,0,2,1,5,Not at intersection,3,50,Arterial Other,MARIBYRNONG,-37.80363,144.89468,3011.0,True,Preston HS,12043.9
T20210025028,2021-07-12,16:35:00,1,Collision with vehicle,2,Tuesday,113,RIGHT NEAR (INTERSECTIONS ONLY),1,292841,2,0,1,1,0,2,1,4,Multiple intersection,2,60,Freeway,CASEY,-37.998283,145.27507,3803.0,True,Preston HS,36976.7
T20210001933,2021-08-01,12:45:00,8,No collision and no object struck,6,Friday,174,OUT OF CONTROL ON CARRIAGEWAY (ON STRAIGHT),1,674046,1,0,0,1,0,1,2,5,Not at intersection,3,60,Arterial Other,MONASH,-37.88224,145.10905,3149.0,True,Preston HS,18011.8
T20220010359,2022-08-05,18:00:00,1,Collision with vehicle,0,Sunday,122,LEFT THROUGH,2,711906,2,0,0,1,1,2,2,1,Cross intersection,3,40,Local Road,HOBSONS BAY,-37.868702,144.77805,3028.0,True,Preston HS,24584.0
T20230004919,2023-01-03,05:25:00,6,Vehicle overturned (no collision),4,Wednesday,174,OUT OF CONTROL ON CARRIAGEWAY (ON STRAIGHT),3,900,1,0,1,0,0,1,1,5,Not at intersection,2,80,Arterial Highway,FRANKSTON,-38.0722,145.1945,3201.0,True,Preston HS,40260.1
T20230019629,2023-03-08,16:10:00,1,Collision with vehicle,4,Thursday,121,RIGHT THROUGH,9,789220,2,0,0,1,1,2,2,1,Cross intersection,3,40,Local Road,YARRA,-37.817314,145.01329,3121.0,True,Preston HS,8425.5
T20250000651,2025-09-01,07:54:00,1,Collision with vehicle,5,Thursday,179,OTHER ACCIDENTS-OFF STRAIGHT NOT INCLUDED IN DCAs 170-175,1,813516,2,0,1,1,0,2,1,5,Not at intersection,2,60,Local Road,BASS COAST,-38.452328,145.22688,3922.0,True,Preston HS,81324.9
T20220020064,2022-05-09,17:20:00,1,Collision with vehicle,1,Monday,110,CROSS TRAFFIC(INTERSECTIONS ONLY),1,50612,2,0,1,0,1,2,1,1,Cross intersection,2,50,Local Road,COLAC OTWAY,-38.34147,143.58109,3250.0,True,Preston HS,141570.0
T20220014866,2022-03-07,12:25:00,4,Collision with a fixed object,1,Sunday,171,LEFT OFF CARRIAGEWAY INTO OBJECT/PARKED VEHICLE,1,785585,1,0,1,0,0,1,1,2,T intersection,2,60,Local Road,CARDINIA,-38.05743,145.47491,3810.0,True,Reservoir HS,54002.5
T20220003001,2022-11-02,15:45:00,1,Collision with vehicle,6,Friday,130,REAR END(VEHICLES IN SAME LANE),1,720259,2,0,1,0,1,2,1,5,Not at intersection,2,80,Local Road,GEELONG,-38.011723,144.42645,3212.0,True,Preston HS,59150.5
T20230008220,2023-06-04,17:00:00,1,Collision with vehicle,4,Thursday,121,RIGHT THROUGH,1,35712,2,0,0,1,1,2,2,1,Cross intersection,3,50,Arterial Other,MORELAND,-37.767048,144.96213,3056.0,True,Preston HS,4855.4
T20240002500,2024-01-02,10:11:00,1,Collision with vehicle,5,Thursday,121,RIGHT THROUGH,1,801097,2,0,1,1,1,3,1,2,T intersection,2,60,Arterial Other,MARIBYRNONG,-37.778355,144.87587,3012.0,True,Preston HS,12235.1
T20240025734,2024-11-10,19:10:00,1,Collision with vehicle,6,Friday,148,VEHICLE OFF FOOTPATH STRIKES VEH ON CARRIAGEWAY,2,810204,2,0,0,1,1,2,2,1,Cross intersection,3,999,Arterial Other,MONASH,-37.888878,145.16405,3150.0,True,Preston HS,21398.8
T20230003172,2023-09-02,08:15:00,1,Collision with vehicle,4,Thursday,119,OTHER ADJACENT (INTERSECTIONS ONLY),1,36798,2,0,0,1,1,2,1,1,Cross intersection,3,60,Arterial Other,PORT PHILLIP,-37.830566,144.9457,3207.0,True,Preston HS,11258.6
T20210020512,2021-12-09,13:00:00,8,No collision and no object struck,1,Sunday,174,OUT OF CONTROL ON CARRIAGEWAY (ON STRAIGHT),1,694374,1,0,0,1,0,1,2,5,Not at intersection,3,999,Arterial Other,BOROONDARA,-37.80656,145.03145,3101.0,True,Preston HS,7522.9
T20220002547,2022-06-02,09:20:00,4,Collision with a fixed object,1,Sunday,181,OFF RIGHT BEND INTO OBJECT/PARKED VEHICLE,1,705810,1,0,0,1,0,1,1,5,Not at intersection,3,100,Arterial Other,BAW BAW,-38.2077,145.75136,3818.0,True,Reservoir HS,83171.9
T20240002616,2024-02-02,17:25:00,1,Collision with vehicle,6,Friday,130,REAR END(VEHICLES IN SAME LANE),1,798854,2,0,0,1,1,2,1,5,Not at intersection,3,60,Arterial Highway,PORT PHILLIP,-37.835773,144.97249,3004.0,True,Preston HS,10893.6
T20240017620,2024-12-07,14:20:00,8,No collision and no object struck,6,Friday,179,OTHER ACCIDENTS-OFF STRAIGHT NOT INCLUDED IN DCAs 170-175,1,813854,1,0,1,0,0,1,1,5,Not at intersection,2,888,Arterial Other,MELTON,-37.682343,144.62073,3337.0,True,William Ruthven SC,33673.0
T20250011700,2025-02-05,10:32:00,1,Collision with vehicle,6,Friday,120,HEAD ON (NOT OVERTAKING),1,817872,2,1,0,0,1,2,1,5,Not at intersection,1,80,Arterial Highway,SURF COAST,-38.4815,144.02618,3231.0,True,Preston HS,118877.0
T20240004123,2024-06-02,20:55:00,1,Collision with vehicle,3,Tuesday,121,RIGHT THROUGH,2,807196,2,0,0,1,1,2,2,5,Not at intersection,3,40,Local Road,GEELONG,-38.141514,144.34781,3218.0,True,Preston HS,72931.1
T20210015053,2021-08-07,16:20:00,4,Collision with a fixed object,5,Thursday,173,RIGHT OFF CARRIAGEWAY INTO OBJECT/PARKED VEHICLE,1,687444,1,0,1,0,0,1,1,5,Not at intersection,2,60,Arterial Other,WYNDHAM,-37.90253,144.65239,3030.0,True,Preston HS,35923.6
T20220012670,2022-02-06,08:30:00,1,Collision with vehicle,4,Thursday,116,LEFT NEAR (INTERSECTIONS ONLY),1,69512,2,0,0,1,1,2,2,2,T intersection,3,50,Local Road,GLEN EIRA,-37.921757,145.03381,3204.0,True,Preston HS,20158.4
T20240023161,2024-12-09,05:25:00,1,Collision with vehicle,5,Thursday,113,RIGHT NEAR (INTERSECTIONS ONLY),3,67002,2,1,0,1,0,2,1,2,T intersection,1,60,Local Road,KNOX,-37.843143,145.27417,3153.0,True,Reservoir HS,25356.9
T20240016604,2024-01-07,10:20:00,2,Struck Pedestrian,2,Monday,106,VEH STRIKES PED ON FOOTPATH/MEDIAN/TRAFFIC ISLAND.,1,100,1,0,1,1,0,2,2,1,Cross intersection,2,40,Local Road,MELBOURNE,-37.800587,144.96545,3053.0,True,Preston HS,7501.8
T20220007463,2022-01-04,08:30:00,1,Collision with vehicle,6,Friday,148,VEHICLE OFF FOOTPATH STRIKES VEH ON CARRIAGEWAY,1,712063,2,0,0,1,1,2,2,5,Not at intersection,3,60,Arterial Other,MORELAND,-37.735897,144.98233,3058.0,True,Preston HS,2271.7
T20240000384,2024-06-01,10:30:00,6,Vehicle overturned (no collision),6,Saturday,170,OFF CARRIAGEWAY TO LEFT,1,795876,1,0,0,1,0,1,2,9,Unknown,3,80,Arterial Other,CARDINIA,-37.987217,145.50766,3781.0,True,Reservoir HS,51285.2
T20230005138,2023-03-03,14:00:00,1,Collision with vehicle,5,Friday,163,VEHICLE STRIKES DOOR OF PARKED/STATIONARY VEHICLE,1,758798,3,0,0,1,2,3,1,5,Not at intersection,3,60,Arterial Other,STONNINGTON,-37.853294,145.04272,3146.0,True,Preston HS,12797.3
T20240011787,2024-08-05,15:30:00,2,Struck Pedestrian,3,Wednesday,100,PED NEAR SIDE. PED HIT BY VEHICLE FROM THE RIGHT.,1,805407,1,0,0,1,1,2,2,2,T intersection,3,40,Local Road,MELBOURNE,-37.810394,144.96873,3000.0,True,Preston HS,8349.7
T20220022894,2022-11-10,15:30:00,1,Collision with vehicle,3,Tuesday,134,LANE CHANGE RIGHT (NOT OVERTAKING),1,783225,2,0,0,1,1,2,1,5,Not at intersection,3,60,Arterial Highway,PORT PHILLIP,-37.83154,144.96608,3205.0,True,Preston HS,10620.2
T20210020629,2021-11-10,17:00:00,8,No collision and no object struck,2,Monday,199,UNKNOWN-NO DETAILS ON MANOEUVRES OF ROAD-USERS IN ACCIDENT,1,695012,1,0,0,1,0,1,1,5,Not at intersection,3,50,Local Road,SWAN HILL,-35.337177,143.55754,3585.0,True,William Ruthven SC,292414.5
T20220022159,2022-02-10,12:05:00,1,Collision with vehicle,0,Sunday,130,REAR END(VEHICLES IN SAME LANE),1,786105,2,0,1,0,2,3,1,5,Not at intersection,2,60,Arterial Highway,MORNINGTON PENINSULA,-38.36642,144.86505,3940.0,True,Preston HS,70570.3
T20220014998,2022-05-07,05:00:00,1,Collision with vehicle,3,Tuesday,121,RIGHT THROUGH,3,782102,2,0,0,1,1,2,1,5,Not at intersection,3,40,Local Road,MELBOURNE,-37.79768,144.97044,3053.0,True,Preston HS,7009.3
T20230023055,2023-03-10,08:58:00,2,Struck Pedestrian,2,Tuesday,100,PED NEAR SIDE. PED HIT BY VEHICLE FROM THE RIGHT.,1,282839,1,0,0,1,1,2,2,1,Cross intersection,3,40,Local Road,YARRA,-37.815155,145.00598,3121.0,True,Preston HS,8168.4
T20240027655,2024-10-09,16:00:00,1,Collision with vehicle,3,Tuesday,121,RIGHT THROUGH,9,29540,2,0,0,1,1,2,2,1,Cross intersection,3,60,Arterial Other,BOROONDARA,-37.7953,145.03629,3101.0,True,Preston HS,6488.9
T20230023402,2023-07-10,11:05:00,4,Collision with a fixed object,7,Saturday,181,OFF RIGHT BEND INTO OBJECT/PARKED VEHICLE,1,789428,1,0,1,0,0,1,1,5,Not at intersection,2,70,Arterial Other,MOORABOOL,-37.54753,144.30136,3341.0,True,William Ruthven SC,63976.9
T20230018615,2023-09-08,17:00:00,2,Struck Pedestrian,4,Wednesday,100,PED NEAR SIDE. PED HIT BY VEHICLE FROM THE RIGHT.,1,779328,1,0,1,0,1,2,2,2,T intersection,2,999,Local Road,DAREBIN,-37.74371,144.99763,3072.0,True,Preston HS,862.2
T20250006275,2025-07-03,19:35:00,1,Collision with vehicle,6,Friday,137,LEFT TURN SIDESWIPE,2,47301,2,0,0,1,1,2,2,2,T intersection,3,40,Arterial Other,YARRA,-37.82773,144.99756,3121.0,True,Preston HS,9602.8
T20250018573,2025-12-07,13:52:00,2,Struck Pedestrian,7,Saturday,102,FAR SIDE. PED HIT BY VEHICLE FROM THE LEFT,1,821501,1,0,1,0,2,3,1,2,T intersection,2,60,Arterial Other,MONASH,-37.869843,145.11137,3149.0,True,Preston HS,16939.5
T20250018907,2025-04-05,13:00:00,6,Vehicle overturned (no collision),0,Sunday,184,OUT OF CONTROL ON CARRIAGEWAY (ON BEND),1,821118,1,0,0,1,0,1,2,2,T intersection,3,50,Local Road,BASS COAST,-38.463306,145.21495,3922.0,True,Preston HS,82274.2
T20210007819,2021-07-04,23:40:00,1,Collision with vehicle,4,Wednesday,131,LEFT REAR,3,43260,2,0,0,1,1,2,1,1,Cross intersection,3,999,Arterial Other,DANDENONG,-38.01341,145.20575,3175.0,True,Preston HS,34882.7
T20220002301,2022-03-02,15:25:00,1,Collision with vehicle,5,Thursday,139,OTHER SAME DIRECTION-MANOUEVRES NOT INCLUDED IN DCAs 130-137,1,703723,3,0,0,2,1,3,1,5,Not at intersection,3,80,Arterial Other,WANGARATTA,-36.760815,146.35725,3678.0,True,William Ruthven SC,158748.8
T20230015413,2023-03-07,17:34:00,1,Collision with vehicle,2,Monday,139,OTHER SAME DIRECTION-MANOUEVRES NOT INCLUDED IN DCAs 130-137,3,776644,2,1,0,0,1,2,1,2,T intersection,1,60,Local Road,STONNINGTON,-37.87433,145.05986,3145.0,True,Preston HS,15459.0
T20230012253,2023-12-05,06:00:00,1,Collision with vehicle,6,Friday,163,VEHICLE STRIKES DOOR OF PARKED/STATIONARY VEHICLE,9,775114,2,0,0,1,1,2,2,5,Not at intersection,3,999,Arterial Other,YARRA,-37.824642,145.00737,3121.0,True,Preston HS,9222.8
T20210025599,2021-12-12,12:30:00,8,No collision and no object struck,1,Sunday,184,OUT OF CONTROL ON CARRIAGEWAY (ON BEND),1,699582,1,0,0,1,0,1,2,5,Not at intersection,3,80,Arterial Highway,COLAC OTWAY,-38.704437,143.77483,3234.0,True,Preston HS,151811.3
T20220007507,2022-04-04,06:00:00,6,Vehicle overturned (no collision),1,Monday,174,OUT OF CONTROL ON CARRIAGEWAY (ON STRAIGHT),5,713958,1,0,0,1,0,1,1,2,T intersection,3,100,Local Road,MILDURA,-34.33651,142.22095,3496.0,True,William Ruthven SC,449608.7
T20220004874,2022-04-03,17:35:00,1,Collision with vehicle,6,Friday,139,OTHER SAME DIRECTION-MANOUEVRES NOT INCLUDED IN DCAs 130-137,1,707530,3,0,1,0,2,3,1,9,Unknown,2,80,Freeway,HOBSONS BAY,-37.825436,144.88779,3015.0,True,Preston HS,14022.5
T20230018693,2023-11-08,08:50:00,6,Vehicle overturned (no collision),5,Friday,174,OUT OF CONTROL ON CARRIAGEWAY (ON STRAIGHT),1,789523,1,0,0,1,0,1,1,5,Not at intersection,3,60,Arterial Other,MORNINGTON PENINSULA,-38.273994,145.00153,3934.0,True,Preston HS,59190.4
T20220002812,2022-09-02,08:20:00,2,Struck Pedestrian,3,Wednesday,100,PED NEAR SIDE. PED HIT BY VEHICLE FROM THE RIGHT.,1,65772,1,0,0,2,0,2,2,1,Cross intersection,3,777,Local Road,MELBOURNE,-37.81104,144.9589,3000.0,True,Preston HS,8797.4
T20230000035,2023-01-01,13:00:00,1,Collision with vehicle,0,Sunday,120,HEAD ON (NOT OVERTAKING),1,780449,2,0,0,2,0,2,1,5,Not at intersection,3,80,Arterial Other,YARRA RANGES,-37.63643,145.90625,3799.0,True,Reservoir HS,77756.3
T20220005205,2022-08-03,12:12:00,1,Collision with vehicle,3,Tuesday,137,LEFT TURN SIDESWIPE,1,37749,2,0,0,1,1,2,1,1,Cross intersection,3,60,Arterial Other,STONNINGTON,-37.847137,145.00339,3141.0,True,Preston HS,11728.6
T20240025110,2024-05-10,11:30:00,4,Collision with a fixed object,7,Saturday,173,RIGHT OFF CARRIAGEWAY INTO OBJECT/PARKED VEHICLE,1,810101,2,0,0,1,0,1,1,5,Not at intersection,3,50,Arterial Other,MERRI-BEK,-37.71064,144.92262,3046.0,True,William Ruthven SC,7242.4
T20220024641,2022-02-11,07:50:00,1,Collision with vehicle,4,Wednesday,130,REAR END(VEHICLES IN SAME LANE),1,753250,2,0,1,1,0,2,1,5,Not at intersection,2,60,Arterial Highway,WHITEHORSE,-37.816734,145.11423,3127.0,True,Preston HS,12580.1
T20240000644,2024-09-01,21:50:00,1,Collision with vehicle,3,Tuesday,169,OTHER ON PATH,3,797321,2,0,1,0,0,1,1,5,Not at intersection,2,60,Local Road,KINGSTON,-38.0073,145.08887,3195.0,True,Preston HS,30393.0
T20230020959,2023-02-09,14:30:00,6,Vehicle overturned (no collision),7,Saturday,184,OUT OF CONTROL ON CARRIAGEWAY (ON BEND),1,789896,1,0,0,1,0,1,2,2,T intersection,3,100,Local Road,MURRINDINDI,-37.29445,145.56781,3717.0,True,William Ruthven SC,66947.6
T20220013951,2022-03-06,12:00:00,1,Collision with vehicle,5,Friday,130,REAR END(VEHICLES IN SAME LANE),1,812711,2,0,0,1,1,2,2,5,Not at intersection,3,999,Local Road,MORNINGTON PENINSULA,-38.174965,145.09875,3930.0,True,Preston HS,48842.3
T20210007935,2021-06-04,15:30:00,8,No collision and no object struck,3,Tuesday,184,OUT OF CONTROL ON CARRIAGEWAY (ON BEND),1,680435,1,0,1,0,0,1,2,5,Not at intersection,2,80,Arterial Other,YARRA RANGES,-37.679005,145.85175,3799.0,True,Reservoir HS,72510.2
T20240011357,2024-05-05,03:38:00,1,Collision with vehicle,1,Sunday,124,RIGHT/RIGHT BOTH VEHs FROM OPPOSITE DIRECTIONS TURNING RIGHT,3,29887,2,0,1,1,0,2,1,1,Cross intersection,2,60,Arterial Highway,PORT PHILLIP,-37.856743,144.98254,3182.0,True,Preston HS,12972.9
T20210000795,2021-12-01,21:13:00,1,Collision with vehicle,2,Tuesday,163,VEHICLE STRIKES DOOR OF PARKED/STATIONARY VEHICLE,3,672978,2,0,0,1,1,2,1,5,Not at intersection,3,40,Local Road,MORELAND,-37.76554,144.97278,3057.0,True,Preston HS,4016.4
T20240017143,2024-02-07,17:20:00,1,Collision with vehicle,3,Tuesday,147,VEHICLE STRIKES ANOTHER VEH WHILE EMERGING FROM DRIVEWAY,1,808525,2,0,0,1,1,2,2,5,Not at intersection,3,60,Arterial Other,GEELONG,-38.101,144.34528,3215.0,True,Preston HS,70471.7
T20220027578,2022-05-12,08:47:00,2,Struck Pedestrian,2,Monday,102,FAR SIDE. PED HIT BY VEHICLE FROM THE LEFT,1,37888,1,0,2,0,1,3,1,2,T intersection,2,60,Arterial Other,YARRA,-37.786896,144.99333,3068.0,True,Preston HS,5169.3
T20220010459,2022-09-05,15:15:00,1,Collision with vehicle,2,Monday,133,LANE SIDE SWIPE (VEHICLES IN PARALLEL LANES),1,718152,3,0,1,0,2,3,1,5,Not at intersection,2,70,Arterial Highway,YARRA,-37.806126,144.99194,3067.0,True,Preston HS,7286.7
T20250000374,2025-05-01,23:15:00,1,Collision with vehicle,1,Sunday,110,CROSS TRAFFIC(INTERSECTIONS ONLY),3,406,2,0,2,0,1,3,1,1,Cross intersection,2,60,Arterial Other,DAREBIN,-37.75956,145.00044,3071.0,True,Preston HS,2070.5
T20230016101,2023-11-07,18:48:00,2,Struck Pedestrian,3,Tuesday,100,PED NEAR SIDE. PED HIT BY VEHICLE FROM THE RIGHT.,2,778705,1,0,2,0,0,2,1,2,T intersection,2,80,Arterial Highway,CASEY,-38.006275,145.27339,3803.0,True,Preston HS,37573.9
T20240009181,2024-07-03,16:35:00,3,Struck animal,4,Thursday,167,STRUCK ANIMAL,1,801417,1,0,0,1,0,1,2,5,Not at intersection,3,100,Arterial Other,MITCHELL,-37.01337,144.54579,3444.0,True,William Ruthven SC,86044.6
T20250000209,2025-03-01,17:00:00,1,Collision with vehicle,6,Friday,183,OFF LEFT BEND INTO OBJECT/PARKED VEHICLE,1,813269,2,0,1,0,0,1,1,5,Not at intersection,2,50,Local Road,KINGSTON,-38.07546,145.14243,3197.0,True,Preston HS,38965.3
T20220007327,2022-01-04,12:30:00,2,Struck Pedestrian,5,Friday,100,PED NEAR SIDE. PED HIT BY VEHICLE FROM THE RIGHT.,1,37411,1,0,0,1,1,2,2,4,Multiple intersection,3,60,Arterial Other,PORT PHILLIP,-37.831264,144.94444,3207.0,True,Preston HS,11379.9
T20250012179,2025-07-05,08:30:00,1,Collision with vehicle,4,Wednesday,163,VEHICLE STRIKES DOOR OF PARKED/STATIONARY VEHICLE,1,818570,2,0,0,1,1,2,2,5,Not at intersection,3,60,Arterial Other,GLEN EIRA,-37.87844,145.01038,3185.0,True,Preston HS,15207.5
T20230002635,2023-02-02,16:20:00,2,Struck Pedestrian,5,Thursday,102,FAR SIDE. PED HIT BY VEHICLE FROM THE LEFT,1,752284,1,0,0,1,1,2,1,5,Not at intersection,3,40,Local Road,MAROONDAH,-37.815994,145.22984,3134.0,True,Reservoir HS,20462.4
T20220013139,2022-06-06,06:00:00,2,Struck Pedestrian,2,Monday,105,PED WALKING AGAINST TRAFFIC.,3,714740,2,0,0,1,2,3,2,6,Dead end,3,50,,GEELONG,-38.101658,144.34818,3215.0,True,Preston HS,70303.7
T20250021674,2025-06-08,11:40:00,1,Collision with vehicle,3,Wednesday,163,VEHICLE STRIKES DOOR OF PARKED/STATIONARY VEHICLE,1,821546,2,0,0,1,2,3,2,5,Not at intersection,3,60,Local Road,MELBOURNE,-37.81489,144.96346,3000.0,True,Preston HS,8996.8
T20240025815,2024-12-10,22:49:00,1,Collision with vehicle,6,Saturday,130,REAR END(VEHICLES IN SAME LANE),3,797192,2,0,1,0,1,2,1,5,Not at intersection,2,80,Freeway,HOBSONS BAY,-37.825943,144.89116,3015.0,True,Preston HS,13840.6
T20230010513,2023-05-05,09:30:00,8,No collision and no object struck,6,Friday,174,OUT OF CONTROL ON CARRIAGEWAY (ON STRAIGHT),1,279272,1,0,0,1,0,1,1,2,T intersection,3,80,Freeway,WODONGA,-36.10949,146.89938,3690.0,True,William Ruthven SC,244069.4
T20250015553,2025-11-06,07:23:00,2,Struck Pedestrian,4,Wednesday,100,PED NEAR SIDE. PED HIT BY VEHICLE FROM THE RIGHT.,1,41249,1,0,1,0,1,2,1,1,Cross intersection,2,60,Arterial Other,GLEN EIRA,-37.879154,145.01631,3161.0,True,Preston HS,15305.6
T20210008272,2021-12-04,13:50:00,2,Struck Pedestrian,2,Monday,107,PED ON FOOTHPATH STRUCK BY VEHENTERING/LEAVING DRIVEWAY.,1,691343,1,0,0,1,1,2,2,5,Not at intersection,3,999,Local Road,CASEY,-37.98723,145.24275,3177.0,True,Preston HS,34253.6
T20230007684,2023-01-04,10:50:00,6,Vehicle overturned (no collision),7,Saturday,180,OFF CARRIAGEWAY ON RIGHT BEND,1,323392,1,0,0,1,0,1,1,5,Not at intersection,3,100,Arterial Other,INDIGO,-36.254776,147.07991,3695.0,True,William Ruthven SC,244407.3
T20220017830,2022-09-08,16:04:00,2,Struck Pedestrian,3,Tuesday,101,PED EMERGES FROM IN FRONT OF PARKED OR STATIONARY VEHICLE,1,721062,1,0,0,1,1,2,1,2,T intersection,3,50,Local Road,HUME,-37.598877,144.89421,3064.0,True,William Ruthven SC,14479.5
T20220024938,2022-04-11,15:50:00,1,Collision with vehicle,6,Friday,121,RIGHT THROUGH,1,40950,2,0,1,0,1,2,1,2,T intersection,2,70,Arterial Other,MAROONDAH,-37.83052,145.26404,3153.0,True,Reservoir HS,23870.9
T20240005778,2024-07-03,10:15:00,8,No collision and no object struck,5,Thursday,174,OUT OF CONTROL ON CARRIAGEWAY (ON STRAIGHT),1,799346,1,0,0,1,0,1,1,5,Not at intersection,3,50,Local Road,YARRA RANGES,-37.75811,145.34656,3140.0,True,Reservoir HS,28169.8
T20220027356,2022-02-12,19:55:00,1,Collision with vehicle,6,Friday,147,VEHICLE STRIKES ANOTHER VEH WHILE EMERGING FROM DRIVEWAY,2,756306,2,0,1,0,1,2,1,5,Not at intersection,2,100,Arterial Other,BAW BAW,-38.094135,145.8517,3818.0,True,Reservoir HS,83144.5
T20230018230,2022-10-08,09:55:00,2,Struck Pedestrian,4,Wednesday,102,FAR SIDE. PED HIT BY VEHICLE FROM THE LEFT,1,780318,1,0,0,1,1,2,2,5,Not at intersection,3,60,Arterial Other,HUME,-37.64028,144.92686,3064.0,True,William Ruthven SC,9167.1
T20230023375,2023-06-10,23:13:00,2,Struck Pedestrian,5,Friday,102,FAR SIDE. PED HIT BY VEHICLE FROM THE LEFT,3,783505,1,0,1,0,1,2,1,5,Not at intersection,2,40,Arterial Other,MELBOURNE,-37.80406,144.93333,3003.0,True,Preston HS,9493.3
T20230000716,2023-11-01,10:45:00,8,No collision and no object struck,4,Wednesday,174,OUT OF CONTROL ON CARRIAGEWAY (ON STRAIGHT),1,747370,1,0,1,0,0,1,1,5,Not at intersection,2,50,Local Road,CASEY,-38.135445,145.23972,3977.0,True,Preston HS,48301.7
T20210015102,2021-08-07,16:00:00,1,Collision with vehicle,4,Thursday,121,RIGHT THROUGH,1,730759,2,0,0,1,1,2,2,2,T intersection,3,999,Local Road,DAREBIN,-37.756397,145.01366,3071.0,True,Preston HS,1733.0
T20210004932,2021-06-03,09:29:00,1,Collision with vehicle,7,Saturday,113,RIGHT NEAR (INTERSECTIONS ONLY),1,359708,2,0,2,0,3,5,1,1,Cross intersection,2,100,Arterial Other,GEELONG,-38.186096,144.67993,3223.0,True,Preston HS,57135.2