ACCIDENT_NO,ACCIDENT_DATE,ACCIDENT_TIME,ACCIDENT_TYPE,ACCIDENT_TYPE_DESC,DAY_OF_WEEK,DAY_WEEK_DESC,DCA_CODE,DCA_DESC,LIGHT_CONDITION,NODE_ID,NO_OF_VEHICLES,NO_PERSONS_KILLED,NO_PERSONS_INJ_2,NO_PERSONS_INJ_3,NO_PERSONS_NOT_INJ,NO_PERSONS,POLICE_ATTEND,ROAD_GEOMETRY,ROAD_GEOMETRY_DESC,SEVERITY,SPEED_ZONE,RMA,LGA_NAME,LATITUDE,LONGITUDE,POSTCODE_CRASH,PED_OR_CYC,nearest_school,dist_to_gate_m
T20220004596,2022-01-03,19:55:00,1,Collision with vehicle,3,Tuesday,134,LANE CHANGE RIGHT (NOT OVERTAKING),1,707169,2,0,0,1,1,2,1,5,Not at intersection,3,70,Arterial Other,HUME,-37.681423,144.90723,3047.0,True,William Ruthven SC,8592.2
T20230010632,2023-06-05,13:45:00,1,Collision with vehicle,7,Saturday,121,RIGHT THROUGH,1,773587,2,0,1,0,1,2,1,5,Not at intersection,2,50,Local Road,MORELAND,-37.74165,144.9624,3058.0,True,Preston HS,3930.5
T20230000683,2023-05-01,07:50:00,1,Collision with vehicle,4,Thursday,160,VEHICLE COLLIDES WITH VEHICLE PARKED ON LEFT OF ROAD,1,747157,2,0,1,0,1,2,2,5,Not at intersection,2,50,,MONASH,-37.90648,145.11272,3166.0,True,Preston HS,20537.3
T20210018778,2021-06-09,11:00:00,3,Struck animal,2,Monday,167,STRUCK ANIMAL,1,694281,1,0,0,1,0,1,2,5,Not at intersection,3,999,,GLENELG,-38.223648,141.55771,3305.0,True,Preston HS,307010.2
T20240031907,2024-12-12,16:27:00,1,Collision with vehicle,5,Thursday,139,OTHER SAME DIRECTION-MANOUEVRES NOT INCLUDED IN DCAs 130-137,1,812348,3,1,0,0,2,3,1,5,Not at intersection,1,80,Freeway,HOBSONS BAY,-37.824856,144.87564,3015.0,True,Preston HS,14797.5
T20240011802,2024-09-05,09:13:00,7,Fall from or in moving vehicle,5,Thursday,190,FELL IN/FROM VEHICLE,1,45297,1,0,0,1,0,1,1,2,T intersection,3,999,Arterial Other,HUME,-37.533195,144.88454,3064.0,True,William Ruthven SC,20946.4
T20240011685,2024-08-05,08:45:00,1,Collision with vehicle,4,Wednesday,121,RIGHT THROUGH,1,13376,2,0,1,0,1,2,1,2,T intersection,2,40,Freeway,MELBOURNE,-37.804676,144.93532,3003.0,True,Preston HS,9425.5
T20220027391,2022-03-12,10:27:00,1,Collision with vehicle,6,Saturday,130,REAR END(VEHICLES IN SAME LANE),1,777626,2,0,0,1,1,2,1,1,Cross intersection,3,80,Arterial Other,YARRA RANGES,-37.79701,145.35912,3140.0,True,Reservoir HS,30149.3
T20220010703,2022-12-04,12:00:00,8,No collision and no object struck,3,Tuesday,174,OUT OF CONTROL ON CARRIAGEWAY (ON STRAIGHT),1,712291,1,0,1,0,0,1,2,5,Not at intersection,2,100,Local Road,MACEDON RANGES,-37.458183,144.5774,3437.0,True,William Ruthven SC,45925.0
T20240002947,2024-05-02,15:00:00,8,No collision and no object struck,1,Monday,184,OUT OF CONTROL ON CARRIAGEWAY (ON BEND),1,797706,1,0,0,1,0,1,2,5,Not at intersection,3,80,Local Road,YARRA RANGES,-37.84199,145.55869,3139.0,True,Reservoir HS,48378.7
T20220024617,2022-01-11,11:35:00,6,Vehicle overturned (no collision),3,Tuesday,174,OUT OF CONTROL ON CARRIAGEWAY (ON STRAIGHT),1,186022,1,0,0,1,0,1,2,1,Cross intersection,3,50,Arterial Highway,BENDIGO,-36.763348,144.27072,3550.0,True,William Ruthven SC,122353.1
T20220020449,2022-10-09,16:30:00,2,Struck Pedestrian,7,Saturday,101,PED EMERGES FROM IN FRONT OF PARKED OR STATIONARY VEHICLE,1,738530,1,0,1,0,2,3,2,5,Not at intersection,2,50,,BRIMBANK,-37.73916,144.81099,3021.0,True,Preston HS,17246.7
T20230028914,2023-01-12,08:45:00,1,Collision with vehicle,5,Friday,163,VEHICLE STRIKES DOOR OF PARKED/STATIONARY VEHICLE,1,804772,2,0,0,1,1,2,2,5,Not at intersection,3,999,Arterial Other,YARRA,-37.834255,144.9966,3121.0,True,Preston HS,10332.9
T20240020798,2023-08-09,05:00:00,1,Collision with vehicle,5,Friday,130,REAR END(VEHICLES IN SAME LANE),9,807517,2,0,0,1,1,2,2,2,T intersection,3,40,Arterial Other,MELBOURNE,-37.802406,144.95674,3051.0,True,Preston HS,8072.0
T20230029217,2023-09-12,14:10:00,2,Struck Pedestrian,7,Saturday,100,PED NEAR SIDE. PED HIT BY VEHICLE FROM THE RIGHT.,1,792433,1,0,0,1,1,2,1,5,Not at intersection,3,60,Arterial Highway,BALLARAT,-37.578087,143.84296,3350.0,True,William Ruthven SC,102990.7
T20220013257,2022-12-06,12:17:00,2,Struck Pedestrian,1,Sunday,100,PED NEAR SIDE. PED HIT BY VEHICLE FROM THE RIGHT.,1,715339,1,0,0,1,1,2,1,5,Not at intersection,3,50,Local Road,MITCHELL,-37.41556,144.97198,3756.0,True,William Ruthven SC,31362.9
T20230005548,2023-07-03,11:30:00,6,Vehicle overturned (no collision),3,Tuesday,174,OUT OF CONTROL ON CARRIAGEWAY (ON STRAIGHT),1,759716,1,0,1,0,0,1,2,5,Not at intersection,2,777,,EAST GIPPSLAND,-36.87792,148.077,3900.0,True,Reservoir HS,285437.2
T20250014431,2025-03-02,14:00:00,1,Collision with vehicle,2,Monday,132,RIGHT REAR.,1,818813,2,0,0,1,1,2,2,5,Not at intersection,3,50,Local Road,GLEN EIRA,-37.883698,145.01025,3185.0,True,Preston HS,15791.9
T20210007801,2021-07-04,17:28:00,1,Collision with vehicle,4,Wednesday,140,U TURN,1,680585,2,0,1,0,1,2,1,5,Not at intersection,2,60,Arterial Other,MELBOURNE,-37.824425,144.96188,3006.0,True,Preston HS,10020.3
T20230000384,2023-06-01,18:31:00,6,Vehicle overturned (no collision),6,Friday,174,OUT OF CONTROL ON CARRIAGEWAY (ON STRAIGHT),1,758004,1,0,0,1,0,1,1,5,Not at intersection,3,40,Local Road,HOBSONS BAY,-37.83557,144.84253,3025.0,True,Preston HS,17834.9
T20240011623,2024-07-05,18:00:00,2,Struck Pedestrian,2,Tuesday,106,VEH STRIKES PED ON FOOTPATH/MEDIAN/TRAFFIC ISLAND.,3,803125,1,0,0,2,0,2,1,5,Not at intersection,3,999,Arterial Highway,DANDENONG,-37.951286,145.15254,3171.0,True,Preston HS,26574.5
T20250005684,2025-02-03,11:05:00,4,Collision with a fixed object,1,Sunday,181,OFF RIGHT BEND INTO OBJECT/PARKED VEHICLE,1,815893,1,0,1,0,0,1,1,5,Not at intersection,2,100,Arterial Other,SOUTH GIPPSLAND,-38.333164,145.72636,3988.0,True,Preston HS,91067.0
T20250020347,2025-01-08,16:00:00,2,Struck Pedestrian,6,Friday,101,PED EMERGES FROM IN FRONT OF PARKED OR STATIONARY VEHICLE,1,820807,1,0,1,0,1,2,1,5,Not at intersection,2,40,Local Road,BANYULE,-37.742188,145.07849,3084.0,True,Reservoir HS,4845.5
T20230028776,2023-03-12,11:30:00,2,Struck Pedestrian,0,Sunday,100,PED NEAR SIDE. PED HIT BY VEHICLE FROM THE RIGHT.,1,35563,1,0,1,0,1,2,1,2,T intersection,2,50,Arterial Other,MONASH,-37.890507,145.14494,3149.0,True,Preston HS,20503.6
T20240005914,2024-05-03,07:50:00,1,Collision with vehicle,2,Tuesday,121,RIGHT THROUGH,1,805210,2,0,0,1,1,2,2,5,Not at intersection,3,60,Local Road,DAREBIN,-37.752384,145.00247,3072.0,True,Preston HS,1255.8
T20230025895,2023-05-11,13:10:00,7,Fall from or in moving vehicle,1,Sunday,184,OUT OF CONTROL ON CARRIAGEWAY (ON BEND),1,797509,1,0,0,1,0,1,1,2,T intersection,3,50,Arterial Other,HEPBURN,-37.38926,144.32625,3458.0,True,William Ruthven SC,68756.0
T20250006448,2025-09-03,17:30:00,1,Collision with vehicle,0,Sunday,137,LEFT TURN SIDESWIPE,1,816683,2,0,0,1,1,2,1,4,Multiple intersection,3,40,Arterial Other,DANDENONG,-37.933132,145.15633,3171.0,True,Preston HS,24996.9
T20230013445,2023-09-06,16:40:00,1,Collision with vehicle,6,Friday,110,CROSS TRAFFIC(INTERSECTIONS ONLY),1,775789,2,0,1,0,1,2,1,1,Cross intersection,2,60,Local Road,WYNDHAM,-37.89869,144.72787,3030.0,True,Preston HS,30104.7
T20220007942,2022-09-04,09:29:00,1,Collision with vehicle,7,Saturday,113,RIGHT NEAR (INTERSECTIONS ONLY),1,709302,2,0,1,0,1,2,1,2,T intersection,2,80,Arterial Highway,MORNINGTON PENINSULA,-38.20315,145.07867,3930.0,True,Preston HS,51693.0
T20230018103,2023-03-08,16:45:00,1,Collision with vehicle,5,Thursday,110,CROSS TRAFFIC(INTERSECTIONS ONLY),1,39973,2,0,0,1,1,2,1,1,Cross intersection,3,50,Local Road,HOBSONS BAY,-37.84713,144.86864,3015.0,True,Preston HS,16895.3
T20220004246,2022-05-02,22:30:00,1,Collision with vehicle,7,Saturday,160,VEHICLE COLLIDES WITH VEHICLE PARKED ON LEFT OF ROAD,6,707476,2,0,0,1,0,1,2,5,Not at intersection,3,999,Local Road,HOBSONS BAY,-37.873512,144.76855,3028.0,True,Preston HS,25573.9
T20250000516,2025-07-01,15:21:00,5,collision with some other object,3,Tuesday,189,OTHER ACCIDENTS ON CURVE NOT INCLUDED IN DCAs 180-184,1,137838,1,0,1,0,0,1,1,5,Not at intersection,2,60,Arterial Other,NILLUMBIK,-37.56934,145.30438,3761.0,True,Reservoir HS,29594.0
T20250003161,2025-06-02,08:08:00,1,Collision with vehicle,5,Thursday,111,RIGHT FAR (INTERSECTIONS ONLY),1,50691,2,0,0,1,1,2,1,1,Cross intersection,3,40,Local Road,WARRNAMBOOL,-38.380814,142.48271,3280.0,True,Preston HS,232144.4
T20220008385,2022-12-04,11:20:00,9,Other accident,3,Tuesday,179,OTHER ACCIDENTS-OFF STRAIGHT NOT INCLUDED IN DCAs 170-175,1,40287,1,0,0,1,0,1,2,2,T intersection,3,50,Arterial Other,BOROONDARA,-37.83549,145.03302,3122.0,True,Preston HS,10674.8
T20250016781,2025-07-06,22:00:00,2,Struck Pedestrian,7,Saturday,100,PED NEAR SIDE. PED HIT BY VEHICLE FROM THE RIGHT.,3,300128,1,0,0,1,1,2,1,1,Cross intersection,3,50,Local Road,HOBSONS BAY,-37.86715,144.9063,3016.0,True,Preston HS,16523.1
T20250005957,2025-05-03,08:40:00,2,Struck Pedestrian,4,Wednesday,101,PED EMERGES FROM IN FRONT OF PARKED OR STATIONARY VEHICLE,1,816451,1,0,1,0,1,2,1,5,Not at intersection,2,40,Local Road,GEELONG,-38.18624,144.46516,3224.0,True,Preston HS,68560.3
T20210004935,2021-06-03,12:25:00,1,Collision with vehicle,7,Saturday,120,HEAD ON (NOT OVERTAKING),1,686076,2,0,0,1,1,2,1,5,Not at intersection,3,999,Local Road,WANGARATTA,-36.288643,146.5262,3678.0,True,William Ruthven SC,206896.6
T20250000023,2025-01-01,07:30:00,3,Struck animal,4,Wednesday,167,STRUCK ANIMAL,1,813686,1,0,1,0,0,1,1,5,Not at intersection,2,100,Arterial Other,TOWONG,-35.953182,147.4866,3691.0,True,William Ruthven SC,293997.2
T20250005648,2025-02-03,08:59:00,8,No collision and no object struck,1,Sunday,174,OUT OF CONTROL ON CARRIAGEWAY (ON STRAIGHT),1,815802,1,0,1,0,0,1,1,5,Not at intersection,2,110,Freeway,HUME,-37.641224,144.73363,3427.0,True,William Ruthven SC,24493.1
T20250017993,2025-06-07,21:30:00,4,Collision with a fixed object,1,Sunday,181,OFF RIGHT BEND INTO OBJECT/PARKED VEHICLE,5,111988,1,0,1,0,0,1,1,5,Not at intersection,2,70,Arterial Other,MELTON,-37.68279,144.63542,3337.0,True,William Ruthven SC,32379.4
T20220020967,2022-06-07,15:35:00,6,Vehicle overturned (no collision),4,Wednesday,184,OUT OF CONTROL ON CARRIAGEWAY (ON BEND),1,768229,1,0,0,1,0,1,2,5,Not at intersection,3,100,,STRATHBOGIE,-36.892452,145.40125,3664.0,True,William Ruthven SC,96100.5
T20230026227,2023-09-11,08:53:00,1,Collision with vehicle,4,Thursday,147,VEHICLE STRIKES ANOTHER VEH WHILE EMERGING FROM DRIVEWAY,1,787054,2,0,0,1,1,2,1,5,Not at intersection,3,999,,MOONEE VALLEY,-37.774815,144.90851,3032.0,True,Preston HS,9416.9
T20250009665,2025-09-04,16:00:00,1,Collision with vehicle,4,Wednesday,117,LEFT/RIGHT FAR (INTERSECTIONS ONLY),1,71640,2,0,0,1,1,2,2,1,Cross intersection,3,60,Local Road,FRANKSTON,-38.118637,145.12898,3198.0,True,Preston HS,43255.1
T20220025112,2022-07-11,15:54:00,1,Collision with vehicle,2,Monday,130,REAR END(VEHICLES IN SAME LANE),1,733910,2,0,1,0,1,2,1,4,Multiple intersection,2,40,Freeway,LATROBE,-38.209694,146.3202,3825.0,True,Reservoir HS,125458.3
T20230011125,2023-12-05,14:18:00,1,Collision with vehicle,6,Friday,140,U TURN,1,774386,2,0,1,0,1,2,1,5,Not at intersection,2,40,Local Road,BALLARAT,-37.55323,143.8438,3350.0,True,William Ruthven SC,103324.3
T20240031252,2024-05-12,07:30:00,8,No collision and no object struck,5,Thursday,180,OFF CARRIAGEWAY ON RIGHT BEND,1,279647,1,0,0,1,0,1,2,5,Not at intersection,3,999,,SURF COAST,-38.235107,144.21767,3217.0,True,Preston HS,88296.5
T20250014162,2025-04-05,09:45:00,6,Vehicle overturned (no collision),0,Sunday,174,OUT OF CONTROL ON CARRIAGEWAY (ON STRAIGHT),1,821113,1,0,0,1,0,1,2,5,Not at intersection,3,888,Local Road,MURRINDINDI,-37.38328,145.88493,3712.0,True,Reservoir HS,84319.8
T20210002743,2021-06-02,21:23:00,1,Collision with vehicle,7,Saturday,132,RIGHT REAR.,3,41131,3,0,0,1,2,3,1,1,Cross intersection,3,60,Arterial Other,BAYSIDE,-37.892708,144.9905,3186.0,True,Preston HS,16854.5
T20250018235,2025-09-07,08:55:00,1,Collision with vehicle,3,Wednesday,113,RIGHT NEAR (INTERSECTIONS ONLY),1,61425,2,0,0,1,1,2,1,2,T intersection,3,50,Local Road,WHITTLESEA,-37.67003,145.06001,3082.0,True,William Ruthven SC,5819.6
T20250018133,2025-04-07,18:20:00,1,Collision with vehicle,6,Friday,134,LANE CHANGE RIGHT (NOT OVERTAKING),3,820717,2,0,0,1,1,2,2,5,Not at intersection,3,60,Arterial Other,MELBOURNE,-37.807186,144.96786,3053.0,True,Preston HS,8057.2
T20230002930,2023-06-02,10:35:00,2,Struck Pedestrian,1,Monday,101,PED EMERGES FROM IN FRONT OF PARKED OR STATIONARY VEHICLE,1,752932,1,0,0,1,1,2,1,5,Not at intersection,3,50,,MORELAND,-37.704956,144.9068,3046.0,True,William Ruthven SC,8514.3
T20220019910,2022-03-09,12:00:00,1,Collision with vehicle,7,Saturday,137,LEFT TURN SIDESWIPE,1,727448,2,0,1,0,1,2,1,2,T intersection,2,60,Arterial Other,DAREBIN,-37.784237,145.01169,3078.0,True,Preston HS,4747.1
T20220015814,2022-07-07,21:30:00,6,Vehicle overturned (no collision),4,Thursday,170,OFF CARRIAGEWAY TO LEFT,3,718794,1,0,1,0,0,1,2,5,Not at intersection,2,40,Local Road,PORT PHILLIP,-37.841938,144.96289,3206.0,True,Preston HS,11803.6
T20250000189,2025-03-01,11:50:00,8,No collision and no object struck,6,Friday,180,OFF CARRIAGEWAY ON RIGHT BEND,1,49517,1,0,0,1,0,1,1,2,T intersection,3,100,Arterial Other,MURRINDINDI,-37.533127,145.72002,3779.0,True,Reservoir HS,64358.2
T20250005599,2025-01-03,20:05:00,8,No collision and no object struck,7,Saturday,182,OFF CARRIAGEWAY ON LEFT BEND,2,815911,1,0,0,1,0,1,1,5,Not at intersection,3,80,Local Road,HUME,-37.59563,144.79903,3429.0,True,William Ruthven SC,21174.8
T20250013072,2025-08-05,11:00:00,2,Struck Pedestrian,4,Thursday,100,PED NEAR SIDE. PED HIT BY VEHICLE FROM THE RIGHT.,1,70135,1,0,0,1,1,2,2,2,T intersection,3,999,Local Road,DANDENONG,-37.958202,145.14206,3171.0,True,Preston HS,26832.2
T20220004992,2022-05-03,23:40:00,2,Struck Pedestrian,7,Saturday,102,FAR SIDE. PED HIT BY VEHICLE FROM THE LEFT,3,708646,1,0,1,0,1,2,1,5,Not at intersection,2,40,Arterial Other,MOONEE VALLEY,-37.768368,144.92528,3039.0,True,Preston HS,7780.4
T20240025243,2024-06-10,21:42:00,2,Struck Pedestrian,1,Sunday,100,PED NEAR SIDE. PED HIT BY VEHICLE FROM THE RIGHT.,3,815078,1,0,0,1,1,2,1,5,Not at intersection,3,60,Arterial Other,MONASH,-37.90634,145.12325,3166.0,True,Preston HS,20957.7
T20220018592,2022-05-08,15:37:00,1,Collision with vehicle,6,Friday,113,RIGHT NEAR (INTERSECTIONS ONLY),1,722028,2,0,0,1,1,2,1,2,T intersection,3,50,Local Road,WHITEHORSE,-37.82218,145.21327,3132.0,True,Reservoir HS,19603.1
T20240019516,2024-02-08,13:15:00,1,Collision with vehicle,5,Friday,113,RIGHT NEAR (INTERSECTIONS ONLY),1,807079,2,0,0,1,1,2,1,1,Cross intersection,3,40,Local Road,BENDIGO,-36.72102,144.25354,3556.0,True,William Ruthven SC,127165.9
T20240020017,2024-07-08,16:15:00,4,Collision with a fixed object,3,Wednesday,179,OTHER ACCIDENTS-OFF STRAIGHT NOT INCLUDED IN DCAs 170-175,1,808678,2,0,0,1,1,2,2,5,Not at intersection,3,50,Local Road,MELBOURNE,-37.814697,144.94604,3008.0,True,Preston HS,9730.5
T20210000629,2021-10-01,21:45:00,1,Collision with vehicle,1,Sunday,130,REAR END(VEHICLES IN SAME LANE),3,672427,2,1,0,0,1,2,1,5,Not at intersection,1,80,Arterial Other,CASEY,-38.001907,145.3116,3805.0,True,Preston HS,39389.4
T20220013137,2022-10-06,16:35:00,2,Struck Pedestrian,6,Friday,100,PED NEAR SIDE. PED HIT BY VEHICLE FROM THE RIGHT.,1,715611,1,0,1,0,1,2,1,5,Not at intersection,2,50,Arterial Highway,SURF COAST,-38.53715,143.97432,3232.0,True,Preston HS,126416.6
T20240012176,2024-10-05,17:00:00,6,Vehicle overturned (no collision),6,Friday,174,OUT OF CONTROL ON CARRIAGEWAY (ON STRAIGHT),2,69832,1,0,0,1,0,1,2,1,Cross intersection,3,60,Local Road,KINGSTON,-37.93558,145.10286,3169.0,True,Preston HS,23140.5
T20230013076,2023-05-06,09:15:00,1,Collision with vehicle,2,Monday,130,REAR END(VEHICLES IN SAME LANE),1,776375,2,0,1,1,0,2,1,5,Not at intersection,2,60,Arterial Other,WHITTLESEA,-37.657158,145.02017,3076.0,True,William Ruthven SC,4632.8
T20240015818,2024-06-06,11:35:00,1,Collision with vehicle,5,Thursday,130,REAR END(VEHICLES IN SAME LANE),1,37833,2,0,0,1,1,2,2,1,Cross intersection,3,60,Arterial Other,YARRA,-37.783306,144.98384,3068.0,True,Preston HS,5058.1
T20220013477,2022-01-06,07:15:00,8,No collision and no object struck,4,Wednesday,174,OUT OF CONTROL ON CARRIAGEWAY (ON STRAIGHT),2,715345,1,0,1,0,0,1,2,5,Not at intersection,2,60,Arterial Other,WHITEHORSE,-37.836044,145.09875,3125.0,True,Preston HS,13225.5
T20220002692,2022-08-02,08:40:00,1,Collision with vehicle,3,Tuesday,147,VEHICLE STRIKES ANOTHER VEH WHILE EMERGING FROM DRIVEWAY,1,704443,2,0,0,1,1,2,1,5,Not at intersection,3,50,Local Road,KNOX,-37.856525,145.29494,3155.0,True,Reservoir HS,27693.0
T20250003814,2025-12-02,18:00:00,1,Collision with vehicle,4,Wednesday,147,VEHICLE STRIKES ANOTHER VEH WHILE EMERGING FROM DRIVEWAY,1,815515,2,0,0,1,1,2,1,5,Not at intersection,3,50,Local Road,BENDIGO,-36.72089,144.26161,3556.0,True,William Ruthven SC,126806.8
T20230013424,2023-09-06,11:47:00,1,Collision with vehicle,6,Friday,135,LANE CHANGE LEFT (NOT OVERTAKING),1,776998,2,0,1,0,1,2,1,5,Not at intersection,2,100,Freeway,BRIMBANK,-37.73523,144.85298,3033.0,True,Preston HS,13571.5
T20230000109,2023-02-01,21:15:00,1,Collision with vehicle,2,Monday,130,REAR END(VEHICLES IN SAME LANE),5,755006,2,0,1,0,1,2,1,5,Not at intersection,2,80,,KINGSTON,-37.985054,145.10951,3194.0,True,Preston HS,28514.1
T20240003088,2024-07-02,18:15:00,1,Collision with vehicle,3,Wednesday,130,REAR END(VEHICLES IN SAME LANE),1,797715,2,0,0,1,1,2,1,5,Not at intersection,3,60,Arterial Other,MELBOURNE,-37.796856,144.94049,3051.0,True,Preston HS,8479.0
T20240030756,2024-01-12,14:00:00,1,Collision with vehicle,1,Sunday,134,LANE CHANGE RIGHT (NOT OVERTAKING),1,811893,2,0,1,0,1,2,1,1,Cross intersection,2,60,Arterial Other,GLEN EIRA,-37.869568,144.99944,3183.0,True,Preston HS,14234.2
T20220005513,2022-11-03,12:29:00,1,Collision with vehicle,6,Friday,152,PULLING OUT (OVERTAKING),1,709885,2,0,1,1,0,2,1,1,Cross intersection,2,60,Local Road,FRANKSTON,-38.152283,145.11902,3199.0,True,Preston HS,46697.6
T20250012184,2025-07-05,18:29:00,1,Collision with vehicle,4,Wednesday,121,RIGHT THROUGH,3,38653,2,0,1,0,6,7,1,1,Cross intersection,2,60,Arterial Other,MARIBYRNONG,-37.787052,144.87929,3012.0,True,Preston HS,12314.8
T20230007973,2023-04-04,16:10:00,2,Struck Pedestrian,2,Tuesday,102,FAR SIDE. PED HIT BY VEHICLE FROM THE LEFT,1,787915,1,0,1,0,1,2,1,1,Cross intersection,2,999,Arterial Other,HUME,-37.666,144.9424,3048.0,True,William Ruthven SC,6321.6
T20240002494,2024-01-02,11:00:00,4,Collision with a fixed object,5,Thursday,173,RIGHT OFF CARRIAGEWAY INTO OBJECT/PARKED VEHICLE,1,800468,1,0,1,0,0,1,1,5,Not at intersection,2,888,Local Road,CARDINIA,-37.980038,145.74974,3783.0,True,Reservoir HS,69431.5
T20230000619,2023-10-01,08:45:00,1,Collision with vehicle,3,Tuesday,110,CROSS TRAFFIC(INTERSECTIONS ONLY),1,54706,2,0,0,1,1,2,1,1,Cross intersection,3,50,Local Road,WELLINGTON,-37.97732,146.79099,3858.0,True,Reservoir HS,157244.3
T20220012749,2022-05-06,14:25:00,2,Struck Pedestrian,1,Sunday,100,PED NEAR SIDE. PED HIT BY VEHICLE FROM THE RIGHT.,1,29822,1,0,0,1,1,2,2,1,Cross intersection,3,60,Arterial Other,MARIBYRNONG,-37.781754,144.87039,3012.0,True,Preston HS,12816.5
T20230018544,2023-09-08,08:30:00,2,Struck Pedestrian,3,Wednesday,100,PED NEAR SIDE. PED HIT BY VEHICLE FROM THE RIGHT.,1,47723,1,0,1,0,1,2,1,2,T intersection,2,50,Arterial Other,BRIMBANK,-37.743965,144.79764,3021.0,True,Preston HS,18419.4
T20230028624,2023-03-12,10:10:00,1,Collision with vehicle,1,Sunday,130,REAR END(VEHICLES IN SAME LANE),1,791673,2,0,0,2,0,2,1,1,Cross intersection,3,80,Arterial Other,GLENELG,-37.805176,141.53136,3309.0,True,William Ruthven SC,305445.8
T20250006093,2025-06-03,12:30:00,2,Struck Pedestrian,4,Thursday,108,PED STRUCK WALKING TO/FROM OR BOARDING/ALIGHTING VEHICLE.,1,815993,1,0,0,1,1,2,1,5,Not at intersection,3,50,Local Road,WODONGA,-36.123672,146.87274,3690.0,True,William Ruthven SC,241283.4
T20230026070,2023-07-11,12:04:00,5,collision with some other object,3,Tuesday,166,STRUCK OBJECT ON CARRIAGEWAY,1,788952,1,0,0,1,0,1,1,5,Not at intersection,3,70,Arterial Other,BRIMBANK,-37.724426,144.82681,3036.0,True,William Ruthven SC,15805.3
T20240013047,2024-05-05,11:45:00,4,Collision with a fixed object,1,Sunday,164,PERMANENT OBSTRUCTION ON CARRIAGEWAY,1,804409,1,0,1,0,0,1,2,5,Not at intersection,2,888,Local Road,MANSFIELD,-37.35763,146.06241,3723.0,True,Reservoir HS,99702.4
T20220021856,2022-07-09,15:25:00,1,Collision with vehicle,3,Wednesday,110,CROSS TRAFFIC(INTERSECTIONS ONLY),1,727396,2,0,0,1,1,2,1,1,Cross intersection,3,50,Local Road,FRANKSTON,-38.093723,145.13286,3198.0,True,Preston HS,40668.0
T20230011679,2023-05-05,15:30:00,8,No collision and no object struck,6,Friday,174,OUT OF CONTROL ON CARRIAGEWAY (ON STRAIGHT),1,774412,1,0,0,1,0,1,2,5,Not at intersection,3,50,,MURRINDINDI,-37.458294,145.32477,3757.0,True,William Ruthven SC,38806.3
T20220000717,2022-12-01,10:17:00,1,Collision with vehicle,4,Wednesday,137,LEFT TURN SIDESWIPE,1,43210,2,0,0,1,1,2,2,2,T intersection,3,60,Arterial Highway,KINGSTON,-38.035427,145.10666,3196.0,True,Preston HS,33809.3
T20240030505,2024-08-11,10:30:00,4,Collision with a fixed object,6,Friday,189,OTHER ACCIDENTS ON CURVE NOT INCLUDED IN DCAs 180-184,1,811774,1,0,0,1,0,1,2,5,Not at intersection,3,40,Local Road,MURRINDINDI,-37.44398,145.47198,3717.0,True,Reservoir HS,49793.6
T20220025570,2022-12-11,13:13:00,1,Collision with vehicle,7,Saturday,137,LEFT TURN SIDESWIPE,1,735064,2,0,0,1,1,2,2,5,Not at intersection,3,60,Arterial Other,PORT PHILLIP,-37.867844,144.97495,3182.0,True,Preston HS,14308.1
T20250013023,2025-08-05,17:00:00,1,Collision with vehicle,5,Thursday,160,VEHICLE COLLIDES WITH VEHICLE PARKED ON LEFT OF ROAD,2,818611,3,0,0,1,1,2,2,5,Not at intersection,3,60,Arterial Other,STONNINGTON,-37.864872,145.04822,3145.0,True,Preston HS,14164.6
T20230013520,2023-10-06,14:15:00,2,Struck Pedestrian,6,Saturday,104,PED WALKING WITH TRAFFIC,1,777109,1,0,0,1,1,2,2,5,Not at intersection,3,999,Local Road,DAREBIN,-37.738853,145.00134,3072.0,True,Preston HS,597.3
T20240008202,2024-01-04,17:10:00,1,Collision with vehicle,2,Monday,136,RIGHT TURN SIDESWIPE,1,41264,2,0,0,1,1,2,1,2,T intersection,3,60,Arterial Other,BAYSIDE,-37.90399,145.01868,3187.0,True,Preston HS,18074.5
T20240025421,2024-08-10,17:33:00,2,Struck Pedestrian,3,Tuesday,102,FAR SIDE. PED HIT BY VEHICLE FROM THE LEFT,1,45147,1,0,1,0,1,2,1,2,T intersection,2,60,Arterial Other,MOONEE VALLEY,-37.742985,144.86331,3033.0,True,Preston HS,12644.2
T20210022754,2021-10-11,15:24:00,2,Struck Pedestrian,4,Wednesday,107,PED ON FOOTHPATH STRUCK BY VEHENTERING/LEAVING DRIVEWAY.,1,696863,1,0,1,0,1,2,1,5,Not at intersection,2,50,Local Road,CASEY,-38.110806,145.28444,3977.0,True,Preston HS,47709.9
T20240010919,2024-01-05,06:31:00,3,Struck animal,4,Wednesday,167,STRUCK ANIMAL,2,803548,1,0,1,0,0,1,1,5,Not at intersection,2,100,Arterial Other,CAMPASPE,-36.28499,144.90427,3622.0,True,William Ruthven SC,157201.9