ACCIDENT_NO,ACCIDENT_DATE,ACCIDENT_TIME,ACCIDENT_TYPE,ACCIDENT_TYPE_DESC,DAY_OF_WEEK,DAY_WEEK_DESC,DCA_CODE,DCA_DESC,LIGHT_CONDITION,NODE_ID,NO_OF_VEHICLES,NO_PERSONS_KILLED,NO_PERSONS_INJ_2,NO_PERSONS_INJ_3,NO_PERSONS_NOT_INJ,NO_PERSONS,POLICE_ATTEND,ROAD_GEOMETRY,ROAD_GEOMETRY_DESC,SEVERITY,SPEED_ZONE,RMA,LGA_NAME,LATITUDE,LONGITUDE,POSTCODE_CRASH,PED_OR_CYC,nearest_school,dist_to_gate_m
T20240031098,2024-05-12,03:10:00,2,Struck Pedestrian,4,Thursday,100,PED NEAR SIDE. PED HIT BY VEHICLE FROM THE RIGHT.,3,814901,1,0,0,1,1,2,1,2,T intersection,3,50,Local Road,MELBOURNE,-37.811523,144.96867,3000.0,True,Preston HS,8466.8
T20230007776,2023-02-04,16:00:00,1,Collision with vehicle,0,Sunday,110,CROSS TRAFFIC(INTERSECTIONS ONLY),1,52507,2,0,0,1,1,2,2,1,Cross intersection,3,50,Arterial Other,MILDURA,-34.19367,142.16231,3500.0,True,William Ruthven SC,465883.7
T20240026025,2024-12-10,19:00:00,1,Collision with vehicle,7,Saturday,163,VEHICLE STRIKES DOOR OF PARKED/STATIONARY VEHICLE,2,809895,2,0,0,1,1,2,2,5,Not at intersection,3,30,Local Road,YARRA,-37.805454,144.9743,3065.0,True,Preston HS,7652.9
T20230004491,2023-05-02,12:00:00,8,No collision and no object struck,1,Sunday,174,OUT OF CONTROL ON CARRIAGEWAY (ON STRAIGHT),1,681711,1,0,0,1,0,1,2,5,Not at intersection,3,999,Local Road,MITCHELL,-37.32189,145.1287,3658.0,True,William Ruthven SC,43109.6
T20210007697,2021-06-04,21:06:00,4,Collision with a fixed object,3,Tuesday,181,OFF RIGHT BEND INTO OBJECT/PARKED VEHICLE,5,680765,1,0,0,1,0,1,1,5,Not at intersection,3,50,Arterial Other,BOROONDARA,-37.788567,145.01797,3101.0,True,Preston HS,5298.2
T20240019874,2024-06-08,06:51:00,2,Struck Pedestrian,2,Tuesday,107,PED ON FOOTHPATH STRUCK BY VEHENTERING/LEAVING DRIVEWAY.,1,807276,1,0,0,1,2,3,1,5,Not at intersection,3,60,Arterial Highway,DAREBIN,-37.713528,145.04532,3083.0,True,Reservoir HS,1712.9
T20220028988,2022-09-12,07:20:00,1,Collision with vehicle,6,Friday,121,RIGHT THROUGH,2,65887,2,0,0,1,1,2,2,2,T intersection,3,999,Arterial Other,YARRA,-37.813793,145.00005,3121.0,True,Preston HS,8040.3
T20220024819,2022-03-11,08:35:00,1,Collision with vehicle,5,Thursday,148,VEHICLE OFF FOOTPATH STRIKES VEH ON CARRIAGEWAY,1,308432,2,0,0,1,1,2,2,5,Not at intersection,3,40,Local Road,MARIBYRNONG,-37.799213,144.89487,3011.0,True,Preston HS,11756.2
T20220003392,2022-06-02,16:40:00,1,Collision with vehicle,0,Sunday,121,RIGHT THROUGH,1,776728,2,0,0,1,1,2,2,2,T intersection,3,60,Local Road,WYNDHAM,-37.9019,144.77946,3030.0,True,Preston HS,26778.9
T20220022256,2022-02-10,14:00:00,4,Collision with a fixed object,1,Sunday,171,LEFT OFF CARRIAGEWAY INTO OBJECT/PARKED VEHICLE,1,727154,1,0,0,1,0,1,2,5,Not at intersection,3,100,Local Road,MURRINDINDI,-37.50139,145.72401,3779.0,True,Reservoir HS,65935.1
T20210000657,2021-11-01,08:19:00,1,Collision with vehicle,2,Monday,121,RIGHT THROUGH,1,54738,2,0,1,0,1,2,1,4,Multiple intersection,2,80,Freeway,MACEDON RANGES,-37.456234,144.57913,3437.0,True,William Ruthven SC,45926.7
T20250003830,2025-12-02,19:01:00,2,Struck Pedestrian,4,Wednesday,100,PED NEAR SIDE. PED HIT BY VEHICLE FROM THE RIGHT.,1,815004,1,0,0,1,1,2,1,2,T intersection,3,50,Local Road,DANDENONG,-37.956623,145.14539,3171.0,True,Preston HS,26806.1
T20240006173,2024-11-03,20:00:00,2,Struck Pedestrian,2,Monday,100,PED NEAR SIDE. PED HIT BY VEHICLE FROM THE RIGHT.,3,800052,1,0,1,0,1,2,1,5,Not at intersection,2,50,Local Road,HUME,-37.692387,144.92557,3047.0,True,William Ruthven SC,6827.6
T20250003717,2025-11-02,19:15:00,2,Struck Pedestrian,3,Tuesday,100,PED NEAR SIDE. PED HIT BY VEHICLE FROM THE RIGHT.,1,815445,1,0,1,0,1,2,1,2,T intersection,2,50,Local Road,HUME,-37.674522,144.88174,3049.0,True,William Ruthven SC,10947.0
T20250017954,2025-06-07,12:30:00,1,Collision with vehicle,1,Sunday,152,PULLING OUT (OVERTAKING),1,821082,2,0,1,0,2,3,1,5,Not at intersection,2,80,Arterial Other,MURRINDINDI,-37.2608,145.25037,3658.0,True,William Ruthven SC,53142.4
T20250005651,2025-02-03,12:20:00,2,Struck Pedestrian,1,Sunday,101,PED EMERGES FROM IN FRONT OF PARKED OR STATIONARY VEHICLE,1,239081,1,0,0,1,1,2,1,1,Cross intersection,3,777,Arterial Highway,MONASH,-37.893784,145.09335,3166.0,True,Preston HS,18530.5
T20210014913,2021-07-07,10:05:00,4,Collision with a fixed object,4,Wednesday,171,LEFT OFF CARRIAGEWAY INTO OBJECT/PARKED VEHICLE,1,690559,2,0,0,1,1,2,2,5,Not at intersection,3,50,Local Road,MORELAND,-37.770874,144.95483,3056.0,True,Preston HS,5624.9
T20220002668,2022-07-02,18:18:00,6,Vehicle overturned (no collision),2,Monday,184,OUT OF CONTROL ON CARRIAGEWAY (ON BEND),1,704401,1,0,0,1,0,1,1,5,Not at intersection,3,60,Arterial Other,MOONEE VALLEY,-37.766884,144.90477,3039.0,True,Preston HS,9422.2
T20230025833,2023-04-11,14:25:00,2,Struck Pedestrian,7,Saturday,104,PED WALKING WITH TRAFFIC,1,785316,3,1,0,0,5,6,1,5,Not at intersection,1,110,Freeway,WANGARATTA,-36.466125,146.22437,3675.0,True,William Ruthven SC,174517.6
T20250009551,2025-04-04,16:30:00,8,No collision and no object struck,5,Friday,184,OUT OF CONTROL ON CARRIAGEWAY (ON BEND),1,817220,1,0,0,1,0,1,2,5,Not at intersection,3,999,Local Road,BAW BAW,-38.00899,146.49815,3825.0,True,Reservoir HS,132809.5
T20250000914,2025-12-01,08:04:00,1,Collision with vehicle,1,Sunday,110,CROSS TRAFFIC(INTERSECTIONS ONLY),1,813950,2,0,0,1,1,2,1,1,Cross intersection,3,60,Local Road,WYNDHAM,-37.84475,144.65135,3029.0,True,Preston HS,33293.5
T20240031801,2024-11-12,09:20:00,1,Collision with vehicle,4,Wednesday,135,LANE CHANGE LEFT (NOT OVERTAKING),1,812992,2,0,0,1,1,2,2,1,Cross intersection,3,80,Arterial Highway,BAYSIDE,-37.914482,145.01668,3187.0,True,Preston HS,19230.9
T20210003562,2021-10-02,16:15:00,1,Collision with vehicle,4,Wednesday,114,TWO RIGHT TURNING (INTERSECTIONS ONLY),1,38109,2,0,0,1,3,4,1,1,Cross intersection,3,60,Arterial Other,BANYULE,-37.76377,145.03577,3079.0,True,Preston HS,3517.9
T20230025067,2023-02-10,17:30:00,2,Struck Pedestrian,2,Monday,102,FAR SIDE. PED HIT BY VEHICLE FROM THE LEFT,1,793959,1,0,0,1,1,2,1,5,Not at intersection,3,80,Arterial Highway,WHITEHORSE,-37.816566,145.2059,3132.0,True,Reservoir HS,18716.8
T20210010377,2021-07-05,17:00:00,2,Struck Pedestrian,5,Friday,100,PED NEAR SIDE. PED HIT BY VEHICLE FROM THE RIGHT.,1,252859,1,0,0,1,1,2,1,5,Not at intersection,3,50,Arterial Highway,KINGSTON,-37.990627,145.0816,3195.0,True,Preston HS,28441.5
T20250006418,2025-07-03,23:15:00,8,No collision and no object struck,5,Friday,180,OFF CARRIAGEWAY ON RIGHT BEND,5,816037,1,0,0,1,0,1,2,5,Not at intersection,3,80,Arterial Highway,SURF COAST,-38.575054,143.9571,3232.0,True,Preston HS,130439.2
T20220016403,2022-07-07,06:00:00,2,Struck Pedestrian,5,Thursday,106,VEH STRIKES PED ON FOOTPATH/MEDIAN/TRAFFIC ISLAND.,2,36066,1,0,1,1,0,2,2,1,Cross intersection,2,60,Arterial Highway,MELBOURNE,-37.789173,144.94002,3051.0,True,Preston HS,7914.2
T20240020387,2024-11-08,06:48:00,2,Struck Pedestrian,1,Sunday,102,FAR SIDE. PED HIT BY VEHICLE FROM THE LEFT,2,71243,1,1,0,0,1,2,1,1,Cross intersection,1,60,Local Road,GEELONG,-38.067776,144.36841,3214.0,True,Preston HS,66743.4
T20250012519,2025-10-05,17:20:00,1,Collision with vehicle,6,Saturday,140,U TURN,2,65897,2,0,1,0,1,2,1,2,T intersection,2,40,Local Road,MELBOURNE,-37.81414,144.95583,3000.0,True,Preston HS,9229.6
T20240031636,2024-01-12,12:45:00,1,Collision with vehicle,1,Sunday,137,LEFT TURN SIDESWIPE,1,45627,2,0,0,1,1,2,2,2,T intersection,3,40,Arterial Other,MORELAND,-37.770393,144.96155,3056.0,True,Preston HS,5120.1
T20240002668,2024-02-02,18:40:00,1,Collision with vehicle,5,Friday,163,VEHICLE STRIKES DOOR OF PARKED/STATIONARY VEHICLE,1,798020,2,0,0,1,2,3,1,2,T intersection,3,40,Local Road,STONNINGTON,-37.849895,144.99365,3181.0,True,Preston HS,12088.6
T20210015682,2021-12-07,18:20:00,1,Collision with vehicle,2,Monday,116,LEFT NEAR (INTERSECTIONS ONLY),9,39816,2,0,0,1,1,2,2,2,T intersection,3,999,Local Road,MAROONDAH,-37.81568,145.30537,3153.0,True,Reservoir HS,26381.7
T20220007865,2022-08-04,09:50:00,1,Collision with vehicle,6,Friday,143,ENTERING PARKING,1,709076,3,0,1,0,2,3,1,5,Not at intersection,2,40,Local Road,MELBOURNE,-37.813282,144.96832,3000.0,True,Preston HS,8658.6
T20220005151,2022-07-03,15:29:00,2,Struck Pedestrian,2,Monday,101,PED EMERGES FROM IN FRONT OF PARKED OR STATIONARY VEHICLE,1,144527,1,0,0,1,1,2,1,5,Not at intersection,3,50,Arterial Other,PORT PHILLIP,-37.83166,144.95103,3205.0,True,Preston HS,11150.8
T20220009786,2022-02-05,08:51:00,1,Collision with vehicle,2,Monday,121,RIGHT THROUGH,1,355748,4,0,1,1,2,4,1,2,T intersection,2,60,Arterial Other,MELBOURNE,-37.80495,144.95628,3051.0,True,Preston HS,8331.6
T20240017085,2024-05-07,15:10:00,1,Collision with vehicle,6,Friday,130,REAR END(VEHICLES IN SAME LANE),1,39326,2,0,0,1,1,2,2,2,T intersection,3,60,Arterial Other,WHITEHORSE,-37.824245,145.12267,3128.0,True,Preston HS,13689.4
T20250017991,2025-06-07,20:17:00,2,Struck Pedestrian,0,Sunday,102,FAR SIDE. PED HIT BY VEHICLE FROM THE LEFT,3,820387,1,0,0,1,1,2,1,2,T intersection,3,50,Arterial Other,CASEY,-38.0311,145.34645,3806.0,True,Preston HS,43845.5
T20230008067,2023-05-04,15:20:00,1,Collision with vehicle,4,Wednesday,163,VEHICLE STRIKES DOOR OF PARKED/STATIONARY VEHICLE,1,780424,2,0,0,1,1,2,1,5,Not at intersection,3,60,Local Road,GLEN EIRA,-37.886852,145.02158,3162.0,True,Preston HS,16190.2
T20220000878,2022-06-01,12:44:00,8,No collision and no object struck,5,Thursday,170,OFF CARRIAGEWAY TO LEFT,1,705066,2,0,0,1,1,2,1,5,Not at intersection,3,50,Local Road,WYNDHAM,-37.920986,144.64287,3030.0,True,Preston HS,37691.7
T20220027512,2022-04-12,13:05:00,4,Collision with a fixed object,1,Sunday,181,OFF RIGHT BEND INTO OBJECT/PARKED VEHICLE,1,759458,1,0,1,0,0,1,1,5,Not at intersection,2,80,Arterial Other,YARRA RANGES,-37.56291,145.90506,3779.0,True,Reservoir HS,79113.2
T20240020577,2024-08-08,20:30:00,7,Fall from or in moving vehicle,5,Thursday,190,FELL IN/FROM VEHICLE,6,814871,1,0,1,0,1,2,2,5,Not at intersection,2,40,Local Road,GEELONG,-38.151203,144.3712,3220.0,True,Preston HS,71989.8
T20210010380,2021-07-05,00:45:00,8,No collision and no object struck,6,Friday,174,OUT OF CONTROL ON CARRIAGEWAY (ON STRAIGHT),5,36031,1,0,1,0,0,1,1,2,T intersection,2,40,Local Road,MORELAND,-37.765327,144.97281,3057.0,True,Preston HS,3998.8
T20240024799,2024-01-10,15:55:00,1,Collision with vehicle,3,Tuesday,121,RIGHT THROUGH,1,66823,2,0,1,0,1,2,1,2,T intersection,2,60,Arterial Other,WHITEHORSE,-37.839035,145.13474,3130.0,True,Preston HS,15586.6
T20220024933,2022-02-11,09:40:00,1,Collision with vehicle,4,Wednesday,111,RIGHT FAR (INTERSECTIONS ONLY),1,62793,2,0,0,1,1,2,2,2,T intersection,3,60,Arterial Other,MORELAND,-37.732388,144.96466,3058.0,True,Preston HS,3873.0
T20230028730,2023-04-12,16:40:00,7,Fall from or in moving vehicle,2,Monday,190,FELL IN/FROM VEHICLE,1,45208,2,0,0,1,1,2,2,1,Cross intersection,3,80,Arterial Other,MOORABOOL,-37.753193,144.44313,3340.0,True,Preston HS,49602.7
T20230000800,2023-12-01,11:50:00,2,Struck Pedestrian,5,Thursday,100,PED NEAR SIDE. PED HIT BY VEHICLE FROM THE RIGHT.,1,36193,1,0,1,0,1,2,1,1,Cross intersection,2,40,Local Road,MELBOURNE,-37.803547,144.95406,3051.0,True,Preston HS,8308.3
T20250020308,2025-01-08,10:50:00,1,Collision with vehicle,6,Friday,113,RIGHT NEAR (INTERSECTIONS ONLY),1,255690,2,0,0,1,2,3,1,1,Cross intersection,3,60,Local Road,CARDINIA,-38.06774,145.45436,3810.0,True,Preston HS,53424.7
T20210020507,2021-09-10,13:33:00,1,Collision with vehicle,7,Saturday,140,U TURN,1,331821,2,0,1,0,1,2,1,4,Multiple intersection,2,80,Freeway,WHITTLESEA,-37.648132,144.9915,3076.0,True,William Ruthven SC,5476.9
T20240005852,2024-05-02,07:49:00,1,Collision with vehicle,1,Monday,140,U TURN,1,807214,2,0,0,1,1,2,1,5,Not at intersection,3,70,Arterial Other,BRIMBANK,-37.76876,144.76895,3023.0,True,Preston HS,21151.9
T20210020910,2021-09-10,12:25:00,1,Collision with vehicle,7,Saturday,147,VEHICLE STRIKES ANOTHER VEH WHILE EMERGING FROM DRIVEWAY,1,694968,2,0,0,1,1,2,2,5,Not at intersection,3,888,Arterial Other,DAREBIN,-37.718563,145.0214,3073.0,True,Reservoir HS,822.9
T20220018031,2022-11-08,10:38:00,2,Struck Pedestrian,4,Thursday,100,PED NEAR SIDE. PED HIT BY VEHICLE FROM THE RIGHT.,1,724239,1,0,1,0,1,2,1,1,Cross intersection,2,60,Arterial Other,GEELONG,-38.145287,144.33548,3218.0,True,Preston HS,74043.5
T20240016837,2024-11-03,13:30:00,4,Collision with a fixed object,2,Monday,179,OTHER ACCIDENTS-OFF STRAIGHT NOT INCLUDED IN DCAs 170-175,1,38471,1,0,0,1,0,1,2,1,Cross intersection,3,60,Local Road,YARRA RANGES,-37.7506,145.34425,3140.0,True,Reservoir HS,27863.9
T20230003228,2023-09-02,18:47:00,1,Collision with vehicle,4,Thursday,111,RIGHT FAR (INTERSECTIONS ONLY),1,44518,2,0,1,0,2,3,1,2,T intersection,2,999,Local Road,HUME,-37.602158,144.94238,3064.0,True,William Ruthven SC,11773.5
T20240000450,2024-07-01,12:41:00,6,Vehicle overturned (no collision),0,Sunday,175,OFF END OF ROAD/T-INTERSECTION.,1,16733,1,0,0,1,0,1,2,2,T intersection,3,80,Local Road,GOLDEN PLAINS,-37.609486,143.80298,3351.0,True,William Ruthven SC,106085.6
T20240024785,2024-01-10,12:00:00,1,Collision with vehicle,2,Tuesday,148,VEHICLE OFF FOOTPATH STRIKES VEH ON CARRIAGEWAY,1,585894,2,0,0,1,1,2,1,1,Cross intersection,3,999,Arterial Other,FRANKSTON,-38.15626,145.17067,3910.0,True,Preston HS,48276.6
T20220000130,2022-02-01,11:30:00,8,No collision and no object struck,1,Sunday,174,OUT OF CONTROL ON CARRIAGEWAY (ON STRAIGHT),1,701150,1,0,1,0,0,1,1,5,Not at intersection,2,888,,WANGARATTA,-36.904327,146.33215,3723.0,True,Reservoir HS,146790.7
T20230010578,2023-05-05,18:38:00,8,No collision and no object struck,6,Friday,122,LEFT THROUGH,2,776797,2,0,0,1,1,2,2,5,Not at intersection,3,999,Local Road,MELBOURNE,-37.809902,144.94704,3003.0,True,Preston HS,9240.0
T20220000135,2022-03-01,07:11:00,8,No collision and no object struck,2,Monday,184,OUT OF CONTROL ON CARRIAGEWAY (ON BEND),1,701056,1,0,0,1,0,1,1,5,Not at intersection,3,60,Arterial Highway,COLAC OTWAY,-38.58722,143.93388,3234.0,True,Preston HS,132824.3
T20230016049,2023-09-07,18:33:00,2,Struck Pedestrian,0,Sunday,106,VEH STRIKES PED ON FOOTPATH/MEDIAN/TRAFFIC ISLAND.,3,795989,1,0,0,1,1,2,1,5,Not at intersection,3,60,Arterial Highway,MOYNE,-38.381073,142.22937,3284.0,True,Preston HS,253355.6
T20240031667,2024-10-12,12:54:00,1,Collision with vehicle,3,Tuesday,121,RIGHT THROUGH,1,816849,2,0,1,0,1,2,1,5,Not at intersection,2,80,Arterial Other,MURRINDINDI,-37.474518,145.23756,3757.0,True,William Ruthven SC,32197.9
T20220002789,2022-08-02,10:55:00,2,Struck Pedestrian,2,Tuesday,108,PED STRUCK WALKING TO/FROM OR BOARDING/ALIGHTING VEHICLE.,1,708229,2,0,0,2,1,3,1,5,Not at intersection,3,60,Arterial Other,STONNINGTON,-37.842422,145.02017,3142.0,True,Preston HS,11258.5
T20250003590,2025-10-02,18:56:00,1,Collision with vehicle,2,Monday,113,RIGHT NEAR (INTERSECTIONS ONLY),2,676745,2,0,1,0,2,3,1,1,Cross intersection,2,60,Arterial Highway,MAROONDAH,-37.817497,145.21501,3134.0,True,Reservoir HS,19441.7
T20210018853,2021-08-09,08:35:00,2,Struck Pedestrian,4,Wednesday,100,PED NEAR SIDE. PED HIT BY VEHICLE FROM THE RIGHT.,1,694223,1,0,1,0,1,2,1,1,Cross intersection,2,60,Local Road,BAYSIDE,-37.92084,145.00577,3186.0,True,Preston HS,19919.8
T20230021278,2023-11-09,12:05:00,1,Collision with vehicle,2,Monday,160,VEHICLE COLLIDES WITH VEHICLE PARKED ON LEFT OF ROAD,1,780872,2,0,1,0,1,2,2,5,Not at intersection,2,60,Arterial Other,PORT PHILLIP,-37.867622,144.98465,3182.0,True,Preston HS,14140.1
T20250009845,2025-12-04,01:15:00,1,Collision with vehicle,6,Saturday,121,RIGHT THROUGH,3,817379,2,0,0,1,1,2,1,5,Not at intersection,3,999,Arterial Other,MOONEE VALLEY,-37.784702,144.93808,3032.0,True,Preston HS,7724.9
T20250012214,2025-08-05,07:45:00,1,Collision with vehicle,4,Thursday,116,LEFT NEAR (INTERSECTIONS ONLY),1,807169,2,0,0,1,1,2,2,2,T intersection,3,50,Local Road,GEELONG,-38.222824,144.3256,3217.0,True,Preston HS,80184.9
T20220027747,2022-07-12,11:01:00,1,Collision with vehicle,4,Wednesday,142,LEAVING PARKING,1,740883,2,0,1,0,1,2,1,5,Not at intersection,2,60,Local Road,KINGSTON,-38.02724,145.10234,3195.0,True,Preston HS,32832.3
T20210007787,2021-07-04,17:55:00,2,Struck Pedestrian,4,Wednesday,108,PED STRUCK WALKING TO/FROM OR BOARDING/ALIGHTING VEHICLE.,1,684137,2,0,1,0,1,2,1,5,Not at intersection,2,999,Arterial Other,CASEY,-38.109966,145.25865,3977.0,True,Preston HS,46515.1
T20220022714,2022-08-10,20:35:00,2,Struck Pedestrian,7,Saturday,100,PED NEAR SIDE. PED HIT BY VEHICLE FROM THE RIGHT.,3,748819,1,0,1,0,1,2,1,2,T intersection,2,60,Arterial Other,HEPBURN,-37.427296,143.8942,3363.0,True,William Ruthven SC,102214.8
T20220022184,2022-02-10,17:59:00,1,Collision with vehicle,0,Sunday,134,LANE CHANGE RIGHT (NOT OVERTAKING),1,727279,2,0,0,1,1,2,1,5,Not at intersection,3,60,Arterial Other,STONNINGTON,-37.835274,144.99648,3141.0,True,Preston HS,10446.7
T20230018496,2023-08-08,19:10:00,2,Struck Pedestrian,3,Tuesday,102,FAR SIDE. PED HIT BY VEHICLE FROM THE LEFT,3,35525,1,0,0,1,1,2,1,1,Cross intersection,3,60,Arterial Other,MONASH,-37.857563,145.13144,3151.0,True,Preston HS,16891.7
T20220022532,2022-06-10,17:25:00,2,Struck Pedestrian,5,Thursday,107,PED ON FOOTHPATH STRUCK BY VEHENTERING/LEAVING DRIVEWAY.,1,737533,1,0,1,0,1,2,1,5,Not at intersection,2,50,Local Road,ARARAT,-37.283405,142.92766,3377.0,True,William Ruthven SC,188773.8
T20240031227,2024-06-12,06:55:00,1,Collision with vehicle,6,Friday,121,RIGHT THROUGH,2,813679,2,0,1,0,1,2,1,5,Not at intersection,2,60,Arterial Other,WHITTLESEA,-37.694412,145.03894,3074.0,True,William Ruthven SC,3171.9
T20230018727,2023-11-08,07:35:00,1,Collision with vehicle,5,Friday,121,RIGHT THROUGH,2,64943,2,0,0,1,1,2,2,2,T intersection,3,70,Arterial Other,BOROONDARA,-37.792694,145.06909,3104.0,True,Preston HS,7864.0
T20230023370,2023-06-10,16:10:00,1,Collision with vehicle,6,Friday,135,LANE CHANGE LEFT (NOT OVERTAKING),1,801298,2,0,1,0,2,3,1,5,Not at intersection,2,60,Arterial Other,WHITTLESEA,-37.683537,145.0295,3074.0,True,William Ruthven SC,2744.4
T20220015708,2022-02-05,09:10:00,1,Collision with vehicle,1,Monday,137,LEFT TURN SIDESWIPE,1,37014,2,0,0,1,1,2,2,2,T intersection,3,50,Local Road,MELBOURNE,-37.810127,144.98094,3002.0,True,Preston HS,7948.5
T20250009883,2025-12-04,13:03:00,4,Collision with a fixed object,7,Saturday,183,OFF LEFT BEND INTO OBJECT/PARKED VEHICLE,1,808928,1,0,1,0,0,1,1,5,Not at intersection,2,100,Local Road,BASS COAST,-38.46265,145.67395,3945.0,True,Preston HS,99152.1
T20220010286,2022-06-05,21:00:00,2,Struck Pedestrian,6,Friday,102,FAR SIDE. PED HIT BY VEHICLE FROM THE LEFT,3,717079,1,0,0,1,1,2,1,1,Cross intersection,3,50,Arterial Other,WYNDHAM,-37.904617,144.65558,3030.0,True,Preston HS,35797.4
T20210003669,2021-11-02,13:00:00,1,Collision with vehicle,5,Thursday,163,VEHICLE STRIKES DOOR OF PARKED/STATIONARY VEHICLE,1,675967,3,0,0,1,2,3,2,5,Not at intersection,3,999,Local Road,MELBOURNE,-37.81824,144.95703,3000.0,True,Preston HS,9581.1
T20240003407,2024-11-02,12:13:00,1,Collision with vehicle,1,Sunday,137,LEFT TURN SIDESWIPE,1,798048,2,0,1,0,5,6,1,5,Not at intersection,2,60,Arterial Other,PORT PHILLIP,-37.867207,144.97458,3182.0,True,Preston HS,14245.2
T20240019718,2024-03-08,18:15:00,2,Struck Pedestrian,6,Saturday,102,FAR SIDE. PED HIT BY VEHICLE FROM THE LEFT,3,807058,1,0,0,1,1,2,1,5,Not at intersection,3,40,Local Road,MELBOURNE,-37.806698,144.96895,3053.0,True,Preston HS,7967.4
T20220002689,2022-08-02,08:05:00,1,Collision with vehicle,3,Tuesday,121,RIGHT THROUGH,1,36772,3,0,1,0,2,3,1,2,T intersection,2,60,Arterial Other,BOROONDARA,-37.806747,145.02,3101.0,True,Preston HS,7321.2
T20250006007,2025-05-03,12:22:00,1,Collision with vehicle,4,Wednesday,130,REAR END(VEHICLES IN SAME LANE),1,816994,2,1,0,1,0,2,1,5,Not at intersection,1,80,Freeway,HOBSONS BAY,-37.825447,144.88794,3015.0,True,Preston HS,14013.5
T20210005267,2021-10-03,08:40:00,2,Struck Pedestrian,3,Wednesday,100,PED NEAR SIDE. PED HIT BY VEHICLE FROM THE RIGHT.,1,39861,1,0,0,1,1,2,1,1,Cross intersection,3,50,Arterial Other,HOBSONS BAY,-37.882603,144.75684,3028.0,True,Preston HS,26996.2
T20210012715,2021-08-06,13:30:00,8,No collision and no object struck,2,Tuesday,184,OUT OF CONTROL ON CARRIAGEWAY (ON BEND),9,685320,1,0,0,1,0,1,2,5,Not at intersection,3,999,,YARRA RANGES,-37.81413,145.67978,3799.0,True,Reservoir HS,58070.4
T20220015112,2022-06-07,08:45:00,8,No collision and no object struck,3,Wednesday,174,OUT OF CONTROL ON CARRIAGEWAY (ON STRAIGHT),1,44745,1,0,0,1,0,1,2,2,T intersection,3,50,Arterial Other,BANYULE,-37.729286,145.10155,3084.0,True,Reservoir HS,6391.6
T20220005523,2022-11-03,17:20:00,2,Struck Pedestrian,6,Friday,108,PED STRUCK WALKING TO/FROM OR BOARDING/ALIGHTING VEHICLE.,1,706850,1,0,0,1,1,2,1,5,Not at intersection,3,60,Arterial Other,STONNINGTON,-37.84392,145.03151,3144.0,True,Preston HS,11567.0
T20240008553,2024-05-04,12:48:00,1,Collision with vehicle,6,Friday,121,RIGHT THROUGH,1,797429,2,1,0,0,1,2,1,2,T intersection,1,80,Arterial Highway,CASEY,-38.04872,145.25621,3975.0,True,Preston HS,40537.4
T20220014070,2022-12-06,12:00:00,8,No collision and no object struck,0,Sunday,174,OUT OF CONTROL ON CARRIAGEWAY (ON STRAIGHT),1,782093,1,0,0,1,0,1,2,5,Not at intersection,3,999,Local Road,HINDMARSH,-36.297085,142.02682,3414.0,True,William Ruthven SC,306689.7
T20220010538,2022-05-05,16:00:00,8,No collision and no object struck,5,Thursday,179,OTHER ACCIDENTS-OFF STRAIGHT NOT INCLUDED IN DCAs 170-175,1,717078,1,0,0,1,0,1,2,5,Not at intersection,3,999,Local Road,BAYSIDE,-37.96207,145.04144,3192.0,True,Preston HS,24688.8
T20240011732,2024-08-05,15:45:00,2,Struck Pedestrian,4,Wednesday,100,PED NEAR SIDE. PED HIT BY VEHICLE FROM THE RIGHT.,1,802889,1,0,0,1,1,2,1,5,Not at intersection,3,60,,MELTON,-37.720367,144.5614,3338.0,True,William Ruthven SC,38936.9
T20210022768,2021-10-11,05:40:00,6,Vehicle overturned (no collision),3,Wednesday,184,OUT OF CONTROL ON CARRIAGEWAY (ON BEND),1,758002,1,0,1,0,0,1,1,5,Not at intersection,2,60,Arterial Other,BAW BAW,-38.138172,145.85538,3818.0,True,Reservoir HS,85937.9
T20240009000,2024-10-04,16:25:00,6,Vehicle overturned (no collision),4,Wednesday,184,OUT OF CONTROL ON CARRIAGEWAY (ON BEND),1,711,1,0,1,0,0,1,1,2,T intersection,2,60,Arterial Other,MORELAND,-37.716267,144.93361,3046.0,True,William Ruthven SC,6485.7
T20210012951,2021-12-06,06:20:00,2,Struck Pedestrian,7,Saturday,104,PED WALKING WITH TRAFFIC,3,685471,1,0,1,0,1,2,1,5,Not at intersection,2,60,Arterial Other,HOBSONS BAY,-37.843346,144.89256,3015.0,True,Preston HS,15134.2
T20230023521,2023-09-10,08:33:00,1,Collision with vehicle,2,Monday,151,OUT OF CONTROL (OVERTAKING),1,782627,2,0,1,0,1,2,1,5,Not at intersection,2,60,Local Road,MELBOURNE,-37.823654,144.90833,3207.0,True,Preston HS,12585.2
T20240011856,2024-10-05,06:54:00,2,Struck Pedestrian,5,Friday,102,FAR SIDE. PED HIT BY VEHICLE FROM THE LEFT,2,803021,1,0,0,1,1,2,1,2,T intersection,3,50,,WHITTLESEA,-37.591408,145.12599,3754.0,True,William Ruthven SC,15935.6