ACCIDENT_NO,ACCIDENT_DATE,ACCIDENT_TIME,ACCIDENT_TYPE,ACCIDENT_TYPE_DESC,DAY_OF_WEEK,DAY_WEEK_DESC,DCA_CODE,DCA_DESC,LIGHT_CONDITION,NODE_ID,NO_OF_VEHICLES,NO_PERSONS_KILLED,NO_PERSONS_INJ_2,NO_PERSONS_INJ_3,NO_PERSONS_NOT_INJ,NO_PERSONS,POLICE_ATTEND,ROAD_GEOMETRY,ROAD_GEOMETRY_DESC,SEVERITY,SPEED_ZONE,RMA,LGA_NAME,LATITUDE,LONGITUDE,POSTCODE_CRASH,PED_OR_CYC,nearest_school,dist_to_gate_m
T20220010061,2022-05-05,08:15:00,2,Struck Pedestrian,5,Thursday,107,PED ON FOOTHPATH STRUCK BY VEHENTERING/LEAVING DRIVEWAY.,1,712578,1,0,1,1,1,3,1,5,Not at intersection,2,60,Arterial Other,BRIMBANK,-37.747417,144.80234,3021.0,True,Preston HS,18015.2
T20250006558,2025-11-02,17:00:00,1,Collision with vehicle,2,Tuesday,116,LEFT NEAR (INTERSECTIONS ONLY),9,36628,2,0,0,1,1,2,2,2,T intersection,3,30,Local Road,YARRA,-37.80102,144.98703,3066.0,True,Preston HS,6827.9
T20220024957,2022-05-11,15:37:00,1,Collision with vehicle,7,Saturday,132,RIGHT REAR.,1,742118,2,0,1,0,1,2,1,5,Not at intersection,2,60,Local Road,YARRA RANGES,-37.757183,145.31126,3116.0,True,Reservoir HS,25084.7
T20220003066,2022-12-02,13:20:00,1,Collision with vehicle,7,Saturday,137,LEFT TURN SIDESWIPE,1,716173,2,0,1,0,1,2,1,5,Not at intersection,2,60,Local Road,BOROONDARA,-37.81885,145.08478,3126.0,True,Preston HS,10963.6
T20220002163,2022-01-02,19:04:00,4,Collision with a fixed object,3,Tuesday,173,RIGHT OFF CARRIAGEWAY INTO OBJECT/PARKED VEHICLE,1,706796,1,0,1,0,0,1,1,4,Multiple intersection,2,60,Arterial Other,BOROONDARA,-37.79843,145.04694,3102.0,True,Preston HS,7214.9
T20220013653,2021-09-10,12:30:00,8,No collision and no object struck,7,Saturday,179,OTHER ACCIDENTS-OFF STRAIGHT NOT INCLUDED IN DCAs 170-175,1,731469,1,0,0,1,0,1,2,1,Cross intersection,3,60,Freeway,SURF COAST,-38.212112,144.21796,3240.0,True,Preston HS,86719.3
T20240002536,2024-01-02,12:00:00,6,Vehicle overturned (no collision),4,Thursday,179,OTHER ACCIDENTS-OFF STRAIGHT NOT INCLUDED IN DCAs 170-175,1,798253,1,0,0,1,0,1,2,2,T intersection,3,50,Arterial Highway,YARRA RANGES,-37.651855,145.5216,3777.0,True,Reservoir HS,44015.9
T20230025746,2023-03-11,12:54:00,1,Collision with vehicle,6,Friday,163,VEHICLE STRIKES DOOR OF PARKED/STATIONARY VEHICLE,1,785290,2,0,1,0,1,2,1,5,Not at intersection,2,40,Local Road,MORELAND,-37.77155,144.9717,3057.0,True,Preston HS,4550.0
T20230002542,2023-01-02,16:50:00,1,Collision with vehicle,4,Wednesday,140,U TURN,1,754432,2,0,0,1,3,4,1,1,Cross intersection,3,100,Arterial Other,LATROBE,-38.331493,146.35039,3869.0,True,Reservoir HS,134068.8
T20250008976,2025-03-04,10:00:00,1,Collision with vehicle,4,Thursday,113,RIGHT NEAR (INTERSECTIONS ONLY),1,7804,2,0,0,1,1,2,2,2,T intersection,3,50,,YARRA,-37.829796,145.02534,3121.0,True,Preston HS,9926.1
T20210020551,2021-09-10,13:30:00,1,Collision with vehicle,6,Saturday,135,LANE CHANGE LEFT (NOT OVERTAKING),1,694672,2,0,0,1,1,2,2,5,Not at intersection,3,60,Arterial Other,PORT PHILLIP,-37.848026,144.94911,3206.0,True,Preston HS,12874.2
T20210004981,2021-07-03,00:33:00,1,Collision with vehicle,1,Sunday,163,VEHICLE STRIKES DOOR OF PARKED/STATIONARY VEHICLE,3,682217,2,0,0,1,2,3,2,2,T intersection,3,40,Local Road,STONNINGTON,-37.84448,144.99461,3141.0,True,Preston HS,11481.2
T20220001886,2022-07-01,18:00:00,1,Collision with vehicle,6,Friday,130,REAR END(VEHICLES IN SAME LANE),1,731338,2,0,0,1,1,2,2,2,T intersection,3,50,Local Road,MELBOURNE,-37.79519,144.93672,3051.0,True,Preston HS,8581.8
T20250012989,2025-10-04,07:15:00,2,Struck Pedestrian,5,Thursday,102,FAR SIDE. PED HIT BY VEHICLE FROM THE LEFT,1,818372,1,0,0,1,1,2,1,5,Not at intersection,3,50,Local Road,WYNDHAM,-37.846867,144.64354,3029.0,True,Preston HS,34018.4
T20210014809,2021-06-07,07:30:00,1,Collision with vehicle,3,Tuesday,154,PULLING OUT -REAR END,1,687263,2,0,0,1,1,2,1,5,Not at intersection,3,100,Freeway,HOBSONS BAY,-37.84842,144.7803,3028.0,True,Preston HS,23193.8
T20210003162,2021-06-02,18:30:00,1,Collision with vehicle,7,Saturday,163,VEHICLE STRIKES DOOR OF PARKED/STATIONARY VEHICLE,2,779891,2,0,0,1,1,2,2,5,Not at intersection,3,50,Local Road,MOONEE VALLEY,-37.754177,144.93236,3040.0,True,Preston HS,6716.2
T20210025209,2021-08-12,19:00:00,1,Collision with vehicle,4,Wednesday,111,RIGHT FAR (INTERSECTIONS ONLY),3,44279,2,0,1,0,1,2,1,1,Cross intersection,2,50,Local Road,DAREBIN,-37.73679,145.00722,3072.0,True,Preston HS,546.1
T20220010625,2022-11-05,12:20:00,1,Collision with vehicle,4,Wednesday,137,LEFT TURN SIDESWIPE,1,29636,2,0,0,1,1,2,1,1,Cross intersection,3,60,Arterial Other,GLEN EIRA,-37.87692,144.998,3185.0,True,Preston HS,15057.0
T20230026422,2023-10-11,22:58:00,1,Collision with vehicle,6,Friday,121,RIGHT THROUGH,3,630934,2,0,1,0,1,2,1,2,T intersection,2,80,Local Road,CASEY,-38.091213,145.256,3977.0,True,Preston HS,44577.4
T20230015610,2023-05-07,14:54:00,1,Collision with vehicle,4,Wednesday,132,RIGHT REAR.,1,787312,2,0,1,0,1,2,1,5,Not at intersection,2,999,Arterial Highway,BAW BAW,-38.20801,146.15317,3824.0,True,Reservoir HS,112341.2
T20220017496,2022-05-08,12:05:00,8,No collision and no object struck,6,Friday,170,OFF CARRIAGEWAY TO LEFT,1,723716,1,0,1,0,0,1,1,5,Not at intersection,2,100,Arterial Other,MACEDON RANGES,-37.231777,144.74026,3435.0,True,William Ruthven SC,56643.1
T20220015357,2022-09-07,09:13:00,1,Collision with vehicle,6,Saturday,110,CROSS TRAFFIC(INTERSECTIONS ONLY),1,69142,2,0,0,1,1,2,1,1,Cross intersection,3,50,Local Road,BAYSIDE,-37.906734,145.0009,3186.0,True,Preston HS,18359.0
T20230007997,2023-04-04,05:50:00,1,Collision with vehicle,2,Tuesday,134,LANE CHANGE RIGHT (NOT OVERTAKING),5,765550,2,0,1,0,1,2,1,5,Not at intersection,2,100,Freeway,WYNDHAM,-37.824493,144.81195,3026.0,True,Preston HS,19464.8
T20240007617,2024-02-02,09:33:00,7,Fall from or in moving vehicle,5,Friday,190,FELL IN/FROM VEHICLE,1,148922,1,0,0,1,1,2,2,5,Not at intersection,3,999,Local Road,MELBOURNE,-37.816532,144.96683,3000.0,True,Preston HS,9042.3
T20250002771,2025-02-02,11:35:00,4,Collision with a fixed object,1,Sunday,189,OTHER ACCIDENTS ON CURVE NOT INCLUDED IN DCAs 180-184,1,814645,1,0,1,0,0,1,1,5,Not at intersection,2,80,Arterial Other,YARRA RANGES,-37.563023,145.90666,3779.0,True,Reservoir HS,79247.6
T20220010530,2022-10-05,13:50:00,2,Struck Pedestrian,3,Tuesday,102,FAR SIDE. PED HIT BY VEHICLE FROM THE LEFT,1,715570,1,0,1,0,1,2,1,1,Cross intersection,2,60,Arterial Other,BENDIGO,-36.77323,144.30516,3550.0,True,William Ruthven SC,119820.3
T20220010692,2022-12-05,06:00:00,1,Collision with vehicle,4,Thursday,130,REAR END(VEHICLES IN SAME LANE),3,712289,3,0,0,1,3,4,1,5,Not at intersection,3,100,Freeway,CASEY,-38.000748,145.2927,3805.0,True,Preston HS,38185.9
T20250003696,2025-11-02,19:50:00,1,Collision with vehicle,2,Tuesday,140,U TURN,1,36315,2,0,1,0,1,2,1,1,Cross intersection,2,40,Local Road,MELBOURNE,-37.803497,144.96645,3053.0,True,Preston HS,7744.9
T20240020398,2024-11-08,15:00:00,1,Collision with vehicle,1,Sunday,163,VEHICLE STRIKES DOOR OF PARKED/STATIONARY VEHICLE,1,808188,3,0,0,1,2,3,1,5,Not at intersection,3,40,Local Road,YARRA,-37.79923,144.98422,3066.0,True,Preston HS,6705.7
T20230002610,2023-02-02,12:06:00,2,Struck Pedestrian,5,Thursday,100,PED NEAR SIDE. PED HIT BY VEHICLE FROM THE RIGHT.,1,765522,1,0,0,1,1,2,1,5,Not at intersection,3,50,Local Road,MAROONDAH,-37.79974,145.28235,3136.0,True,Reservoir HS,23841.2
T20210007765,2021-06-04,14:50:00,3,Struck animal,3,Tuesday,167,STRUCK ANIMAL,1,680083,1,0,2,0,0,2,1,5,Not at intersection,2,80,Arterial Highway,GOLDEN PLAINS,-37.858852,144.07626,3333.0,True,Preston HS,82815.0
T20230015144,2023-10-06,13:15:00,6,Vehicle overturned (no collision),7,Saturday,174,OUT OF CONTROL ON CARRIAGEWAY (ON STRAIGHT),1,776637,1,0,0,1,0,1,2,5,Not at intersection,3,60,Local Road,BENALLA,-36.605328,146.18155,3673.0,True,William Ruthven SC,160100.3
T20220022838,2022-11-10,05:50:00,1,Collision with vehicle,3,Tuesday,148,VEHICLE OFF FOOTPATH STRIKES VEH ON CARRIAGEWAY,1,38293,2,0,1,0,1,2,1,1,Cross intersection,2,60,Arterial Other,WHITTLESEA,-37.682026,145.02957,3074.0,True,William Ruthven SC,2841.6
T20240025518,2024-07-10,15:43:00,2,Struck Pedestrian,2,Monday,102,FAR SIDE. PED HIT BY VEHICLE FROM THE LEFT,1,809462,1,0,0,1,1,2,2,2,T intersection,3,50,Local Road,BANYULE,-37.743668,145.07677,3084.0,True,Reservoir HS,4790.2
T20210010600,2021-11-05,17:40:00,2,Struck Pedestrian,3,Tuesday,102,FAR SIDE. PED HIT BY VEHICLE FROM THE LEFT,3,730201,1,0,1,0,2,3,1,5,Not at intersection,2,60,Local Road,KINGSTON,-37.97384,145.06459,3192.0,True,Preston HS,26301.6
T20220021059,2022-11-09,12:00:00,1,Collision with vehicle,1,Sunday,137,LEFT TURN SIDESWIPE,1,782733,2,0,0,1,1,2,2,5,Not at intersection,3,50,Local Road,MELBOURNE,-37.80274,144.96962,3053.0,True,Preston HS,7544.5
T20240031725,2024-11-12,05:38:00,4,Collision with a fixed object,3,Wednesday,171,LEFT OFF CARRIAGEWAY INTO OBJECT/PARKED VEHICLE,1,795547,1,0,0,1,0,1,2,5,Not at intersection,3,80,Arterial Highway,MELBOURNE,-37.817696,144.99,3121.0,True,Preston HS,8583.0
T20220009793,2022-02-05,06:45:00,1,Collision with vehicle,2,Monday,113,RIGHT NEAR (INTERSECTIONS ONLY),2,755557,2,0,1,0,1,2,1,2,T intersection,2,70,Local Road,WYNDHAM,-37.88106,144.66344,3030.0,True,Preston HS,33934.5
T20220025016,2022-04-11,18:02:00,1,Collision with vehicle,6,Friday,113,RIGHT NEAR (INTERSECTIONS ONLY),1,34410,2,0,0,1,1,2,1,2,T intersection,3,40,Local Road,MORELAND,-37.76735,144.96495,3056.0,True,Preston HS,4676.2
T20250012237,2025-08-05,04:30:00,1,Collision with vehicle,4,Thursday,110,CROSS TRAFFIC(INTERSECTIONS ONLY),3,803713,2,0,0,1,1,2,1,1,Cross intersection,3,60,Arterial Other,WYNDHAM,-37.824867,144.7487,3029.0,True,Preston HS,24519.3
T20240005395,2024-03-03,10:12:00,1,Collision with vehicle,1,Sunday,110,CROSS TRAFFIC(INTERSECTIONS ONLY),1,50710,2,0,1,0,1,2,1,1,Cross intersection,2,50,Arterial Highway,WARRNAMBOOL,-38.384983,142.4949,3280.0,True,Preston HS,231265.8
T20210012913,2021-11-06,15:40:00,2,Struck Pedestrian,6,Friday,102,FAR SIDE. PED HIT BY VEHICLE FROM THE LEFT,1,685758,1,0,1,0,1,2,1,5,Not at intersection,2,50,,MOORABOOL,-37.67034,144.43378,3340.0,True,William Ruthven SC,50174.9
T20220004919,2022-05-03,08:40:00,1,Collision with vehicle,7,Saturday,121,RIGHT THROUGH,1,756294,2,0,1,0,2,3,1,4,Multiple intersection,2,50,Arterial Other,MARIBYRNONG,-37.82494,144.88113,3013.0,True,Preston HS,14430.0
T20230010713,2023-05-05,19:25:00,6,Vehicle overturned (no collision),6,Friday,174,OUT OF CONTROL ON CARRIAGEWAY (ON STRAIGHT),3,25256,1,0,0,1,0,1,2,1,Cross intersection,3,80,Arterial Other,CARDINIA,-38.061775,145.45534,3810.0,True,Preston HS,53041.7
T20230016311,2023-07-07,14:43:00,7,Fall from or in moving vehicle,6,Friday,190,FELL IN/FROM VEHICLE,1,777215,1,0,0,1,0,1,2,5,Not at intersection,3,80,Freeway,STRATHBOGIE,-36.745384,145.58636,3666.0,True,William Ruthven SC,117703.0
T20250008557,2025-08-03,11:15:00,8,No collision and no object struck,6,Saturday,174,OUT OF CONTROL ON CARRIAGEWAY (ON STRAIGHT),9,817123,1,0,0,1,0,1,2,5,Not at intersection,3,999,Arterial Other,TOWONG,-36.494637,147.34889,3701.0,True,Reservoir HS,246856.8
T20220025324,2022-09-11,15:20:00,2,Struck Pedestrian,3,Wednesday,102,FAR SIDE. PED HIT BY VEHICLE FROM THE LEFT,1,734588,1,0,0,1,1,2,1,5,Not at intersection,3,40,Local Road,MELTON,-37.70862,144.57399,3338.0,True,William Ruthven SC,37766.0
T20230000217,2023-03-01,17:38:00,1,Collision with vehicle,3,Tuesday,121,RIGHT THROUGH,1,35355,2,0,1,0,1,2,1,1,Cross intersection,2,40,Local Road,MELBOURNE,-37.812283,144.96227,3000.0,True,Preston HS,8781.9
T20240028117,2024-05-11,07:45:00,1,Collision with vehicle,2,Tuesday,140,U TURN,1,825070,2,0,1,0,1,2,1,5,Not at intersection,2,40,Local Road,GEELONG,-38.140327,144.35677,3220.0,True,Preston HS,72229.2
T20240025799,2024-12-10,14:00:00,4,Collision with a fixed object,7,Saturday,181,OFF RIGHT BEND INTO OBJECT/PARKED VEHICLE,1,811592,1,0,0,1,0,1,1,5,Not at intersection,3,80,Arterial Other,MANSFIELD,-36.945522,146.20494,3723.0,True,Reservoir HS,135143.4
T20230005344,2023-06-03,09:10:00,1,Collision with vehicle,2,Monday,137,LEFT TURN SIDESWIPE,1,781778,2,0,0,1,1,2,1,5,Not at intersection,3,60,Arterial Highway,YARRA,-37.794376,144.98807,3066.0,True,Preston HS,6091.5
T20230010808,2023-08-05,19:30:00,8,No collision and no object struck,1,Monday,174,OUT OF CONTROL ON CARRIAGEWAY (ON STRAIGHT),3,715605,1,0,0,1,0,1,1,5,Not at intersection,3,60,Arterial Other,BOROONDARA,-37.834488,145.08531,3124.0,True,Preston HS,12397.0
T20240000423,2024-07-01,04:45:00,1,Collision with vehicle,1,Sunday,120,HEAD ON (NOT OVERTAKING),3,254759,2,0,1,0,1,2,1,1,Cross intersection,2,40,Local Road,DAREBIN,-37.772106,144.99915,3070.0,True,Preston HS,3452.5
T20230012844,2023-02-06,06:20:00,2,Struck Pedestrian,6,Friday,102,FAR SIDE. PED HIT BY VEHICLE FROM THE LEFT,2,792221,1,0,0,1,1,2,1,5,Not at intersection,3,60,Arterial Highway,DAREBIN,-37.74547,145.00603,3072.0,True,Preston HS,429.6
T20210021452,2021-09-10,16:15:00,2,Struck Pedestrian,6,Saturday,102,FAR SIDE. PED HIT BY VEHICLE FROM THE LEFT,1,781370,1,0,0,1,1,2,2,5,Not at intersection,3,50,Local Road,MOONEE VALLEY,-37.774845,144.90846,3032.0,True,Preston HS,9422.2
T20220001756,2022-03-01,08:10:00,2,Struck Pedestrian,2,Monday,100,PED NEAR SIDE. PED HIT BY VEHICLE FROM THE RIGHT.,1,29651,1,0,0,1,1,2,2,1,Cross intersection,3,70,Arterial Highway,GLEN EIRA,-37.906525,145.06178,3163.0,True,Preston HS,18946.5
T20230020933,2023-07-09,11:54:00,2,Struck Pedestrian,5,Thursday,102,FAR SIDE. PED HIT BY VEHICLE FROM THE LEFT,1,42815,1,0,1,0,1,2,1,1,Cross intersection,2,80,Arterial Highway,KINGSTON,-37.990707,145.08134,3195.0,True,Preston HS,28444.9
T20230015825,2023-08-07,11:30:00,1,Collision with vehicle,6,Saturday,163,VEHICLE STRIKES DOOR OF PARKED/STATIONARY VEHICLE,1,777003,2,0,0,1,1,2,2,5,Not at intersection,3,999,Arterial Other,BAYSIDE,-37.97561,145.01706,3193.0,True,Preston HS,26024.3
T20210017400,2021-12-08,09:11:00,1,Collision with vehicle,4,Thursday,121,RIGHT THROUGH,1,42440,2,0,0,1,1,2,1,2,T intersection,3,50,Local Road,MORELAND,-37.722805,144.95094,3044.0,True,Preston HS,5367.1
T20240019924,2024-06-08,18:55:00,2,Struck Pedestrian,3,Tuesday,100,PED NEAR SIDE. PED HIT BY VEHICLE FROM THE RIGHT.,5,807224,1,0,1,1,0,2,1,2,T intersection,2,50,Local Road,GEELONG,-38.190285,144.32323,3216.0,True,Preston HS,77987.4
T20240014601,2024-08-06,00:30:00,4,Collision with a fixed object,7,Saturday,179,OTHER ACCIDENTS-OFF STRAIGHT NOT INCLUDED IN DCAs 170-175,3,36131,1,0,1,0,0,1,1,2,T intersection,2,60,Local Road,DAREBIN,-37.698914,144.99011,3073.0,True,William Ruthven SC,1163.6
T20250005628,2025-02-03,01:59:00,4,Collision with a fixed object,1,Sunday,181,OFF RIGHT BEND INTO OBJECT/PARKED VEHICLE,3,822260,1,0,1,0,0,1,1,5,Not at intersection,2,60,Local Road,MORNINGTON PENINSULA,-38.30688,145.19356,3915.0,True,Preston HS,64932.8
T20210002800,2021-07-02,19:00:00,2,Struck Pedestrian,1,Sunday,101,PED EMERGES FROM IN FRONT OF PARKED OR STATIONARY VEHICLE,2,675620,1,0,0,1,1,2,1,5,Not at intersection,3,40,Local Road,YARRA,-37.79646,144.97879,3065.0,True,Preston HS,6577.9
T20250003577,2025-10-02,17:33:00,4,Collision with a fixed object,2,Monday,173,RIGHT OFF CARRIAGEWAY INTO OBJECT/PARKED VEHICLE,1,816534,1,0,1,0,0,1,1,9,Unknown,2,60,Local Road,MOORABOOL,-37.688004,144.41661,3340.0,True,William Ruthven SC,51603.8
T20220007895,2022-08-04,12:55:00,8,No collision and no object struck,6,Friday,174,OUT OF CONTROL ON CARRIAGEWAY (ON STRAIGHT),1,29416,1,0,1,0,0,1,1,1,Cross intersection,2,40,Arterial Other,MELBOURNE,-37.81907,144.95415,3008.0,True,Preston HS,9781.1
T20240014129,2024-02-06,11:40:00,6,Vehicle overturned (no collision),1,Sunday,174,OUT OF CONTROL ON CARRIAGEWAY (ON STRAIGHT),1,804654,1,0,0,1,0,1,1,3,Y intersection,3,60,Arterial Other,BOROONDARA,-37.819973,145.01657,3122.0,True,Preston HS,8743.3
T20240020487,2024-12-08,14:35:00,2,Struck Pedestrian,2,Monday,100,PED NEAR SIDE. PED HIT BY VEHICLE FROM THE RIGHT.,1,680825,1,0,0,2,1,3,1,2,T intersection,3,60,Arterial Other,MAROONDAH,-37.798885,145.28255,3136.0,True,Reservoir HS,23823.7
T20220025904,2022-04-11,16:00:00,8,No collision and no object struck,6,Friday,174,OUT OF CONTROL ON CARRIAGEWAY (ON STRAIGHT),1,735694,1,0,0,1,0,1,2,5,Not at intersection,3,100,Local Road,BAW BAW,-38.008366,146.50275,3856.0,True,Reservoir HS,133185.5
T20220015721,2022-12-07,19:00:00,2,Struck Pedestrian,3,Tuesday,102,FAR SIDE. PED HIT BY VEHICLE FROM THE LEFT,5,719603,1,0,1,0,1,2,1,5,Not at intersection,2,60,Arterial Other,MACEDON RANGES,-37.34931,144.5445,3442.0,True,William Ruthven SC,55907.5
T20220015327,2022-08-07,18:15:00,2,Struck Pedestrian,5,Friday,102,FAR SIDE. PED HIT BY VEHICLE FROM THE LEFT,3,728493,1,0,0,1,1,2,2,1,Cross intersection,3,60,Arterial Other,BOROONDARA,-37.812855,145.08145,3103.0,True,Preston HS,10261.6
T20230010861,2023-09-05,05:30:00,2,Struck Pedestrian,2,Tuesday,100,PED NEAR SIDE. PED HIT BY VEHICLE FROM THE RIGHT.,2,776612,1,0,0,1,1,2,2,2,T intersection,3,999,Arterial Highway,MAROONDAH,-37.814716,145.23103,3134.0,True,Reservoir HS,20481.1
T20230010897,2023-09-04,11:30:00,1,Collision with vehicle,1,Sunday,134,LANE CHANGE RIGHT (NOT OVERTAKING),1,773856,2,0,0,1,1,2,2,5,Not at intersection,3,999,,CAMPASPE,-36.72519,144.79254,3523.0,True,William Ruthven SC,109605.2
T20240022980,2024-09-09,16:05:00,2,Struck Pedestrian,1,Monday,102,FAR SIDE. PED HIT BY VEHICLE FROM THE LEFT,1,810096,1,0,0,2,0,2,1,5,Not at intersection,3,60,Local Road,MELTON,-37.68561,144.57812,3337.0,True,William Ruthven SC,37404.3
T20220022287,2022-03-10,19:55:00,1,Collision with vehicle,2,Monday,110,CROSS TRAFFIC(INTERSECTIONS ONLY),3,38198,2,0,1,0,1,2,1,1,Cross intersection,2,60,Arterial Other,WHITTLESEA,-37.68953,145.02737,3074.0,True,William Ruthven SC,2282.4
T20240028282,2024-07-11,02:38:00,2,Struck Pedestrian,5,Thursday,103,PED PLAYING/LYING/WORKING/STANDING ON CARRIAGEWAY.,3,813331,1,0,1,0,1,2,1,5,Not at intersection,2,999,Local Road,BOROONDARA,-37.806564,145.0301,3101.0,True,Preston HS,7490.5
T20220027368,2022-02-12,21:00:00,2,Struck Pedestrian,5,Friday,102,FAR SIDE. PED HIT BY VEHICLE FROM THE LEFT,3,739893,1,0,1,0,1,2,1,5,Not at intersection,2,60,,MORNINGTON PENINSULA,-38.21508,145.03891,3931.0,True,Preston HS,52711.2
T20220012884,2022-07-06,13:44:00,2,Struck Pedestrian,3,Tuesday,100,PED NEAR SIDE. PED HIT BY VEHICLE FROM THE RIGHT.,1,29714,1,0,0,1,1,2,1,2,T intersection,3,60,Arterial Other,DANDENONG,-37.970325,145.2173,3175.0,True,Preston HS,31414.0
T20240031748,2024-11-12,11:50:00,1,Collision with vehicle,3,Wednesday,113,RIGHT NEAR (INTERSECTIONS ONLY),1,42396,2,0,0,1,1,2,1,1,Cross intersection,3,60,Arterial Other,MORELAND,-37.718067,144.9517,3046.0,True,William Ruthven SC,5107.7
T20240004227,2024-10-02,10:50:00,7,Fall from or in moving vehicle,7,Saturday,179,OTHER ACCIDENTS-OFF STRAIGHT NOT INCLUDED IN DCAs 170-175,1,798411,1,0,1,0,0,1,1,5,Not at intersection,2,100,Arterial Highway,BENALLA,-36.51139,145.96945,3672.0,True,William Ruthven SC,157199.9
T20250014835,2025-02-06,14:45:00,1,Collision with vehicle,1,Monday,121,RIGHT THROUGH,1,36489,2,0,0,1,2,3,2,1,Cross intersection,3,40,Local Road,YARRA,-37.794735,144.97908,3065.0,True,Preston HS,6390.9
T20250017500,2025-01-07,18:21:00,1,Collision with vehicle,3,Tuesday,121,RIGHT THROUGH,3,41465,2,0,1,0,1,2,1,2,T intersection,2,60,Arterial Other,GLEN EIRA,-37.888123,145.0668,3163.0,True,Preston HS,17105.2
T20230015684,2023-06-07,18:08:00,1,Collision with vehicle,4,Thursday,130,REAR END(VEHICLES IN SAME LANE),2,777124,2,0,0,2,1,3,1,5,Not at intersection,3,80,Freeway,STONNINGTON,-37.853157,145.05481,3146.0,True,Preston HS,13083.2
T20220024979,2022-06-11,00:40:00,1,Collision with vehicle,1,Sunday,136,RIGHT TURN SIDESWIPE,3,44641,2,0,0,1,2,3,1,1,Cross intersection,3,50,Local Road,BENDIGO,-36.76229,144.28436,3550.0,True,William Ruthven SC,121818.1
T20230017003,2023-02-07,12:45:00,6,Vehicle overturned (no collision),1,Sunday,174,OUT OF CONTROL ON CARRIAGEWAY (ON STRAIGHT),1,794895,1,0,0,1,0,1,2,1,Cross intersection,3,40,Arterial Other,MELBOURNE,-37.816086,144.98251,3002.0,True,Preston HS,8549.0
T20230028787,2023-06-12,06:00:00,1,Collision with vehicle,4,Wednesday,134,LANE CHANGE RIGHT (NOT OVERTAKING),2,790962,3,0,1,0,3,4,1,5,Not at intersection,2,110,Freeway,MELTON,-37.699802,144.61789,3337.0,True,William Ruthven SC,33883.9
T20250012169,2025-06-05,15:30:00,1,Collision with vehicle,3,Tuesday,110,CROSS TRAFFIC(INTERSECTIONS ONLY),1,63474,2,0,0,1,1,2,2,1,Cross intersection,3,60,Local Road,MORELAND,-37.75439,144.97072,3058.0,True,Preston HS,3496.1
T20240011830,2024-08-05,16:08:00,1,Collision with vehicle,4,Wednesday,120,HEAD ON (NOT OVERTAKING),1,802985,2,1,1,0,0,2,1,5,Not at intersection,1,100,Arterial Other,MURRINDINDI,-37.118137,145.60773,3719.0,True,William Ruthven SC,83603.2
T20240029409,2024-09-11,15:30:00,1,Collision with vehicle,7,Saturday,133,LANE SIDE SWIPE (VEHICLES IN PARALLEL LANES),1,232114,2,0,0,1,1,2,1,5,Not at intersection,3,40,Local Road,MELBOURNE,-37.811172,144.96175,3000.0,True,Preston HS,8692.6
T20220009842,2022-02-05,17:57:00,1,Collision with vehicle,2,Monday,137,LEFT TURN SIDESWIPE,3,38051,2,0,1,0,1,2,1,1,Cross intersection,2,60,Arterial Other,DAREBIN,-37.7834,145.01738,3078.0,True,Preston HS,4724.1
T20210012983,2021-12-06,19:00:00,1,Collision with vehicle,7,Saturday,140,U TURN,3,685522,2,0,1,0,1,2,1,5,Not at intersection,2,60,Local Road,MORNINGTON PENINSULA,-38.19007,145.12093,3930.0,True,Preston HS,50845.3
T20230008110,2023-01-04,11:00:00,7,Fall from or in moving vehicle,6,Saturday,190,FELL IN/FROM VEHICLE,9,777530,1,0,0,1,0,1,2,5,Not at intersection,3,999,Local Road,HEPBURN,-37.342197,144.1478,3460.0,True,William Ruthven SC,85093.7
T20250020561,2025-01-08,18:00:00,1,Collision with vehicle,6,Friday,163,VEHICLE STRIKES DOOR OF PARKED/STATIONARY VEHICLE,2,820908,2,0,0,1,1,2,2,5,Not at intersection,3,999,Local Road,MELBOURNE,-37.8161,144.96446,3000.0,True,Preston HS,9082.1
T20250018539,2025-12-07,08:53:00,1,Collision with vehicle,7,Saturday,139,OTHER SAME DIRECTION-MANOUEVRES NOT INCLUDED IN DCAs 130-137,1,35626,2,0,1,0,1,2,1,2,T intersection,2,777,Arterial Highway,KINGSTON,-38.008427,145.08789,3195.0,True,Preston HS,30494.6
T20240000614,2024-09-01,11:55:00,2,Struck Pedestrian,3,Tuesday,101,PED EMERGES FROM IN FRONT OF PARKED OR STATIONARY VEHICLE,1,36039,1,0,1,1,0,2,2,2,T intersection,2,30,Local Road,MORELAND,-37.7741,144.97128,3057.0,True,Preston HS,4784.9
T20250000507,2024-06-12,10:20:00,8,No collision and no object struck,6,Friday,174,OUT OF CONTROL ON CARRIAGEWAY (ON STRAIGHT),1,41456,1,0,0,1,0,1,1,1,Cross intersection,3,60,Arterial Other,MOONEE VALLEY,-37.730015,144.92392,3041.0,True,Preston HS,7429.1
T20210019009,2021-11-09,09:53:00,2,Struck Pedestrian,7,Saturday,106,VEH STRIKES PED ON FOOTPATH/MEDIAN/TRAFFIC ISLAND.,1,692771,1,0,0,1,1,2,1,2,T intersection,3,40,,PORT PHILLIP,-37.838444,144.93727,3207.0,True,Preston HS,12384.5
T20240017236,2024-08-07,12:50:00,1,Collision with vehicle,2,Monday,121,RIGHT THROUGH,1,796474,2,0,0,1,2,3,1,5,Not at intersection,3,60,Arterial Other,BAYSIDE,-37.937546,144.9982,3188.0,True,Preston HS,21791.1