ACCIDENT_NO,ACCIDENT_DATE,ACCIDENT_TIME,ACCIDENT_TYPE,ACCIDENT_TYPE_DESC,DAY_OF_WEEK,DAY_WEEK_DESC,DCA_CODE,DCA_DESC,LIGHT_CONDITION,NODE_ID,NO_OF_VEHICLES,NO_PERSONS_KILLED,NO_PERSONS_INJ_2,NO_PERSONS_INJ_3,NO_PERSONS_NOT_INJ,NO_PERSONS,POLICE_ATTEND,ROAD_GEOMETRY,ROAD_GEOMETRY_DESC,SEVERITY,SPEED_ZONE,RMA,LGA_NAME,LATITUDE,LONGITUDE,POSTCODE_CRASH,PED_OR_CYC,nearest_school,dist_to_gate_m
T20220022871,2022-11-10,13:05:00,1,Collision with vehicle,3,Tuesday,121,RIGHT THROUGH,1,728213,2,0,1,0,1,2,1,5,Not at intersection,2,60,Local Road,STONNINGTON,-37.88615,145.07835,3145.0,True,Preston HS,17238.5
T20220005989,2022-10-03,21:30:00,1,Collision with vehicle,5,Thursday,121,RIGHT THROUGH,3,707717,2,0,0,1,1,2,2,5,Not at intersection,3,60,Arterial Other,WHITEHORSE,-37.8288,145.12238,3128.0,True,Preston HS,14015.4
T20230026333,2023-07-11,13:10:00,1,Collision with vehicle,3,Tuesday,137,LEFT TURN SIDESWIPE,1,789363,2,0,0,1,1,2,1,5,Not at intersection,3,60,Arterial Highway,KINGSTON,-38.00965,145.08835,3195.0,True,Preston HS,30636.2
T20220025123,2022-07-11,18:15:00,1,Collision with vehicle,2,Monday,140,U TURN,1,735584,2,0,1,0,1,2,1,5,Not at intersection,2,50,Arterial Other,BOROONDARA,-37.80169,145.0112,3101.0,True,Preston HS,6680.3
T20230010311,2023-03-05,08:33:00,1,Collision with vehicle,3,Wednesday,140,U TURN,1,772735,2,0,0,1,1,2,1,5,Not at intersection,3,60,Arterial Other,MORELAND,-37.735874,144.9821,3058.0,True,Preston HS,2291.8
T20210007949,2021-09-04,10:15:00,1,Collision with vehicle,6,Friday,110,CROSS TRAFFIC(INTERSECTIONS ONLY),1,38016,2,0,0,1,1,2,1,1,Cross intersection,3,60,Local Road,DAREBIN,-37.757713,145.01344,3071.0,True,Preston HS,1865.8
T20230002712,2023-03-02,09:20:00,2,Struck Pedestrian,6,Friday,100,PED NEAR SIDE. PED HIT BY VEHICLE FROM THE RIGHT.,1,752489,1,0,0,1,2,3,1,1,Cross intersection,3,40,Local Road,MELBOURNE,-37.817375,144.9674,3000.0,True,Preston HS,9109.4
T20210015679,2021-09-07,10:45:00,6,Vehicle overturned (no collision),6,Friday,174,OUT OF CONTROL ON CARRIAGEWAY (ON STRAIGHT),1,37787,1,0,0,1,0,1,2,2,T intersection,3,50,Local Road,STONNINGTON,-37.83508,145.01495,3142.0,True,Preston HS,10406.3
T20220006134,2022-12-03,18:00:00,4,Collision with a fixed object,7,Saturday,181,OFF RIGHT BEND INTO OBJECT/PARKED VEHICLE,1,346538,1,0,0,1,0,1,2,5,Not at intersection,3,999,Arterial Other,SOUTH GIPPSLAND,-38.3333,145.7264,3988.0,True,Preston HS,91080.3
T20230026269,2023-09-11,15:14:00,2,Struck Pedestrian,5,Thursday,101,PED EMERGES FROM IN FRONT OF PARKED OR STATIONARY VEHICLE,1,795267,1,0,0,1,1,2,1,2,T intersection,3,40,Local Road,DANDENONG,-37.959373,145.20786,3175.0,True,Preston HS,29942.4
T20220012478,2022-02-06,08:00:00,1,Collision with vehicle,5,Thursday,130,REAR END(VEHICLES IN SAME LANE),1,713888,2,1,0,0,2,3,1,5,Not at intersection,1,80,Arterial Other,HUME,-37.612667,144.94664,3064.0,True,William Ruthven SC,10563.5
T20210025696,2021-06-11,17:50:00,6,Vehicle overturned (no collision),7,Saturday,174,OUT OF CONTROL ON CARRIAGEWAY (ON STRAIGHT),1,699711,1,0,1,0,0,1,2,5,Not at intersection,2,60,Local Road,MORELAND,-37.76747,144.97243,3057.0,True,Preston HS,4183.5
T20220021782,2022-01-09,09:15:00,1,Collision with vehicle,5,Thursday,113,RIGHT NEAR (INTERSECTIONS ONLY),1,37905,2,0,0,1,1,2,2,2,T intersection,3,50,Local Road,DAREBIN,-37.768898,144.9953,3070.0,True,Preston HS,3197.3
T20250003832,2025-12-02,17:00:00,1,Collision with vehicle,4,Wednesday,136,RIGHT TURN SIDESWIPE,1,46819,2,0,0,1,1,2,1,1,Cross intersection,3,40,Arterial Other,MELBOURNE,-37.836952,144.9758,3004.0,True,Preston HS,10942.8
T20230022157,2023-03-09,17:30:00,4,Collision with a fixed object,1,Sunday,151,OUT OF CONTROL (OVERTAKING),2,39076,1,0,0,1,0,1,2,2,T intersection,3,60,Local Road,BRIMBANK,-37.727074,144.77756,3037.0,True,William Ruthven SC,20118.7
T20220012317,2022-01-05,13:30:00,8,No collision and no object struck,1,Sunday,184,OUT OF CONTROL ON CARRIAGEWAY (ON BEND),1,713700,1,0,0,1,0,1,2,5,Not at intersection,3,999,,MACEDON RANGES,-37.42916,144.52092,3437.0,True,William Ruthven SC,51859.5
T20240016646,2024-01-07,17:49:00,2,Struck Pedestrian,2,Monday,105,PED WALKING AGAINST TRAFFIC.,5,806864,1,0,1,0,1,2,1,5,Not at intersection,2,80,Local Road,MORNINGTON PENINSULA,-38.224747,145.19662,3912.0,True,Preston HS,56222.0
T20240005840,2024-07-03,18:20:00,2,Struck Pedestrian,4,Thursday,101,PED EMERGES FROM IN FRONT OF PARKED OR STATIONARY VEHICLE,1,799581,1,0,1,0,1,2,1,5,Not at intersection,2,60,Arterial Other,MACEDON RANGES,-37.46963,144.59781,3438.0,True,William Ruthven SC,43719.3
T20220019899,2022-02-09,15:50:00,1,Collision with vehicle,5,Friday,147,VEHICLE STRIKES ANOTHER VEH WHILE EMERGING FROM DRIVEWAY,1,782583,2,0,0,1,1,2,2,5,Not at intersection,3,999,Arterial Other,WELLINGTON,-37.95988,146.98627,3860.0,True,Reservoir HS,173850.9
T20220022677,2022-06-10,20:30:00,4,Collision with a fixed object,5,Thursday,171,LEFT OFF CARRIAGEWAY INTO OBJECT/PARKED VEHICLE,9,727608,1,0,1,0,0,1,2,5,Not at intersection,2,999,Local Road,GLEN EIRA,-37.925957,145.0381,3204.0,True,Preston HS,20668.5
T20230011260,2023-11-05,16:26:00,6,Vehicle overturned (no collision),5,Thursday,174,OUT OF CONTROL ON CARRIAGEWAY (ON STRAIGHT),1,774008,1,0,0,1,0,1,1,5,Not at intersection,3,100,Arterial Highway,(MOUNT HOTHAM),-37.00306,147.09464,3741.0,True,Reservoir HS,199274.1
T20230000106,2023-02-01,20:12:00,1,Collision with vehicle,1,Monday,121,RIGHT THROUGH,2,48143,2,0,0,1,1,2,1,2,T intersection,3,40,Local Road,MARIBYRNONG,-37.79995,144.90115,3011.0,True,Preston HS,11343.6
T20220025019,2022-06-11,15:20:00,1,Collision with vehicle,1,Sunday,121,RIGHT THROUGH,1,61359,2,0,1,0,2,3,1,2,T intersection,2,60,Arterial Highway,YARRA RANGES,-37.662594,145.51329,3777.0,True,Reservoir HS,43093.1
T20240022965,2024-09-09,20:58:00,2,Struck Pedestrian,2,Monday,102,FAR SIDE. PED HIT BY VEHICLE FROM THE LEFT,3,809126,1,0,1,0,3,4,2,2,T intersection,2,50,Local Road,MELTON,-37.71182,144.71735,3336.0,True,William Ruthven SC,25186.6
T20220015539,2022-12-07,06:15:00,2,Struck Pedestrian,3,Tuesday,102,FAR SIDE. PED HIT BY VEHICLE FROM THE LEFT,3,37440,1,0,0,1,1,2,1,1,Cross intersection,3,50,Local Road,PORT PHILLIP,-37.841015,144.94653,3206.0,True,Preston HS,12259.0
T20250000385,2025-06-01,07:45:00,1,Collision with vehicle,2,Monday,135,LANE CHANGE LEFT (NOT OVERTAKING),1,814549,2,0,1,0,1,2,1,5,Not at intersection,2,80,Arterial Highway,BAYSIDE,-37.90087,145.0065,3186.0,True,Preston HS,17699.0
T20240017598,2024-10-07,15:30:00,8,No collision and no object struck,4,Wednesday,174,OUT OF CONTROL ON CARRIAGEWAY (ON STRAIGHT),1,806488,1,0,0,1,0,1,2,5,Not at intersection,3,100,Local Road,MURRINDINDI,-37.32136,145.28409,3717.0,True,William Ruthven SC,48530.2
T20240002679,2024-03-02,03:15:00,4,Collision with a fixed object,7,Saturday,171,LEFT OFF CARRIAGEWAY INTO OBJECT/PARKED VEHICLE,3,338531,1,1,0,0,0,1,1,1,Cross intersection,1,50,Local Road,HUME,-37.571514,144.90929,3064.0,True,William Ruthven SC,16166.4
T20240014380,2024-05-06,15:15:00,1,Collision with vehicle,4,Wednesday,121,RIGHT THROUGH,1,804865,2,0,0,1,1,2,1,2,T intersection,3,60,Local Road,KINGSTON,-38.081944,145.12535,3198.0,True,Preston HS,39229.9
T20220015897,2022-10-07,10:30:00,7,Fall from or in moving vehicle,0,Sunday,190,FELL IN/FROM VEHICLE,1,718824,1,0,0,1,0,1,2,5,Not at intersection,3,888,Local Road,BAW BAW,-38.0043,146.04465,3831.0,True,Reservoir HS,94475.5
T20220022630,2022-07-10,15:30:00,2,Struck Pedestrian,6,Friday,101,PED EMERGES FROM IN FRONT OF PARKED OR STATIONARY VEHICLE,1,731812,1,0,0,1,1,2,2,5,Not at intersection,3,60,Arterial Other,KINGSTON,-37.92685,145.1053,3169.0,True,Preston HS,22321.0
T20220025257,2022-09-11,07:36:00,1,Collision with vehicle,4,Wednesday,129,OTHER OPPOSING MANOEUVRES NOT INCLUDED IN DCAs 120-125.,1,41484,2,0,0,1,1,2,1,2,T intersection,3,50,Local Road,GLEN EIRA,-37.89158,145.06989,3163.0,True,Preston HS,17554.9
T20250003050,2025-03-01,10:30:00,6,Vehicle overturned (no collision),6,Friday,149,OTHER MANOEUVRING NOT INCLUDED IN DCAs 140-148,1,814743,1,0,0,1,0,1,2,3,Y intersection,3,999,Local Road,MURRINDINDI,-37.45467,145.44775,3717.0,True,Reservoir HS,47381.9
T20230029212,2023-10-12,12:10:00,1,Collision with vehicle,1,Sunday,113,RIGHT NEAR (INTERSECTIONS ONLY),1,794708,2,0,1,0,1,2,1,2,T intersection,2,60,Local Road,MANNINGHAM,-37.79852,145.20032,3111.0,True,Reservoir HS,17245.3
T20240000633,2024-09-01,20:17:00,1,Collision with vehicle,3,Tuesday,153,CUTTING IN (OVERTAKING),1,797515,2,0,1,0,0,1,1,5,Not at intersection,2,60,Local Road,HUME,-37.625347,144.91483,3059.0,True,William Ruthven SC,11085.7
T20230016030,2023-11-07,08:24:00,1,Collision with vehicle,3,Tuesday,130,REAR END(VEHICLES IN SAME LANE),2,777875,4,0,1,0,3,4,1,5,Not at intersection,2,60,Arterial Other,WHITEHORSE,-37.82756,145.11293,3127.0,True,Preston HS,13328.3
T20230008955,2023-06-04,19:30:00,6,Vehicle overturned (no collision),4,Thursday,174,OUT OF CONTROL ON CARRIAGEWAY (ON STRAIGHT),6,807246,1,0,0,1,0,1,2,1,Cross intersection,3,999,Arterial Other,CARDINIA,-38.183666,145.47878,3981.0,True,Preston HS,64226.5
T20240009479,2024-07-04,14:00:00,6,Vehicle overturned (no collision),1,Sunday,174,OUT OF CONTROL ON CARRIAGEWAY (ON STRAIGHT),1,801729,1,0,0,1,0,1,2,5,Not at intersection,3,999,Local Road,ALPINE,-36.783943,146.96411,3744.0,True,Reservoir HS,200520.4
T20250007667,2025-09-03,11:45:00,4,Collision with a fixed object,1,Sunday,179,OTHER ACCIDENTS-OFF STRAIGHT NOT INCLUDED IN DCAs 170-175,1,816946,1,0,0,1,0,1,2,5,Not at intersection,3,100,Local Road,MITCHELL,-37.326126,145.12367,3658.0,True,William Ruthven SC,42541.3
T20210024863,2021-05-12,21:00:00,2,Struck Pedestrian,0,Sunday,100,PED NEAR SIDE. PED HIT BY VEHICLE FROM THE RIGHT.,3,813779,1,0,0,1,1,2,1,2,T intersection,3,50,Local Road,WHITTLESEA,-37.602524,145.02596,3750.0,True,William Ruthven SC,10647.9
T20250018421,2025-10-07,18:50:00,1,Collision with vehicle,5,Thursday,163,VEHICLE STRIKES DOOR OF PARKED/STATIONARY VEHICLE,3,821299,2,0,0,1,1,2,1,5,Not at intersection,3,40,Arterial Other,YARRA,-37.81887,145.00218,3121.0,True,Preston HS,8591.8
T20230026698,2023-02-11,17:09:00,1,Collision with vehicle,5,Thursday,119,OTHER ADJACENT (INTERSECTIONS ONLY),1,39819,2,0,0,1,1,2,1,2,T intersection,3,60,Arterial Other,YARRA RANGES,-37.787727,145.31348,3138.0,True,Reservoir HS,26009.7
T20250009421,2025-07-04,13:00:00,1,Collision with vehicle,1,Monday,137,LEFT TURN SIDESWIPE,1,10850,2,0,1,0,1,2,1,4,Multiple intersection,2,60,Arterial Highway,MELBOURNE,-37.825325,144.94795,3008.0,True,Preston HS,10653.0
T20220012511,2022-02-06,17:55:00,1,Collision with vehicle,5,Thursday,147,VEHICLE STRIKES ANOTHER VEH WHILE EMERGING FROM DRIVEWAY,3,721690,3,0,1,0,2,3,1,5,Not at intersection,2,60,,DANDENONG,-37.964954,145.17279,3174.0,True,Preston HS,28773.0
T20250003634,2025-11-02,07:30:00,2,Struck Pedestrian,3,Tuesday,106,VEH STRIKES PED ON FOOTPATH/MEDIAN/TRAFFIC ISLAND.,1,819444,1,0,0,1,1,2,1,5,Not at intersection,3,60,Local Road,MELTON,-37.713284,144.72664,3336.0,True,William Ruthven SC,24382.9
T20250003976,2025-12-02,08:40:00,1,Collision with vehicle,3,Wednesday,119,OTHER ADJACENT (INTERSECTIONS ONLY),1,37909,2,0,0,1,1,2,2,1,Cross intersection,3,999,Local Road,DAREBIN,-37.776566,144.99754,3070.0,True,Preston HS,3967.0
T20240011909,2024-10-05,14:45:00,1,Collision with vehicle,6,Friday,121,RIGHT THROUGH,1,69149,2,0,1,0,1,2,1,2,T intersection,2,60,Local Road,MONASH,-37.907097,145.16315,3150.0,True,Preston HS,22936.9
T20240000416,2024-06-01,23:55:00,2,Struck Pedestrian,7,Saturday,100,PED NEAR SIDE. PED HIT BY VEHICLE FROM THE RIGHT.,3,806205,1,0,0,1,1,2,1,1,Cross intersection,3,50,Local Road,BALLARAT,-37.56182,143.85779,3350.0,True,William Ruthven SC,101956.7
T20240028803,2024-12-11,07:42:00,1,Collision with vehicle,3,Tuesday,121,RIGHT THROUGH,1,37735,2,0,1,0,1,2,1,2,T intersection,2,40,Arterial Other,STONNINGTON,-37.852554,144.99849,3181.0,True,Preston HS,12349.6
T20220025083,2022-07-11,11:10:00,1,Collision with vehicle,1,Monday,148,VEHICLE OFF FOOTPATH STRIKES VEH ON CARRIAGEWAY,1,783269,2,0,0,1,1,2,1,5,Not at intersection,3,60,Arterial Highway,KINGSTON,-37.98655,145.10872,3195.0,True,Preston HS,28650.3
T20250000458,2025-06-01,14:30:00,6,Vehicle overturned (no collision),2,Monday,179,OTHER ACCIDENTS-OFF STRAIGHT NOT INCLUDED IN DCAs 170-175,1,813404,1,0,1,0,0,1,2,5,Not at intersection,2,60,Arterial Other,MOONEE VALLEY,-37.739265,144.89731,3040.0,True,Preston HS,9657.8
T20220000198,2022-04-01,11:27:00,1,Collision with vehicle,3,Tuesday,132,RIGHT REAR.,1,39691,2,0,0,1,1,2,1,2,T intersection,3,60,Local Road,MAROONDAH,-37.816414,145.24754,3135.0,True,Reservoir HS,21838.6
T20250018536,2025-12-07,08:30:00,2,Struck Pedestrian,6,Saturday,102,FAR SIDE. PED HIT BY VEHICLE FROM THE LEFT,1,821963,1,0,0,1,1,2,2,5,Not at intersection,3,999,Local Road,MANNINGHAM,-37.7847,145.12466,3108.0,True,Reservoir HS,10868.7
T20250017589,2025-02-07,11:36:00,2,Struck Pedestrian,4,Wednesday,100,PED NEAR SIDE. PED HIT BY VEHICLE FROM THE RIGHT.,1,819850,1,1,0,0,1,2,1,2,T intersection,1,50,Arterial Highway,MARIBYRNONG,-37.821156,144.89012,3013.0,True,Preston HS,13555.4
T20220021049,2022-10-09,12:20:00,1,Collision with vehicle,6,Saturday,110,CROSS TRAFFIC(INTERSECTIONS ONLY),1,49219,2,0,0,1,1,2,1,1,Cross intersection,3,60,Arterial Highway,MILDURA,-34.18455,142.16556,3500.0,True,William Ruthven SC,466579.5
T20230010653,2023-06-05,21:35:00,2,Struck Pedestrian,7,Saturday,109,ANY MANOEUVRE INVOLVING PED NOT INCLUDED IN DCAs 100-108.,3,776168,1,0,0,1,2,3,1,5,Not at intersection,3,999,Local Road,MORNINGTON PENINSULA,-38.2201,145.03978,3931.0,True,Preston HS,53272.7
T20230000050,2023-01-01,19:18:00,2,Struck Pedestrian,1,Sunday,107,PED ON FOOTHPATH STRUCK BY VEHENTERING/LEAVING DRIVEWAY.,1,783444,1,0,0,1,1,2,1,1,Cross intersection,3,60,Arterial Other,WHITTLESEA,-37.67872,144.99925,3074.0,True,William Ruthven SC,2008.6
T20220025485,2022-11-11,11:00:00,8,No collision and no object struck,6,Friday,184,OUT OF CONTROL ON CARRIAGEWAY (ON BEND),1,735488,1,0,0,1,0,1,2,5,Not at intersection,3,100,Arterial Other,MURRINDINDI,-37.441116,145.71732,3711.0,True,Reservoir HS,68212.7
T20240020868,2024-03-08,10:30:00,8,No collision and no object struck,6,Saturday,179,OTHER ACCIDENTS-OFF STRAIGHT NOT INCLUDED IN DCAs 170-175,1,808102,1,0,0,1,0,1,2,1,Cross intersection,3,60,Local Road,MANSFIELD,-36.88022,145.87009,3666.0,True,William Ruthven SC,118841.4
T20220025028,2022-06-11,18:30:00,1,Collision with vehicle,0,Sunday,148,VEHICLE OFF FOOTPATH STRIKES VEH ON CARRIAGEWAY,1,734099,2,0,0,1,1,2,1,5,Not at intersection,3,50,Local Road,CASEY,-38.124367,145.30197,3977.0,True,Preston HS,49792.9
T20210005523,2021-12-03,18:26:00,6,Vehicle overturned (no collision),6,Friday,174,OUT OF CONTROL ON CARRIAGEWAY (ON STRAIGHT),1,677851,1,0,1,0,0,1,1,5,Not at intersection,2,70,Arterial Highway,DAREBIN,-37.756863,144.99396,3071.0,True,Preston HS,2043.9
T20230016213,2023-12-07,07:00:00,1,Collision with vehicle,3,Wednesday,110,CROSS TRAFFIC(INTERSECTIONS ONLY),3,43460,2,0,0,1,1,2,2,1,Cross intersection,3,60,Local Road,FRANKSTON,-38.152542,145.12523,3199.0,True,Preston HS,46843.1
T20220024302,2022-11-09,04:30:00,2,Struck Pedestrian,1,Sunday,109,ANY MANOEUVRE INVOLVING PED NOT INCLUDED IN DCAs 100-108.,3,762618,1,0,0,1,1,2,1,5,Not at intersection,3,40,Local Road,DANDENONG,-37.98813,145.21571,3175.0,True,Preston HS,32957.7
T20240009047,2024-07-04,12:30:00,6,Vehicle overturned (no collision),1,Sunday,174,OUT OF CONTROL ON CARRIAGEWAY (ON STRAIGHT),1,801490,1,0,0,1,0,1,2,5,Not at intersection,3,999,Local Road,LATROBE,-38.245235,146.30742,3840.0,True,Reservoir HS,126195.5
T20230021287,2023-11-09,14:06:00,6,Vehicle overturned (no collision),2,Monday,174,OUT OF CONTROL ON CARRIAGEWAY (ON STRAIGHT),1,784666,1,0,0,1,0,1,1,2,T intersection,3,50,Arterial Other,CAMPASPE,-36.119698,144.74557,3564.0,True,William Ruthven SC,176824.1
T20240012071,2024-07-05,08:30:00,4,Collision with a fixed object,2,Tuesday,171,LEFT OFF CARRIAGEWAY INTO OBJECT/PARKED VEHICLE,1,803095,1,0,0,1,0,1,2,5,Not at intersection,3,60,Arterial Other,BOROONDARA,-37.810444,145.06128,3103.0,True,Preston HS,9005.9
T20230010528,2023-04-04,11:10:00,1,Collision with vehicle,2,Tuesday,130,REAR END(VEHICLES IN SAME LANE),1,45443,2,0,0,1,1,2,2,5,Not at intersection,3,999,Arterial Highway,YARRA RANGES,-37.526455,145.41806,3777.0,True,Reservoir HS,40575.2
T20240014493,2024-06-06,17:35:00,2,Struck Pedestrian,5,Thursday,109,ANY MANOEUVRE INVOLVING PED NOT INCLUDED IN DCAs 100-108.,2,808746,2,0,0,1,2,3,1,5,Not at intersection,3,60,Arterial Other,MERRI-BEK,-37.727657,144.92355,3044.0,True,Preston HS,7511.4
T20220008096,2022-09-04,11:00:00,6,Vehicle overturned (no collision),7,Saturday,184,OUT OF CONTROL ON CARRIAGEWAY (ON BEND),1,774200,1,0,0,1,0,1,2,5,Not at intersection,3,999,Local Road,BAW BAW,-38.062508,146.22694,3825.0,True,Reservoir HS,111682.3
T20220002754,2022-08-02,14:30:00,1,Collision with vehicle,2,Tuesday,110,CROSS TRAFFIC(INTERSECTIONS ONLY),1,41345,2,0,0,1,1,2,2,1,Cross intersection,3,50,Local Road,GLEN EIRA,-37.910507,145.0336,3204.0,True,Preston HS,18914.2
T20240006094,2024-10-03,16:15:00,4,Collision with a fixed object,1,Sunday,183,OFF LEFT BEND INTO OBJECT/PARKED VEHICLE,1,806050,1,0,1,0,0,1,1,5,Not at intersection,2,100,Arterial Other,SOUTHERN GRAMPIANS,-37.424404,142.44687,3294.0,True,William Ruthven SC,227325.6
T20240011338,2024-04-05,20:27:00,2,Struck Pedestrian,6,Saturday,102,FAR SIDE. PED HIT BY VEHICLE FROM THE LEFT,3,804530,1,0,1,0,1,2,1,2,T intersection,2,80,Arterial Highway,FRANKSTON,-38.11204,145.15797,3198.0,True,Preston HS,43253.8
T20250000721,2025-10-01,10:00:00,2,Struck Pedestrian,5,Friday,108,PED STRUCK WALKING TO/FROM OR BOARDING/ALIGHTING VEHICLE.,1,121297,1,0,0,1,1,2,2,5,Not at intersection,3,60,Arterial Other,STONNINGTON,-37.862347,145.02812,3144.0,True,Preston HS,13541.9
T20250006238,2025-07-03,09:10:00,1,Collision with vehicle,6,Friday,163,VEHICLE STRIKES DOOR OF PARKED/STATIONARY VEHICLE,1,29419,2,0,0,1,2,3,1,1,Cross intersection,3,40,Local Road,MELBOURNE,-37.81568,144.9582,3000.0,True,Preston HS,9281.2
T20210010291,2021-07-05,17:30:00,2,Struck Pedestrian,6,Friday,100,PED NEAR SIDE. PED HIT BY VEHICLE FROM THE RIGHT.,1,687239,1,0,0,1,1,2,1,1,Cross intersection,3,30,Arterial Other,BALLARAT,-37.56286,143.84708,3350.0,True,William Ruthven SC,102872.3
T20230020876,2023-03-09,10:20:00,1,Collision with vehicle,1,Sunday,110,CROSS TRAFFIC(INTERSECTIONS ONLY),1,41066,2,0,1,0,1,2,2,1,Cross intersection,2,60,Arterial Other,KNOX,-37.849987,145.30702,3155.0,True,Reservoir HS,28221.7
T20220000223,2021-12-12,21:00:00,1,Collision with vehicle,1,Sunday,171,LEFT OFF CARRIAGEWAY INTO OBJECT/PARKED VEHICLE,2,702319,3,0,0,1,1,2,2,5,Not at intersection,3,60,Local Road,BENDIGO,-36.70082,144.32182,3551.0,True,William Ruthven SC,126089.0
T20210022784,2021-10-11,17:30:00,6,Vehicle overturned (no collision),4,Wednesday,174,OUT OF CONTROL ON CARRIAGEWAY (ON STRAIGHT),1,696860,1,0,0,1,0,1,2,5,Not at intersection,3,40,Local Road,MELBOURNE,-37.8136,144.96243,3000.0,True,Preston HS,8906.8
T20250000544,2025-07-01,21:39:00,1,Collision with vehicle,3,Tuesday,116,LEFT NEAR (INTERSECTIONS ONLY),3,813539,2,0,1,0,2,3,1,1,Cross intersection,2,60,Local Road,HUME,-37.590057,144.9107,3064.0,True,William Ruthven SC,14360.5
T20250003573,2025-10-02,17:35:00,2,Struck Pedestrian,1,Monday,102,FAR SIDE. PED HIT BY VEHICLE FROM THE LEFT,1,319053,1,0,0,1,1,2,1,2,T intersection,3,60,Arterial Other,STONNINGTON,-37.842083,145.01736,3142.0,True,Preston HS,11198.4
T20250018129,2025-05-07,10:07:00,1,Collision with vehicle,6,Saturday,130,REAR END(VEHICLES IN SAME LANE),1,820774,2,0,1,0,1,2,1,5,Not at intersection,2,999,Arterial Other,NILLUMBIK,-37.652977,145.3441,3775.0,True,Reservoir HS,28747.7
T20240007100,2024-05-03,07:20:00,1,Collision with vehicle,3,Tuesday,119,OTHER ADJACENT (INTERSECTIONS ONLY),1,253540,2,0,1,0,1,2,2,1,Cross intersection,2,60,Local Road,GEELONG,-38.079037,144.34723,3214.0,True,Preston HS,68980.1
T20250011978,2025-05-05,13:25:00,4,Collision with a fixed object,2,Monday,183,OFF LEFT BEND INTO OBJECT/PARKED VEHICLE,1,817955,1,1,0,0,0,1,1,5,Not at intersection,1,100,Arterial Other,MURRINDINDI,-37.52651,145.81387,3779.0,True,Reservoir HS,72440.1
T20230005591,2023-08-03,08:15:00,1,Collision with vehicle,4,Wednesday,137,LEFT TURN SIDESWIPE,2,65799,2,0,0,1,1,2,2,1,Cross intersection,3,40,Local Road,MELBOURNE,-37.811756,144.95645,3000.0,True,Preston HS,8972.1
T20220013092,2022-10-06,06:40:00,1,Collision with vehicle,6,Friday,113,RIGHT NEAR (INTERSECTIONS ONLY),3,714737,2,0,1,0,1,2,1,2,T intersection,2,50,Arterial Other,YARRA,-37.83082,145.015,3121.0,True,Preston HS,9934.0
T20220025539,2022-12-11,07:45:00,1,Collision with vehicle,7,Saturday,147,VEHICLE STRIKES ANOTHER VEH WHILE EMERGING FROM DRIVEWAY,1,752701,2,0,1,0,1,2,1,5,Not at intersection,2,50,Local Road,WODONGA,-36.12494,146.87395,3690.0,True,William Ruthven SC,241254.4
T20240004077,2024-02-02,15:25:00,1,Collision with vehicle,5,Friday,121,RIGHT THROUGH,1,798458,2,0,0,1,1,2,2,2,T intersection,3,50,Local Road,KNOX,-37.923065,145.26653,3178.0,True,Preston HS,30427.0
T20210005396,2021-07-03,11:15:00,5,collision with some other object,1,Sunday,166,STRUCK OBJECT ON CARRIAGEWAY,1,678305,1,0,1,0,0,1,2,5,Not at intersection,2,80,Arterial Highway,EAST GIPPSLAND,-37.095795,147.40192,3898.0,True,Reservoir HS,220822.7
T20240006270,2024-12-03,15:25:00,1,Collision with vehicle,3,Tuesday,121,RIGHT THROUGH,1,41607,2,0,0,1,1,2,1,1,Cross intersection,3,60,Arterial Highway,MONASH,-37.91112,145.09904,3167.0,True,Preston HS,20496.4
T20250006849,2025-10-03,13:30:00,1,Collision with vehicle,2,Monday,160,VEHICLE COLLIDES WITH VEHICLE PARKED ON LEFT OF ROAD,1,817148,2,0,1,0,0,1,2,5,Not at intersection,2,40,Local Road,STONNINGTON,-37.853035,145.02106,3143.0,True,Preston HS,12440.5
T20220004613,2022-02-03,09:43:00,2,Struck Pedestrian,4,Wednesday,100,PED NEAR SIDE. PED HIT BY VEHICLE FROM THE RIGHT.,1,705663,1,0,1,0,1,2,1,1,Cross intersection,2,40,Local Road,STONNINGTON,-37.846806,144.99414,3141.0,True,Preston HS,11742.6
T20230012904,2023-02-06,18:20:00,1,Collision with vehicle,6,Friday,135,LANE CHANGE LEFT (NOT OVERTAKING),2,783427,2,0,1,0,1,2,1,5,Not at intersection,2,60,Arterial Other,BOROONDARA,-37.792564,145.07024,3104.0,True,Preston HS,7924.1
T20230020868,2023-06-09,15:27:00,2,Struck Pedestrian,4,Wednesday,102,FAR SIDE. PED HIT BY VEHICLE FROM THE LEFT,1,790277,1,0,1,0,1,2,1,5,Not at intersection,2,80,Arterial Highway,KNOX,-37.8731,145.23302,3152.0,True,Reservoir HS,24512.9
T20230020975,2023-07-09,18:35:00,2,Struck Pedestrian,5,Thursday,109,ANY MANOEUVRE INVOLVING PED NOT INCLUDED IN DCAs 100-108.,2,44222,1,0,1,0,1,2,1,1,Cross intersection,2,40,Arterial Other,WHITTLESEA,-37.644615,145.02632,3076.0,True,William Ruthven SC,6128.1