ACCIDENT_NO,ACCIDENT_DATE,ACCIDENT_TIME,ACCIDENT_TYPE,ACCIDENT_TYPE_DESC,DAY_OF_WEEK,DAY_WEEK_DESC,DCA_CODE,DCA_DESC,LIGHT_CONDITION,NODE_ID,NO_OF_VEHICLES,NO_PERSONS_KILLED,NO_PERSONS_INJ_2,NO_PERSONS_INJ_3,NO_PERSONS_NOT_INJ,NO_PERSONS,POLICE_ATTEND,ROAD_GEOMETRY,ROAD_GEOMETRY_DESC,SEVERITY,SPEED_ZONE,RMA,LGA_NAME,LATITUDE,LONGITUDE,POSTCODE_CRASH,PED_OR_CYC,nearest_school,dist_to_gate_m
T20230016502,2023-02-07,12:00:00,5,collision with some other object,0,Sunday,179,OTHER ACCIDENTS-OFF STRAIGHT NOT INCLUDED IN DCAs 170-175,1,777331,1,0,0,1,0,1,2,5,Not at intersection,3,888,Local Road,YARRA RANGES,-37.77388,145.67575,3799.0,True,Reservoir HS,57116.4
T20250003175,2025-05-02,17:15:00,1,Collision with vehicle,4,Wednesday,152,PULLING OUT (OVERTAKING),1,814875,2,0,0,1,1,2,2,5,Not at intersection,3,70,Arterial Highway,WHITEHORSE,-37.81702,145.17636,3131.0,True,Reservoir HS,16660.0
T20240023195,2024-12-09,16:50:00,6,Vehicle overturned (no collision),5,Thursday,179,OTHER ACCIDENTS-OFF STRAIGHT NOT INCLUDED IN DCAs 170-175,1,815703,1,0,1,0,0,1,1,5,Not at intersection,2,100,Local Road,GOLDEN PLAINS,-38.031464,144.0478,3328.0,True,Preston HS,90140.9
T20230028874,2023-07-12,08:31:00,1,Collision with vehicle,5,Thursday,142,LEAVING PARKING,1,792006,2,0,1,0,2,3,1,5,Not at intersection,2,50,Arterial Highway,GLEN EIRA,-37.88461,144.99803,3185.0,True,Preston HS,15910.8
T20230016674,2023-08-07,11:00:00,8,No collision and no object struck,6,Saturday,151,OUT OF CONTROL (OVERTAKING),1,777406,1,0,0,1,0,1,2,5,Not at intersection,3,999,Local Road,MOORABOOL,-37.528053,144.25934,3342.0,True,William Ruthven SC,68130.0
T20250011818,2025-03-05,18:44:00,2,Struck Pedestrian,6,Saturday,102,FAR SIDE. PED HIT BY VEHICLE FROM THE LEFT,3,65471,1,0,0,1,2,3,1,1,Cross intersection,3,999,Local Road,MELBOURNE,-37.80423,144.9603,3053.0,True,Preston HS,8078.7
T20220000626,2022-08-01,11:45:00,6,Vehicle overturned (no collision),7,Saturday,174,OUT OF CONTROL ON CARRIAGEWAY (ON STRAIGHT),1,705403,1,0,0,1,0,1,1,5,Not at intersection,3,60,Local Road,YARRA RANGES,-37.86432,145.70715,3797.0,True,Reservoir HS,61608.5
T20240000496,2024-08-01,08:29:00,8,No collision and no object struck,2,Monday,149,OTHER MANOEUVRING NOT INCLUDED IN DCAs 140-148,1,38901,1,0,1,0,0,1,1,5,Not at intersection,2,40,Arterial Other,BOROONDARA,-37.806854,145.03064,3101.0,True,Preston HS,7534.4
T20240014244,2024-04-06,08:25:00,1,Collision with vehicle,2,Tuesday,112,LEFT FAR (INTERSECTIONS ONLY),1,67987,2,0,0,1,1,2,1,2,T intersection,3,50,Local Road,MONASH,-37.870415,145.18024,3150.0,True,Preston HS,20885.9
T20240028423,2024-08-11,09:30:00,1,Collision with vehicle,6,Friday,130,REAR END(VEHICLES IN SAME LANE),1,812354,2,0,1,0,1,2,1,5,Not at intersection,2,100,Arterial Highway,SOUTHERN GRAMPIANS,-37.741474,142.07515,3300.0,True,William Ruthven SC,257563.4
T20230029222,2023-10-12,15:00:00,6,Vehicle overturned (no collision),1,Sunday,182,OFF CARRIAGEWAY ON LEFT BEND,1,803736,1,0,1,0,0,1,1,5,Not at intersection,2,100,Local Road,STRATHBOGIE,-36.753464,145.34636,3666.0,True,William Ruthven SC,109183.2
T20240024386,2024-03-09,06:15:00,1,Collision with vehicle,3,Tuesday,179,OTHER ACCIDENTS-OFF STRAIGHT NOT INCLUDED IN DCAs 170-175,1,808988,3,0,0,1,2,3,2,5,Not at intersection,3,80,Arterial Other,DANDENONG,-38.01155,145.14674,3173.0,True,Preston HS,32412.5
T20210015696,2021-10-07,21:00:00,2,Struck Pedestrian,7,Saturday,100,PED NEAR SIDE. PED HIT BY VEHICLE FROM THE RIGHT.,3,29460,1,0,1,0,1,2,1,1,Cross intersection,2,60,Arterial Highway,MELBOURNE,-37.830612,144.9652,3006.0,True,Preston HS,10550.0
T20250002674,2025-01-02,12:25:00,1,Collision with vehicle,7,Saturday,148,VEHICLE OFF FOOTPATH STRIKES VEH ON CARRIAGEWAY,1,264300,2,0,1,0,1,2,1,2,T intersection,2,50,Arterial Highway,KINGSTON,-37.977184,145.06705,3194.0,True,Preston HS,26708.3
T20230020912,2023-07-09,08:00:00,1,Collision with vehicle,5,Thursday,140,U TURN,2,780406,2,0,1,0,1,2,1,5,Not at intersection,2,60,Local Road,STONNINGTON,-37.876007,145.08925,3145.0,True,Preston HS,16586.6
T20230011173,2023-12-05,21:00:00,2,Struck Pedestrian,6,Friday,100,PED NEAR SIDE. PED HIT BY VEHICLE FROM THE RIGHT.,3,934,1,0,2,1,1,4,1,1,Cross intersection,2,40,Arterial Highway,FRANKSTON,-38.142956,145.12123,3199.0,True,Preston HS,45726.3
T20210002938,2021-09-02,11:25:00,1,Collision with vehicle,3,Tuesday,163,VEHICLE STRIKES DOOR OF PARKED/STATIONARY VEHICLE,1,675169,2,0,1,0,1,2,1,5,Not at intersection,2,50,Local Road,MONASH,-37.90801,145.08144,3166.0,True,Preston HS,19611.7
T20230017919,2023-01-08,15:15:00,4,Collision with a fixed object,2,Tuesday,171,LEFT OFF CARRIAGEWAY INTO OBJECT/PARKED VEHICLE,1,43919,1,0,1,0,0,1,1,1,Cross intersection,2,60,,FRANKSTON,-38.16715,145.2068,3910.0,True,Preston HS,50444.0
T20220022134,2022-01-10,20:24:00,2,Struck Pedestrian,7,Saturday,100,PED NEAR SIDE. PED HIT BY VEHICLE FROM THE RIGHT.,3,679438,1,1,0,0,4,5,1,5,Not at intersection,1,70,Arterial Other,BRIMBANK,-37.777203,144.8293,3020.0,True,Preston HS,16121.1
T20230005882,2023-11-03,15:05:00,4,Collision with a fixed object,7,Saturday,171,LEFT OFF CARRIAGEWAY INTO OBJECT/PARKED VEHICLE,1,763375,1,0,1,0,0,1,1,5,Not at intersection,2,80,Local Road,YARRA RANGES,-37.63299,145.52313,3777.0,True,Reservoir HS,44574.3
T20230008384,2023-09-04,18:56:00,2,Struck Pedestrian,1,Sunday,102,FAR SIDE. PED HIT BY VEHICLE FROM THE LEFT,5,769996,1,0,0,1,0,1,1,5,Not at intersection,3,60,Arterial Other,WYNDHAM,-37.906643,144.64601,3030.0,True,Preston HS,36636.7
T20220027420,2022-03-12,16:03:00,1,Collision with vehicle,7,Saturday,139,OTHER SAME DIRECTION-MANOUEVRES NOT INCLUDED IN DCAs 130-137,1,37666,2,0,0,1,1,2,1,5,Not at intersection,3,40,Arterial Other,STONNINGTON,-37.839207,144.9933,3141.0,True,Preston HS,10909.9
T20220000106,2022-02-01,16:15:00,1,Collision with vehicle,0,Sunday,134,LANE CHANGE RIGHT (NOT OVERTAKING),1,702897,2,0,0,1,1,2,1,5,Not at intersection,3,80,Arterial Highway,KNOX,-37.900223,145.23344,3179.0,True,Preston HS,26569.9
T20220009713,2022-01-05,11:15:00,1,Collision with vehicle,1,Sunday,134,LANE CHANGE RIGHT (NOT OVERTAKING),1,718701,2,0,0,1,1,2,2,5,Not at intersection,3,60,Arterial Other,MOONEE VALLEY,-37.77959,144.91377,3032.0,True,Preston HS,9223.0
T20240002755,2024-03-02,15:20:00,6,Vehicle overturned (no collision),7,Saturday,184,OUT OF CONTROL ON CARRIAGEWAY (ON BEND),1,804500,1,0,1,0,0,1,1,5,Not at intersection,2,100,Arterial Other,EAST GIPPSLAND,-36.8444,147.52147,3898.0,True,Reservoir HS,241116.0
T20250006354,2025-08-03,17:30:00,1,Collision with vehicle,7,Saturday,120,HEAD ON (NOT OVERTAKING),1,816766,2,0,1,0,5,6,1,5,Not at intersection,2,50,Local Road,KINGSTON,-38.0242,145.10222,3195.0,True,Preston HS,32502.9
T20240028534,2024-06-11,15:40:00,5,collision with some other object,4,Wednesday,166,STRUCK OBJECT ON CARRIAGEWAY,1,810660,1,0,1,0,0,1,2,5,Not at intersection,2,999,Local Road,EAST GIPPSLAND,-37.203754,147.58499,3898.0,True,Reservoir HS,232804.8
T20240022963,2024-06-09,14:00:00,1,Collision with vehicle,6,Friday,130,REAR END(VEHICLES IN SAME LANE),1,779124,2,0,0,1,1,2,1,1,Cross intersection,3,60,Arterial Other,BRIMBANK,-37.747894,144.83052,3021.0,True,Preston HS,15541.4
T20240000676,2024-10-01,14:26:00,1,Collision with vehicle,4,Wednesday,130,REAR END(VEHICLES IN SAME LANE),1,354208,2,0,1,0,1,2,1,1,Cross intersection,2,60,Arterial Highway,DANDENONG,-37.985607,145.22076,3175.0,True,Preston HS,32975.1
T20230013390,2023-08-06,23:00:00,2,Struck Pedestrian,5,Thursday,100,PED NEAR SIDE. PED HIT BY VEHICLE FROM THE RIGHT.,3,777261,1,0,0,1,1,2,1,5,Not at intersection,3,60,Arterial Other,WHITTLESEA,-37.66345,145.01744,3075.0,True,William Ruthven SC,3893.0
T20240024997,2024-04-10,08:35:00,6,Vehicle overturned (no collision),6,Friday,174,OUT OF CONTROL ON CARRIAGEWAY (ON STRAIGHT),1,809389,1,0,1,0,0,1,1,1,Cross intersection,2,40,Local Road,BASS COAST,-38.456028,145.22966,3922.0,True,Preston HS,81782.2
T20220022609,2022-07-10,15:30:00,2,Struck Pedestrian,5,Friday,102,FAR SIDE. PED HIT BY VEHICLE FROM THE LEFT,1,727505,1,0,0,1,1,2,1,5,Not at intersection,3,40,Local Road,WYNDHAM,-37.87069,144.59863,3024.0,True,Preston HS,38645.8
T20210007695,2021-06-04,17:57:00,1,Collision with vehicle,3,Tuesday,121,RIGHT THROUGH,2,40209,2,0,0,1,1,2,1,1,Cross intersection,3,60,Arterial Other,STONNINGTON,-37.854313,145.01157,3181.0,True,Preston HS,12528.2
T20230008215,2023-07-04,10:36:00,2,Struck Pedestrian,6,Friday,101,PED EMERGES FROM IN FRONT OF PARKED OR STATIONARY VEHICLE,1,788206,1,0,0,1,2,3,1,5,Not at intersection,3,50,Local Road,WANGARATTA,-36.365444,146.3226,3677.0,True,William Ruthven SC,188751.1
T20240027788,2024-01-11,16:30:00,1,Collision with vehicle,6,Friday,148,VEHICLE OFF FOOTPATH STRIKES VEH ON CARRIAGEWAY,1,813977,2,0,1,0,1,2,1,5,Not at intersection,2,60,Arterial Other,WHITTLESEA,-37.654858,145.03116,3076.0,True,William Ruthven SC,5256.2
T20240026936,2024-12-10,10:30:00,8,No collision and no object struck,7,Saturday,174,OUT OF CONTROL ON CARRIAGEWAY (ON STRAIGHT),1,810165,1,0,0,1,0,1,2,5,Not at intersection,3,70,Arterial Highway,GEELONG,-38.195686,144.32066,3216.0,True,Preston HS,78543.6
T20210008270,2021-12-04,07:00:00,6,Vehicle overturned (no collision),2,Monday,170,OFF CARRIAGEWAY TO LEFT,9,42586,1,0,1,0,0,1,2,2,T intersection,2,999,Arterial Other,DANDENONG,-37.93699,145.1875,3174.0,True,Preston HS,26879.6
T20240000436,2024-04-01,10:30:00,1,Collision with vehicle,5,Thursday,145,REVERSING IN STREAM OF TRAFFIC,1,795401,2,0,1,0,1,2,2,5,Not at intersection,2,999,Local Road,PORT PHILLIP,-37.838215,144.96738,3206.0,True,Preston HS,11285.3
T20220022862,2022-10-10,12:30:00,8,No collision and no object struck,2,Monday,170,OFF CARRIAGEWAY TO LEFT,1,732920,1,0,1,0,0,1,2,5,Not at intersection,2,100,,BAW BAW,-38.221813,146.04117,3823.0,True,Reservoir HS,104638.1
T20220020809,2022-11-09,16:15:00,1,Collision with vehicle,0,Sunday,163,VEHICLE STRIKES DOOR OF PARKED/STATIONARY VEHICLE,9,734663,2,0,0,1,1,2,2,5,Not at intersection,3,40,Local Road,STONNINGTON,-37.848286,144.99442,3181.0,True,Preston HS,11904.1
T20230003510,2023-12-02,13:38:00,1,Collision with vehicle,0,Sunday,130,REAR END(VEHICLES IN SAME LANE),1,779559,2,0,0,1,1,2,1,5,Not at intersection,3,60,Arterial Highway,BANYULE,-37.700584,145.05821,3083.0,True,Reservoir HS,3508.2
T20250009099,2025-04-04,13:00:00,8,No collision and no object struck,5,Friday,184,OUT OF CONTROL ON CARRIAGEWAY (ON BEND),1,821127,1,0,0,1,0,1,2,5,Not at intersection,3,999,Local Road,MANSFIELD,-37.042904,146.16292,3722.0,True,Reservoir HS,125454.7
T20220010948,2022-09-05,17:31:00,8,No collision and no object struck,1,Monday,179,OTHER ACCIDENTS-OFF STRAIGHT NOT INCLUDED IN DCAs 170-175,2,652512,2,0,1,0,1,2,2,5,Not at intersection,2,999,Local Road,DAREBIN,-37.764336,144.99225,3070.0,True,Preston HS,2835.5
T20250012711,2025-11-05,11:50:00,8,No collision and no object struck,0,Sunday,170,OFF CARRIAGEWAY TO LEFT,1,819893,1,0,0,1,0,1,2,5,Not at intersection,3,40,Arterial Highway,SURF COAST,-38.245346,143.98297,3241.0,True,Preston HS,105784.1
T20230018366,2023-07-08,11:15:00,2,Struck Pedestrian,2,Monday,106,VEH STRIKES PED ON FOOTPATH/MEDIAN/TRAFFIC ISLAND.,1,797808,1,0,0,1,1,2,1,5,Not at intersection,3,50,Local Road,HOBSONS BAY,-37.856773,144.89767,3016.0,True,Preston HS,16005.3
T20250010385,2025-05-04,15:30:00,1,Collision with vehicle,7,Saturday,130,REAR END(VEHICLES IN SAME LANE),1,138169,2,0,1,0,1,2,2,2,T intersection,2,999,Local Road,BRIMBANK,-37.734184,144.78001,3021.0,True,Preston HS,19986.6
T20220024896,2022-05-11,09:30:00,6,Vehicle overturned (no collision),7,Saturday,174,OUT OF CONTROL ON CARRIAGEWAY (ON STRAIGHT),1,239536,1,0,0,1,0,1,1,2,T intersection,3,60,Arterial Other,HOBSONS BAY,-37.875507,144.79602,3018.0,True,Preston HS,23774.7
T20240028778,2024-11-11,20:10:00,1,Collision with vehicle,2,Monday,121,RIGHT THROUGH,3,812846,2,0,1,0,1,2,1,1,Cross intersection,2,60,Arterial Other,WYNDHAM,-37.852726,144.73132,3027.0,True,Preston HS,27195.0
T20240003520,2024-04-02,06:00:00,1,Collision with vehicle,0,Sunday,160,VEHICLE COLLIDES WITH VEHICLE PARKED ON LEFT OF ROAD,2,798111,2,0,0,1,1,2,2,5,Not at intersection,3,50,Local Road,BAYSIDE,-37.945282,145.00238,3191.0,True,Preston HS,22641.1
T20220022258,2022-03-10,08:09:00,2,Struck Pedestrian,2,Monday,102,FAR SIDE. PED HIT BY VEHICLE FROM THE LEFT,1,727155,1,0,1,0,1,2,1,5,Not at intersection,2,30,Local Road,MELBOURNE,-37.815575,144.96626,3000.0,True,Preston HS,8964.5
T20240014389,2024-05-06,08:48:00,6,Vehicle overturned (no collision),4,Wednesday,182,OFF CARRIAGEWAY ON LEFT BEND,1,805865,1,0,1,0,0,1,1,5,Not at intersection,2,100,Local Road,WODONGA,-36.093212,146.81287,3690.0,True,William Ruthven SC,240172.9
T20230008032,2023-02-04,15:24:00,8,No collision and no object struck,1,Sunday,174,OUT OF CONTROL ON CARRIAGEWAY (ON STRAIGHT),1,774036,1,0,1,0,0,1,1,2,T intersection,2,50,Local Road,SOUTH GIPPSLAND,-38.475384,145.95905,3953.0,True,Preston HS,116586.1
T20240020950,2024-12-08,16:22:00,2,Struck Pedestrian,1,Monday,107,PED ON FOOTHPATH STRUCK BY VEHENTERING/LEAVING DRIVEWAY.,1,825565,1,0,0,1,2,3,1,5,Not at intersection,3,50,Local Road,YARRA RANGES,-37.7587,145.34897,3140.0,True,Reservoir HS,28388.8
T20210025428,2021-12-12,08:00:00,1,Collision with vehicle,1,Sunday,116,LEFT NEAR (INTERSECTIONS ONLY),1,37423,2,0,1,0,1,2,1,1,Cross intersection,2,80,Local Road,MELTON,-37.690403,144.7304,3037.0,True,William Ruthven SC,23994.3
T20210000661,2021-10-01,20:30:00,2,Struck Pedestrian,1,Sunday,100,PED NEAR SIDE. PED HIT BY VEHICLE FROM THE RIGHT.,2,672629,1,0,0,1,1,2,1,5,Not at intersection,3,60,Arterial Highway,DANDENONG,-37.98014,145.20891,3175.0,True,Preston HS,31887.8
T20230021043,2023-08-09,12:40:00,1,Collision with vehicle,6,Friday,110,CROSS TRAFFIC(INTERSECTIONS ONLY),1,35702,3,0,1,0,4,5,1,1,Cross intersection,2,60,Arterial Other,MOONEE VALLEY,-37.77908,144.9133,3032.0,True,Preston HS,9234.1
T20240003148,2024-05-02,15:30:00,6,Vehicle overturned (no collision),2,Monday,184,OUT OF CONTROL ON CARRIAGEWAY (ON BEND),1,797787,1,0,1,0,0,1,2,5,Not at intersection,2,60,Local Road,GEELONG,-38.066235,144.34311,3214.0,True,Preston HS,68527.8
T20230015376,2023-01-07,16:00:00,2,Struck Pedestrian,6,Saturday,108,PED STRUCK WALKING TO/FROM OR BOARDING/ALIGHTING VEHICLE.,2,777242,1,0,0,1,1,2,2,5,Not at intersection,3,40,Local Road,YARRA RANGES,-37.78876,145.32773,3138.0,True,Reservoir HS,27245.6
T20210008252,2021-10-04,16:00:00,6,Vehicle overturned (no collision),7,Saturday,174,OUT OF CONTROL ON CARRIAGEWAY (ON STRAIGHT),1,680830,1,0,0,1,0,1,2,5,Not at intersection,3,60,Arterial Other,MARIBYRNONG,-37.78928,144.88986,3011.0,True,Preston HS,11584.4
T20230015744,2023-07-07,07:15:00,1,Collision with vehicle,5,Friday,139,OTHER SAME DIRECTION-MANOUEVRES NOT INCLUDED IN DCAs 130-137,2,779022,2,0,0,1,2,3,1,5,Not at intersection,3,60,Local Road,GEELONG,-38.205044,144.34146,3216.0,True,Preston HS,77837.7
T20250009569,2025-02-04,18:50:00,1,Collision with vehicle,3,Wednesday,135,LANE CHANGE LEFT (NOT OVERTAKING),2,64831,2,0,0,1,1,2,2,2,T intersection,3,60,Arterial Other,MELBOURNE,-37.78998,144.9429,3052.0,True,Preston HS,7788.9
T20240005617,2024-04-03,16:30:00,1,Collision with vehicle,2,Monday,110,CROSS TRAFFIC(INTERSECTIONS ONLY),1,39783,2,0,0,1,1,2,2,1,Cross intersection,3,50,Local Road,MAROONDAH,-37.816486,145.28654,3136.0,True,Reservoir HS,24905.8
T20210002923,2021-09-02,07:15:00,2,Struck Pedestrian,3,Tuesday,104,PED WALKING WITH TRAFFIC,1,675260,1,0,1,1,1,3,1,5,Not at intersection,2,999,Local Road,MOONEE VALLEY,-37.75929,144.91432,3040.0,True,Preston HS,8388.4
T20210020392,2021-07-10,06:20:00,1,Collision with vehicle,4,Thursday,133,LANE SIDE SWIPE (VEHICLES IN PARALLEL LANES),2,694759,2,0,0,1,1,2,1,5,Not at intersection,3,60,Arterial Other,MONASH,-37.874733,145.17058,3150.0,True,Preston HS,20617.6
T20210010204,2021-06-05,12:30:00,2,Struck Pedestrian,5,Thursday,107,PED ON FOOTHPATH STRUCK BY VEHENTERING/LEAVING DRIVEWAY.,1,684175,1,0,0,1,1,2,2,5,Not at intersection,3,888,Local Road,EAST GIPPSLAND,-37.87589,147.99449,3909.0,True,Reservoir HS,261066.8
T20220000283,2022-05-01,13:22:00,1,Collision with vehicle,4,Wednesday,113,RIGHT NEAR (INTERSECTIONS ONLY),1,40465,2,0,0,1,1,2,1,2,T intersection,3,60,Local Road,STONNINGTON,-37.871532,145.0604,3145.0,True,Preston HS,15177.1
T20230003291,2023-10-02,15:00:00,1,Collision with vehicle,6,Friday,137,LEFT TURN SIDESWIPE,1,68673,2,0,0,1,1,2,2,2,T intersection,3,60,Local Road,WYNDHAM,-37.890636,144.65387,3030.0,True,Preston HS,35171.4
T20240014192,2024-01-06,22:30:00,2,Struck Pedestrian,6,Saturday,100,PED NEAR SIDE. PED HIT BY VEHICLE FROM THE RIGHT.,6,7863,1,1,0,0,1,2,2,2,T intersection,1,50,,WHITEHORSE,-37.820457,145.12337,3128.0,True,Preston HS,13457.5
T20250012470,2025-10-05,11:30:00,2,Struck Pedestrian,7,Saturday,109,ANY MANOEUVRE INVOLVING PED NOT INCLUDED IN DCAs 100-108.,1,818496,1,0,0,1,2,3,2,5,Not at intersection,3,40,Local Road,GLENELG,-38.346672,141.60371,3305.0,True,Preston HS,305512.2
T20240004259,2024-05-02,15:54:00,1,Collision with vehicle,1,Monday,130,REAR END(VEHICLES IN SAME LANE),1,798880,2,0,0,1,1,2,2,5,Not at intersection,3,50,Arterial Other,BAYSIDE,-37.887627,144.99144,3186.0,True,Preston HS,16284.5
T20220002589,2022-07-02,07:03:00,2,Struck Pedestrian,2,Monday,102,FAR SIDE. PED HIT BY VEHICLE FROM THE LEFT,1,706778,1,0,1,0,1,2,1,5,Not at intersection,2,40,Local Road,LATROBE,-38.17473,146.26158,3825.0,True,Reservoir HS,119174.9
T20230013100,2023-05-06,14:00:00,7,Fall from or in moving vehicle,1,Monday,190,FELL IN/FROM VEHICLE,1,775658,1,0,0,1,0,1,1,5,Not at intersection,3,40,Local Road,MELBOURNE,-37.793694,144.96768,3053.0,True,Preston HS,6740.3
T20210020579,2021-10-10,15:10:00,1,Collision with vehicle,0,Sunday,110,CROSS TRAFFIC(INTERSECTIONS ONLY),1,686152,2,0,1,0,1,2,1,1,Cross intersection,2,60,Local Road,WYNDHAM,-37.85241,144.66635,3029.0,True,Preston HS,32371.9
T20220028111,2022-11-12,02:00:00,2,Struck Pedestrian,1,Sunday,102,FAR SIDE. PED HIT BY VEHICLE FROM THE LEFT,3,258790,1,0,0,1,1,2,1,1,Cross intersection,3,50,Local Road,BRIMBANK,-37.777576,144.8151,3020.0,True,Preston HS,17343.6
T20210000734,2021-12-01,09:56:00,1,Collision with vehicle,3,Tuesday,160,VEHICLE COLLIDES WITH VEHICLE PARKED ON LEFT OF ROAD,1,676453,2,0,1,0,1,2,1,5,Not at intersection,2,60,Arterial Other,PORT PHILLIP,-37.85801,144.96838,3182.0,True,Preston HS,13373.0
T20220027484,2022-04-12,08:30:00,1,Collision with vehicle,1,Sunday,137,LEFT TURN SIDESWIPE,1,270520,2,0,1,0,3,4,1,1,Cross intersection,2,60,Local Road,MELBOURNE,-37.82321,144.96083,3006.0,True,Preston HS,9933.9
T20250020643,2025-05-08,08:00:00,8,No collision and no object struck,3,Tuesday,174,OUT OF CONTROL ON CARRIAGEWAY (ON STRAIGHT),1,37190,1,0,0,1,0,1,1,2,T intersection,3,40,Arterial Other,YARRA,-37.810337,144.99837,3121.0,True,Preston HS,7670.6
T20240025908,2024-09-10,13:30:00,1,Collision with vehicle,3,Wednesday,140,U TURN,1,810319,2,0,0,1,1,2,2,5,Not at intersection,3,40,Arterial Other,MERRI-BEK,-37.7535,144.96448,3058.0,True,Preston HS,3970.4
T20250006493,2025-10-03,08:15:00,4,Collision with a fixed object,2,Monday,179,OTHER ACCIDENTS-OFF STRAIGHT NOT INCLUDED IN DCAs 170-175,1,816088,1,0,0,1,0,1,1,5,Not at intersection,3,50,Local Road,BANYULE,-37.728596,145.06079,3085.0,True,Reservoir HS,2845.4
T20250009594,2025-09-04,15:30:00,1,Collision with vehicle,3,Wednesday,137,LEFT TURN SIDESWIPE,1,817296,2,0,0,1,1,2,2,2,T intersection,3,50,Arterial Other,MOONEE VALLEY,-37.753582,144.90848,3040.0,True,Preston HS,8771.1
T20230013705,2023-06-06,13:41:00,2,Struck Pedestrian,3,Tuesday,102,FAR SIDE. PED HIT BY VEHICLE FROM THE LEFT,1,806991,1,0,0,2,1,3,1,1,Cross intersection,3,999,Local Road,DANDENONG,-37.98363,145.22113,3175.0,True,Preston HS,32813.2
T20230017923,2023-01-08,17:45:00,2,Struck Pedestrian,2,Tuesday,100,PED NEAR SIDE. PED HIT BY VEHICLE FROM THE RIGHT.,3,784007,1,0,0,1,1,2,1,2,T intersection,3,80,Arterial Highway,KINGSTON,-37.949276,145.04582,3190.0,True,Preston HS,23330.5
T20250002721,2025-01-02,16:55:00,1,Collision with vehicle,6,Saturday,136,RIGHT TURN SIDESWIPE,1,44125,2,0,0,1,1,2,1,2,T intersection,3,40,Local Road,DAREBIN,-37.736454,145.00426,3072.0,True,Preston HS,634.5
T20220007824,2022-03-04,16:30:00,6,Vehicle overturned (no collision),1,Sunday,174,OUT OF CONTROL ON CARRIAGEWAY (ON STRAIGHT),1,708973,1,0,0,1,0,1,2,5,Not at intersection,3,999,Local Road,MACEDON RANGES,-37.496372,144.48288,3437.0,True,William Ruthven SC,50942.6
T20220012869,2022-07-06,07:15:00,2,Struck Pedestrian,3,Tuesday,102,FAR SIDE. PED HIT BY VEHICLE FROM THE LEFT,3,726347,1,0,1,0,1,2,1,1,Cross intersection,2,60,Arterial Highway,STONNINGTON,-37.83473,144.98727,3141.0,True,Preston HS,10490.2
T20230018684,2023-11-08,08:52:00,1,Collision with vehicle,6,Friday,113,RIGHT NEAR (INTERSECTIONS ONLY),2,669599,2,0,0,1,1,2,1,2,T intersection,3,80,Local Road,NILLUMBIK,-37.629025,145.15257,3091.0,True,Reservoir HS,15010.3
T20220005235,2022-07-03,12:30:00,8,No collision and no object struck,2,Monday,174,OUT OF CONTROL ON CARRIAGEWAY (ON STRAIGHT),1,706310,1,0,0,1,0,1,2,5,Not at intersection,3,100,,GLENELG,-38.200672,141.68037,3304.0,True,Preston HS,296026.6
T20240019647,2024-03-08,13:37:00,1,Collision with vehicle,6,Saturday,147,VEHICLE STRIKES ANOTHER VEH WHILE EMERGING FROM DRIVEWAY,1,807032,2,0,1,0,1,2,1,5,Not at intersection,2,60,Arterial Other,GEELONG,-38.161415,144.35312,3220.0,True,Preston HS,73933.0
T20220020364,2022-07-08,11:30:00,9,Other accident,1,Sunday,181,OFF RIGHT BEND INTO OBJECT/PARKED VEHICLE,1,782575,1,0,0,1,0,1,2,5,Not at intersection,3,888,,MOORABOOL,-37.75238,144.098,3334.0,True,William Ruthven SC,79836.3
T20230015480,2023-04-07,17:15:00,1,Collision with vehicle,3,Tuesday,137,LEFT TURN SIDESWIPE,2,776769,2,0,1,0,2,3,1,5,Not at intersection,2,70,Arterial Highway,GEELONG,-38.084656,144.35803,3214.0,True,Preston HS,68530.8
T20230008151,2023-06-04,16:10:00,2,Struck Pedestrian,4,Thursday,100,PED NEAR SIDE. PED HIT BY VEHICLE FROM THE RIGHT.,1,774433,1,0,1,0,3,4,1,5,Not at intersection,2,80,Arterial Highway,DANDENONG,-38.001377,145.23236,3175.0,True,Preston HS,34995.7
T20250006907,2025-11-03,16:54:00,8,No collision and no object struck,3,Tuesday,174,OUT OF CONTROL ON CARRIAGEWAY (ON STRAIGHT),1,816244,1,0,0,1,0,1,1,5,Not at intersection,3,60,Arterial Highway,WODONGA,-36.137894,146.91063,3690.0,True,William Ruthven SC,242472.4
T20220020651,2022-12-09,19:45:00,1,Collision with vehicle,2,Monday,121,RIGHT THROUGH,3,37356,2,0,0,1,1,2,1,2,T intersection,3,40,Arterial Other,YARRA,-37.82022,145.01448,3121.0,True,Preston HS,8755.1
T20220025217,2022-08-11,17:50:00,2,Struck Pedestrian,3,Tuesday,100,PED NEAR SIDE. PED HIT BY VEHICLE FROM THE RIGHT.,1,737116,1,0,0,1,1,2,1,5,Not at intersection,3,40,Local Road,MORELAND,-37.707867,144.9383,3046.0,True,William Ruthven SC,5829.0
T20240000130,2023-04-11,19:00:00,8,No collision and no object struck,7,Saturday,174,OUT OF CONTROL ON CARRIAGEWAY (ON STRAIGHT),1,795201,1,0,1,0,0,1,2,5,Not at intersection,2,999,Local Road,NORTHERN GRAMPIANS,-36.62166,143.22685,3478.0,True,William Ruthven SC,197627.9