ACCIDENT_NO,ACCIDENT_DATE,ACCIDENT_TIME,ACCIDENT_TYPE,ACCIDENT_TYPE_DESC,DAY_OF_WEEK,DAY_WEEK_DESC,DCA_CODE,DCA_DESC,LIGHT_CONDITION,NODE_ID,NO_OF_VEHICLES,NO_PERSONS_KILLED,NO_PERSONS_INJ_2,NO_PERSONS_INJ_3,NO_PERSONS_NOT_INJ,NO_PERSONS,POLICE_ATTEND,ROAD_GEOMETRY,ROAD_GEOMETRY_DESC,SEVERITY,SPEED_ZONE,RMA,LGA_NAME,LATITUDE,LONGITUDE,POSTCODE_CRASH,PED_OR_CYC,nearest_school,dist_to_gate_m
T20210020357,2021-05-10,19:00:00,4,Collision with a fixed object,3,Tuesday,183,OFF LEFT BEND INTO OBJECT/PARKED VEHICLE,1,701641,1,0,1,0,0,1,1,5,Not at intersection,2,110,Freeway,MOORABOOL,-37.6645,144.38326,3341.0,True,William Ruthven SC,54654.3
T20230002110,2023-11-01,20:00:00,1,Collision with vehicle,3,Wednesday,137,LEFT TURN SIDESWIPE,2,29528,2,0,0,1,1,2,2,1,Cross intersection,3,60,Arterial Highway,MELBOURNE,-37.787704,144.92525,3031.0,True,Preston HS,8828.0
T20230026265,2023-08-11,18:30:00,6,Vehicle overturned (no collision),3,Wednesday,174,OUT OF CONTROL ON CARRIAGEWAY (ON STRAIGHT),1,793121,1,0,0,1,0,1,2,5,Not at intersection,3,50,Local Road,MORELAND,-37.76781,144.97237,3057.0,True,Preston HS,4213.3
T20250015687,2025-12-06,15:15:00,4,Collision with a fixed object,5,Thursday,173,RIGHT OFF CARRIAGEWAY INTO OBJECT/PARKED VEHICLE,1,819228,1,0,1,0,0,1,2,5,Not at intersection,2,888,Local Road,MILDURA,-34.913265,142.02818,3490.0,True,William Ruthven SC,408411.1
T20240025657,2024-10-10,23:51:00,1,Collision with vehicle,5,Thursday,150,HEAD ON(OVERTAKING),3,814162,2,0,1,0,1,2,1,5,Not at intersection,2,40,Arterial Other,STONNINGTON,-37.839188,144.99568,3141.0,True,Preston HS,10886.5
T20240028438,2024-08-11,10:30:00,2,Struck Pedestrian,6,Friday,100,PED NEAR SIDE. PED HIT BY VEHICLE FROM THE RIGHT.,1,810690,1,0,1,0,1,2,1,2,T intersection,2,60,Arterial Other,MELBOURNE,-37.844868,144.97894,3004.0,True,Preston HS,11735.6
T20240020108,2024-08-08,15:25:00,1,Collision with vehicle,5,Thursday,110,CROSS TRAFFIC(INTERSECTIONS ONLY),1,46791,2,0,0,1,1,2,1,1,Cross intersection,3,60,Local Road,HUME,-37.579796,144.70921,3429.0,True,William Ruthven SC,28942.8
T20240011688,2023-02-10,08:40:00,1,Collision with vehicle,1,Monday,122,LEFT THROUGH,1,41140,2,0,0,1,1,2,2,1,Cross intersection,3,999,Local Road,BAYSIDE,-37.90435,144.99316,3186.0,True,Preston HS,18127.3
T20250009581,2025-08-04,17:45:00,1,Collision with vehicle,3,Tuesday,133,LANE SIDE SWIPE (VEHICLES IN PARALLEL LANES),2,817199,2,0,0,1,1,2,2,5,Not at intersection,3,60,Arterial Other,KINGSTON,-37.930237,145.13261,3169.0,True,Preston HS,23685.2
T20230010680,2023-07-05,10:30:00,6,Vehicle overturned (no collision),1,Sunday,170,OFF CARRIAGEWAY TO LEFT,1,779507,1,0,2,0,0,2,1,5,Not at intersection,2,100,Arterial Other,MITCHELL,-37.39698,145.02716,3758.0,True,William Ruthven SC,33377.6
T20220002283,2022-02-02,18:26:00,1,Collision with vehicle,4,Wednesday,113,RIGHT NEAR (INTERSECTIONS ONLY),1,710067,2,0,0,1,1,2,1,2,T intersection,3,60,Local Road,CASEY,-38.055027,145.34735,3806.0,True,Preston HS,45882.0
T20240019962,2024-07-08,08:46:00,1,Collision with vehicle,3,Wednesday,119,OTHER ADJACENT (INTERSECTIONS ONLY),1,49150,2,0,0,1,2,3,1,2,T intersection,3,50,Local Road,KNOX,-37.86821,145.22498,3152.0,True,Reservoir HS,23626.2
T20210015101,2021-09-07,12:05:00,1,Collision with vehicle,5,Friday,110,CROSS TRAFFIC(INTERSECTIONS ONLY),1,37825,2,0,0,1,1,2,1,1,Cross intersection,3,40,Local Road,YARRA,-37.78503,144.97609,3054.0,True,Preston HS,5535.8
T20220004879,2022-04-03,21:05:00,8,No collision and no object struck,6,Friday,174,OUT OF CONTROL ON CARRIAGEWAY (ON STRAIGHT),5,706783,1,0,1,0,0,1,1,5,Not at intersection,2,999,Local Road,BANYULE,-37.710926,145.10092,3088.0,True,Reservoir HS,6419.0
T20250006044,2025-05-03,20:36:00,1,Collision with vehicle,4,Wednesday,137,LEFT TURN SIDESWIPE,3,45463,2,0,1,2,0,3,1,2,T intersection,2,40,Arterial Other,MOONEE VALLEY,-37.774044,144.92757,3032.0,True,Preston HS,7862.4
T20240006024,2024-09-03,11:28:00,1,Collision with vehicle,7,Saturday,183,OFF LEFT BEND INTO OBJECT/PARKED VEHICLE,1,799907,2,0,1,1,0,2,1,5,Not at intersection,2,999,Local Road,INDIGO,-36.42586,147.04776,3691.0,True,Reservoir HS,229877.4
T20210017171,2021-07-08,18:00:00,2,Struck Pedestrian,7,Saturday,104,PED WALKING WITH TRAFFIC,9,690938,1,0,0,1,1,2,2,5,Not at intersection,3,60,Arterial Other,HOBSONS BAY,-37.86278,144.8151,3018.0,True,Preston HS,21582.9
T20240011595,2024-06-05,20:00:00,2,Struck Pedestrian,1,Monday,100,PED NEAR SIDE. PED HIT BY VEHICLE FROM THE RIGHT.,6,802813,1,0,0,1,1,2,2,5,Not at intersection,3,60,,WYNDHAM,-37.889015,144.68077,3030.0,True,Preston HS,33015.9
T20220021259,2022-11-09,11:30:00,6,Vehicle overturned (no collision),1,Sunday,174,OUT OF CONTROL ON CARRIAGEWAY (ON STRAIGHT),1,725747,1,0,1,0,0,1,2,5,Not at intersection,2,999,Local Road,MACEDON RANGES,-37.432777,144.50836,3437.0,True,William Ruthven SC,52544.0
T20250018695,2025-03-07,16:30:00,8,No collision and no object struck,4,Thursday,174,OUT OF CONTROL ON CARRIAGEWAY (ON STRAIGHT),1,821002,1,0,0,1,0,1,2,5,Not at intersection,3,888,Local Road,MURRINDINDI,-37.42188,145.71017,3711.0,True,Reservoir HS,68675.2
T20250020700,2025-05-08,14:00:00,6,Vehicle overturned (no collision),2,Tuesday,174,OUT OF CONTROL ON CARRIAGEWAY (ON STRAIGHT),1,821145,1,0,0,1,0,1,2,2,T intersection,3,80,Arterial Other,MURRINDINDI,-37.52461,145.33098,3763.0,True,Reservoir HS,34484.1
T20210022585,2021-07-11,17:30:00,2,Struck Pedestrian,1,Sunday,102,FAR SIDE. PED HIT BY VEHICLE FROM THE LEFT,1,696820,1,0,0,1,1,2,2,5,Not at intersection,3,888,Local Road,MONASH,-37.89268,145.09087,3166.0,True,Preston HS,18330.0
T20230023255,2023-05-10,15:30:00,5,collision with some other object,5,Thursday,191,LOAD OR MISSILE STRUCK VEHICLE,1,793973,2,0,1,0,0,1,1,5,Not at intersection,2,60,Arterial Other,PORT PHILLIP,-37.83831,144.9574,3206.0,True,Preston HS,11596.4
T20220028143,2022-11-12,11:10:00,6,Vehicle overturned (no collision),1,Sunday,174,OUT OF CONTROL ON CARRIAGEWAY (ON STRAIGHT),1,741488,1,0,1,0,0,1,1,5,Not at intersection,2,100,Arterial Highway,EAST GIPPSLAND,-37.75797,147.70876,3875.0,True,Reservoir HS,235627.5
T20220002529,2022-06-02,11:55:00,1,Collision with vehicle,0,Sunday,121,RIGHT THROUGH,1,57862,2,0,0,1,1,2,1,4,Multiple intersection,3,60,Freeway,WODONGA,-36.11031,146.89359,3690.0,True,William Ruthven SC,243647.5
T20240009828,2024-04-03,16:15:00,1,Collision with vehicle,2,Monday,147,VEHICLE STRIKES ANOTHER VEH WHILE EMERGING FROM DRIVEWAY,1,803842,2,0,0,1,1,2,2,5,Not at intersection,3,60,Arterial Other,BAYSIDE,-37.955296,145.03368,3192.0,True,Preston HS,23865.2
T20220020232,2022-01-09,22:00:00,1,Collision with vehicle,4,Thursday,129,OTHER OPPOSING MANOEUVRES NOT INCLUDED IN DCAs 120-125.,3,57552,2,0,0,1,1,2,2,1,Cross intersection,3,60,Arterial Highway,STONNINGTON,-37.892857,145.08824,3166.0,True,Preston HS,18256.6
T20240022925,2024-09-09,09:00:00,1,Collision with vehicle,2,Monday,147,VEHICLE STRIKES ANOTHER VEH WHILE EMERGING FROM DRIVEWAY,1,811178,2,0,0,1,1,2,2,5,Not at intersection,3,60,Local Road,GEELONG,-38.2011,144.31168,3216.0,True,Preston HS,79531.9
T20230002981,2023-06-02,15:49:00,4,Collision with a fixed object,2,Monday,173,RIGHT OFF CARRIAGEWAY INTO OBJECT/PARKED VEHICLE,1,37202,1,1,0,0,0,1,1,2,T intersection,1,40,Arterial Other,YARRA,-37.821438,144.99867,3121.0,True,Preston HS,8897.4
T20210017489,2021-10-08,15:30:00,1,Collision with vehicle,3,Tuesday,148,VEHICLE OFF FOOTPATH STRIKES VEH ON CARRIAGEWAY,1,35571,2,0,0,1,1,2,2,4,Multiple intersection,3,60,Arterial Other,BAYSIDE,-37.94435,145.00125,3188.0,True,Preston HS,22539.5
T20240002730,2024-03-02,18:40:00,1,Collision with vehicle,6,Saturday,130,REAR END(VEHICLES IN SAME LANE),1,797461,2,0,0,1,1,2,1,5,Not at intersection,3,60,Arterial Other,YARRA RANGES,-37.802258,145.31224,3137.0,True,Reservoir HS,26401.4
T20250021169,2025-10-08,16:39:00,1,Collision with vehicle,1,Sunday,154,PULLING OUT -REAR END,1,102274,2,0,1,0,2,3,1,5,Not at intersection,2,50,Local Road,DANDENONG,-37.99864,145.20776,3175.0,True,Preston HS,33563.4
T20210001363,2021-10-01,16:30:00,6,Vehicle overturned (no collision),1,Sunday,174,OUT OF CONTROL ON CARRIAGEWAY (ON STRAIGHT),1,673848,1,0,0,1,0,1,2,5,Not at intersection,3,60,Local Road,BASS COAST,-38.45428,145.20433,3922.0,True,Preston HS,81093.0
T20220004669,2022-02-03,13:30:00,1,Collision with vehicle,4,Wednesday,160,VEHICLE COLLIDES WITH VEHICLE PARKED ON LEFT OF ROAD,1,705845,2,0,1,0,1,2,1,5,Not at intersection,2,80,Arterial Other,BRIMBANK,-37.726097,144.81207,3038.0,True,William Ruthven SC,17113.1
T20220014512,2022-09-06,17:18:00,1,Collision with vehicle,5,Thursday,121,RIGHT THROUGH,2,44068,2,0,1,0,1,2,1,2,T intersection,2,40,Local Road,DAREBIN,-37.73138,145.00514,3072.0,True,Preston HS,1160.4
T20230003571,2023-07-02,18:00:00,1,Collision with vehicle,2,Tuesday,121,RIGHT THROUGH,2,43292,2,0,0,1,1,2,1,2,T intersection,3,50,Arterial Highway,KINGSTON,-38.050625,145.11516,3196.0,True,Preston HS,35635.5
T20240027810,2024-01-11,15:27:00,1,Collision with vehicle,6,Friday,111,RIGHT FAR (INTERSECTIONS ONLY),1,63905,2,0,1,0,1,2,1,2,T intersection,2,60,Arterial Other,BRIMBANK,-37.766712,144.83066,3020.0,True,Preston HS,15759.2
T20220010363,2022-09-04,16:40:00,5,collision with some other object,7,Saturday,166,STRUCK OBJECT ON CARRIAGEWAY,9,724085,1,0,1,0,0,1,2,5,Not at intersection,2,999,Local Road,MONASH,-37.89048,145.18398,3150.0,True,Preston HS,22695.9
T20220005391,2022-10-03,09:45:00,1,Collision with vehicle,5,Thursday,113,RIGHT NEAR (INTERSECTIONS ONLY),1,22537,2,0,1,0,1,2,1,2,T intersection,2,40,Arterial Other,BALLARAT,-37.603058,143.8686,3350.0,True,William Ruthven SC,100410.1
T20220002284,2022-03-02,12:30:00,8,No collision and no object struck,5,Thursday,174,OUT OF CONTROL ON CARRIAGEWAY (ON STRAIGHT),1,703660,1,0,0,1,0,1,1,5,Not at intersection,3,70,Arterial Highway,FRANKSTON,-38.13558,145.12405,3199.0,True,Preston HS,44982.2
T20250012139,2025-02-05,18:00:00,8,No collision and no object struck,6,Friday,174,OUT OF CONTROL ON CARRIAGEWAY (ON STRAIGHT),9,256168,2,0,1,0,1,2,2,2,T intersection,2,999,Local Road,MILDURA,-34.31254,142.19865,3496.0,True,William Ruthven SC,452959.4
T20240011849,2024-06-05,04:53:00,1,Collision with vehicle,2,Monday,137,LEFT TURN SIDESWIPE,3,802984,2,0,0,1,1,2,1,5,Not at intersection,3,60,,CASEY,-38.005024,145.27362,3803.0,True,Preston HS,37477.8
T20220002686,2022-07-02,09:15:00,2,Struck Pedestrian,1,Monday,102,FAR SIDE. PED HIT BY VEHICLE FROM THE LEFT,1,705548,1,0,0,1,1,2,2,5,Not at intersection,3,40,Local Road,DAREBIN,-37.72864,145.00565,3073.0,True,Preston HS,1457.8
T20210021551,2021-09-10,17:45:00,1,Collision with vehicle,7,Saturday,160,VEHICLE COLLIDES WITH VEHICLE PARKED ON LEFT OF ROAD,1,695536,2,0,0,1,2,3,2,5,Not at intersection,3,40,Arterial Other,STONNINGTON,-37.836674,144.9962,3141.0,True,Preston HS,10604.0
T20250010019,2025-10-04,17:40:00,1,Collision with vehicle,4,Thursday,163,VEHICLE STRIKES DOOR OF PARKED/STATIONARY VEHICLE,1,822928,2,0,0,1,1,2,2,1,Cross intersection,3,30,Local Road,YARRA,-37.80598,144.9794,3065.0,True,Preston HS,7550.9
T20250017974,2025-06-07,15:33:00,1,Collision with vehicle,1,Sunday,113,RIGHT NEAR (INTERSECTIONS ONLY),1,820385,2,0,2,0,0,2,1,1,Cross intersection,2,60,Local Road,MELTON,-37.71924,144.73883,3023.0,True,William Ruthven SC,23375.0
T20240026255,2024-09-10,17:00:00,9,Other accident,3,Wednesday,198,OTHER ACCIDENTS NOT CLASSIFIABLE ELSEWHERE,1,809807,1,0,1,0,0,1,2,5,Not at intersection,2,70,Arterial Highway,GEELONG,-38.09522,144.29614,3213.0,True,Preston HS,73720.1
T20230015529,2023-04-01,18:00:00,1,Collision with vehicle,3,Wednesday,130,REAR END(VEHICLES IN SAME LANE),2,50873,2,0,0,2,0,2,2,2,T intersection,3,60,Local Road,WODONGA,-36.119785,146.90054,3690.0,True,William Ruthven SC,243306.7
T20230000572,2023-09-01,10:30:00,1,Collision with vehicle,1,Monday,110,CROSS TRAFFIC(INTERSECTIONS ONLY),1,52221,2,0,0,1,1,2,1,1,Cross intersection,3,999,Local Road,LATROBE,-38.197414,146.53783,3844.0,True,Reservoir HS,142400.7
T20250012714,2025-12-05,15:17:00,4,Collision with a fixed object,2,Monday,151,OUT OF CONTROL (OVERTAKING),1,819302,1,0,1,0,0,1,1,5,Not at intersection,2,50,Local Road,CASEY,-38.07289,145.27252,3977.0,True,Preston HS,43571.1
T20230025836,2023-04-11,17:35:00,1,Collision with vehicle,7,Saturday,160,VEHICLE COLLIDES WITH VEHICLE PARKED ON LEFT OF ROAD,1,792584,2,0,0,1,0,1,1,5,Not at intersection,3,50,Local Road,DAREBIN,-37.743664,145.01257,3072.0,True,Preston HS,528.2
T20220000477,2022-08-01,23:25:00,2,Struck Pedestrian,7,Saturday,106,VEH STRIKES PED ON FOOTPATH/MEDIAN/TRAFFIC ISLAND.,3,703657,1,0,1,0,1,2,1,5,Not at intersection,2,50,Local Road,MELBOURNE,-37.79872,144.96878,3053.0,True,Preston HS,7179.5
T20210025065,2021-08-12,06:30:00,1,Collision with vehicle,3,Wednesday,110,CROSS TRAFFIC(INTERSECTIONS ONLY),1,38011,2,0,0,1,1,2,1,1,Cross intersection,3,60,Local Road,DAREBIN,-37.74994,145.01147,3072.0,True,Preston HS,993.6
T20240008422,2024-04-04,08:46:00,1,Collision with vehicle,5,Thursday,121,RIGHT THROUGH,1,232994,2,0,1,0,1,2,1,2,T intersection,2,60,Arterial Other,KINGSTON,-37.99212,145.06572,3194.0,True,Preston HS,28316.9
T20220018040,2022-08-08,09:20:00,1,Collision with vehicle,1,Monday,163,VEHICLE STRIKES DOOR OF PARKED/STATIONARY VEHICLE,1,779729,2,0,0,1,1,2,2,5,Not at intersection,3,40,Arterial Other,BOROONDARA,-37.822437,145.03539,3122.0,True,Preston HS,9315.4
T20230010511,2023-05-05,08:30:00,8,No collision and no object struck,6,Friday,174,OUT OF CONTROL ON CARRIAGEWAY (ON STRAIGHT),1,773613,1,0,1,0,0,1,1,5,Not at intersection,2,60,Local Road,SHEPPARTON,-36.364803,145.39091,3630.0,True,William Ruthven SC,152033.0
T20220015644,2022-11-07,13:15:00,6,Vehicle overturned (no collision),2,Monday,170,OFF CARRIAGEWAY TO LEFT,1,718645,1,0,0,1,0,1,2,5,Not at intersection,3,50,Local Road,YARRA RANGES,-37.921658,145.34348,3160.0,True,Reservoir HS,35383.1
T20230018389,2023-07-08,15:37:00,6,Vehicle overturned (no collision),2,Monday,184,OUT OF CONTROL ON CARRIAGEWAY (ON BEND),1,789405,1,0,0,1,0,1,1,5,Not at intersection,3,50,Arterial Other,FRANKSTON,-38.146133,145.1252,3199.0,True,Preston HS,46147.9
T20220027580,2022-04-12,14:30:00,6,Vehicle overturned (no collision),0,Sunday,174,OUT OF CONTROL ON CARRIAGEWAY (ON STRAIGHT),1,807763,1,0,1,0,0,1,2,2,T intersection,2,50,Local Road,MOUNT ALEXANDER,-37.07402,144.22498,3450.0,True,William Ruthven SC,97552.2
T20230025953,2023-05-11,14:15:00,4,Collision with a fixed object,0,Sunday,181,OFF RIGHT BEND INTO OBJECT/PARKED VEHICLE,1,805000,1,0,0,1,0,1,1,5,Not at intersection,3,80,Arterial Other,YARRA RANGES,-37.636284,145.90462,3799.0,True,Reservoir HS,77616.0
T20220005607,2022-12-03,18:18:00,1,Collision with vehicle,7,Saturday,160,VEHICLE COLLIDES WITH VEHICLE PARKED ON LEFT OF ROAD,1,706954,2,0,0,1,0,1,1,5,Not at intersection,3,50,Local Road,KNOX,-37.871086,145.22389,3152.0,True,Reservoir HS,23777.6
T20240011821,2024-09-05,19:05:00,4,Collision with a fixed object,5,Thursday,171,LEFT OFF CARRIAGEWAY INTO OBJECT/PARKED VEHICLE,3,275916,1,0,1,0,0,1,1,1,Cross intersection,2,80,Arterial Highway,MORNINGTON PENINSULA,-38.22035,145.05687,3931.0,True,Preston HS,53401.9
T20240002982,2024-06-02,17:10:00,1,Collision with vehicle,3,Tuesday,134,LANE CHANGE RIGHT (NOT OVERTAKING),1,133986,2,0,1,0,1,2,1,2,T intersection,2,80,Arterial Highway,KINGSTON,-37.97673,145.06668,3194.0,True,Preston HS,26652.4
T20230008714,2023-10-03,16:50:00,4,Collision with a fixed object,6,Friday,171,LEFT OFF CARRIAGEWAY INTO OBJECT/PARKED VEHICLE,1,783854,1,0,0,1,0,1,2,5,Not at intersection,3,888,Arterial Other,MONASH,-37.90423,145.16704,3150.0,True,Preston HS,22890.3
T20240014715,2024-09-06,14:40:00,1,Collision with vehicle,1,Sunday,160,VEHICLE COLLIDES WITH VEHICLE PARKED ON LEFT OF ROAD,1,314965,2,0,0,1,0,1,1,5,Not at intersection,3,60,Arterial Other,BAYSIDE,-37.98674,145.05038,3193.0,True,Preston HS,27510.8
T20220007563,2022-04-04,20:10:00,6,Vehicle overturned (no collision),2,Monday,170,OFF CARRIAGEWAY TO LEFT,3,711431,1,0,1,0,0,1,1,5,Not at intersection,2,50,Local Road,HUME,-37.58442,144.90306,3064.0,True,William Ruthven SC,15259.5
T20220002295,2022-03-02,13:00:00,4,Collision with a fixed object,5,Thursday,171,LEFT OFF CARRIAGEWAY INTO OBJECT/PARKED VEHICLE,1,708011,1,0,0,3,0,3,2,5,Not at intersection,3,40,Local Road,CENTRAL GOLDFIELDS,-37.046135,143.73872,3465.0,True,William Ruthven SC,133085.1
T20230007753,2023-02-04,09:50:00,6,Vehicle overturned (no collision),1,Sunday,180,OFF CARRIAGEWAY ON RIGHT BEND,1,784290,1,0,0,2,0,2,1,5,Not at intersection,3,80,Arterial Other,MURRINDINDI,-37.246807,145.17186,3658.0,True,William Ruthven SC,52181.4
T20220008036,2022-10-04,15:00:00,1,Collision with vehicle,0,Sunday,132,RIGHT REAR.,1,755747,2,0,1,0,5,6,1,3,Y intersection,2,60,Arterial Highway,BULOKE,-35.507446,142.84962,3533.0,True,William Ruthven SC,310142.4
T20240016309,2024-02-06,19:00:00,2,Struck Pedestrian,0,Sunday,106,VEH STRIKES PED ON FOOTPATH/MEDIAN/TRAFFIC ISLAND.,6,805832,1,0,0,1,1,2,2,5,Not at intersection,3,40,Arterial Other,MOORABOOL,-37.676025,144.43898,3340.0,True,William Ruthven SC,49683.1
T20250000602,2025-05-01,22:00:00,2,Struck Pedestrian,1,Sunday,100,PED NEAR SIDE. PED HIT BY VEHICLE FROM THE RIGHT.,3,35367,1,0,0,1,1,2,1,1,Cross intersection,3,40,Local Road,MELBOURNE,-37.81502,144.97192,3000.0,True,Preston HS,8719.4
T20240020775,2024-06-08,06:41:00,1,Collision with vehicle,3,Tuesday,110,CROSS TRAFFIC(INTERSECTIONS ONLY),2,807479,2,0,0,1,2,3,1,1,Cross intersection,3,80,Arterial Other,HUME,-37.66716,144.95479,3061.0,True,William Ruthven SC,5353.9
T20230027446,2023-09-11,16:00:00,1,Collision with vehicle,5,Thursday,110,CROSS TRAFFIC(INTERSECTIONS ONLY),1,52159,2,0,1,0,1,2,2,1,Cross intersection,2,60,Local Road,LATROBE,-38.182137,146.29688,3825.0,True,Reservoir HS,122324.7
T20220022461,2022-05-10,20:00:00,2,Struck Pedestrian,4,Wednesday,102,FAR SIDE. PED HIT BY VEHICLE FROM THE LEFT,3,45359,1,0,1,0,1,2,1,1,Cross intersection,2,60,Arterial Other,MOONEE VALLEY,-37.771736,144.91618,3032.0,True,Preston HS,8662.7
T20250015617,2025-11-06,18:40:00,1,Collision with vehicle,3,Wednesday,133,LANE SIDE SWIPE (VEHICLES IN PARALLEL LANES),3,45628,2,0,0,1,1,2,2,1,Cross intersection,3,40,Arterial Other,MORELAND,-37.77156,144.96135,3056.0,True,Preston HS,5215.4
T20230008291,2023-07-04,16:00:00,1,Collision with vehicle,5,Friday,147,VEHICLE STRIKES ANOTHER VEH WHILE EMERGING FROM DRIVEWAY,2,1063,2,0,0,1,1,2,2,5,Not at intersection,3,60,Arterial Highway,MORNINGTON PENINSULA,-38.35718,144.8999,3939.0,True,Preston HS,69079.0
T20240000892,2024-12-01,16:45:00,2,Struck Pedestrian,6,Friday,101,PED EMERGES FROM IN FRONT OF PARKED OR STATIONARY VEHICLE,1,804695,1,0,0,1,1,2,2,5,Not at intersection,3,50,Local Road,MELTON,-37.73471,144.74078,3023.0,True,Preston HS,23431.7
T20230009019,2023-11-04,11:30:00,8,No collision and no object struck,3,Tuesday,174,OUT OF CONTROL ON CARRIAGEWAY (ON STRAIGHT),1,788425,1,0,0,1,0,1,2,5,Not at intersection,3,999,Local Road,MACEDON RANGES,-37.473927,144.4986,3437.0,True,William Ruthven SC,50873.0
T20240017342,2024-09-07,16:00:00,2,Struck Pedestrian,2,Tuesday,106,VEH STRIKES PED ON FOOTPATH/MEDIAN/TRAFFIC ISLAND.,1,806161,1,0,0,1,1,2,1,5,Not at intersection,3,888,Arterial Other,MARIBYRNONG,-37.82457,144.8812,3013.0,True,Preston HS,14398.9
T20250000499,2025-04-01,11:45:00,6,Vehicle overturned (no collision),6,Saturday,174,OUT OF CONTROL ON CARRIAGEWAY (ON STRAIGHT),1,816153,1,0,0,1,0,1,1,5,Not at intersection,3,100,Arterial Other,MACEDON RANGES,-37.267025,144.73666,3435.0,True,William Ruthven SC,53228.5
T20210016029,2021-08-07,22:30:00,8,No collision and no object struck,4,Thursday,174,OUT OF CONTROL ON CARRIAGEWAY (ON STRAIGHT),3,742357,1,0,1,0,0,1,2,5,Not at intersection,2,60,Local Road,CARDINIA,-38.09763,145.48479,3810.0,True,Preston HS,57638.3
T20230020925,2023-06-09,10:47:00,1,Collision with vehicle,3,Wednesday,130,REAR END(VEHICLES IN SAME LANE),1,36615,2,0,0,1,1,2,2,1,Cross intersection,3,999,Local Road,YARRA,-37.79064,144.98877,3068.0,True,Preston HS,5675.4
T20210002789,2021-07-02,16:47:00,1,Collision with vehicle,1,Sunday,110,CROSS TRAFFIC(INTERSECTIONS ONLY),1,16821,2,0,1,0,2,3,1,1,Cross intersection,2,60,Local Road,WARRNAMBOOL,-38.386497,142.48466,3280.0,True,Preston HS,232168.1
T20220023397,2022-01-10,10:30:00,1,Collision with vehicle,6,Saturday,111,RIGHT FAR (INTERSECTIONS ONLY),1,343453,2,0,0,1,0,1,2,2,T intersection,3,888,Local Road,DAREBIN,-37.77209,144.9907,3070.0,True,Preston HS,3673.9
T20240017166,2024-07-07,13:30:00,6,Vehicle overturned (no collision),1,Sunday,184,OUT OF CONTROL ON CARRIAGEWAY (ON BEND),1,806885,1,0,1,0,0,1,1,5,Not at intersection,2,80,Arterial Other,SOUTH GIPPSLAND,-38.446297,146.2436,3871.0,True,Reservoir HS,133310.8
T20250004460,2025-12-02,12:10:00,4,Collision with a fixed object,4,Wednesday,189,OTHER ACCIDENTS ON CURVE NOT INCLUDED IN DCAs 180-184,1,815718,1,0,1,0,0,1,2,5,Not at intersection,2,100,Arterial Other,MORNINGTON PENINSULA,-38.451717,144.98308,3929.0,True,Preston HS,78978.3
T20220004668,2022-02-03,17:15:00,1,Collision with vehicle,4,Wednesday,134,LANE CHANGE RIGHT (NOT OVERTAKING),1,695507,2,0,1,0,2,3,1,5,Not at intersection,2,60,Local Road,PORT PHILLIP,-37.837433,144.96768,3004.0,True,Preston HS,11194.4
T20220025049,2022-06-11,21:45:00,2,Struck Pedestrian,1,Sunday,102,FAR SIDE. PED HIT BY VEHICLE FROM THE LEFT,3,734673,1,0,1,0,2,3,1,2,T intersection,2,50,Local Road,CARDINIA,-38.078625,145.48929,3810.0,True,Preston HS,56507.2
T20220005501,2022-11-03,08:05:00,1,Collision with vehicle,6,Friday,130,REAR END(VEHICLES IN SAME LANE),1,77459,2,0,1,0,1,2,1,5,Not at intersection,2,40,Arterial Other,YARRA,-37.80988,144.994,3121.0,True,Preston HS,7668.2
T20250006014,2025-05-03,16:55:00,1,Collision with vehicle,4,Wednesday,130,REAR END(VEHICLES IN SAME LANE),1,815958,2,0,1,0,1,2,1,5,Not at intersection,2,100,Freeway,FRANKSTON,-38.0869,145.1682,3201.0,True,Preston HS,40903.5
T20210015227,2021-10-07,21:35:00,1,Collision with vehicle,7,Saturday,121,RIGHT THROUGH,3,248273,2,0,1,0,1,2,1,1,Cross intersection,2,50,Local Road,MELBOURNE,-37.82339,144.96603,3006.0,True,Preston HS,9774.3
T20210015471,2021-07-07,09:05:00,1,Collision with vehicle,4,Wednesday,135,LANE CHANGE LEFT (NOT OVERTAKING),1,688023,2,0,0,1,1,2,2,5,Not at intersection,3,60,Arterial Other,YARRA,-37.7855,144.98195,3068.0,True,Preston HS,5348.6
T20220012149,2022-09-05,18:00:00,2,Struck Pedestrian,1,Monday,108,PED STRUCK WALKING TO/FROM OR BOARDING/ALIGHTING VEHICLE.,3,44992,1,0,1,0,1,2,2,2,T intersection,2,50,Local Road,BRIMBANK,-37.750378,144.81583,3021.0,True,Preston HS,16845.1
T20230005598,2023-08-03,14:05:00,1,Collision with vehicle,4,Wednesday,116,LEFT NEAR (INTERSECTIONS ONLY),1,35352,2,0,0,1,1,2,1,1,Cross intersection,3,50,Arterial Other,MELBOURNE,-37.826637,144.95764,3006.0,True,Preston HS,10396.7